datetime,underlying_price,NIFTY27JAN2625200CE,NIFTY27JAN2625300CE,NIFTY27JAN2625400CE,NIFTY27JAN2625500CE,NIFTY27JAN2625600CE,NIFTY27JAN2625700CE,NIFTY27JAN2625800CE,NIFTY27JAN2625900CE,NIFTY27JAN2626000CE,NIFTY27JAN2626100CE,NIFTY27JAN2626200CE,NIFTY27JAN2626300CE,NIFTY27JAN2626400CE,NIFTY27JAN2626500CE,NIFTY27JAN2623800PE,NIFTY27JAN2623900PE,NIFTY27JAN2624000PE,NIFTY27JAN2624100PE,NIFTY27JAN2624200PE,NIFTY27JAN2624300PE,NIFTY27JAN2624400PE,NIFTY27JAN2624500PE,NIFTY27JAN2624600PE,NIFTY27JAN2624700PE,NIFTY27JAN2624800PE,NIFTY27JAN2624900PE,NIFTY27JAN2625000PE,NIFTY27JAN2625100PE
07-01-2026 09:15,26111.65,0.12662,0.1233,0.11741,0.11356663052604601,0.11005,0.10576,0.10096838821295022,0.09724,0.0957,0.09397,0.09187,0.09041,0.08908,0.08795,0.1784,0.17237,0.16928,0.1638295965736285,0.1576,0.1524,0.14697,0.14105,0.13613,0.13085,0.1264,0.12142,0.11631,0.1115
07-01-2026 09:20,26141.4,0.08632,0.10457777777777778,0.11468055555555558,0.11779,0.11197,0.11028,0.10680134344027382,0.10215710189158517,0.09837,0.09619,0.09413,0.09236,0.09057,0.08925,0.17962,0.17477,0.17013447600073303,0.16534,0.1600262098122543,0.1542,0.14753,0.14274,0.13849,0.13282,0.12814394867412576,0.12363,0.1186964330611716,0.11353
07-01-2026 09:25,26139.35,0.09147,0.09270421847888953,0.09514,0.09933,0.09599,0.09204,0.09216,0.08954,0.08996,0.08861,0.08697,0.08627,0.08541,0.08440641025641026,0.1801,0.17574,0.17154,0.16567,0.15927,0.1542666683372784,0.14919,0.14245,0.13806,0.13242,0.12877,0.12349,0.11817,0.1128101509433962
07-01-2026 09:30,26128.95,0.1086,0.10842,0.1115,0.12248,0.10715,0.11098,0.10345,0.10080878472893659,0.09864,0.09511,0.09304,0.09123,0.08971128043071161,0.08843,0.18174,0.17752086834733893,0.17206,0.16502,0.15755,0.15190438562940398,0.14691,0.14209,0.13721,0.13184,0.12722,0.12252,0.11729,0.112
07-01-2026 09:35,26131.9,0.10462,0.10538,0.12459,0.12051,0.11225,0.11294,0.10544,0.1017092086182369,0.09896,0.0964967966686111,0.09412,0.09136,0.09014,0.08885,0.18193,0.17771713779019777,0.17226,0.16522,0.15924,0.15334,0.14784,0.1423,0.13715283805852088,0.13219,0.12733,0.12295,0.11707,0.10990929824561402
07-01-2026 09:40,26145.15,0.07079,0.07639,0.08313,0.08523,0.08664952468007313,0.08734,0.08676811799587919,0.08556512488064727,0.0845,0.08386,0.08340557453708464,0.08301,0.08262,0.08249,0.18277,0.1782,0.17265,0.16631,0.15883,0.15343,0.14961,0.14337,0.1382,0.13313,0.12864,0.12374,0.11872,0.11358145161290324
07-01-2026 09:45,26113.1,0.14224000000000003,0.11837,0.10826,0.11514,0.1083,0.1055,0.10226,0.09981215669127524,0.09741,0.09438,0.09237,0.09075,0.08933494732165524,0.08809,0.18107,0.17468,0.1704,0.16426,0.157,0.15289,0.14697,0.14089,0.13571,0.13075,0.12599,0.12096,0.11586413738295626,0.11071
07-01-2026 09:50,26110.0,0.12582788012639173,0.12087,0.10978,0.10762628643247328,0.10656742179596598,0.10476,0.09939,0.0968,0.09542,0.09316,0.09122,0.08945,0.08806724489795918,0.08699,0.17540364661654134,0.1745,0.17045,0.16386,0.15681,0.15155,0.14694,0.14135899677799496,0.13566,0.13068,0.12601,0.12110337287755635,0.11607,0.11095
07-01-2026 09:55,26108.9,0.13029,0.12175,0.13487,0.12924403294905748,0.12009,0.11328,0.10973475091263729,0.10715807208226397,0.10426,0.10032,0.09739,0.09479,0.09256,0.09083,0.18084,0.17444,0.16945,0.16358,0.15675,0.15142683619444838,0.14636,0.14063,0.1353,0.13049356233835474,0.12571,0.12047,0.11517451920381272,0.10983
07-01-2026 10:00,26140.3,0.09239,0.0877,0.115,0.11531,0.11123,0.10752,0.10161,0.09929223170917041,0.09747,0.09498154092596145,0.09255,0.09062,0.08911,0.08807127906976739,0.1828,0.17745,0.1717,0.16515,0.16067,0.15356,0.1481,0.14259,0.1372165911403448,0.13216,0.12774,0.12248,0.11730350449293966,0.1122
07-01-2026 10:05,26142.95,0.07036666666666666,0.08237,0.11304,0.111705,0.11037,0.11308,0.11004,0.10336,0.10275,0.09909,0.09616,0.09380007727364947,0.09181,0.09023,0.18298,0.17622,0.1714,0.16534,0.15961,0.15374,0.14828,0.14278,0.13766,0.13236,0.12794,0.12247,0.11739,0.11183
07-01-2026 10:10,26159.15,0.10591,0.11189,0.09886,0.09995687500000001,0.10237,0.104783125,0.10588,0.1042374359962738,0.10072376088143652,0.09746,0.09524,0.09264,0.09117,0.08945,0.18520397328881463,0.17908732888146908,0.17292,0.16683,0.16085705668774383,0.15501,0.14937,0.14421,0.13893,0.1335,0.12947,0.12462,0.11843,0.11309
07-01-2026 10:15,26183.8,0.12049,0.09722,0.11136,0.09406,0.09202,0.09264,0.09326,0.08786,0.08838,0.08781452645022518,0.08655794178933925,0.08527,0.08415,0.08301926194797339,0.18267,0.17892213995943201,0.17425,0.16842,0.16269,0.15663,0.15173,0.14572,0.14048,0.13536,0.13028,0.12548,0.12019,0.115
07-01-2026 10:20,26169.15,0.13492,0.11376,0.12267,0.11683015940902021,0.10785,0.10175839009213096,0.09695,0.09399,0.09285,0.09106353352711495,0.08918,0.08778,0.08646,0.08546,0.18381,0.17694,0.17207961515250356,0.1675,0.16193882727484502,0.15597663525045818,0.15024,0.14506436559884575,0.13994,0.13449,0.12949,0.12431,0.11901,0.11379
07-01-2026 10:25,26152.25,0.14819,0.11685,0.1055,0.10144,0.09781670219064535,0.09462335109532267,0.09325,0.09388,0.0911,0.08939021594198243,0.08801,0.08672,0.0857,0.08459,0.18279,0.1759,0.17036045554269266,0.165395897276764,0.16026,0.15459,0.14949,0.14378,0.13834,0.13291,0.12889,0.1234,0.11784,0.11258
07-01-2026 10:30,26130.45,0.14045,0.13392,0.12199,0.11555518531434301,0.11081932544301334,0.10631,0.10164,0.09839,0.0960770198000529,0.09407,0.09197876102395211,0.08996710052498269,0.0883,0.08712,0.18145,0.17666,0.17139,0.16528,0.15908466364611426,0.15318,0.14805,0.14233,0.13686,0.1314,0.12709,0.1217,0.11602,0.1100575971093044
07-01-2026 10:35,26133.05,0.13848,0.13213,0.12446347234378985,0.11622610007722035,0.109,0.10357,0.10375,0.09754,0.09843,0.09625519823788548,0.09299,0.09105667596795952,0.08935,0.08769,0.17870982285208145,0.17607,0.17133,0.16478,0.15868767104755274,0.15317,0.1486,0.142771768656623,0.13675,0.13159,0.12694,0.12169,0.1163257312792512,0.11086
07-01-2026 10:40,26144.05,0.13217499151848386,0.1239,0.11658916383949461,0.11069,0.10611630061004666,0.10253,0.09994317365089539,0.09761,0.09496,0.09268075959982924,0.09067,0.08891620905460668,0.08738,0.08609,0.18288,0.1777891375641507,0.17204,0.1655,0.15977,0.15409,0.14898,0.14327,0.13781,0.13264,0.12761,0.12237961115867581,0.11697,0.11133883347602741
07-01-2026 10:45,26141.15,0.12448,0.11777779092702169,0.11456,0.114,0.10828,0.10332,0.10041,0.09745,0.0944585721304003,0.09195,0.09043,0.08885,0.08729086886993603,0.08575,0.18131,0.1766,0.17114627216007786,0.16533,0.15938,0.15392,0.14844,0.14292,0.13762,0.13204,0.12718,0.12241,0.11676,0.11030431861804221
07-01-2026 10:50,26146.85,0.15441,0.12166,0.12264,0.12576,0.11319,0.10062,0.102415,0.10421,0.10121,0.09751,0.09502,0.09229,0.09052,0.08866,0.18168,0.17659445088300219,0.17128,0.1657,0.15988760703251687,0.15411,0.14865,0.14331,0.13772,0.13245,0.12747,0.12241,0.11671,0.11127
07-01-2026 10:55,26168.55,0.11618,0.09908,0.10582,0.10350290679908326,0.10027,0.09883,0.09819,0.09465,0.09529,0.09256,0.0906,0.08877,0.08737,0.08584,0.18331,0.17727,0.17315,0.16687,0.16117,0.1555819973007931,0.1501,0.14478,0.13937,0.13411,0.12903,0.12363314076727872,0.11815,0.11277
07-01-2026 11:00,26160.15,0.14217,0.10926,0.12493,0.12832,0.11709,0.11632,0.11182,0.10649,0.10367,0.0996,0.09689,0.09419,0.09188,0.08999035928143716,0.18281,0.17727,0.17264,0.16635,0.16053541575150082,0.155,0.14973,0.1444,0.13896,0.1334,0.12844,0.12318,0.11743,0.11204
07-01-2026 11:05,26182.1,0.011334801304259208,0.06317,0.10803,0.11224,0.11009,0.10412,0.09991,0.09817,0.09505635892510107,0.0919,0.08997775584573336,0.08838,0.08688,0.0856,0.18446,0.17867,0.17404,0.16776,0.16186,0.15635902569002902,0.15102,0.14572,0.14038054162410268,0.13508,0.12996263570480057,0.12479,0.11928,0.11373
07-01-2026 11:10,26166.7,0.08467000000000001,0.10165,0.12041,0.11367719744556114,0.10432,0.09982387019910063,0.09653,0.09412476231485241,0.09205,0.08991,0.08867,0.08697247358061633,0.08535,0.08431,0.18353,0.1772,0.17284,0.16679,0.16173,0.15382,0.14893778232419744,0.14469,0.13988,0.13401,0.12895378964442578,0.1239,0.11804,0.11274
07-01-2026 11:15,26148.15,0.15103,0.12068,0.11873218627220969,0.11697,0.10479,0.10114,0.10383,0.10015,0.09801,0.09552759487267057,0.09307,0.09095892030254292,0.08902,0.08724,0.18212,0.17646,0.17107401934644634,0.16562,0.1597,0.15445,0.14843,0.14362,0.13802,0.13232,0.1273664900552486,0.12244,0.11685,0.11124
07-01-2026 11:20,26148.9,0.13325,0.1330155178112376,0.13221,0.10563,0.10438,0.0991449870017331,0.09484,0.09535,0.09382102462169788,0.0912,0.08892,0.08742,0.0862,0.08517,0.17672682646212842,0.17612,0.17222,0.16569,0.1597853422834555,0.15412,0.14849,0.14368,0.13808,0.13238,0.1278,0.12243806634540183,0.11682,0.11139
07-01-2026 11:25,26140.4,0.14019,0.13947836106444098,0.13724,0.11602,0.10911,0.10486836433914905,0.10138242332099132,0.09846330013325906,0.09592211796368455,0.09357,0.09147453872306009,0.08967,0.08807,0.08663,0.1758954082612872,0.17534,0.17146,0.16493,0.15901,0.15337,0.14817907559835755,0.14296,0.13721,0.13166,0.12656128496731509,0.12146,0.1159,0.11031
07-01-2026 11:30,26144.45,0.13223,0.1238,0.13491,0.12795,0.10692,0.10959,0.11051,0.10497,0.10338,0.09905,0.0955,0.0933,0.09089,0.08913,0.18165,0.17587,0.17124,0.16588,0.1595,0.15390822478493463,0.14866412425486353,0.14324,0.13734,0.13195,0.12677,0.12154,0.11602,0.11071
07-01-2026 11:35,26160.05,0.1379,0.10954,0.12705,0.11342,0.1144,0.09898,0.09861,0.0955,0.09382,0.09112,0.08876,0.08734251581162226,0.08612,0.08473,0.18262,0.17686,0.17249,0.16689,0.16051,0.15488,0.14989,0.1443,0.13873,0.13333,0.12776,0.12256187544357984,0.11739,0.11192
07-01-2026 11:40,26147.1,0.07053,0.12168,0.13513,0.11628,0.12094,0.10735,0.10434,0.10067549461462161,0.09677,0.09297,0.09119,0.08937,0.08741,0.08616,0.18184,0.17607,0.17116936505198194,0.16608,0.15948,0.15385,0.14842,0.1429393234431906,0.13755,0.13244,0.12735,0.12187,0.11653,0.11076
07-01-2026 11:45,26136.15,0.15533,0.13021,0.12347,0.11722290222573645,0.11143976014342453,0.10719,0.10479,0.09917,0.09782,0.09505,0.09244,0.09021,0.0884676324735053,0.08711,0.18118,0.17565,0.17051621658994134,0.16517,0.15878,0.15314,0.14771,0.14255,0.13711,0.13168,0.12657,0.12108,0.11571187832663714,0.11045
07-01-2026 11:50,26138.65,0.15371,0.12839,0.12183,0.10693,0.11294,0.10522098903446311,0.09573,0.09332,0.09232,0.08996,0.08826,0.08661,0.0854201597073519,0.08458,0.18163,0.17566,0.17026365002493277,0.16488,0.15896,0.15312,0.1477,0.14256,0.13708326996711265,0.13173,0.127,0.12127,0.11611,0.11082
07-01-2026 11:55,26126.7,0.15838939142362113,0.13681,0.11990313047454039,0.11165,0.11006,0.10405,0.10053,0.0968,0.09586,0.09348714232445485,0.09077,0.08895726871167493,0.08749,0.08637,0.18119,0.17585774384744235,0.17019,0.16413,0.1582,0.15235,0.14692,0.14193,0.13603,0.13077,0.12604,0.12062,0.11541,0.11042
07-01-2026 12:00,26121.55,0.16447,0.14018,0.12062,0.11365473954707589,0.1092718227380775,0.10525,0.10099,0.09795,0.09557,0.09277,0.09077,0.08877,0.08716296448087432,0.08587,0.18089,0.17468,0.17036,0.16382,0.15788,0.15216038089470088,0.14659,0.14118830373602465,0.13584,0.13042,0.12544,0.12036,0.11541,0.11002
07-01-2026 12:05,26110.95,0.17059,0.14280542003080846,0.12592,0.11854,0.11393,0.10904,0.10471,0.10112590329246335,0.09791925849712402,0.09505,0.09261,0.09058046635509322,0.08877689984421328,0.08731,0.18024,0.17388,0.16946,0.16361,0.15765155398510328,0.1516956993309296,0.14608,0.14106,0.13542,0.13009,0.12564,0.12023,0.1149,0.10954
07-01-2026 12:10,26110.45,0.17277466886055123,0.14699,0.12624,0.12268,0.11569591177952838,0.10926,0.10682,0.10029,0.10023,0.09643,0.09378,0.09151,0.08936,0.08733325791855204,0.18051,0.17387,0.16865820738826112,0.16336,0.15632,0.15152,0.14588,0.14087,0.13554,0.13007,0.12538,0.11999,0.11469,0.10926
07-01-2026 12:15,26107.4,0.1726,0.14551831503719242,0.1281,0.12084833565101497,0.1161059558456542,0.11083,0.10355,0.10125,0.09722,0.09467,0.09205,0.09009,0.08853,0.08725,0.18033,0.17372,0.16902,0.16318,0.15679,0.1510711186313311,0.14568,0.14051,0.1352,0.13013,0.1254,0.11967,0.11303560229445503,0.10578361376673032
07-01-2026 12:20,26103.3,0.14749,0.15113,0.12846,0.12228,0.11176,0.1131,0.10716,0.10184,0.09835,0.09591562254516889,0.09375,0.09145,0.08962,0.0882,0.18064,0.17369,0.16822120214554823,0.16293,0.15675,0.15088,0.1456376864839245,0.14057,0.13537,0.12972,0.12512,0.1199,0.115,0.1104301185770751
07-01-2026 12:25,26106.55,0.14529,0.13647516774009458,0.12654,0.11526,0.11023,0.10932,0.10306,0.09924,0.09688,0.09433,0.09216,0.09021082277650949,0.08851,0.08719,0.18086,0.17367,0.16924,0.16338,0.15697,0.15111,0.1458431095994262,0.1408,0.1358057115552033,0.1308691982567785,0.12583,0.12057,0.11544,0.11046
07-01-2026 12:30,26108.85,0.1337051612903226,0.13189,0.12764,0.12135,0.11389,0.1097,0.1052,0.10143,0.09905,0.09602,0.09375,0.09157197773250546,0.08962,0.0881,0.17906301956868215,0.17382,0.16839317645100776,0.16281801956868217,0.15713,0.15127,0.14704,0.14183277763899288,0.13607753780011236,0.13053,0.12554,0.12044,0.11535,0.11008
07-01-2026 12:35,26106.25,0.13895,0.12987176558945965,0.1221068645122527,0.11553,0.11035,0.10842,0.10552,0.10146,0.09871,0.09611,0.09355,0.09123268560872624,0.08912,0.08728805682617878,0.17976,0.17473,0.169,0.16316,0.15719,0.15237,0.14602,0.14097,0.13531,0.13035,0.12571,0.12036,0.11516,0.1101121327014218
07-01-2026 12:40,26103.5,0.11991,0.11696,0.11289,0.10667,0.10291,0.09908124672525714,0.09545,0.09235,0.0917,0.08965,0.08826,0.08653,0.0853,0.08439,0.1796,0.17457,0.16884,0.16299,0.15724,0.15153,0.14638,0.14079,0.13557,0.13083,0.12552,0.12089,0.11587,0.1104757616580311
07-01-2026 12:45,26084.3,0.13611,0.13107,0.1253,0.11451,0.11253,0.10675,0.10189691788825225,0.0982,0.09613,0.09317,0.09116,0.08921,0.08765699873096447,0.08642,0.17818013252148995,0.17193,0.16618337750716333,0.16086,0.156,0.15028,0.14511,0.1395,0.13425,0.12896,0.12449,0.1197000858927642,0.1146775429463821,0.10937
07-01-2026 12:50,26084.8,0.13576,0.13076,0.12502,0.11425,0.11181,0.10873,0.10386,0.09994,0.09747,0.09457,0.09258,0.09061421633155188,0.08887,0.08759,0.17985,0.17281,0.16768,0.16159,0.15605,0.15118,0.14544051543422623,0.13954,0.13415,0.12918694529842412,0.1243,0.1192,0.11391,0.10843347449470643
07-01-2026 12:55,26089.25,0.10575469973890338,0.11900078328981724,0.12235,0.1206,0.11469,0.10908,0.10466,0.10084,0.0984,0.0947,0.09279,0.09043,0.08873,0.08741,0.1808791136974037,0.1740948522829006,0.16774,0.16189,0.15657,0.15117,0.14577,0.13937,0.13418,0.1288,0.12429,0.11934,0.11381,0.1077320992366412
07-01-2026 13:00,26099.15,0.13774,0.1268670855968798,0.12114,0.11955,0.11469,0.10982,0.10462770405698485,0.10038,0.09815,0.09453,0.09202,0.09013,0.0883,0.087,0.17939,0.17435,0.16862001345399588,0.16276,0.15729,0.1513,0.1456761600316931,0.14022,0.13480463440780882,0.12951,0.12442,0.11914,0.1141,0.10896
07-01-2026 13:05,26103.3,0.11719050213929165,0.11724,0.11717850071309723,0.11697,0.11188,0.10731,0.1025,0.09934,0.09665,0.09376968898242244,0.09115,0.08926,0.0873,0.08606,0.17966,0.17425367001708053,0.16866,0.16285,0.15729,0.15201,0.14642,0.14034,0.13517,0.12987284545345154,0.12461,0.11956,0.11452,0.10938
07-01-2026 13:10,26105.85,0.13259,0.11512,0.117165,0.11921,0.10758,0.10426,0.10056,0.09770673727377352,0.09497,0.09178,0.08993,0.08809,0.08672280218918581,0.08572,0.1789,0.17454,0.16883,0.16274,0.15661,0.15176,0.14608360023029077,0.14036,0.13536,0.1303622031282157,0.12528,0.11997,0.11473,0.10925
07-01-2026 13:15,26097.2,0.13545,0.12209,0.11845637937510967,0.11640013311449826,0.11389,0.1097091796299943,0.10477335722498658,0.10025,0.09667,0.09342,0.0919,0.08937,0.08773287398921834,0.08674,0.17932,0.17401,0.16878,0.16261,0.15718,0.1512,0.14514,0.14012,0.13494274345256155,0.1298,0.1249,0.11945,0.11408,0.10916
07-01-2026 13:20,26097.45,0.13528,0.12192,0.12229,0.11051,0.10726,0.10272,0.09787,0.09553,0.0935,0.09048,0.08899,0.08735221116350551,0.08593,0.08506,0.17786,0.17271,0.16774957537875076,0.16248,0.15609,0.15123,0.14535,0.13995303117375954,0.1348,0.12982,0.12477003541666665,0.11968169814814814,0.11454501180555554,0.10935
07-01-2026 13:25,26076.35,0.13635,0.13632,0.13447,0.11507,0.11124,0.10481,0.10174,0.09783,0.09578,0.09306,0.09102,0.08975714285714285,0.08956285714285714,0.09072857142857145,0.17677,0.17141,0.16651,0.16114,0.15561127898244656,0.14992,0.14396,0.13872,0.13346129526046643,0.12819480040139408,0.12294,0.11771,0.11287,0.10843510427010924
07-01-2026 13:30,26070.0,0.14088,0.1401305017932423,0.13783,0.11987,0.11361,0.10842794500550922,0.10385041710303514,0.10029,0.09795,0.09434,0.09254,0.09022,0.08856,0.08766944723618092,0.17822,0.17166,0.16605090624379643,0.16075,0.15539,0.14993,0.1441922164875848,0.13846,0.1329396496530329,0.12764,0.12272,0.11771302739713954,0.11258,0.1072
07-01-2026 13:35,26074.55,0.17048186046511626,0.15468697674418605,0.13547,0.12112,0.1144,0.11189,0.10505,0.10046,0.09766,0.09457,0.09234,0.09017,0.0882,0.08695,0.17852,0.17272263225554815,0.16691,0.16108,0.1555911617902307,0.1502385869256571,0.14467,0.13862,0.1328,0.1281,0.12259,0.11738,0.11229,0.10732139805825244
07-01-2026 13:40,26074.2,0.13798,0.13149,0.13567,0.12103,0.11374,0.10840752792620599,0.104,0.10033,0.09781,0.09481526206351502,0.09207,0.09026,0.08842,0.08693,0.17851,0.17132,0.16666,0.16104,0.15485,0.1497069271712305,0.14464,0.13877,0.13308,0.12729,0.12293,0.11799,0.11277413545702396,0.10731
07-01-2026 13:45,26072.8,0.14346363500745898,0.1375,0.13115454500248633,0.12452,0.11755,0.1126,0.10713,0.10257,0.10008,0.09637,0.09394,0.09167,0.08976,0.08827,0.17844,0.17248241511035656,0.16658,0.16074,0.15543514297321862,0.14982,0.14267,0.13852,0.13291730902799528,0.1272,0.12272,0.11748,0.11227,0.10712
07-01-2026 13:50,26083.4,0.1311,0.13079,0.13071,0.11458,0.1109,0.10573,0.09955,0.09775,0.09571,0.09249,0.09049,0.08864,0.08724,0.086,0.18039217654171713,0.17344790810157198,0.16703,0.16106263603385731,0.15547,0.15029,0.14357,0.13909,0.13359,0.12796,0.1235,0.11838,0.11309,0.10797
07-01-2026 13:55,26079.6,0.13406,0.13376158030909344,0.13283,0.12454,0.11271,0.11314,0.10886392953754992,0.10267,0.09951,0.09595,0.09371,0.09128,0.08938063199412952,0.0879,0.17644,0.17088,0.1663,0.16097,0.15524,0.14995,0.14434388512205854,0.13868,0.13319,0.1277,0.12323,0.11758,0.11262,0.1083948727615457
07-01-2026 14:00,26088.65,0.12683,0.12726,0.12271906963083458,0.11398480592833583,0.10839,0.10736,0.10616,0.10305643751421069,0.09891,0.09497,0.09250207219569068,0.09048,0.08855,0.08723,0.1631889595375724,0.16770982658959543,0.16664,0.16202,0.15453,0.15055,0.14487,0.13898,0.13368,0.12808,0.12366,0.11826,0.11304,0.10766
07-01-2026 14:05,26096.3,0.11994,0.12171,0.11491,0.11938,0.10453,0.10799,0.10284,0.09895269989810519,0.09565009149152567,0.09296,0.09098,0.08891870362340946,0.0871,0.08586,0.17797,0.17139,0.16688332989280694,0.16253,0.15665308751824783,0.15048,0.14502970407695234,0.13967,0.13406,0.1293,0.1241,0.11873,0.11363,0.10818
07-01-2026 14:10,26100.95,0.11527,0.11807,0.11166,0.11718,0.11077,0.10686,0.10024,0.09667,0.09492,0.09255456064626094,0.08990738092452351,0.08774,0.08622100788228854,0.08509,0.17276946501806464,0.17169,0.1680464883393549,0.16284,0.15557,0.15079,0.1446,0.14033,0.13485,0.12957508821520716,0.12445,0.11951,0.11389,0.10872
07-01-2026 14:15,26097.3,0.12894210414452711,0.12055,0.11426,0.11114,0.10776195797629225,0.10373,0.09785,0.095468137129112,0.09355,0.09092,0.08906594039170783,0.08749,0.08602,0.08474,0.17776,0.17148,0.16773,0.16193,0.15535,0.15096,0.14437,0.13993,0.13446,0.12926,0.12455,0.11925,0.11381,0.10886
07-01-2026 14:20,26090.7,0.12516,0.12549,0.1215360316977245,0.11458,0.10805,0.10507147756208983,0.10217,0.09626,0.09463,0.09177,0.08988,0.08797537725645538,0.08632,0.0852,0.16891358529111344,0.17108,0.16806,0.16129,0.15707,0.15093,0.14504,0.13931391862278392,0.13371,0.12826,0.12397,0.11856,0.11323,0.10826
07-01-2026 14:25,26090.45,0.1254,0.12569,0.11981738693467336,0.11309,0.11201,0.1074414600354343,0.10202,0.09940456813787016,0.09695,0.09333,0.09125,0.08926953678587073,0.08744,0.08588,0.17707,0.17320222072548425,0.16806,0.16128,0.15769,0.14994,0.14486,0.14014,0.134,0.12826,0.12384,0.11834,0.11312,0.10767
07-01-2026 14:30,26098.65,0.11775,0.11495226428571428,0.11338,0.11283,0.108,0.10375,0.0957,0.09374,0.09245,0.08931,0.08759,0.08627175754354445,0.08508,0.08388,0.17759,0.1716,0.16859,0.16182,0.15844,0.15109,0.14578,0.14087,0.13488,0.12884,0.12384858075076666,0.11906,0.11385,0.1085078265989549
07-01-2026 14:35,26088.15,0.12742,0.12736,0.12038,0.12188,0.1129,0.10654,0.10546,0.10076,0.09843,0.09465,0.09268,0.09026,0.0874361275626424,0.08434676537585427,0.17696,0.17096,0.16626729583502103,0.1620567822261631,0.15715,0.15041,0.14510016929589045,0.14,0.13416,0.1290200084480965,0.12393,0.11829,0.11296834437626757,0.10792
07-01-2026 14:40,26097.55,0.11889,0.12046,0.1218898599320883,0.12266,0.10834,0.11052,0.10398,0.10004,0.0976,0.09418,0.0919178175197842,0.09003,0.08824,0.0868,0.17606392312713584,0.17267,0.16855,0.16353044126139218,0.15778,0.15104,0.14536,0.14082,0.13497,0.12892,0.12414,0.11889,0.11311,0.10682546690843157
07-01-2026 14:45,26107.25,0.12396,0.11763,0.1223,0.1067,0.10319,0.10394,0.09526,0.09287,0.09155,0.08889,0.08749,0.08584,0.08476,0.0837,0.17670977777777777,0.17329,0.16900325925925927,0.16401,0.15793939458689457,0.15169,0.14639,0.14070566114195976,0.13506,0.12989,0.12485,0.11948320388632573,0.11414,0.10918
07-01-2026 14:50,26098.4,0.13162,0.13675,0.12915,0.12292,0.11771537775573246,0.11258,0.10664,0.1023,0.0996,0.09579,0.09332,0.09112,0.08920561027837261,0.08762366167023557,0.17642,0.17267289530719943,0.16839,0.16346,0.15807,0.15112,0.14581,0.14057,0.1343,0.12831,0.1241,0.11880615188483777,0.1132,0.108
07-01-2026 14:55,26113.35,0.13149,0.12732,0.11988,0.1167,0.10902,0.10408,0.10127,0.09845828343097551,0.09552,0.09223,0.09015,0.08819119091565666,0.0865,0.08529,0.17946,0.1737,0.16935,0.1643442066582632,0.15885,0.15262576039270914,0.14645,0.14127,0.13517208908464903,0.12937,0.12507,0.11986,0.11433,0.10908
07-01-2026 15:00,26123.1,0.12276,0.11978,0.11306,0.11132,0.10302,0.10058078059105327,0.09855,0.0946,0.09214661762319466,0.09028,0.08881,0.08709,0.08565802257525083,0.08446,0.17827,0.17380864188956366,0.16948,0.1653,0.15908,0.15355,0.1473,0.14211,0.13767,0.13048,0.12578,0.12037,0.11508,0.1099113457943925
07-01-2026 15:05,26133.7,0.11118,0.11022,0.110925,0.11163,0.10334,0.10225,0.09753,0.09433,0.09193892127030184,0.08993,0.08822,0.08652,0.08521159459907224,0.08421,0.17893,0.175,0.16966,0.16599,0.15891903652661457,0.15163,0.14746,0.14237712666397984,0.13677,0.13081,0.12618,0.12072,0.11529,0.10998
07-01-2026 15:10,26142.1,0.09884,0.11876,0.11059,0.11222,0.10533,0.10244,0.09801,0.09482,0.09307,0.0906,0.08896,0.08737,0.08575,0.08410028037383178,0.17777139347826088,0.17441,0.17029379782608695,0.16564,0.16034,0.15424,0.14864328198737717,0.14326028873439545,0.13766,0.13155,0.12641,0.12179,0.11633,0.11055
07-01-2026 15:15,26147.8,0.10654,0.11355,0.10582,0.09637,0.09386492502408357,0.09213,0.08989,0.086,0.08722,0.08611,0.08507,0.08366,0.08305,0.08238,0.17951,0.1759,0.17108,0.16531,0.16014130513816432,0.15482,0.14842,0.14365,0.13775,0.13182,0.12758,0.12248151235435165,0.11657,0.10975453706305495
07-01-2026 15:20,26138.3,0.11792,0.12203,0.1136,0.10598,0.0986,0.09832,0.09507,0.09254436223755377,0.09046,0.08884,0.08713,0.08599588142553449,0.08502,0.08402,0.18137,0.1742,0.17198,0.1668622370242673,0.1599,0.15239,0.14836,0.14335,0.13727,0.13102,0.12552,0.12142,0.11616,0.11054
07-01-2026 15:25,26139.7,0.11638,0.12088,0.11254,0.10518464058159009,0.09944,0.09616,0.09398,0.09147,0.09192,0.0899358063638836,0.08703,0.08549,0.08455021575559785,0.08420129453358716,0.17936,0.17731,0.17159,0.16754,0.16085,0.15228,0.14936,0.14228,0.13722,0.13184200877319607,0.12627,0.12052,0.11608,0.11012
08-01-2026 09:15,26101.75,0.11678,0.09517250000000001,0.09164,0.11444,0.09806,0.1029,0.09933,0.0938,0.09226,0.09026,0.08847,0.08753712971915902,0.08673,0.08567,0.18174,0.17806,0.17069,0.164806546425352,0.15934,0.15366798529702458,0.148,0.14234,0.13554,0.13056,0.12504,0.11964,0.11443,0.10941340245051842
08-01-2026 09:20,26109.7,0.10711,0.08710291666666667,0.0813,0.09165,0.09017,0.09083,0.08783,0.08654013730713328,0.08567573722835013,0.08478,0.08368,0.08269,0.08181578947368419,0.0810747368421052,0.1808935341365462,0.17724,0.17249,0.16601035689220128,0.15934,0.15404,0.14616,0.14272,0.13626,0.13099,0.1258467546027831,0.12075226813021306,0.11556,0.11016
08-01-2026 09:25,26087.55,0.10989,0.10854264317180617,0.10509,0.09447,0.09178,0.0908,0.08627,0.0861,0.08568,0.08435,0.0837653430204897,0.08332,0.08282382773631843,0.08234,0.18263,0.1772606505705655,0.17156,0.16563359627313884,0.15940692740111906,0.15257,0.14449,0.14138,0.13473,0.12985,0.12516,0.12037,0.11455,0.10927
08-01-2026 09:30,26063.1,0.13321,0.11121,0.10224,0.1061,0.09787,0.09834,0.09432,0.0918,0.091,0.08905,0.08766950402905459,0.08653020655998182,0.0856,0.0849,0.18109,0.17429,0.16925,0.16306324708121506,0.15695,0.15213,0.14305,0.14003,0.13411,0.12859464106636076,0.12323272119965585,0.11807448079977058,0.1131701602665902,0.10857
08-01-2026 09:35,26053.95,0.14005,0.13790508791969538,0.13208239806161304,0.1235,0.10269,0.11067,0.10566,0.10007,0.09883,0.09663346378345453,0.09384814166757817,0.0915,0.09,0.08886820801156121,0.17789,0.17363961583101206,0.16867,0.1625256038175502,0.15635,0.15153,0.14559778440948648,0.13941,0.13378,0.12774,0.12355,0.11742,0.11243,0.10685
08-01-2026 09:40,26092.65,0.026000000000000037,0.07222,0.10736,0.10182,0.09554,0.09378144112385563,0.09243,0.09023,0.08867,0.08688,0.08599599101165813,0.08526,0.08435736926934098,0.08339,0.17935972602739728,0.17621,0.17119,0.16453,0.15915,0.15415,0.14546,0.14211,0.13591,0.13053,0.1252613759164921,0.12005055637021521,0.1149144586388307,0.10987
08-01-2026 09:45,26077.7,0.12038,0.09884,0.10257,0.1063,0.09633,0.09896,0.09438,0.0932813410069785,0.09236,0.09023,0.08831,0.08718,0.08581,0.08422304000000001,0.18062,0.17472,0.17048,0.16608,0.1596784016536965,0.15256,0.14601,0.14108,0.1352997159390196,0.12961,0.12496,0.11967,0.11477,0.10919
08-01-2026 09:50,26070.8,0.12674,0.12348,0.12264,0.1198871189010393,0.11512287168186,0.1098,0.10385,0.09989,0.09784,0.09522,0.09286,0.09054,0.08876656518345043,0.08742,0.1802,0.17457,0.1698,0.16429,0.15795,0.15191,0.1462225923358239,0.14061,0.13485,0.12954,0.12542,0.11937,0.11424,0.1101057066189624
08-01-2026 09:55,26089.4,0.11893,0.11364305724660902,0.10995,0.10776,0.1017,0.09898,0.09518,0.09178,0.0898467226785266,0.0884,0.08722295276195184,0.08609,0.08468,0.08383,0.18197,0.17577,0.17225,0.16643,0.16007428423062112,0.15377,0.14812,0.14291,0.1370484810586415,0.1313,0.12645,0.12111,0.11530356231599605,0.10910137389597635
08-01-2026 10:00,26081.9,0.12612,0.11463,0.11541,0.09567,0.0905,0.09307,0.09216,0.08957786956005476,0.08683,0.0853931426155111,0.08429052742948238,0.08348,0.08295,0.08222,0.18152,0.17531,0.17055,0.16595,0.15977,0.15308,0.14762,0.1424,0.1362514414736304,0.13036,0.12591,0.12012,0.1156,0.1098
08-01-2026 10:05,26068.05,0.13746,0.12556,0.10291,0.10118228092472553,0.09975,0.09371,0.09074900609893037,0.08884,0.08758539557751915,0.08659,0.08564,0.08442,0.08374,0.08375347368421052,0.1829,0.17444,0.1704,0.16505,0.15844,0.15236,0.1465,0.14209,0.13589,0.13005,0.12480124290083863,0.11972,0.11452,0.10903
08-01-2026 10:10,26050.3,0.16231,0.13736,0.11243,0.11244,0.10971028272894898,0.10496,0.10026163034984874,0.09617,0.09397,0.09127,0.08964,0.08765,0.0861348973305955,0.08499,0.18178,0.1745,0.16974,0.16371499903451597,0.15727,0.15117,0.1453,0.1407,0.1342,0.1289,0.1237,0.11806,0.11199785977859776,0.10556715867158666
08-01-2026 10:15,26055.25,0.12383,0.13428,0.109,0.10141,0.0969,0.09304166894432071,0.08966075784380786,0.0878,0.08731,0.08648,0.08509,0.08406,0.08321,0.08255723404255322,0.18044,0.17472,0.17055,0.16423,0.15803,0.15249,0.14583,0.14138,0.135,0.12954,0.12443,0.11939,0.11427,0.10907062992125985
08-01-2026 10:20,26034.9,0.11412278350515462,0.11514,0.11445,0.10932,0.10163,0.10165,0.09571,0.09396,0.09295,0.091,0.08918,0.08756,0.086250557738815,0.08519,0.17801,0.17343,0.16923,0.16312,0.15709,0.15112,0.14533,0.14027,0.13414,0.12859,0.1235,0.11824,0.11347,0.10802
08-01-2026 10:25,26034.15,0.12611875668623615,0.12074,0.11495,0.11056005786326129,0.10676553264514818,0.103258241104461,0.09973,0.09619,0.09422,0.09220616069677234,0.09026,0.08852,0.08737,0.08693044982698964,0.17913,0.17429049330774934,0.16896931994883196,0.1633,0.15706,0.15089,0.14557203630537693,0.14023,0.13396,0.1288,0.12353955320859394,0.11819,0.11272865962578182,0.10713285133750311
08-01-2026 10:30,26034.2,0.13043,0.12296,0.11721,0.11248,0.10654,0.10325,0.0989,0.09655,0.09453769213406259,0.09269,0.09096,0.08901,0.08685315217391305,0.08452891304347827,0.17255237351991387,0.17341,0.17023079117330464,0.16481,0.15625,0.15166,0.1461254512798756,0.14009687281217795,0.1344,0.12945,0.12358,0.11841,0.11343,0.10783
08-01-2026 10:35,26040.5,0.11556,0.1184,0.10955,0.10308,0.09929,0.09834,0.0950049541351194,0.0917,0.0908,0.08918,0.08801,0.08679851800554017,0.08555,0.08425555401662048,0.1804,0.17383,0.16952357564609755,0.16525,0.1586703347993403,0.15173,0.14627,0.14086,0.13472,0.12929,0.12429,0.119,0.11438,0.10882
08-01-2026 10:40,26027.15,0.12731,0.12778,0.11939,0.1124209577905316,0.10746,0.10523,0.09862,0.09582897531034532,0.09385,0.09188669210787256,0.09018,0.0886786249484758,0.08732897914090458,0.08618,0.17956,0.17298,0.16730526021840608,0.162,0.15683,0.15072405251476714,0.14466,0.13962,0.13434,0.12845,0.12352,0.11748,0.11237329867287503,0.10803
08-01-2026 10:45,26033.1,0.1181824245577523,0.12379873742629206,0.11577,0.10722,0.10429850298360235,0.10168,0.09616,0.09329,0.09228,0.0904,0.08908,0.08753,0.08576843205574909,0.08385059233449471,0.17855,0.17349815717744022,0.16848,0.1635,0.15769051769906942,0.15125,0.14402,0.1402,0.13407,0.12838,0.12398,0.11885,0.11398,0.10838
08-01-2026 10:50,26029.85,0.11819,0.12603,0.10632,0.10027468538565629,0.09795,0.09934,0.09663740902198635,0.09317,0.09208,0.09075990174489369,0.08927,0.08758,0.08634,0.08561911262798633,0.17836,0.17320305436029834,0.16804,0.16287,0.15642,0.15122,0.1454,0.14014,0.13441,0.1293,0.12408,0.11841,0.11399,0.10857
08-01-2026 10:55,26018.95,0.12741,0.13303,0.12109020959034615,0.10692,0.10403989081416122,0.10154,0.09625,0.09308,0.09332,0.09144,0.08964,0.08828,0.08684,0.08605,0.17825,0.1725,0.16740850337232135,0.16215,0.1557,0.15049,0.14465,0.13969,0.13433,0.12857777397903633,0.12274925609825017,0.11767,0.1138,0.11049445201427455
08-01-2026 11:00,26016.4,0.12889,0.11864,0.10849,0.11085,0.1006,0.10269,0.09771,0.0946,0.09377,0.09163,0.09000674366328192,0.08867,0.08761,0.08680402061855669,0.17229984804208076,0.16904661601402696,0.16567443600233783,0.16178,0.15696,0.15045872408272012,0.14414,0.13982,0.1343999774699813,0.12894,0.1245,0.11922,0.11317259259259262,0.10657555555555558
08-01-2026 11:05,26011.95,0.13223,0.12934,0.12082680520832531,0.11196,0.10841,0.1012,0.09888,0.09649,0.09432890423905725,0.09243,0.09085758070663373,0.08946583146932274,0.08817,0.08698,0.18438170798898074,0.1758,0.16808,0.16128,0.15546361048691631,0.15004,0.14461732268150804,0.13952,0.13506,0.12899,0.12385746523918185,0.11898,0.11392,0.1088
08-01-2026 11:10,26009.35,0.15385588655649846,0.13098,0.11365,0.10859,0.10387113937787325,0.10029,0.09856,0.09616246060724006,0.09345556813575835,0.09127,0.08993,0.08862,0.0876,0.08655,0.17986,0.17346,0.16718730338852655,0.16112,0.15532091718163013,0.14987,0.14497523254807623,0.14024,0.13539920846427364,0.1305158665586662,0.12544,0.11999,0.11509,0.10994
08-01-2026 11:15,26005.55,0.14041990476190475,0.12268,0.1073,0.10588,0.10003,0.09851,0.09432,0.09407,0.09316,0.09112,0.08992924140467794,0.08896,0.08796705837408313,0.08703,0.18067,0.17517,0.171,0.1653513468502022,0.15880180696216498,0.15248,0.14687,0.14114,0.13579,0.13133,0.12617,0.12106171001300389,0.11597,0.11087
08-01-2026 11:20,25984.4,0.14374,0.13566,0.11071,0.10416,0.09902,0.09706499841259213,0.09553,0.09345,0.09251,0.0916,0.09065,0.08947,0.08808483568075118,0.08656901408450705,0.17931,0.17519,0.17042,0.16514,0.1596,0.15445218744826253,0.14908,0.14263,0.13824,0.13264,0.12703,0.12199,0.11699,0.11194
08-01-2026 11:25,25968.0,0.13393,0.14451,0.13291872494485468,0.11621,0.10783,0.10532,0.10246,0.09972,0.09817,0.09555,0.09393227561098018,0.09258,0.0912,0.09028,0.17589696566998891,0.17343,0.16954,0.1644,0.15998,0.15407650823995211,0.14737542055004882,0.14131,0.13656,0.13109822200382049,0.12547,0.12017,0.11526,0.10994
08-01-2026 11:30,25968.05,0.16327054710893998,0.14451,0.12921860688780332,0.11762554710894,0.10996,0.10584,0.1020874620940205,0.09904,0.09697766901603866,0.09532340899247609,0.09381,0.0924,0.09118,0.09058,0.17766872774241166,0.17458,0.17075,0.16554533430204554,0.15941468896267277,0.15315,0.14693,0.1421,0.13492,0.13068,0.12595,0.12068,0.11592,0.11084
08-01-2026 11:35,25971.65,0.10650669172932337,0.11761278195488724,0.12047,0.11888,0.11249,0.10861,0.10423,0.10083,0.09857,0.09641,0.09465,0.09281,0.09139,0.09044411042944783,0.17822884824552296,0.17483,0.17042,0.1646117388176305,0.15823,0.15199,0.14613377753403872,0.14050216725114323,0.13508,0.12997481275073997,0.12493,0.11963729087537826,0.11426,0.10886
08-01-2026 11:40,25983.85,0.13538,0.11016,0.11307,0.10963,0.10556380391052139,0.10171,0.0985337800007081,0.09626,0.09523,0.09304,0.09174,0.0905,0.08937,0.08904,0.17934,0.17566,0.17105,0.16542399197176977,0.15919501506557063,0.15302,0.1471329615766253,0.1413,0.13551,0.13019,0.12571,0.12058953856440116,0.11521,0.10985
08-01-2026 11:45,25973.8,0.12243,0.12497,0.10904,0.1082218136079524,0.10746,0.10034,0.09668,0.09522539371705296,0.0941,0.09264580499061327,0.09124,0.09009,0.08932,0.08911,0.1787,0.17567,0.17019,0.16335,0.15775957045589065,0.15249,0.14695,0.14125,0.13574,0.1303,0.12569,0.12043,0.11571,0.11036
08-01-2026 11:50,25958.25,0.13347,0.12051,0.1206,0.11501,0.10958,0.1054261505529839,0.10189948803986924,0.09931,0.09775,0.09542,0.0938,0.09237,0.09104,0.0898136231884058,0.1805661770623742,0.17465,0.16935,0.16471,0.15803,0.1514,0.14585,0.14052,0.13471,0.12923,0.12457,0.11926,0.11463,0.1092
08-01-2026 11:55,25958.05,0.12189,0.11063,0.10697834617728887,0.10429,0.1005361552148033,0.09719,0.09478582721675174,0.09325,0.09271,0.09138,0.09045,0.08941,0.08854,0.08892,0.18039,0.17443,0.17054,0.16471,0.15877959104512665,0.15281,0.14684,0.14193,0.13633,0.13142257370678104,0.12657,0.12119,0.11693,0.11392012448132778
08-01-2026 12:00,25936.15,0.12217,0.11547,0.10832,0.10498044977223686,0.10256,0.10034,0.09708,0.09569,0.09503,0.09382,0.0926,0.09144238375200428,0.09081,0.09107,0.18079,0.17552,0.17076,0.16496,0.156,0.15065,0.14638,0.14199325708697,0.13743,0.13255010525126623,0.12748,0.12229,0.11741150083361432,0.1128
08-01-2026 12:05,25896.7,0.1448,0.13661089277703006,0.12976,0.1243,0.11772,0.11319,0.11000506347542222,0.10736062549360623,0.10487,0.10247,0.10057,0.09884,0.09764951839370963,0.09686,0.1799,0.17523,0.17049198407435948,0.16499,0.15626407350378832,0.14801,0.14378,0.13865010030329433,0.13335,0.12858,0.12484,0.11986193371043022,0.11452,0.10966
08-01-2026 12:10,25920.3,0.1311,0.12721,0.12316,0.11872,0.11304,0.10923,0.10565,0.10319,0.10149,0.09916,0.09766,0.09594,0.0951,0.09445,0.18108,0.17569,0.17027665642727888,0.16472,0.1588,0.15031,0.1455235184339535,0.14123,0.13549,0.1291,0.12563,0.12046,0.11531,0.10996
08-01-2026 12:15,25935.5,0.12875643824351393,0.12281,0.11740388578842363,0.11255243824351391,0.10827,0.10439036941680761,0.10135,0.09952,0.09774,0.09636,0.09485,0.09395,0.09295,0.09262,0.18318,0.17791,0.17292,0.166709742718067,0.16035,0.1549,0.14953689794156622,0.14401,0.13794,0.13165,0.12804,0.1227,0.11781,0.11288
08-01-2026 12:20,25923.15,0.13462,0.12982,0.1211,0.11657,0.11259,0.10757,0.10433632896822072,0.10183,0.09983,0.09796,0.09661,0.09521353500738552,0.09427,0.09404,0.18674,0.17896,0.17478,0.16847,0.16299,0.15402,0.15118,0.1452,0.13893,0.13283,0.12806647225577356,0.1236,0.11875,0.11375
08-01-2026 12:25,25934.95,0.12705,0.12349,0.11508,0.11706,0.11002,0.10641561565672558,0.10373,0.1013,0.09922759534630965,0.09751,0.09629,0.09469,0.09344,0.09341,0.18718,0.17979,0.17429,0.16785509754291375,0.16228,0.15913,0.15263694076679657,0.1449,0.13854,0.13267,0.12842,0.12329296999763961,0.11803,0.11335
08-01-2026 12:30,25935.9,0.12309,0.12295,0.11958,0.10904,0.10503,0.10121835971776968,0.09853,0.09758,0.09623127494003822,0.09479,0.09357,0.09246,0.09168,0.09175,0.1855,0.17987,0.17521,0.17092,0.1646308106753972,0.15724086507104898,0.15083,0.14631,0.14015,0.13405,0.13004,0.12477,0.11989,0.11541498522167484
08-01-2026 12:35,25914.7,0.13927,0.13463,0.12889107188371626,0.12249643195663776,0.11617,0.11019,0.10704777882301572,0.10462,0.10226,0.10019311847618016,0.09828559332899918,0.09653,0.09498,0.09504,0.18467,0.18126,0.17357,0.16729,0.16143,0.15625,0.1514,0.14427,0.1375,0.13174,0.1267253584720655,0.12192,0.11698002028397567,0.11202
08-01-2026 12:40,25920.75,0.13786687721788507,0.13148,0.12465,0.11739,0.11421,0.11052,0.10652,0.10369,0.10134180319701738,0.09919,0.09712,0.0957,0.09428,0.0943,0.18451,0.1783,0.17334,0.16700919213208135,0.1613,0.15799,0.15175052136676417,0.1443,0.13768,0.1313,0.1265387258924299,0.12209,0.1171464275090533,0.11197
08-01-2026 12:45,25921.8,0.13509,0.1236394660130448,0.11644,0.11302,0.10968,0.10613,0.10373674645935961,0.10173,0.09984,0.09802,0.09622235852953324,0.0945728459314333,0.09385,0.09401,0.18459,0.1782,0.17427,0.16751,0.16183,0.15808,0.15202507302579354,0.14505,0.1381677098369892,0.13223,0.12851,0.12311,0.11795450818214158,0.11301
08-01-2026 12:50,25913.2,0.1312,0.13546,0.11517,0.12057,0.11681954156479218,0.11085,0.1067,0.10438,0.10171,0.09974,0.09825,0.0970361541072641,0.09597057705363204,0.09513,0.1737055462184874,0.17763,0.17466,0.16692,0.16249,0.15695,0.15086,0.14408,0.13762,0.13137,0.12726,0.12232643704210576,0.11699,0.11152
08-01-2026 12:55,25910.65,0.1328,0.13677,0.11648,0.11758,0.11238,0.10766,0.10469,0.10295,0.1008,0.09892865311255704,0.09733,0.09612,0.09476,0.0946,0.18504,0.17875,0.17514,0.16873,0.16246045164794704,0.1562717053197171,0.15007710633162863,0.14379,0.13734,0.13127,0.12722,0.12162,0.11703,0.1113
08-01-2026 13:00,25905.65,0.13583,0.13928,0.13437240777176584,0.12451,0.11087,0.11208,0.11020872727272728,0.10712,0.10472,0.10241,0.10025,0.09844,0.09673,0.09617,0.1849,0.17824,0.17416,0.16839,0.16252839105271966,0.15642,0.14973,0.14353792729009487,0.13758863213565106,0.13190252091338173,0.1265,0.12156,0.11668615273326619,0.1110359163995971
08-01-2026 13:05,25924.95,0.12353,0.12931,0.12087,0.11706,0.10851,0.1056148987691117,0.10382296333276152,0.10217,0.10016078001836749,0.09808699026864286,0.09616481050973447,0.09461042050055073,0.09364,0.09321,0.1806259709618875,0.17959,0.17537,0.16857,0.16325,0.15786,0.15166,0.14501,0.13820299483282675,0.13215,0.12785,0.12213,0.11736,0.11212
08-01-2026 13:10,25922.25,0.13656,0.12639,0.12300069401844796,0.11962,0.10956,0.10698448775887327,0.10555212371433444,0.10381,0.10093,0.09890646912175537,0.09722788157115601,0.09566,0.09417,0.0937,0.18665,0.17942,0.17404,0.16842432186039583,0.1625,0.15598,0.14979,0.14416,0.13714,0.13092,0.12699,0.12180164454663574,0.11611,0.11058
08-01-2026 13:15,25921.8,0.13686,0.12666,0.12001,0.11462,0.10975,0.10641,0.10299,0.10053976559178361,0.09863,0.09725,0.09579,0.09408305533704645,0.09295,0.09277,0.18663,0.1794,0.17502,0.17019,0.16319,0.15798704355588394,0.15262,0.1448,0.13804,0.13155,0.12777,0.1221,0.116734235108996,0.11163
08-01-2026 13:20,25914.55,0.14112,0.1321865297964154,0.12390639292616419,0.11617,0.10916,0.10646,0.10447,0.1013,0.09915,0.09761,0.09620424721568457,0.09483,0.09341,0.09347,0.18363165278792942,0.17892,0.17389388426264313,0.16863,0.16309,0.157,0.15085687423127206,0.14458,0.138,0.13155,0.12751,0.12179,0.11646600610591579,0.11148
08-01-2026 13:25,25911.75,0.14273,0.11662,0.11052101695701429,0.10706782028639565,0.10431,0.10172,0.09957,0.09805171671576607,0.09679040258800092,0.09562388716623531,0.09439,0.09305,0.09214,0.09239,0.18654,0.178,0.17609,0.17066,0.16372,0.15681,0.15234,0.14556,0.1386722872288384,0.13278,0.12901,0.1241128976186626,0.11871,0.1133
08-01-2026 13:30,25888.65,0.15494,0.12545,0.12737,0.12153,0.11642776995153592,0.11178913133635028,0.10803,0.1054,0.10268,0.10086582922147419,0.09919,0.09714,0.0957,0.09497661891117475,0.18496,0.17858,0.17384,0.1659,0.16123,0.1554084197534782,0.14887160648957878,0.1423,0.1359,0.12941,0.12539,0.11989,0.11478,0.10939
08-01-2026 13:35,25907.5,0.13114,0.11468,0.11856,0.11656,0.10942,0.10737,0.10467,0.10234,0.09968,0.09784,0.09675,0.09513,0.09392,0.09367,0.18702,0.17624,0.17407,0.16726,0.16178,0.15753,0.149,0.14287,0.137161950176357,0.13167076640841507,0.12630960755229476,0.12099163246411627,0.11563,0.11024
08-01-2026 13:40,25901.95,0.132,0.12604298042614442,0.12127,0.1177,0.11321919117155062,0.10846533648858955,0.10502,0.10332,0.10118527130439194,0.09908,0.09716266958718302,0.0954199323845453,0.09445,0.0942,0.18665,0.17587,0.17385,0.1685986720323214,0.16153,0.1547,0.14847,0.14279,0.13615,0.13003,0.12480567949470674,0.11998608859527964,0.11509,0.10991
08-01-2026 13:45,25914.15,0.12419,0.11049,0.12285,0.11764,0.11306862224328705,0.10890524230324249,0.10554,0.1032,0.10095,0.09865,0.09752,0.09555,0.09387,0.09366,0.18446,0.17653,0.17324,0.16776,0.161,0.15561,0.14841,0.14238,0.13654772785024752,0.13082466593034014,0.12515,0.11953,0.11462,0.11046787274453942
08-01-2026 13:50,25911.55,0.12595,0.12756,0.12328,0.11687182549592758,0.11156,0.1097,0.10648,0.1038,0.10147,0.09906,0.09742,0.0955,0.09384,0.09357,0.1843,0.17656,0.17239,0.16713,0.16083,0.15543,0.1476,0.14185,0.13513579433001421,0.12901,0.12495,0.11895,0.11414,0.10917
08-01-2026 13:55,25926.6,0.139423456686291,0.12702,0.11579,0.11513,0.11104,0.10614624418437525,0.10242,0.10115,0.09911,0.09696,0.09542,0.0937,0.09229,0.09191,0.18372,0.1776,0.17346,0.16678,0.16185492475425128,0.15655,0.14783,0.14195,0.13537686060222504,0.12932,0.12499,0.11922,0.1139808818312394,0.10919
08-01-2026 14:00,25936.35,0.107,0.10947703703703703,0.11038962962962963,0.11052,0.10497,0.10471,0.10075,0.09838014194545469,0.09632215623118569,0.09457609601834935,0.09314201446810201,0.09201996474160011,0.09121,0.09073,0.1867880548628429,0.18008300914380712,0.17364,0.16748,0.16161,0.15728,0.14829,0.14293,0.13609,0.13009,0.12561,0.12019,0.11524,0.11019
08-01-2026 14:05,25930.35,0.11223,0.11367375,0.11388,0.10824,0.10288,0.10302,0.09939,0.09783,0.09619119582469668,0.0946,0.0931459593405892,0.09177331300362793,0.0905,0.08934395934058917,0.18401,0.17868949080387003,0.17306,0.16707,0.16149,0.15425,0.14839,0.1423458927356167,0.13619,0.12993,0.12574,0.11978,0.11547,0.11007
08-01-2026 14:10,25918.0,0.11494412915851278,0.11862902152641881,0.11963,0.11897,0.11452,0.10961884023912596,0.10544,0.10303,0.10038,0.09775,0.09634,0.09436,0.09285,0.09241,0.18193,0.17706,0.17256,0.16621,0.16062,0.15337,0.14749,0.14216,0.13536,0.12937,0.1241363884848637,0.11915,0.11410007889546352,0.10909
08-01-2026 14:15,25928.1,0.14128,0.12166,0.11446,0.12067,0.11631760043600126,0.10934,0.10438,0.10159,0.09926,0.09706831758262133,0.09504,0.09328,0.09209387134564274,0.09133,0.18322942652329754,0.17777,0.17223,0.16661,0.16032648979501937,0.15373056119958506,0.14746,0.14187,0.13505,0.12877,0.12401,0.11844,0.11306183395720097,0.10785
08-01-2026 14:20,25935.4,0.13496,0.11721,0.12441,0.11023,0.1087,0.10406330849779602,0.09895,0.09649,0.09506,0.0934,0.09194,0.09027,0.08939918362156664,0.08901,0.18095,0.17527,0.17148,0.16355,0.15991,0.15465,0.14708,0.14068190376563383,0.13472,0.12884,0.12416,0.11825,0.11307474334930886,0.10851
08-01-2026 14:25,25922.75,0.08532999999999996,0.12481,0.13045,0.10787,0.10336279029353611,0.10105,0.09948,0.09768573468784068,0.09578544737241501,0.094,0.09245,0.09096,0.08972,0.08928,0.18314,0.17546,0.17224,0.16527,0.1604,0.15514,0.14826,0.14255,0.13603370252205055,0.12967,0.12431833432998762,0.11942,0.11485,0.10948
08-01-2026 14:30,25906.05,0.13827,0.13385,0.1379,0.12758,0.12218,0.11544,0.11051,0.10707,0.10419,0.10081,0.09810925431762108,0.09595,0.09460776295286327,0.09435806908193743,0.18033,0.17553,0.17091,0.16411,0.15937,0.15227,0.14627,0.1400479059270314,0.13373,0.12739,0.12271,0.11712,0.11207,0.10621
08-01-2026 14:35,25930.65,0.12256,0.12021,0.12677,0.11586,0.11047,0.10851,0.10262,0.09925,0.09721,0.0952385181461877,0.0933,0.09138,0.08976,0.08937,0.18112,0.17722,0.1712,0.16569,0.1603672795927309,0.15463,0.14743,0.14175,0.13484,0.12871,0.12340647283264523,0.11845,0.11364,0.10898236058513404
08-01-2026 14:40,25928.05,0.12441,0.1198732150447825,0.11577124011941997,0.11205364513434747,0.10867,0.10578,0.10106,0.09931,0.09753,0.09475,0.0926868719423814,0.09097879772486142,0.09002,0.08972,0.18119,0.17706,0.17122,0.16552,0.15961295072174092,0.15346,0.14686,0.14132,0.13469241592760536,0.12841,0.12388,0.11793,0.1126787037037037,0.10801
08-01-2026 14:45,25926.4,0.12557,0.12274534736789532,0.11923,0.11485,0.11037,0.10578645944682195,0.10178,0.09907,0.09678,0.09467,0.09333,0.09151,0.09017,0.0897,0.18282,0.17696,0.16991415329659035,0.16335,0.15887,0.15278,0.14648,0.14097,0.13398,0.12827563044372825,0.12295,0.11748,0.1122158735123722,0.10713
08-01-2026 14:50,25932.65,0.12118,0.11905,0.11469092662324959,0.10869769627495114,0.10319,0.09904,0.09626,0.09518,0.09350911242891302,0.09175,0.09039620690764427,0.08918,0.08805,0.08799,0.18086,0.17476,0.17156,0.16611328410892637,0.15964,0.15336261603994505,0.14722,0.14169,0.13492,0.12848,0.12409,0.11849,0.11391,0.11045220039292732
08-01-2026 14:55,25918.9,0.13056,0.12709,0.11701,0.11014,0.1061,0.10315,0.09977,0.09765,0.09557,0.09352,0.09229,0.09070955393043612,0.08947,0.08904,0.18171,0.17384,0.17044,0.16591,0.15867,0.15269,0.14649,0.14055,0.13422,0.12784,0.12326,0.1172,0.11302,0.10728
08-01-2026 15:00,25894.05,0.13855332603938733,0.11947,0.10472,0.10119,0.09839264276854663,0.09595601993331221,0.09391,0.09234,0.09109,0.08992,0.0891,0.0885144553077367,0.08803556098720168,0.08774,0.18089,0.17405270920425378,0.16790208507517418,0.16234,0.15753,0.15062,0.14532,0.13894,0.1332,0.12671,0.12274,0.11817968330004579,0.11307,0.1073290499001373
08-01-2026 15:05,25867.85,0.13369,0.12731,0.12359,0.11508,0.10997,0.10648,0.10299,0.10031,0.0982665608659984,0.09648228706266397,0.09487936972799757,0.09338,0.09204,0.09182,0.177,0.17062,0.16675,0.16034,0.15396,0.14916,0.14310533517344523,0.13662,0.13044,0.12476,0.11964330932215628,0.11481333875024527,0.11008,0.10543
08-01-2026 15:10,25878.85,0.12899,0.12152,0.115,0.11272,0.10769,0.10386600994820536,0.1008,0.09855,0.09645,0.09483741401485998,0.09346,0.09221761748120301,0.09113,0.09022785244360902,0.17776,0.1722,0.1668025672936313,0.1613,0.1553808146026941,0.14926,0.14305,0.13722,0.13096948952623955,0.12524,0.12102,0.11568,0.11072,0.10615401941747571
08-01-2026 15:15,25875.3,0.13029,0.11994,0.11446,0.11012212460507358,0.1063,0.10282,0.10033,0.09768,0.0959,0.0941395304085737,0.09259,0.09148,0.09008,0.09017,0.17687,0.17032,0.16729,0.16056,0.15484,0.14784,0.14306,0.13708,0.13093,0.12467,0.11998675750551092,0.11562,0.11074,0.10571551231858267
08-01-2026 15:20,25877.45,0.13005,0.12392,0.1134,0.10786,0.10415819686608187,0.10106,0.09813,0.09608,0.09453,0.09273604996906346,0.09119,0.09032,0.09004599887292196,0.09055599323753176,0.17703,0.17111,0.1670077909370424,0.16272,0.15578,0.14932,0.14283,0.13676575272933214,0.13088,0.12505,0.12033603264804191,0.11589,0.11118288719185423,0.10639
08-01-2026 15:25,25872.2,0.12803,0.11592,0.11061,0.10494,0.10007,0.09872,0.09569542705679644,0.09347,0.0934,0.09240144087179213,0.09086,0.0897,0.0883,0.08906,0.1807635616507552,0.17433,0.16747,0.15900899314820535,0.15205,0.14922779150381826,0.14626,0.13817,0.13066544199552318,0.12504,0.12242,0.11678,0.11259,0.11006388606307223
09-01-2026 09:15,25899.85,0.14298,0.12727,0.12226568697230179,0.1192608272359802,0.11599,0.11149,0.10710847400977752,0.10327,0.10051,0.09754,0.09616,0.09396427247769387,0.09254,0.09258,0.17626,0.17371,0.1685,0.16185,0.15604,0.15102,0.14530360063531114,0.13935,0.13353,0.12681,0.12252,0.11718,0.1121337989556136,0.10734
09-01-2026 09:20,25916.2,0.13305,0.10783279381691327,0.09457,0.09091,0.08856,0.08824,0.08706,0.08685,0.08565,0.08505,0.08477,0.08448,0.084,0.08518,0.17816,0.17484,0.16986,0.16402110027000058,0.15773894634720706,0.15175,0.14643,0.14073,0.13492,0.12918,0.12438348071808511,0.11994,0.11553109375000001,0.11126
09-01-2026 09:25,25858.55,0.13567,0.12722,0.11872728277040098,0.11184,0.10806,0.10555,0.10028,0.0978,0.096,0.0944456056411574,0.09284,0.09082,0.08988,0.09067,0.1768,0.17023,0.16645,0.1608835088842232,0.1546,0.14865,0.14395,0.137,0.13104,0.12573,0.12155,0.1165,0.11175804238921001,0.10728
09-01-2026 09:30,25855.3,0.11631,0.11491748981890651,0.11244997963781302,0.10938,0.10492,0.10179,0.09982,0.09624,0.09472,0.09334258889384173,0.09208,0.09097,0.09051116859027204,0.09032,0.17635,0.17114,0.16663,0.15894,0.15504,0.14935189428105358,0.14304,0.13702696377325366,0.1311112596644046,0.12588,0.12172,0.1166,0.1125,0.10776
09-01-2026 09:35,25832.05,0.13099,0.1306,0.12762,0.1166,0.11021,0.10683,0.10345,0.10058,0.09786573544974654,0.09572,0.09456287518179655,0.09351,0.09197,0.09299,0.17503,0.16911,0.1652,0.15805,0.15336,0.14717,0.14198,0.13561,0.12998,0.12431,0.11954492252186297,0.11504,0.1104,0.10589
09-01-2026 09:40,25822.35,0.14028,0.15544,0.14081,0.13366365361041713,0.12855158261689037,0.12429622031491842,0.11972,0.11434738642681751,0.10968,0.1066,0.10381,0.10112,0.09868,0.09897,0.17414,0.16845,0.16395,0.15682,0.15185,0.14647,0.14004,0.13288,0.12687,0.12082,0.11665,0.11089,0.10643,0.10141
09-01-2026 09:45,25853.6,0.12218,0.14562,0.14179,0.12956,0.12297476961824902,0.11759,0.11166,0.10763483928871956,0.10425,0.10106,0.09868,0.09701,0.09465,0.0947,0.1758,0.16972,0.164790305228597,0.1598,0.15345,0.14721855459170466,0.14106384715132378,0.135,0.12908,0.12384033487218891,0.11879,0.11350490758734028,0.1084,0.10386
09-01-2026 09:50,25857.2,0.14752,0.1364940900195695,0.1292,0.12532,0.12019466224710448,0.11474,0.10985,0.10596,0.10292452458010583,0.10028002699593527,0.09786,0.09569,0.09465177448609433,0.0942,0.17726,0.16998,0.16583,0.16002794597160772,0.15389,0.14876,0.1423601953075224,0.13581,0.13004838801071805,0.1246218149118869,0.11946,0.11461884766210363,0.10996,0.10532
09-01-2026 09:55,25884.0,0.1271667857142857,0.13078,0.12877,0.1207,0.11479,0.11041,0.10683,0.10269,0.09982,0.09704,0.09541,0.09358,0.09172,0.09189,0.17358504745470232,0.17206,0.16751,0.16047,0.1539,0.15059,0.14326,0.13759,0.13157,0.12543,0.12014362880059469,0.11521344782275084,0.11079654293353158,0.10705
09-01-2026 10:00,25894.2,0.12583,0.11041,0.10847,0.10624502795428138,0.10376,0.10087,0.09838,0.09637,0.09421,0.09288553413142975,0.09171,0.0903,0.08883,0.08974,0.18005,0.17232,0.16905,0.16299713142158792,0.15589,0.14962251130613943,0.14373,0.13851,0.13249,0.12646,0.12252,0.11687,0.11256,0.10977028112449795
09-01-2026 10:05,25862.35,0.14485,0.12893,0.13607,0.12919,0.12075818318747888,0.11323,0.1088,0.10481,0.1016,0.09922497449004036,0.09707,0.0948,0.09299,0.09339,0.17742,0.17239,0.16723,0.15954,0.15396,0.14826,0.14211,0.13627414925303327,0.1305,0.12458,0.11927383080946619,0.11443,0.11017,0.10536
09-01-2026 10:10,25871.6,0.13977,0.1223,0.1204,0.10981,0.1064,0.10257,0.09915,0.09632,0.09445,0.0929,0.09191,0.09112869981462036,0.09045518324064353,0.08995,0.17901,0.17304,0.16769,0.1604,0.1555,0.14941,0.14349549357603766,0.1376,0.13158,0.12554,0.12159,0.11609,0.11181,0.10716
09-01-2026 10:15,25866.2,0.13361,0.12299,0.11845,0.1129,0.10847159088128813,0.10452,0.10083,0.09703,0.09536,0.09384,0.09226820686818836,0.09079910343409417,0.09015,0.09082,0.17772,0.17268,0.16713,0.16003,0.15512,0.14903,0.14257,0.13707,0.13106,0.12554,0.12071,0.11517,0.11127,0.10929491525423729
09-01-2026 10:20,25855.2,0.14230295950155758,0.13817,0.13246,0.12533,0.11987,0.11290849540198084,0.10634,0.10197,0.09926,0.09696,0.09535,0.09359,0.09239,0.09265,0.17907,0.17359891688171572,0.16762283376343146,0.16128,0.15434,0.14824,0.14161,0.13586,0.12998,0.12342,0.11918,0.11401,0.10936,0.10442
09-01-2026 10:25,25858.65,0.15299,0.14164,0.13545,0.128,0.12054897111998676,0.11408,0.10968,0.10496,0.10207,0.09932,0.09707713737129427,0.09509,0.09331,0.09170707638692664,0.17933,0.1743,0.1678,0.16154,0.15539234065163868,0.14896,0.1416,0.13626,0.13014,0.12433,0.11992,0.11431,0.10932761366927309,0.10487
09-01-2026 10:30,25876.25,0.14372,0.12319,0.12244,0.10581,0.10194,0.09806,0.09564,0.09339,0.09181,0.09045,0.08954,0.08862,0.0876,0.08862,0.18055,0.17554,0.16925,0.16352,0.15555,0.14974858026757787,0.14434,0.13813,0.13222,0.12616,0.12175,0.11725686743614529,0.11267,0.10792
09-01-2026 10:35,25856.25,0.13386,0.12186,0.11509,0.11409,0.11083,0.10442,0.10153,0.09794,0.09652,0.09387,0.0931,0.0913805774748924,0.09015,0.09111,0.17919,0.17291,0.16785,0.16049,0.15512,0.14923594780702942,0.14313,0.13699,0.13113,0.12489,0.1197449221365013,0.11514,0.11095,0.10594
09-01-2026 10:40,25848.5,0.13828,0.13072,0.12174,0.11620391896107037,0.11156,0.10677,0.10343,0.09947,0.097302505754651,0.09569634236278411,0.09413,0.09245,0.09078946308724833,0.08905677852348994,0.177,0.17175,0.16622003794708096,0.1605,0.15457,0.14841,0.14173,0.13616,0.13031,0.12492999929083898,0.11965,0.11418,0.10932712160480064,0.10499
09-01-2026 10:45,25856.0,0.13427298569654916,0.12691,0.12029649284827455,0.11433798569654913,0.10894,0.10426,0.10107,0.09729,0.09535,0.09318,0.09212,0.09060218915026402,0.08965,0.09047,0.17921,0.17163,0.16709,0.16105,0.15497,0.14836,0.14241868985886647,0.13662,0.13056,0.12437,0.11984,0.11436,0.10946844118027098,0.10507
09-01-2026 10:50,25857.85,0.12575,0.12071,0.10942,0.1029,0.10115,0.09755,0.09507541683966593,0.09296670916654415,0.0912546469101503,0.08997,0.08915,0.08859,0.0883389855072464,0.08854391304347835,0.17913,0.172,0.16724,0.16144691822081378,0.15511,0.14851,0.14315,0.13715,0.1306,0.12494,0.12071,0.11531,0.11159,0.10663
09-01-2026 10:55,25829.65,0.12173,0.13509,0.1134,0.11215,0.10597,0.10186,0.09907,0.0963,0.09507,0.09307,0.0924,0.09113975563909775,0.09028,0.09146,0.17203338546458138,0.17006,0.16565,0.15919,0.15275,0.14645,0.14105,0.13537,0.12942,0.12405809499964608,0.11907,0.11451690383134501,0.11001,0.10509
09-01-2026 11:00,25812.95,0.17548235127478756,0.14272,0.11773,0.11095,0.10633,0.10253717597881214,0.09920271847115159,0.09664,0.09499,0.09329,0.09252,0.09146,0.0908,0.09218,0.17375,0.16891,0.1641,0.15801,0.15038,0.14383,0.13952,0.13385,0.12801,0.12206,0.11785,0.11335896211279772,0.10866448105639887,0.10372
09-01-2026 11:05,25810.2,0.13273,0.12487921709410767,0.11842,0.11336367025157135,0.10914,0.10560177770956962,0.10222,0.0984,0.09696,0.09459,0.09354,0.09227,0.09127,0.09265,0.1731,0.16874,0.1632562455952434,0.15782,0.1536,0.14333,0.13801536373501525,0.1334,0.12724,0.12214,0.11763,0.11213,0.10826,0.1063035538954109
09-01-2026 11:10,25819.45,0.11926832601016628,0.11504,0.11078,0.10655291086163245,0.10212,0.09707,0.09467430649166114,0.09292,0.09129,0.09002,0.08973,0.08945,0.08886,0.09057,0.17655,0.17041157276995306,0.16439,0.1585,0.15188,0.14781,0.14072,0.13474,0.12887,0.12367393632448762,0.11867,0.11354,0.10999,0.10830760368663594
09-01-2026 11:15,25805.3,0.12636,0.11857,0.1129,0.11045,0.10525,0.10191742080636777,0.09905,0.09601,0.09436,0.0927,0.0923,0.09144,0.09155624999999999,0.09233,0.17514,0.16843,0.16398,0.1575,0.1521552096580123,0.14676,0.14006,0.1339,0.12795034434045144,0.12245,0.11782,0.11268,0.10864,0.10376
09-01-2026 11:20,25797.5,0.132134375,0.12365,0.1158,0.11000422719179764,0.10532,0.10169,0.09969,0.0968,0.09541,0.09379,0.09248,0.09198,0.09139,0.09279,0.17105,0.17038,0.16344,0.15695,0.15129,0.1454,0.13908,0.13307,0.12716,0.12153,0.11701,0.11186,0.10775,0.10286
09-01-2026 11:25,25799.65,0.13192,0.12292,0.11743,0.11411,0.1098634006520717,0.10561,0.10227,0.09918,0.0971,0.09498,0.09443,0.09333,0.09254,0.0939,0.17363,0.17055,0.16436,0.15712,0.15146,0.14637,0.13926,0.13349,0.12735664371829575,0.12162,0.11711,0.11184,0.10764,0.10463089757127773
09-01-2026 11:30,25809.4,0.12855,0.12336372754491017,0.11577,0.10497,0.10617,0.09831,0.09527,0.09358,0.09225,0.09053,0.09010877203125547,0.08988,0.08972,0.09155,0.17384,0.16829,0.162807717049348,0.15735379438877523,0.15186,0.14628,0.14001,0.1340667216898506,0.12833624337970118,0.12291,0.11795,0.11322723949687837,0.1086569530817725,0.10429
09-01-2026 11:35,25776.0,0.11992548148148147,0.11623758024691357,0.1124,0.10842,0.1043,0.10092983198527043,0.09798209308172533,0.09582,0.09455,0.09282,0.09248,0.09187,0.09137,0.09325,0.17295,0.16871,0.16379,0.15753479929807934,0.15116,0.14588,0.13918,0.13343,0.12753162197302528,0.12214,0.11801,0.11312,0.10927,0.10467
09-01-2026 11:40,25764.3,0.12402,0.11788830111306385,0.11266,0.10838,0.10458,0.10002,0.09789887306228495,0.09643177187710679,0.0949,0.09302,0.09277,0.09217,0.09178,0.09368,0.17327,0.1679,0.1635,0.15682,0.15015,0.14304,0.13917,0.13286,0.127454541624818,0.12248358183404968,0.11762,0.11281,0.10840385041651202,0.10434
09-01-2026 11:45,25759.6,0.1246,0.1174,0.11296,0.10788,0.10384,0.10107,0.09909,0.09704066776041766,0.09507265565284852,0.09381,0.09327908120938033,0.09289,0.0925,0.0921467530224525,0.17404,0.16779,0.16335,0.15714,0.15348,0.1448,0.13781,0.13273,0.1273,0.12195,0.11783,0.11298,0.10925,0.10483
09-01-2026 11:50,25748.85,0.11861620892124261,0.1156,0.1125531044606213,0.10948120892124262,0.10639,0.10327,0.10085,0.09828,0.0963771850261507,0.09501,0.09427,0.09372,0.09334,0.09316107526881724,0.17309,0.16704,0.16363,0.15588,0.15184,0.14262,0.13909,0.13266,0.12732,0.12158,0.11764,0.11272,0.10834286936268447,0.10442
09-01-2026 11:55,25747.75,0.12476,0.12003,0.11450048761992301,0.10947,0.10604731604418413,0.10313,0.10004032226942536,0.09761,0.09638,0.09487,0.09399,0.0936231950207469,0.09347,0.09537,0.17387,0.16928,0.1649,0.15866,0.1515554646619381,0.14412577587113187,0.13755,0.1324493031757942,0.12762,0.12219,0.11814,0.11372392302659556,0.10922,0.10487
09-01-2026 12:00,25743.15,0.13228,0.12221,0.11891,0.11635,0.11206513648691159,0.10741,0.10355348735585439,0.10049,0.09866,0.09675,0.09587,0.09513455696202532,0.09475,0.0964,0.17175433962264153,0.16802,0.16358,0.15848,0.15158,0.14386,0.1377618382070363,0.13202,0.12579,0.12008,0.1151362137546664,0.11067,0.10671,0.10182
09-01-2026 12:05,25753.7,0.12165,0.12006,0.1133,0.10803814481587108,0.10417,0.10205,0.09949,0.09693,0.0951788213341987,0.09403,0.09353,0.09325,0.09313,0.09323400000000003,0.17411,0.16841,0.1647,0.15928,0.15238,0.14468,0.14064,0.13363,0.12727618664151494,0.12176,0.11758,0.11235,0.10889,0.10423
09-01-2026 12:10,25746.8,0.11672,0.11435,0.10901,0.10555794111061352,0.10277,0.10029,0.09794,0.09632852221310269,0.09496,0.09365,0.09328,0.0933327804377565,0.0935,0.09519,0.17406,0.1685,0.16421,0.15878,0.15219314039340612,0.14509706081306967,0.13886,0.13416,0.12796,0.12188,0.11816,0.11283,0.1091,0.10466
09-01-2026 12:15,25744.0,0.1284,0.11526,0.11004497611680457,0.1066234567541725,0.10388,0.10155,0.09938117578325273,0.0973468445234287,0.09568,0.09451,0.09365579354251932,0.09288476125511592,0.09196428376534783,0.09066174170077299,0.1749529587628866,0.16926,0.16352,0.15704170958669247,0.15009970494595654,0.14334784783224236,0.13744,0.13277,0.12678,0.12097,0.1169,0.11181,0.10814,0.1035
09-01-2026 12:20,25738.7,0.11805,0.11418,0.1091,0.10497,0.10187,0.09897,0.0973,0.09516,0.09412,0.09323,0.09295,0.0933,0.09377,0.09568,0.17311,0.16962,0.16310156764560765,0.15587,0.15058,0.14357,0.13789,0.13214,0.12587,0.12067142159461466,0.11599247766953824,0.1116,0.10743609151249349,0.10358
09-01-2026 12:25,25737.5,0.10941,0.10511,0.10629,0.09865,0.09742,0.09601,0.09433,0.09271,0.09196,0.0914,0.09129,0.09187,0.09267,0.0947,0.17366,0.16534,0.16391,0.1569,0.15011311774873706,0.14376,0.1382720621791634,0.13292,0.12665399576027594,0.12104,0.11744,0.11276,0.10858747663551402,0.10484
09-01-2026 12:30,25724.25,0.11536,0.11023,0.1069,0.10431,0.10061,0.09884,0.09649,0.09464,0.09402,0.09313,0.09304,0.09347,0.09457708333333334,0.09648,0.163584489571899,0.16442,0.16377,0.15531,0.15051,0.14394,0.13810875996518496,0.13229,0.12577,0.12044,0.11671,0.11270540000933438,0.10843,0.10371
09-01-2026 12:35,25712.65,0.11323,0.10829,0.1045,0.10192,0.09951,0.09777276229399395,0.09626,0.09479,0.09436,0.09358,0.0939,0.09457,0.09588099367711647,0.0979,0.17528,0.16956,0.16529,0.1595206170188949,0.153,0.14601222191864172,0.13946,0.13458,0.12846,0.12389743304038973,0.11983,0.11583381621789507,0.11176,0.10717
09-01-2026 12:40,25689.45,0.11739,0.11336,0.10882,0.10546,0.10281,0.10124,0.09920160374730783,0.09745,0.0966,0.09613250000000001,0.09592,0.09656,0.0978,0.09994,0.1751,0.17006,0.16506,0.15876240154213006,0.15211,0.14599,0.13954,0.1342,0.12763,0.12249,0.11887,0.11394,0.11,0.10574
09-01-2026 12:45,25685.25,0.10932,0.10420041666666666,0.10217,0.1025,0.10058,0.09812,0.09685127551020407,0.0958222448979592,0.09513209183673471,0.09488,0.09577,0.09679,0.09830346748676223,0.10032,0.17535,0.1704945885699654,0.16505,0.15875470488565846,0.15187920151344683,0.14521,0.13911,0.13377,0.12754,0.12272,0.11887,0.11426,0.11071,0.10835769607843139
09-01-2026 12:50,25678.5,0.12829,0.12129809180891417,0.11553,0.1110054489338796,0.1072,0.10395,0.10167,0.09964,0.09878,0.09762,0.0978964979757085,0.09849,0.09949,0.10145,0.1793603514817367,0.17056,0.16233,0.15558253240654726,0.14938,0.14329,0.13477,0.13075,0.1244,0.11944,0.11544,0.11085,0.10704,0.10251
09-01-2026 12:55,25695.15,0.12027,0.11243,0.11052,0.10742,0.10464675006278454,0.10206438104633048,0.09972,0.09771,0.09703,0.09608,0.09627,0.0968,0.09761,0.09973,0.17501,0.17181,0.16434,0.15776826784006553,0.15145,0.14496,0.13844,0.13256899880065307,0.12703,0.12174,0.11718210015746508,0.11301,0.10916,0.10509
09-01-2026 13:00,25694.0,0.11592993442622954,0.11285,0.10979,0.10675,0.10382799098991123,0.10131,0.09938852558399663,0.09794,0.09704,0.09577,0.09623,0.09692,0.09811510762683855,0.09985,0.17567,0.17174,0.16532,0.15674,0.15050985075168674,0.14488,0.1389,0.1333,0.12729,0.12233,0.11798,0.11386419970240418,0.10973,0.10531
09-01-2026 13:05,25687.3,0.12321,0.11865,0.11451,0.10988,0.10627,0.10377,0.10167,0.09932,0.09770194084278769,0.09691,0.09726,0.09796,0.09889333333333335,0.09971000000000003,0.17521,0.17033696401918977,0.16483,0.1584467368482274,0.15176,0.1454532968382767,0.13925035154522136,0.13305,0.12682,0.12154443801797116,0.11656124277021754,0.11200282851347837,0.10800160950449278,0.10469
09-01-2026 13:10,25691.5,0.11369385809312638,0.11744,0.11545,0.10842,0.10596,0.10336,0.10088,0.09929949068690684,0.09821,0.09742162109375001,0.09704,0.09744,0.09850898109243697,0.10037,0.17552,0.16948,0.1636448742842211,0.15788769126415192,0.15197,0.14562956558102377,0.13936,0.13369,0.12693,0.12183,0.11751,0.11275,0.1095,0.1049
09-01-2026 13:15,25696.8,0.12103,0.11592085889570553,0.11193,0.10906,0.10638,0.10397248674850225,0.10163670321670953,0.09974006807656206,0.09865,0.0981321577833529,0.097761634447232,0.09762,0.09831,0.10017,0.17556,0.16988,0.16483,0.15865992848723218,0.15176,0.14418,0.13882889498230847,0.13366,0.12696,0.12177,0.11768,0.11275,0.108402312243757,0.10454
09-01-2026 13:20,25704.7,0.12179155675675674,0.11566,0.11049,0.10641,0.10374097790124506,0.10143,0.09899,0.09758,0.09689,0.09572,0.096,0.09672,0.09757,0.09942,0.17485,0.16771,0.16437,0.15888479317307314,0.15238,0.14601,0.13882,0.13355,0.1271,0.12201,0.11774,0.11275,0.10842859602463607,0.10466
09-01-2026 13:25,25701.95,0.12224,0.11728059139942833,0.11251,0.10795,0.10579,0.10305,0.10117,0.09904,0.09799,0.09694,0.09704520930232559,0.09733,0.09843,0.10009,0.17541,0.16753,0.16479,0.15654,0.15179,0.14545,0.13938,0.13323885657215537,0.12732,0.12201,0.11797,0.11302,0.10946,0.10751703877790837
09-01-2026 13:30,25705.5,0.11593,0.10972,0.10335,0.10307,0.10018,0.09862,0.09718,0.09631154248686387,0.09555,0.09465,0.09496,0.09588,0.09723423391749604,0.09903,0.17569,0.17073,0.16537,0.15682,0.15272,0.14679117669789896,0.14043,0.13508,0.12859,0.12355,0.11929,0.11535459605930913,0.11129,0.10651
09-01-2026 13:35,25704.05,0.12743,0.1215389428501349,0.11631455236693647,0.11167,0.10775,0.10526,0.10226,0.10061541004591829,0.09945,0.09837110112359551,0.09781,0.09816,0.09904,0.10073,0.17428,0.1692651733419466,0.16374,0.1573902732554069,0.15106,0.14576,0.13940735830569795,0.13284,0.1266065730929472,0.12096,0.1165,0.11202,0.1086,0.10638222784810131
09-01-2026 13:40,25707.75,0.10972,0.10663960454743256,0.1037,0.10077720835753505,0.09823,0.09644,0.09503,0.0943,0.09393,0.09321,0.09384,0.095,0.09637,0.09793256916996047,0.17513,0.16888,0.16496,0.15582,0.15254,0.14654,0.1401,0.13386545463049868,0.12819,0.12362,0.11892466158954587,0.11463,0.11134,0.10876665403863243
09-01-2026 13:45,25683.75,0.110480814479638,0.11147,0.11084,0.10705,0.10388,0.10133,0.09953,0.09777,0.09639946172738435,0.0957,0.09627,0.09717,0.09848,0.10032,0.17398,0.16889926116838488,0.16334,0.15711531251430186,0.1507,0.1446803098552138,0.13877726064203674,0.13275,0.12644,0.12138,0.11727,0.11252,0.10907,0.10425
09-01-2026 13:50,25682.0,0.11444,0.11369,0.11022958896534835,0.1056,0.10242,0.10013,0.09821103083374898,0.09695,0.09655,0.09626266355140187,0.09612,0.09718,0.0986,0.10046,0.16097878787878786,0.1658,0.16322,0.15392,0.15058,0.14454,0.13837,0.13319,0.12795064983712964,0.12272551670319928,0.11776,0.11325,0.10975,0.1051
09-01-2026 13:55,25665.25,0.13117,0.11883,0.1147693821011717,0.11228990084079564,0.10983,0.10688,0.10407,0.10189,0.10099,0.09943,0.09955,0.10003,0.10106872028943836,0.10274,0.1725,0.1646,0.1597869360975046,0.15528,0.14904,0.14288,0.13651,0.13106,0.12472,0.11955,0.11552,0.11076,0.10706,0.10236
09-01-2026 14:00,25689.05,0.11498,0.1132,0.10849,0.10530709158560882,0.10267,0.10027,0.09837032623101806,0.09693,0.09584727822580645,0.09531,0.0958,0.09696,0.09858,0.10034,0.17441,0.16895,0.16408,0.1571,0.151036366813099,0.14544843716719913,0.13990628893769969,0.13398,0.12735,0.12225,0.11836,0.1135,0.11011,0.10547
09-01-2026 14:05,25678.55,0.12670930467762326,0.12009,0.11452310155920775,0.10995,0.1064,0.10305,0.10082,0.09954,0.09859,0.09715,0.09738,0.09828,0.09941,0.10108,0.17367,0.16886,0.16361,0.15723306359442102,0.15061,0.14458366816227108,0.13874371982451436,0.13275,0.12639,0.12141,0.11734,0.11256,0.10876,0.10422
09-01-2026 14:10,25674.05,0.11993,0.11143285225492623,0.10659,0.10482,0.10293,0.1001,0.09781,0.09679,0.09658,0.0955,0.09608,0.09881999999999999,0.10521999999999998,0.11677999999999997,0.17391,0.16854,0.16343,0.155,0.15065,0.1447725434520917,0.13852,0.13304,0.12686,0.12241948416840237,0.11832,0.11367,0.11005,0.10553
09-01-2026 14:15,25669.0,0.11382,0.11203,0.10784,0.10486274009201131,0.10262,0.10114,0.09873,0.09726,0.09676,0.09572,0.09619,0.09744,0.09886,0.10039,0.17392,0.17027,0.16336,0.157,0.1504,0.14252,0.13853,0.13282,0.12685,0.12213,0.11774,0.11297,0.10935,0.10483
09-01-2026 14:20,25668.65,0.11440450447201383,0.11177,0.10900483482400461,0.10614,0.10316,0.10092,0.09864,0.09769037433557315,0.09688,0.09562,0.09597,0.09731,0.09845,0.10029,0.17337,0.16979,0.16261,0.15625461570234886,0.15026,0.14446375214170193,0.1388102600081673,0.13298,0.12675,0.12182,0.11772,0.113,0.10881607376766633,0.10508
09-01-2026 14:25,25671.35,0.11449,0.1107244907917068,0.10674,0.1025,0.10014427348446198,0.0984,0.09697,0.09582,0.09539,0.09442,0.09527,0.09626,0.09792,0.09983,0.17321,0.17,0.16342,0.15695058956237157,0.15052339473426435,0.14435200253902494,0.13865,0.13368,0.12757,0.12228,0.11872,0.11392,0.11039,0.10832362545018011
09-01-2026 14:30,25652.65,0.1269,0.12078,0.11398,0.11234,0.10794,0.10499,0.10242,0.10075576656879194,0.09938,0.09808,0.0983,0.0991309694594748,0.10044,0.102,0.17453,0.16863,0.16178352313298397,0.15484,0.14854574231006187,0.14255,0.13683,0.13149,0.12523,0.12042,0.11625,0.11135,0.10737,0.10319
09-01-2026 14:35,25659.1,0.12071,0.11683,0.1133,0.1082,0.10504,0.10241,0.10003145914519501,0.09844,0.09796,0.09651,0.09719,0.09831,0.09967,0.10142,0.17291,0.16652,0.16282,0.15575,0.14933541150739055,0.1432880957420538,0.13757,0.13231,0.12662366093451347,0.12136,0.11741,0.11274,0.10915,0.10462
09-01-2026 14:40,25650.4,0.12572551090700348,0.11901,0.11374,0.1103,0.1069583602681238,0.10393,0.10153,0.09974470250754448,0.09863,0.0981856090651558,0.098,0.09876,0.10006156430087959,0.10194,0.17434397521449005,0.1685,0.16305,0.15801,0.15037,0.14286,0.13719,0.13241,0.12612,0.12102,0.11697,0.11206,0.10843,0.10422
09-01-2026 14:45,25668.25,0.11893,0.11418745128205127,0.11041,0.10761,0.10477078619305473,0.1021,0.09986,0.09815,0.0978,0.09646,0.09693,0.09755,0.09897,0.10073,0.17396,0.16722,0.16383,0.1562,0.1508,0.14406,0.13782,0.13202496279695203,0.12653670820259974,0.12162,0.11754,0.11257,0.109,0.10484
09-01-2026 14:50,25663.45,0.11923,0.1159,0.11115,0.10822,0.10457,0.10245,0.10011,0.09834,0.09719122462488967,0.09664,0.09701,0.0979347507986933,0.09928,0.10092,0.17416,0.16938344883688727,0.16363,0.15667,0.15093,0.14334,0.13817,0.13298,0.12678,0.1217,0.11772,0.11271,0.10912,0.10492
09-01-2026 14:55,25674.9,0.11822,0.1133,0.10902,0.1054,0.10312136188621943,0.10099,0.09814,0.09750371859526866,0.09696,0.09556,0.0958,0.09655,0.09819,0.10004,0.17375,0.1680707369247375,0.16240147384947498,0.15674,0.15109,0.14426,0.13849,0.13284,0.12678,0.12179,0.11716983025828559,0.11291,0.10919,0.10506
09-01-2026 15:00,25668.55,0.12334,0.11686,0.11251954859795833,0.10907,0.10571997522289957,0.10247545768770443,0.09987821130865708,0.09847,0.09805,0.09666,0.09714,0.09787,0.09934,0.10130109090909091,0.17385,0.16679,0.16165637024589055,0.15668,0.15036,0.14366256024500104,0.13746,0.1327,0.12641,0.12116,0.11678,0.11209,0.10836,0.10429
09-01-2026 15:05,25679.0,0.12261,0.11496,0.11263,0.10917,0.10559413249366131,0.10242,0.1002,0.0985,0.09781,0.09643,0.09701,0.09746,0.09913,0.10131792452830188,0.17315,0.16824,0.16306,0.15652,0.1499915190296593,0.14354862900671245,0.13757,0.13236,0.12621,0.1212,0.1166,0.11165,0.10636282722513091,0.10077696335078537
09-01-2026 15:10,25688.85,0.1176227272727273,0.11582,0.11321,0.10988,0.10583,0.10386,0.10089,0.09887,0.098,0.09658,0.09675777535441657,0.09724,0.09912,0.10076,0.1719402864705882,0.16743,0.16219009549019606,0.15642,0.15002,0.14398,0.1376,0.1327,0.12682675016534373,0.12124,0.11718,0.11255,0.10738738780207133,0.10180432681242801
09-01-2026 15:15,25690.6,0.11308603100775196,0.1108,0.10787,0.10435,0.10131,0.10057,0.09761,0.09636869281045753,0.09552267973856209,0.09521,0.09612,0.09663,0.09878,0.10097,0.17363,0.16809,0.16381,0.15799,0.1516512535033309,0.14508646217658225,0.13885,0.13311491922339158,0.12782,0.12304561497445092,0.11865,0.11465267647447314,0.11073,0.10651
09-01-2026 15:20,25695.2,0.1170169478977511,0.11934782464962518,0.11336,0.10723,0.10463886548604832,0.10272,0.10036436333400332,0.09868,0.09815,0.09737199008498583,0.09688,0.09766,0.09924,0.10136,0.1647837424892704,0.16844,0.16508,0.15679,0.15261,0.14593,0.14029,0.13487,0.12864,0.123603376656037,0.11896,0.1143,0.11059,0.10793782556750296
09-01-2026 15:25,25688.2,0.13292,0.12614,0.12044,0.11601500717076986,0.11233,0.10939,0.10641,0.10353,0.10167704735434696,0.10023241256606237,0.09965,0.09992,0.10147,0.10334,0.17462,0.16795,0.16501,0.15985842806654643,0.15308716338568312,0.14643,0.1405116726690133,0.13467,0.12881,0.12288,0.11896,0.11234,0.10955,0.10414
12-01-2026 09:15,25657.45,0.11319019950124683,0.11324,0.11181,0.10923,0.10651,0.10512,0.10354,0.1025,0.10253593498389695,0.1026540921900161,0.10287,0.10466,0.10656,0.10945,0.1905,0.18496,0.1760966720588982,0.16792,0.16397,0.15764,0.15087,0.14559,0.13863,0.13422,0.12931,0.12494305195313456,0.1207,0.11627
12-01-2026 09:20,25594.15,0.12801317406143342,0.12206,0.1163,0.1162,0.11430398936467018,0.1116,0.109841262829489,0.10867,0.10825,0.10783,0.10912,0.11053,0.11293,0.11619,0.18837,0.18215,0.17641,0.17045,0.1632132747924882,0.15582,0.14937,0.14418,0.13856348569633134,0.13308,0.1281917485337243,0.12372,0.119720245601173,0.11624797653958945
12-01-2026 09:25,25548.3,0.13463,0.13255,0.12451,0.12229,0.1187,0.11659,0.11445447893569845,0.11275,0.11187,0.11185,0.11281247292418772,0.11469,0.11707,0.12066,0.18706,0.18142,0.17544,0.16842,0.16152,0.15484,0.14868,0.1434,0.13738,0.13236584928660602,0.12763,0.12272,0.11844,0.1144
12-01-2026 09:30,25559.65,0.14103969374167777,0.13513,0.13053,0.12762,0.12367777202973064,0.11992,0.11717910497682436,0.11528,0.11415707006369427,0.11364,0.11442,0.11596,0.11845,0.12193,0.18674,0.1814021225363902,0.1753225784061138,0.16872,0.16123,0.1546,0.14877246407279926,0.14294,0.13629,0.1307,0.12579,0.12049,0.11614,0.11154
12-01-2026 09:35,25575.3,0.14006,0.13464,0.12761,0.1248,0.12047,0.11767477223126452,0.11529895495658586,0.11351616020361426,0.1125,0.11211,0.11284953557312254,0.11439,0.11676,0.11923371541501977,0.18503,0.1797655884879725,0.17376,0.16686,0.16,0.15408,0.14815,0.14251491038392983,0.1370318838245948,0.13168291535296237,0.12645,0.12142,0.11686479189044038,0.11271
12-01-2026 09:40,25569.55,0.13298129807692308,0.12814,0.12396043269230769,0.12038,0.11743,0.11497,0.11236,0.11087,0.11045,0.11015,0.11133,0.11332,0.11595,0.1195,0.18611,0.18069983297413794,0.17467,0.1679,0.16147,0.15594,0.14974,0.1448,0.1393800848702174,0.13373415087505433,0.12831,0.12336,0.11915,0.11505
12-01-2026 09:45,25560.8,0.14288,0.13986,0.13543,0.13261,0.12714,0.12351,0.11999,0.11711,0.11605,0.11475,0.11528,0.11638,0.11785067484662577,0.11909404907975457,0.18657,0.1808360571979435,0.17502,0.16911,0.16194,0.15526,0.14912,0.14334,0.13702,0.13124,0.12573060519654178,0.12046,0.11545566577409931,0.1107
12-01-2026 09:50,25588.7,0.13697,0.13079,0.12656631244451827,0.12282,0.11879,0.11587,0.1133,0.11162779467680609,0.11031889733840304,0.10979,0.11073,0.11209,0.11424,0.11756,0.18788,0.18272,0.17674,0.17095,0.16343,0.1574,0.1512,0.14596,0.13945,0.13402,0.12872,0.12356,0.11906453841239419,0.11512
12-01-2026 09:55,25588.5,0.12519,0.11951,0.1163086860453054,0.11372,0.11107,0.10906123959068453,0.10768,0.10688393406593406,0.10652,0.10686,0.10803449624842319,0.11001,0.11277534707859359,0.11653,0.18576160418482998,0.18242,0.17742,0.17095,0.1641,0.15841,0.15246,0.147,0.14067,0.13527,0.13053,0.12529,0.11957505010020042,0.11346030060120241
12-01-2026 10:00,25564.15,0.14618852544132913,0.13787,0.13159,0.12824,0.12398,0.12041762450404879,0.11732,0.11475,0.11375,0.11384843817259278,0.11414465412296336,0.11464,0.11676,0.12025,0.18474,0.18026,0.17374,0.16725,0.1605,0.15419,0.14812,0.14258,0.13552,0.1301,0.12476439624995588,0.11957,0.11465,0.11054
12-01-2026 10:05,25588.7,0.13313,0.12825,0.12214,0.11971,0.11604,0.11335,0.11096,0.10916,0.10861,0.10851,0.10967,0.1111,0.11368,0.11713,0.18794,0.18296165924077012,0.17721,0.17052,0.16393,0.15732690832588966,0.15106,0.14561,0.1398862934284474,0.1339917256236754,0.1282562950070657,0.12301,0.11852,0.11415454454300039
12-01-2026 10:10,25566.95,0.1341,0.127,0.12233,0.11971,0.11671999320680573,0.11383,0.11152,0.10984,0.10919,0.10922,0.11084,0.1129276241514052,0.11541797874236925,0.11835,0.18718,0.18098,0.17493529741385846,0.1689432484735108,0.16279,0.1563,0.15058,0.14488,0.13799,0.13263,0.12756,0.12256366185118138,0.11787,0.11383
12-01-2026 10:15,25557.55,0.14588,0.13846,0.13169,0.12799,0.12354,0.11972,0.11606,0.11398,0.11253,0.11213,0.11258541666666666,0.11392,0.11608625000000002,0.11903666666666672,0.1833987650360867,0.18007,0.17472,0.1676,0.16109,0.15445,0.14828,0.1418627854951008,0.13556,0.12978,0.12437475027020638,0.11929,0.11463425081061909,0.1105160043233019
12-01-2026 10:20,25583.3,0.13331630094043892,0.12801,0.12396,0.12163,0.11793,0.11486,0.11166,0.11001,0.10913,0.10842,0.10982,0.11101,0.11345,0.11670955922865013,0.18773,0.18178,0.17694,0.17023,0.16349864366529698,0.15691,0.1507,0.14521,0.13843,0.13265,0.12733566269400068,0.12229137147998922,0.11752,0.11314
12-01-2026 10:25,25574.15,0.14340611868484357,0.13623,0.12967,0.12376,0.11887,0.11599,0.11373931082392379,0.11164577628793225,0.1101018536079746,0.1095,0.11075,0.11194,0.11423,0.11789,0.18392661870503596,0.18134,0.17618,0.16883,0.1626,0.15648236209880936,0.15039951173302948,0.14418,0.13768,0.13146,0.12617,0.12123095306861545,0.11655,0.11219
12-01-2026 10:30,25584.2,0.12729333333333331,0.12478,0.1213,0.11695,0.11385,0.11154,0.10910574194741036,0.10727,0.10654,0.10672,0.10766952405547334,0.10943,0.11229,0.11575,0.1885,0.18265,0.17719,0.17009,0.16362,0.15743,0.15109,0.14501821090830178,0.13905,0.13309,0.12789,0.12261,0.1185,0.11429
12-01-2026 10:35,25564.75,0.13492,0.1278,0.12364404835222882,0.12019,0.11652,0.11345999387442705,0.11093,0.1091,0.10819,0.108,0.10963,0.11056,0.1130236493274996,0.1173,0.18742,0.18134,0.17634,0.16927,0.16235,0.15578,0.14955,0.14395,0.13765619062178966,0.13153,0.12646,0.12132,0.11691,0.11272
12-01-2026 10:40,25572.4,0.13601,0.12878107706945766,0.12277820551855376,0.11797123120837298,0.11433,0.11195,0.1096,0.1079,0.10715,0.10698,0.10851,0.10977,0.11238535164271049,0.11652,0.18839,0.1817,0.17701,0.1702,0.16316,0.15689,0.15047,0.14502,0.13819,0.13259,0.12758,0.12226,0.11663930300096804,0.11074581800580834
12-01-2026 10:45,25556.8,0.1375,0.13167,0.12703,0.12366,0.119,0.11582,0.11307,0.11089,0.10999966722830667,0.10963,0.11040376887617231,0.11232198219678906,0.11478,0.11859,0.18665,0.1813,0.17556,0.16825,0.16157,0.15509,0.14909687910723055,0.14305,0.13636,0.13061,0.12534,0.11996,0.11529445603719927,0.11122
12-01-2026 10:50,25579.85,0.1222,0.11899,0.11375,0.11160445500869712,0.11019804621779884,0.10858,0.10623,0.1048,0.10456,0.10457,0.10563277578898227,0.10778,0.11086,0.11483,0.18856,0.1835564161197703,0.17769,0.17077,0.16419,0.15771,0.1512,0.14545,0.13918,0.13364,0.12852,0.12341341670704757,0.1187,0.11488
12-01-2026 10:55,25554.9,0.12813,0.12435,0.12022,0.11685851769706831,0.11395,0.1115,0.109,0.10761,0.10696,0.10694,0.10798014028056112,0.1101,0.1129686097194389,0.11692,0.18701,0.18147,0.17534362772409984,0.16896,0.16253,0.1563271973505653,0.15020114584509398,0.14384,0.13698,0.13174,0.1269,0.12209475429077195,0.11732,0.11258426287231582
12-01-2026 11:00,25550.75,0.12968470788564848,0.1261,0.12264240262854949,0.11932,0.11606121348670673,0.11307,0.11061,0.10912,0.10849922794117647,0.10824,0.10971,0.111620993760538,0.11413,0.11807,0.18698576056584001,0.1807,0.1743752535219467,0.16802,0.16163,0.15508,0.14859,0.1422179283747882,0.13622,0.13101,0.12610522614565128,0.12134897879613443,0.11679074204855042,0.11248
12-01-2026 11:05,25538.1,0.13182386167146973,0.12782,0.1236,0.12012364216576871,0.11695164327778475,0.11413382275090841,0.11172,0.10985,0.10916,0.10888,0.1104,0.11198,0.11491,0.11861,0.18486,0.17966,0.1739,0.16734009473255226,0.16062,0.15433,0.14776,0.14223,0.13525,0.12991694061027514,0.12502,0.11987,0.11562,0.11145
12-01-2026 11:10,25544.8,0.12921147058823532,0.12331,0.11886,0.11651,0.11347,0.11101,0.10863574280525638,0.10721,0.10699048780487805,0.10691,0.10852,0.11041,0.1133,0.11741,0.18527,0.18024,0.17423,0.16813,0.16113,0.15506,0.1488371712096646,0.14258568134709634,0.13663,0.13121,0.1263,0.1209,0.11679,0.11303
12-01-2026 11:15,25528.8,0.12595,0.1217,0.1186510874167597,0.11598,0.11333,0.11117076689982903,0.10930745874835346,0.10818,0.10776,0.10781,0.10975,0.11188,0.11487,0.11907,0.18365,0.17819,0.17235,0.16591,0.15971,0.15341,0.14744,0.14174,0.1353,0.1302,0.12548,0.12065,0.11628,0.11298
12-01-2026 11:20,25512.25,0.13111,0.12465,0.11983,0.11831,0.11531,0.11282,0.11091,0.10965,0.10944,0.10972,0.11151,0.1133,0.11625887732174954,0.12045,0.18148,0.17667,0.17081,0.16375,0.15824,0.1518,0.14588,0.14013,0.13384,0.12869,0.12374045379933253,0.11902,0.11468,0.11114
12-01-2026 11:25,25509.25,0.12887,0.1246,0.1207242894323901,0.11729,0.11454,0.1123,0.11069,0.10934,0.10911,0.10999,0.11181,0.11361,0.11695,0.12117,0.17973761790567547,0.17614,0.1707,0.16363,0.15732973242240603,0.15140567871281535,0.14553,0.13962,0.13348,0.1283423090593685,0.12353,0.11867,0.11474,0.11088
12-01-2026 11:30,25496.15,0.12283,0.11979,0.11693,0.11543,0.11285,0.11124,0.11003,0.10937,0.10944,0.11028,0.11224,0.11446,0.11778,0.12226,0.18198,0.17615313932810212,0.1703696119895376,0.16462,0.15892,0.15261,0.14665,0.14131,0.13519,0.13044,0.12596,0.12101,0.11711,0.1142
12-01-2026 11:35,25487.1,0.12896,0.12345179008227707,0.11988,0.11806,0.11557401790291617,0.11321,0.1113418463516005,0.11034,0.1103,0.11119,0.1131,0.11494,0.11853,0.12292,0.18093,0.17561,0.17024,0.16314,0.15692530289776072,0.15104,0.1452470227375302,0.1394,0.13317,0.12806204648323025,0.12347,0.11907349624260548,0.11508,0.11171
12-01-2026 11:40,25485.45,0.12224771428571436,0.12154961904761909,0.12019,0.11832,0.11599,0.11366,0.11195,0.11111,0.11123,0.11201,0.1137,0.11586,0.11937,0.12385,0.18081,0.17563,0.17025,0.16382,0.15778,0.1519378357199784,0.14615592878812916,0.14013,0.13359,0.12863,0.12393,0.11956,0.11568012312322783,0.11221
12-01-2026 11:45,25476.55,0.13517,0.12957,0.12533,0.12351,0.11952,0.11682,0.11481,0.11361,0.11317,0.11357,0.11488,0.11688,0.11992,0.12409,0.18025,0.17461,0.16924,0.16224,0.15605,0.14943,0.14365,0.13787,0.13125,0.12603,0.12139,0.11699,0.1129,0.10915
12-01-2026 11:50,25491.7,0.1293,0.12492,0.12093,0.11849,0.11569534203175265,0.11342,0.11202694974427557,0.11095125264991555,0.11052,0.111,0.11288,0.11482,0.11826,0.1227,0.18185,0.17591,0.17019,0.16313,0.15692,0.15086,0.14495,0.13939,0.13296,0.1278777524091976,0.12333,0.11901,0.11499,0.11149
12-01-2026 11:55,25495.85,0.13106,0.12537,0.12187,0.11957,0.11614,0.11379495579077852,0.11205,0.11089,0.11092009595254711,0.11102,0.11273,0.11467,0.11789,0.12207248062015504,0.18173,0.17556,0.16961499112923922,0.16363,0.15731,0.15068,0.14477,0.13922,0.13293,0.12779,0.12291,0.11858011244377813,0.11471,0.1114803373313343
12-01-2026 12:00,25499.2,0.12806,0.12433,0.11977,0.11788,0.11466,0.11248,0.11083,0.10999796875,0.10963,0.11033,0.11191,0.11395,0.11737,0.1217,0.18155,0.17572,0.1701,0.16357209000062467,0.15677,0.15024,0.14459,0.13903,0.13296,0.12752,0.12279,0.11864994959196075,0.115,0.11203984877588229
12-01-2026 12:05,25507.65,0.13197,0.12643,0.12244,0.11900141225125466,0.11613,0.11407,0.11184258681577398,0.11057,0.11057893322475569,0.11061,0.11212,0.11396,0.11724,0.12139,0.18194,0.1763,0.16993471872459184,0.16326,0.15656,0.14995,0.14383,0.1381,0.13178,0.12652,0.12189,0.11756364312345333,0.11337,0.10923
12-01-2026 12:10,25526.3,0.14473,0.1426,0.13664,0.13244,0.12752,0.12306,0.11979179954122561,0.11725,0.11547,0.11434,0.11538,0.11631,0.11832,0.12241,0.18202531374106437,0.17639,0.17031,0.1638,0.1564752218031187,0.1492,0.14285,0.13669,0.13021,0.12424569394948545,0.11860144922804328,0.1134,0.10869613164335792,0.10445
12-01-2026 12:15,25577.45,0.14302,0.13618,0.13037,0.12711,0.12239,0.11946,0.11592,0.11390110656209752,0.1127,0.11224,0.11266825012177302,0.11361,0.11532,0.11883,0.18443,0.17862,0.17238,0.16537,0.15893,0.15208,0.14584,0.13976,0.13325,0.12715,0.12234,0.11758,0.11315,0.1090618498367791
12-01-2026 12:20,25614.85,0.15144,0.1443139647766323,0.1381,0.13282239309138802,0.12816,0.12403,0.12111,0.11765,0.11628,0.11484,0.11474,0.11538,0.11698853910805111,0.11973,0.186,0.17815,0.17464,0.16816,0.16208,0.15542,0.14904,0.14266,0.136,0.13028979323973297,0.12488,0.11939,0.11495,0.11167102719033235
12-01-2026 12:25,25653.4,0.12189000000000005,0.12728,0.12805,0.12478,0.12093,0.11774,0.11503,0.11288,0.11166,0.11104,0.11111,0.11180309359847576,0.11325,0.11604,0.18872,0.18389,0.17771,0.17116,0.16556,0.15827,0.15227,0.14636,0.14013,0.1342,0.12910865129927834,0.12448,0.12027,0.11551
12-01-2026 12:30,25668.1,0.154,0.14368,0.13897,0.13395724577445725,0.12916,0.12488859034365316,0.1213,0.11878,0.11738,0.11624,0.11566,0.1161,0.11709,0.11841846153846154,0.1848205029013539,0.18248,0.17816,0.17214,0.16583,0.15888,0.1533,0.14792,0.1408,0.13493,0.1299178262757035,0.1252703602923233,0.12038,0.11487
12-01-2026 12:35,25690.5,0.13488,0.12381,0.12445,0.12024,0.11698,0.11468,0.11213,0.11118,0.11020054918032787,0.10965,0.11016,0.11101835734000345,0.11232,0.11471,0.19113,0.18537,0.18081,0.17518,0.16841,0.16212873500510297,0.15617,0.15057,0.14440391624214066,0.13864,0.13428,0.12945718980992607,0.12421,0.11846156942977824
12-01-2026 12:40,25684.35,0.15507,0.14915783154121864,0.14347,0.13780831131592422,0.13275,0.12895,0.12453,0.12115,0.11939636165886414,0.11829,0.11752250626566417,0.11716,0.11832,0.11999,0.18826,0.1849,0.17793,0.17149,0.1654,0.15906062202774263,0.1525703088965597,0.1461323413170969,0.13995,0.13419,0.12962,0.12398,0.1187963293692556,0.114
12-01-2026 12:45,25727.5,0.13318,0.12919837960765704,0.12466,0.11945,0.11652,0.11375051441627626,0.111219816533584,0.10981,0.10933616383924895,0.10914,0.10932068341121497,0.10977,0.11108431658878506,0.11342,0.1931,0.18998,0.18359,0.17732,0.1711,0.1647303455573739,0.15835,0.15206288013980418,0.14586,0.1398,0.13492502707018653,0.13039,0.1257037583244539,0.12103
12-01-2026 12:50,25724.55,0.14204,0.1374273090427942,0.13291,0.1285,0.12508,0.12156,0.11861001167719933,0.11654,0.11567,0.11427,0.11384,0.11403,0.11481,0.11638,0.19309,0.18835,0.18208,0.17651,0.16953,0.16277,0.15723,0.15106210399344494,0.14472,0.13859,0.13453,0.12962,0.1253,0.12029
12-01-2026 12:55,25715.5,0.14309,0.13735,0.12994748391376063,0.12356,0.12039,0.11681,0.11462,0.11281308861083576,0.11168,0.11139,0.11141103550295857,0.11148,0.11248,0.11441,0.19219,0.18729,0.18184,0.17548,0.16905,0.16237,0.15666,0.15095847700195109,0.1452577311912768,0.1396181197849641,0.1341,0.12879,0.12388694104106333,0.11933
12-01-2026 13:00,25692.65,0.13268,0.13424,0.13095,0.12783849956202512,0.12484,0.12196,0.11816,0.11592,0.11448581196581196,0.11336957264957266,0.11292,0.11316775,0.11399,0.11550524999999998,0.19101,0.18652,0.18014,0.17417,0.1674837603921221,0.16101,0.15571,0.1496748573274975,0.14332499471514215,0.13751,0.1327,0.1277,0.12285,0.11824
12-01-2026 13:05,25702.65,0.14577,0.14076746852970795,0.13579,0.13057082620295482,0.12591,0.12264,0.11964,0.11692,0.11573,0.11455,0.11356,0.11369,0.11462380135535791,0.11663,0.19162,0.1861206740099659,0.1805,0.17474,0.1682661300569934,0.16178,0.15598,0.14943279048315897,0.14297,0.13744,0.13288,0.1280789050697157,0.12314,0.11809
12-01-2026 13:10,25710.85,0.14323,0.13453,0.12998,0.128,0.12374,0.1201,0.117,0.11471,0.11291,0.11137,0.11141,0.1113,0.11231416666666666,0.11484,0.19088,0.18534,0.18005,0.17456,0.1683,0.16214,0.15586,0.15028,0.14341,0.137771658934391,0.1327233496238414,0.12799,0.12361,0.11846
12-01-2026 13:15,25725.15,0.12758,0.12543,0.1204,0.11626478344722412,0.1132,0.11159,0.10970411075324558,0.10805,0.10708,0.10709347665555026,0.10713,0.10769848594568843,0.10909624297284422,0.111,0.1871161122661123,0.18479,0.18073,0.17517,0.16885,0.16266,0.15748,0.15139938129448033,0.1453,0.13976000259272084,0.13454178743659878,0.12999,0.12639,0.1232859498252363
12-01-2026 13:20,25697.4,0.14060792249233736,0.13529,0.13031,0.1261849659696337,0.1224,0.11874,0.11536,0.11443,0.11229,0.11137,0.1111086462882096,0.11101,0.11313,0.11407666666666666,0.18904,0.18412,0.17899,0.17303,0.16708399561954548,0.16117660556649374,0.15545,0.15004,0.1433,0.13781,0.13305,0.12716,0.12209862595419847,0.11772
12-01-2026 13:25,25704.15,0.12732,0.12404,0.11901,0.11632972879896686,0.11413,0.11166,0.1096068625698414,0.10819,0.10746347898230088,0.10714,0.10751,0.10825,0.10923666666666668,0.1101,0.18916,0.18468,0.17939,0.17361,0.16806,0.1623007442493319,0.1565,0.15068061436909075,0.1448964945511423,0.13946,0.13455137313364707,0.12991,0.1254,0.12063
12-01-2026 13:30,25707.95,0.16035,0.15195536791955302,0.14463,0.1384102675118957,0.13278218504326716,0.12767301005300508,0.12301,0.11901,0.11727,0.11597,0.11518,0.1148,0.11578,0.11723,0.18884,0.18368866382595442,0.17838,0.17289,0.16635,0.16048,0.15461540673251925,0.1485,0.14168,0.13599,0.1306797373751457,0.1256082020209062,0.12086,0.11651973737514572
12-01-2026 13:35,25747.0,0.12697,0.13005,0.12265,0.1195630138174999,0.11752249228146444,0.11525,0.11212,0.11053560343706004,0.10947,0.10874,0.10825,0.10898,0.11004,0.11183,0.19147,0.18757,0.18138,0.17551,0.16951,0.16335,0.15791,0.15185,0.14597,0.14016084012391078,0.13462,0.12963736185361774,0.12485,0.12001
12-01-2026 13:40,25745.1,0.14801875802061057,0.1348,0.12457291934020351,0.11842,0.1158,0.11363,0.11035,0.10893,0.10798,0.10792602150537636,0.10789801075268816,0.10789,0.10922,0.1109,0.19178,0.18640980174027763,0.18088913797407374,0.17524640522083298,0.16951,0.16359,0.15776,0.1521,0.14563,0.13943,0.13444451867937904,0.12998161092321925,0.12541,0.12045
12-01-2026 13:45,25739.05,0.14182,0.13243,0.1274,0.12355,0.11938,0.11529,0.11248,0.11011,0.1089,0.10768,0.10761,0.10793,0.10927,0.11099,0.19079902559867898,0.1863031709331132,0.18113,0.17536,0.16902,0.16257,0.15702,0.15116,0.14438551302934108,0.13813,0.13379,0.1287,0.12433,0.120734799154334
12-01-2026 13:50,25735.6,0.13957676589986462,0.13463558863328817,0.12995259810554802,0.12561,0.12169,0.11822,0.11384,0.1118,0.1105,0.10937,0.10919761285574092,0.10914,0.11039,0.11193,0.19298,0.18672,0.18206,0.17617,0.16962895157352298,0.16319,0.15763,0.15127,0.14468,0.13839,0.13388,0.12816,0.12364,0.11821
12-01-2026 13:55,25743.25,0.13752,0.12317,0.1274,0.12181,0.11763,0.11525,0.11133,0.10985,0.10855,0.1076206628242075,0.10716,0.1077,0.10893292353701908,0.11096,0.19453229633650296,0.18885,0.18297781483491812,0.17695229633650297,0.17081,0.16449,0.15855,0.15269,0.14559,0.13987586080158476,0.13473,0.12992332871795742,0.12508,0.11957
12-01-2026 14:00,25734.9,0.13141,0.12459,0.12223834171679804,0.12034,0.11703065627198461,0.11324424832378573,0.11059,0.10946,0.10815,0.10718,0.10723,0.10773159956529986,0.1089599664493166,0.11075,0.19338,0.18746,0.18204903298067557,0.1766,0.17053,0.16404,0.15761924237935007,0.15121473781483352,0.1451028643429002,0.13956,0.13488,0.12952,0.12435537432393964,0.11936
12-01-2026 14:05,25732.75,0.13756,0.13142,0.12339,0.12785,0.12267,0.11871,0.11496483220265193,0.11212,0.11049610015420533,0.10958,0.10922555921052632,0.10908,0.10926667763157895,0.10990894736842105,0.19324,0.18731,0.18188,0.17644,0.16982,0.16312,0.157093461242102,0.15116,0.14468039761675683,0.1384,0.13295502771167328,0.12785,0.12289,0.11768
12-01-2026 14:10,25739.35,0.14020420821493154,0.13049,0.12053,0.11592239225166352,0.11324,0.11198,0.10906,0.10643,0.10608,0.10546,0.10522,0.10593,0.10737501943183382,0.10964,0.19315,0.18786,0.18327,0.17722750135523233,0.17067,0.16446,0.15848,0.15258,0.146106178827484,0.13985,0.13449308762750709,0.12965,0.12533,0.11911
12-01-2026 14:15,25729.15,0.13958,0.13351,0.12656,0.1222,0.11842,0.11527,0.11219950237826794,0.10986,0.10878,0.10763,0.10776,0.1082,0.10965,0.11154,0.19299,0.1865,0.18163,0.17579090985580356,0.16939302071737547,0.16309,0.15715,0.15097,0.14479,0.13865,0.13344,0.12855575030947583,0.12363,0.11826
12-01-2026 14:20,25736.35,0.15038999132697306,0.14464,0.13888,0.13311,0.1279,0.12296774638662679,0.11872,0.11572,0.11399,0.11222,0.1115515084835631,0.11128,0.11182,0.11262666666666667,0.19212,0.1869,0.18105,0.17619,0.1699,0.16246,0.1556402485333776,0.14910992536958784,0.14296713952100412,0.13731,0.1324,0.12651,0.1210477488657593,0.11595
12-01-2026 14:25,25762.75,0.13676,0.13189,0.12698,0.12283,0.11747,0.11438,0.11065,0.10897,0.1075,0.1065,0.10599,0.10633375,0.10746,0.10951124999999999,0.19377,0.1880438850896672,0.1825,0.17716,0.17103394324631363,0.16475,0.15889,0.15263936024784597,0.14626017910010575,0.14034,0.13525,0.12988,0.12539,0.1197
12-01-2026 14:30,25753.1,0.12447666666666667,0.11977,0.11613,0.11389,0.11126,0.10883612934968519,0.10683,0.10553,0.10493,0.10422,0.10458122093023255,0.10536,0.10669,0.10846,0.19326,0.18809916774959284,0.18279,0.17731,0.1710824989672772,0.16471,0.15875,0.15268,0.14634,0.14043,0.13567,0.13022,0.1255,0.12037
12-01-2026 14:35,25716.7,0.15174,0.14512,0.13909,0.13307,0.12727,0.12346,0.11932,0.11642277814136126,0.11383413612565445,0.11197342604712042,0.11126,0.11126,0.11126,0.11126,0.19086,0.18502,0.17934,0.17431,0.16802,0.16121,0.15532,0.14900785802482042,0.1426,0.13638,0.13169,0.12575,0.12104,0.11770205633802815
12-01-2026 14:40,25749.0,0.14146,0.1332265267030983,0.12715,0.12317,0.11912547776422451,0.11552,0.11292,0.11058,0.10931,0.10795,0.10775,0.10821,0.10908962674785748,0.11043,0.19276,0.18761,0.18249,0.1765025008772947,0.1702,0.16402688185139622,0.15785,0.15165994279986303,0.14553,0.13957,0.13458,0.12875,0.12421,0.1211204725168756
12-01-2026 14:45,25763.85,0.13183,0.12659387932319618,0.12209,0.11815550483340646,0.11506,0.11314,0.11013,0.10793,0.10708962031845114,0.10645716250528987,0.10605862343948372,0.10592,0.10718,0.10733,0.19416,0.18743,0.1824421119225783,0.17764,0.17176,0.16465,0.15882,0.15287,0.1465712166932608,0.14051,0.13534,0.12992,0.12470939086294416,0.11968
12-01-2026 14:50,25774.05,0.14353,0.13758,0.13082,0.12617,0.12207485841969412,0.11819,0.11434,0.11136,0.10940673813902699,0.10794,0.10689,0.10700925925925926,0.10763296296296296,0.10916,0.19388,0.18866,0.18312908148007248,0.17722,0.1706,0.16408,0.15819456771010226,0.15221,0.14529,0.13945,0.13391056494775294,0.12857,0.12345,0.11848176733780763
12-01-2026 14:55,25796.15,0.14247,0.13767,0.13126,0.1254,0.12008,0.11677,0.11369,0.11074,0.10988,0.10782,0.10718465517241378,0.10694,0.10774,0.10875,0.19471,0.189,0.18312,0.17722,0.17063,0.16447434921791443,0.15838,0.15193978806293806,0.14561,0.13972196956452637,0.13418,0.12899954283216783,0.12416,0.1196961284965035
12-01-2026 15:00,25785.15,0.13593,0.13388,0.12688,0.1223,0.11803,0.11433,0.11181,0.10984,0.10805156013008005,0.10646466895392892,0.10578,0.10594,0.10639,0.10766,0.19374978930307932,0.18858829821717984,0.183,0.17702,0.17066,0.1644051410514456,0.1582,0.15202,0.14524,0.13939761126621492,0.1340340495554439,0.12898,0.12431,0.11883
12-01-2026 15:05,25789.75,0.1304,0.12499,0.12171,0.11729,0.11382,0.1119,0.1089,0.10743509274193548,0.10626,0.10491,0.1047658829787234,0.10472,0.10536,0.10686,0.19252683495145634,0.18854,0.18376,0.17824,0.1719980950706554,0.16538592787720804,0.15899,0.15311,0.14667,0.14017,0.13508,0.13006075156448743,0.12499,0.11971
12-01-2026 15:10,25785.05,0.1401074466268147,0.12841,0.11964,0.1167,0.11349427320675967,0.11045,0.10802,0.10641991866880393,0.10497,0.10326,0.10330296875,0.10360375000000001,0.10442015625,0.10601,0.19482,0.18819,0.18330451829774835,0.17836,0.17144,0.16481,0.15909,0.15271440319765187,0.14606634764717882,0.13992,0.13472,0.1292,0.12462,0.11945
12-01-2026 15:15,25782.95,0.14329465385946694,0.13489,0.12782066026306682,0.12202465385946694,0.11744,0.11417,0.11137,0.10853,0.10738,0.1052,0.10474,0.10481,0.10563,0.10705,0.19663,0.19129672742142773,0.1854867881761888,0.17933,0.17261,0.16587,0.16024,0.15365036456583125,0.14687,0.14062,0.13514,0.1298656606003443,0.12452,0.11877
12-01-2026 15:20,25786.05,0.14090264325323462,0.1344821072088724,0.12843,0.1228,0.11761,0.11465,0.1115,0.10893,0.10713,0.10521,0.10521421581034338,0.10522954273179785,0.10526,0.1067,0.19815,0.19091,0.18787,0.18238903355770258,0.17508051127270982,0.16785,0.16134951427915695,0.1549243508793643,0.14852,0.14213,0.13614,0.13,0.12420985468789487,0.11872
12-01-2026 15:25,25801.35,0.13043,0.12173,0.11729284251832746,0.11410485143061613,0.11127,0.10836815947938441,0.10605,0.10462,0.10349,0.10165,0.10145,0.10137,0.10221,0.10465,0.19547,0.19534,0.18691,0.18088,0.17377116218168562,0.16707,0.16224,0.15508,0.1483682042244534,0.14221,0.13697,0.13075,0.1252,0.11944
13-01-2026 09:15,25853.0,0.10138,0.10057,0.10156,0.10102559985823144,0.09990897749424064,0.09894,0.09826854474415495,0.09768500017411531,0.09738,0.0972944541484716,0.09726,0.09771,0.0992,0.10094,0.19934,0.19786,0.191376100323425,0.1824,0.17542,0.16959,0.16328,0.15746,0.15049,0.14487550847447067,0.13946,0.13333,0.12841,0.12266
13-01-2026 09:20,25825.4,0.1301,0.12038,0.11652,0.11379,0.11063,0.10853,0.10573,0.105,0.10365,0.10229,0.10185,0.10238,0.10336,0.10516,0.19854258769027142,0.19459,0.18813,0.17948,0.17454,0.16867,0.16259,0.15595604584384096,0.14909082506335794,0.14263,0.13682466957563874,0.13143,0.12647,0.12052
13-01-2026 09:25,25818.35,0.07494,0.07615721324717287,0.07843,0.08255409403939971,0.08732,0.09071,0.09192,0.09345,0.09489,0.09538,0.09659,0.09772,0.09926,0.10186,0.19130923076923087,0.19492,0.19107,0.18192,0.17557052886539945,0.17018,0.16518342192629273,0.16014,0.15403288493895737,0.14795,0.14267448310646183,0.13807,0.13444,0.1289
13-01-2026 09:30,25766.85,0.09386,0.09595375538793104,0.09733,0.09800982835591132,0.0985,0.09898596475114092,0.09936,0.09957,0.09979887238593156,0.10013,0.10093107612750185,0.1022,0.10407,0.10676,0.19758,0.18681,0.1874,0.18077,0.17444,0.16772,0.1615,0.15507258056838105,0.14881,0.14315,0.13844,0.133,0.12898,0.12387
13-01-2026 09:35,25737.7,0.11826,0.11247833333333333,0.1101,0.11011,0.109,0.10776698143183397,0.10658071293813921,0.10605,0.10628,0.10556,0.10597,0.1067,0.10811,0.11024,0.19641,0.19402,0.18712656769914318,0.17834,0.17151,0.16504,0.15939,0.15322,0.14657,0.14058,0.13586,0.13051,0.12553502450980392,0.12088
13-01-2026 09:40,25732.1,0.11881543435251797,0.11635,0.11413764478417267,0.11226,0.11081941184708162,0.1094,0.10754,0.10682,0.10672,0.10605,0.10663,0.10736,0.10873,0.11101,0.19531,0.1897,0.1851,0.17854,0.17119,0.16484,0.15903,0.15272,0.14566,0.13996,0.1353,0.12993,0.12517,0.12017
13-01-2026 09:45,25766.4,0.10985,0.10211,0.09895776181429589,0.09765,0.09883,0.09904,0.09928948548451685,0.09954027576006325,0.09968,0.09971,0.10075,0.10208,0.10395,0.10665,0.18576651529193688,0.18954,0.18651,0.17875,0.17198,0.16605,0.15962,0.1533821600643032,0.14721,0.14102,0.13691,0.1316,0.12743,0.12286
13-01-2026 09:50,25750.85,0.11754,0.11262,0.11364,0.10823,0.10611,0.10542,0.10416,0.10457,0.10446,0.10352,0.10426,0.10538460116032923,0.10695,0.10944,0.19685,0.19197391761516464,0.1858,0.17799,0.17208,0.165,0.15952,0.15328522389105181,0.14672333336896615,0.14069,0.13566,0.13018,0.12426926736441482,0.117985604186489
13-01-2026 09:55,25731.0,0.10362,0.10571,0.10317,0.10456,0.10449701448040886,0.10433,0.10374,0.10378,0.10438,0.10435,0.10535,0.10636,0.10817,0.11081,0.19596,0.19028,0.18489,0.17855910645892054,0.17162422044836353,0.16472472421362475,0.1585,0.15331,0.14657,0.14109958183688037,0.13604,0.13094,0.1269,0.12208
13-01-2026 10:00,25714.65,0.14097,0.13349,0.13009,0.12686,0.12114,0.11849,0.11568,0.11373,0.11286,0.11147,0.1113,0.11169749999999999,0.11276,0.1142925,0.1931,0.18816,0.18229,0.17698,0.16956319252147567,0.16188,0.15581,0.14965,0.14249,0.13684,0.13118,0.12617,0.12153,0.11621
13-01-2026 10:05,25746.85,0.12843,0.12569,0.11961,0.1167,0.11418,0.11206,0.11025,0.10891,0.10827,0.10803,0.10751,0.10817,0.109513646804261,0.11162,0.19569,0.18741,0.18123550691978416,0.1758,0.17055,0.16428,0.15821,0.15229,0.14503,0.13955,0.13398817629355841,0.12879,0.12451,0.11968
13-01-2026 10:10,25759.95,0.10494,0.10371,0.10288,0.10202,0.10091,0.10211,0.101475,0.10084,0.10126,0.10178,0.10247,0.1034,0.10505,0.10788,0.19744,0.1923,0.18608,0.1794611033034479,0.17267308662827704,0.16615,0.16016,0.15373451345408773,0.1475,0.14216854718066743,0.13695,0.1312,0.12764,0.1267851557465091
13-01-2026 10:15,25754.7,0.10612,0.10838,0.10433,0.10362,0.10244,0.10284,0.1023,0.10176,0.10236,0.10237,0.10308,0.10428,0.10568,0.10871,0.19659,0.19045,0.18549,0.18043,0.17189,0.16543,0.15933,0.15274125391770296,0.14641,0.14114,0.13610897990171716,0.13123198995085858,0.12656,0.12214397990171723
13-01-2026 10:20,25761.35,0.12196,0.11851409091372214,0.11421,0.10883,0.10757,0.10632017082499934,0.10509,0.1039,0.10396,0.10338,0.10386,0.10477,0.10632,0.10834349593495934,0.19667,0.19112115692554044,0.18512,0.1784617479167538,0.17169,0.16546,0.15956,0.15344,0.14623,0.14073,0.1351,0.12988,0.12551,0.12025
13-01-2026 10:25,25770.15,0.14012,0.13305,0.12665,0.12195,0.11838,0.11507930289409306,0.11211,0.10968,0.10903,0.10803,0.10721,0.10737,0.10855,0.11041,0.19716,0.19123047989623865,0.18548,0.17993,0.17264982139422574,0.16508,0.15866,0.15177774390607465,0.14506,0.13917175523915437,0.13348,0.12756,0.12274,0.11913266294227184
13-01-2026 10:30,25804.6,0.13282,0.11297,0.10534,0.10765,0.10653,0.10582,0.10306,0.10218342751597444,0.10154776890308839,0.10116072583865814,0.10103,0.10169,0.10316208130328869,0.10556,0.19728092127303187,0.19389,0.18871,0.18195,0.17508,0.16807,0.16174486065259255,0.15564,0.1493451781284314,0.14306747881359722,0.13714,0.13178097914722944,0.12664,0.12147
13-01-2026 10:35,25783.95,0.12325,0.1098,0.10718,0.10779,0.10526,0.10288,0.10219,0.10221,0.10219185185185185,0.10215814814814814,0.10214,0.10265,0.10405,0.10676,0.2047652685050799,0.19584587808417997,0.18761,0.18025,0.17383,0.167642415839275,0.16149,0.1552,0.14865832951313443,0.14241,0.13709,0.13144,0.12632103270490352,0.12165
13-01-2026 10:40,25772.4,0.11286,0.10172,0.09986,0.10643,0.10474,0.10468,0.10303,0.10234,0.10255,0.10191,0.10239,0.10337756404351855,0.10494,0.10768,0.19788,0.19285779119137098,0.18698391571607526,0.18052,0.17303,0.16664,0.16046188647532234,0.1543718471924634,0.14816,0.14168,0.1361408152023639,0.13102,0.12613,0.12107
13-01-2026 10:45,25763.45,0.14778999999999998,0.11857,0.10489,0.11266,0.11063745667244368,0.1078,0.10651,0.10655,0.10529,0.10428,0.10453,0.10574,0.10617,0.10849,0.19601,0.19005188227706893,0.18463,0.17979,0.17084,0.16428,0.15841,0.15174,0.14493,0.13907,0.1341,0.1285634185040043,0.12323,0.1189
13-01-2026 10:50,25794.3,0.11933,0.11414,0.11134,0.10757263076738224,0.103174005126562,0.09952337692246077,0.098,0.09810461538461539,0.09832,0.09864,0.09876,0.09983,0.10165,0.10429,0.197,0.19049,0.18559,0.17919,0.17247,0.1662,0.15938,0.15394,0.14715,0.14127,0.13627,0.13129299769293742,0.12633149884646871,0.12139
13-01-2026 10:55,25765.7,0.1394911101163832,0.1277,0.11839,0.11653,0.11209,0.11006508210020492,0.1084,0.10623,0.10569,0.10431,0.10434,0.10496,0.10630155313149303,0.10846,0.19378,0.18824,0.18328,0.17684,0.16974,0.16335735907325463,0.1572898495710191,0.15101,0.1442,0.13808,0.13279,0.12762,0.12277,0.11766
13-01-2026 11:00,25784.9,0.11114,0.11637,0.1004,0.10533,0.10417,0.10292220084722709,0.10173721153472465,0.10121,0.10136,0.10075,0.10117,0.10206,0.10345377851711027,0.10537,0.19581,0.19042564152054436,0.18426,0.17715,0.1711036200349453,0.16513,0.15832,0.15288,0.14577,0.13983,0.13496,0.12932,0.124186106870229,0.11948
13-01-2026 11:05,25771.65,0.13216,0.11938,0.12029,0.11747,0.11378,0.11176,0.1092719278399619,0.10724,0.10636,0.10527,0.10501,0.10534,0.10616,0.10809,0.19504,0.18875,0.183,0.1764561950640405,0.16977,0.16355,0.15506,0.15072,0.14357,0.1381,0.1326422469661158,0.12739,0.12263,0.11816878787878787
13-01-2026 11:10,25787.85,0.11856,0.10777,0.11044,0.11006,0.10668,0.10586,0.10409,0.10326107597148937,0.10252,0.10135,0.1017,0.10224,0.10344553772103784,0.10541,0.19507,0.1893991569086651,0.18371,0.178,0.17081,0.1648,0.15819,0.15219,0.14495,0.13945,0.1359276452119309,0.13509587127158548,0.1376676138147565,0.14435580847723678
13-01-2026 11:15,25787.55,0.11451915254237297,0.11295819209039552,0.11131,0.10958,0.10777,0.10559,0.10327,0.10223,0.10211,0.10092,0.10121,0.10247,0.1027,0.10501,0.19481,0.18867,0.1835,0.17724,0.17046,0.16354,0.15748,0.1508590687394718,0.14437,0.13874,0.13399,0.12815,0.12386,0.12135716683119453
13-01-2026 11:20,25784.1,0.12704,0.11694,0.11314,0.10838,0.10646,0.10523,0.10245,0.10227,0.10176,0.10113919435215947,0.10077,0.10144,0.10261,0.10482,0.19456,0.18866,0.18282,0.1764,0.16948,0.16327,0.15648,0.15139,0.14396,0.13843,0.13358,0.1285196513474823,0.12338,0.11825
13-01-2026 11:25,25786.2,0.12557,0.12715,0.11235,0.11523,0.11284081578947368,0.10887,0.10572,0.10391,0.10271124641203866,0.10212,0.10209762362637363,0.10209,0.1031225,0.1054,0.19449,0.18884,0.18272146637021625,0.17621,0.16914,0.1625,0.15639,0.1498330456202657,0.14336,0.13753,0.1322669793666747,0.12729,0.12252,0.11716
13-01-2026 11:30,25793.55,0.12837,0.12356,0.11864,0.11466215127307226,0.11179,0.11038,0.10831056599813083,0.10593355678166755,0.1041,0.1031,0.10283,0.10315,0.10381,0.10564,0.19482,0.18945,0.18277,0.17604,0.16887,0.16281,0.15675,0.15086,0.14333,0.13761,0.13242,0.12697,0.12213,0.11793616132167155
13-01-2026 11:35,25814.5,0.11175,0.11029343368171261,0.10854,0.10642,0.10504,0.10288,0.10123,0.09991,0.09930170020120724,0.09904,0.0994,0.10004889714852089,0.10101,0.10223669144556267,0.19669121341898638,0.19059647751605993,0.18425,0.17769882583868665,0.17099,0.1641,0.15813,0.15207,0.145,0.13937,0.13446,0.1294664609956427,0.12442,0.11932
13-01-2026 11:40,25811.5,0.09832,0.09783666666666667,0.09763833333333334,0.0976,0.09793,0.09766,0.09684,0.0965,0.09714,0.09663,0.09748,0.09813,0.09936,0.10197,0.1890875112714157,0.18823,0.18403,0.17714,0.17076,0.16403,0.15819,0.15137884376028174,0.14487,0.13994,0.13509,0.13018944522196832,0.12525,0.12026
13-01-2026 11:45,25782.05,0.12434,0.11605,0.11164922310713508,0.10915,0.10828,0.10657,0.10444571702676089,0.10265,0.10178,0.10097,0.1011690625,0.1018725,0.10323968750000001,0.10543,0.1901629477292202,0.18644,0.18126,0.17477,0.16779,0.16189,0.15566,0.14976,0.14269,0.1372,0.13206,0.12708,0.12214519164138292,0.11725
13-01-2026 11:50,25785.0,0.0963,0.09354,0.09555,0.09782,0.09939,0.09804,0.09687,0.09688,0.09736,0.09746,0.09797931746040253,0.09907182863808253,0.10052,0.103,0.19372,0.18669,0.18065960881633036,0.17483,0.1686,0.1624870009818151,0.15652,0.15081,0.14368,0.13831,0.13315,0.12814,0.124,0.12081272131147539
13-01-2026 11:55,25762.65,0.13302,0.1138,0.10932770437098668,0.10677528897845556,0.10494,0.10345,0.10155,0.1008,0.10116,0.10053,0.10112,0.10179,0.10305,0.10553,0.19174,0.18471,0.17974,0.17282,0.1664,0.16065318816897584,0.15503,0.14909,0.142,0.13661,0.13150216516715565,0.12661,0.12193110802872062,0.11746
13-01-2026 12:00,25747.9,0.11514,0.11089,0.10672,0.10734,0.10493,0.10426,0.10283,0.10229711486672584,0.10193,0.10157,0.10203,0.10267,0.10395,0.10659,0.19166,0.18595,0.179,0.17203,0.16573,0.15969,0.15404,0.1475921909075464,0.14122,0.13581,0.13089,0.12575,0.12097809255757992,0.11652
13-01-2026 12:05,25735.35,0.11577,0.11107083333333333,0.10927,0.10984,0.1081,0.10654,0.10461780273086597,0.10347,0.10359,0.10292,0.10355,0.10403,0.10514,0.10793,0.19058574193548386,0.18497,0.17843,0.17102,0.1647,0.1588,0.15296,0.14651879441081894,0.14019,0.1346121919531675,0.12941,0.12453,0.1197195723936742,0.11497
13-01-2026 12:10,25733.45,0.10800138696836371,0.10744,0.10023,0.09995191400703027,0.09980984589240403,0.09977,0.09999,0.09968,0.10002,0.1002,0.10123,0.10217,0.10362,0.10667,0.19005,0.18343,0.17914,0.17089,0.16596,0.15959,0.15405,0.14814366609077279,0.1421,0.13608,0.13199,0.12692,0.1224105126935542,0.11837
13-01-2026 12:15,25722.55,0.11631,0.11586546033994334,0.11484,0.11267,0.11004,0.10822,0.10607021109543328,0.10475,0.10468,0.10391,0.10394,0.10484,0.10608,0.10760598130841119,0.18896,0.18259,0.17786,0.17174,0.1654124165787675,0.15899535346636348,0.1527,0.14666,0.14003,0.13392,0.12907,0.12386,0.11959,0.11474
13-01-2026 12:20,25724.7,0.10816,0.10535,0.10462,0.10356,0.10227,0.10192179361525984,0.1016,0.10069,0.10113,0.10095,0.10163,0.10244,0.10438,0.10734,0.18941,0.1823,0.17826,0.17177910585427658,0.16474,0.15918,0.15358,0.14819,0.14142,0.1361488395673467,0.13122,0.12589,0.12206,0.11997563318777293
13-01-2026 12:25,25714.0,0.11595,0.12216,0.11939,0.11684,0.11278,0.11043505197817594,0.10864,0.10709,0.10658,0.10555,0.10563,0.1062,0.10724,0.10997,0.18664818181818182,0.18147,0.17615,0.17069,0.16454074230131824,0.15799334506775273,0.15143,0.14486736553887988,0.1385,0.13274,0.12767,0.12243,0.11784,0.11295
13-01-2026 12:30,25723.0,0.11512,0.11016,0.10486,0.10314,0.10241,0.10152,0.10044,0.1004,0.10047835119798236,0.10069,0.1015,0.10234,0.10430310329067641,0.10756,0.18932,0.18298624987611498,0.17677533300297324,0.1706667496283449,0.16464,0.15876,0.15341325175285417,0.14783,0.14097,0.13545401086266554,0.13052,0.12588066682421523,0.12144,0.11704
13-01-2026 12:35,25717.45,0.11999,0.11351,0.11092,0.10715,0.10522,0.10404,0.10306,0.10303126789761023,0.10301,0.10290510416666666,0.10282,0.10392,0.10577480263157894,0.10843,0.18786,0.18227,0.17647,0.16908,0.16293879740726874,0.15738847475196416,0.15204,0.14686,0.1405808312841308,0.13433,0.12909182722739454,0.12435,0.12008,0.11618481798715205
13-01-2026 12:40,25710.25,0.11488,0.10683,0.10567,0.1048,0.10327,0.10239,0.10145,0.10102,0.10138,0.10109,0.1021,0.10339,0.10503,0.10697819112627986,0.18732,0.18124,0.17612,0.1697989242410438,0.16325,0.15733741893973377,0.1517,0.14634,0.14072789181247125,0.13502611967817155,0.12958,0.12462,0.12072,0.11800681715575621
13-01-2026 12:45,25702.9,0.09992,0.09894638581952117,0.09852,0.09849,0.09819,0.09857,0.09847,0.09857,0.09981,0.10014,0.10124953244793244,0.10301,0.10528,0.109,0.18883,0.18068,0.1776,0.17041,0.16469,0.15844,0.15306,0.148,0.14121,0.13628,0.13152,0.12642,0.12269,0.11824
13-01-2026 12:50,25667.1,0.10716,0.10802,0.10728280382684476,0.10572338543146727,0.10432,0.10344,0.10262,0.102,0.10292,0.10288,0.10416,0.10557,0.10796,0.11179,0.18652,0.18147708192923334,0.17586,0.16934402903041768,0.16278,0.1572,0.15163,0.14603,0.14020259819544073,0.13461,0.12979,0.12499,0.12093,0.11684
13-01-2026 12:55,25659.75,0.11791,0.11149470924550428,0.10762,0.10613647720563095,0.10512,0.10415,0.1032,0.10271,0.10309,0.10316,0.1040682719554402,0.10613,0.10871481586632058,0.11119235128704305,0.18717,0.18133,0.17369103320365217,0.16686,0.16311,0.15757821329164987,0.15135,0.1453654382933464,0.13966,0.13467513769319853,0.12995,0.12522,0.12054716325191957,0.1158529795115175
13-01-2026 13:00,25645.05,0.10976,0.10878,0.1072,0.10506,0.10368,0.10279,0.10217,0.1016,0.10199,0.10237,0.10408,0.10585,0.10881979129323507,0.11306,0.18672,0.18015,0.17460957180289902,0.16881,0.16108,0.15626,0.15003,0.14537,0.13985854811575513,0.13394218526928778,0.12849,0.12396,0.12001,0.11595
13-01-2026 13:05,25639.05,0.12231,0.11676,0.11177,0.11205,0.10962,0.10803990742708088,0.10667,0.10521,0.10519,0.10545,0.10703,0.10849,0.11118,0.11473544578313252,0.18741,0.18135,0.174786571440229,0.16832,0.16258,0.15642,0.1501,0.14493,0.13869571144901527,0.13266,0.12808,0.12301,0.11891,0.11472
13-01-2026 13:10,25669.25,0.10935,0.10859,0.10366,0.10559,0.10454928902627512,0.10302,0.1022,0.10165,0.10184377645143788,0.10236,0.10422,0.10579,0.1070454810495627,0.10791288629737615,0.18893,0.1837348766502403,0.17783,0.17107,0.16414,0.1583,0.15220225190263179,0.14603362071022577,0.14024,0.13510222722422094,0.13015,0.12503,0.12078155993200684,0.11724
13-01-2026 13:15,25650.75,0.12082,0.11121,0.11372,0.11219,0.10964,0.10786,0.10661257938108683,0.10575,0.10531,0.10574300754246495,0.10692885344657319,0.10869777262739483,0.11088,0.11512,0.18786398694977874,0.18215,0.17625866014155606,0.17022398694977875,0.16408,0.15777,0.15168,0.14627,0.1395,0.13421272992941846,0.12934,0.12428,0.11988840545755237,0.11605
13-01-2026 13:20,25659.9,0.1205,0.1172906029153196,0.11425453916397256,0.11136,0.10866,0.10703,0.10566,0.10490400060753341,0.10456,0.10459,0.10609,0.10748,0.10997,0.1132481443298969,0.18846,0.18292,0.17728,0.17132,0.16353,0.15743557144686465,0.15202482183972263,0.1462,0.13927,0.13374,0.12861490060188357,0.12385,0.11948290799561884,0.11548
13-01-2026 13:25,25660.75,0.12224,0.11729,0.11027,0.10601,0.10430500118936721,0.10322,0.10242,0.10167,0.10215,0.10236,0.10404,0.1057,0.10858488359353603,0.11278,0.18901,0.18301,0.17726788990114234,0.17141,0.16485137317026916,0.15799785316287168,0.15166,0.1463,0.14027653468702175,0.13425,0.12888,0.1242,0.12064,0.11627
13-01-2026 13:30,25661.85,0.11661,0.11306,0.11056,0.10977695944276641,0.10907,0.10743,0.10578,0.10449,0.10434,0.10429,0.10545,0.10696,0.10926,0.11328,0.18933990043049556,0.18271,0.1762232835485811,0.16985490043049553,0.16358,0.15744,0.15203,0.14567,0.13872,0.13321,0.12836,0.12335,0.11943,0.11493
13-01-2026 13:35,25679.45,0.11288,0.10962,0.10556,0.1049,0.10328,0.1019809402280508,0.10105,0.1006,0.1008,0.10102,0.10265,0.10423,0.10655,0.11074,0.19079,0.18416,0.17879,0.17237,0.1648,0.15859496823277772,0.1529,0.14733,0.14052,0.13489,0.1296767221479632,0.12491,0.12084,0.11675
13-01-2026 13:40,25665.55,0.11343,0.11269,0.1141,0.11235686813186813,0.1096,0.10751726814452342,0.10591,0.10488086372360844,0.10439,0.1046272028613353,0.10518,0.10639,0.10871,0.11278,0.19199646966115047,0.18305,0.17574,0.17036,0.16171,0.15582,0.14972337159292404,0.14355852318914508,0.13763,0.13215,0.12716,0.12221,0.11834,0.11372
13-01-2026 13:45,25671.3,0.11584,0.10942518644805573,0.10635,0.10582,0.10347,0.10247,0.10154262376237626,0.10104,0.10110132075471699,0.10129,0.10279,0.10425,0.10681,0.11089,0.18758,0.18354,0.17718676083310045,0.16940789584106564,0.16238,0.15706,0.15095,0.1455,0.13879,0.13343,0.12873,0.12374,0.12019,0.11832281030444967
13-01-2026 13:50,25672.15,0.11731,0.11294,0.10877,0.10733,0.10546,0.10394,0.10265,0.10185,0.10200302816901408,0.10238,0.10338,0.10528,0.10765,0.11184,0.18693,0.18363,0.17494,0.16847,0.16233753116064759,0.15629,0.1500353572162495,0.14375329609749432,0.13779,0.1324,0.12742,0.12257,0.11886,0.11428
13-01-2026 13:55,25662.15,0.11435,0.11479,0.1103,0.10887477429627108,0.10766,0.10529,0.10379,0.10312,0.10320846174282677,0.10345,0.10442,0.10618,0.10874,0.11265,0.18616,0.18284,0.17494,0.16855,0.16187452991959497,0.15518346385859397,0.14926,0.14458,0.13805,0.13272,0.12796,0.12314,0.11871318219155579,0.11462
13-01-2026 14:00,25659.5,0.10596,0.10314833333333333,0.10224,0.1033,0.10247,0.10173000096621113,0.1011,0.10064,0.10092,0.10146,0.1032,0.10512,0.10781,0.11198,0.18695,0.1803669511770557,0.17402453647214855,0.1678848535311671,0.16191,0.15622,0.15019,0.14468,0.13888092240161362,0.1334,0.12892,0.12422,0.12043,0.11642
13-01-2026 14:05,25647.55,0.11484,0.1111,0.1089,0.10697,0.1057,0.10452554086489065,0.1034,0.10231,0.10272,0.10298,0.10447,0.10644306878306878,0.10889,0.11182920634920637,0.18578,0.18062200217735552,0.17455,0.16736,0.16122154089742174,0.15533,0.14912,0.1432242102520602,0.13755,0.13214,0.12782,0.12261,0.1193,0.11494
13-01-2026 14:10,25642.55,0.10211500000000001,0.10297,0.10328500000000002,0.10333,0.10191,0.10139,0.1002,0.09978,0.10039,0.10123739288351179,0.10243,0.10455,0.10748,0.11189,0.1854,0.1796,0.17396,0.16696,0.16049,0.15451672828990975,0.14894,0.14389,0.13718,0.13202336871411344,0.12731,0.12244,0.11873,0.11476
13-01-2026 14:15,25631.25,0.11749,0.11278,0.10971,0.10795,0.10585,0.10392,0.10293,0.10226,0.10228,0.10231,0.10353521194121192,0.10586,0.10873,0.113,0.18198005181347146,0.17761,0.17227,0.16603,0.15857,0.1525,0.14705,0.14187,0.13524,0.12995,0.12499491269558682,0.12054,0.11695,0.1122
13-01-2026 14:20,25627.6,0.11127801635991821,0.10613,0.10161,0.10124,0.10023,0.09971,0.09931195530726257,0.09911,0.09991,0.10055,0.10272,0.10495,0.10815,0.11248,0.18352,0.17733,0.1717174048845892,0.16591,0.15892,0.15306,0.14801840963431032,0.14283,0.13634,0.13116,0.1266482203157557,0.12246146781678947,0.11835,0.11427
13-01-2026 14:25,25619.65,0.10956,0.11014,0.1057,0.10475,0.1031724395721925,0.10202,0.10187,0.10119,0.10149412449392713,0.1022,0.10375362522230443,0.10613,0.10918,0.11368,0.18315,0.17736,0.17114783181660917,0.164676434972084,0.15829932064151686,0.15237,0.14715,0.1414068980583704,0.13547034157128623,0.13005,0.12556,0.12083,0.11741,0.11306
13-01-2026 14:30,25622.55,0.12078,0.12092,0.11681,0.11413,0.11131667912278402,0.10886,0.10725,0.10601,0.10568,0.10572,0.10693,0.10864,0.11153,0.11541,0.18116,0.17762,0.17082,0.16392,0.15739,0.15062,0.14568,0.13994430472454344,0.13385214186358407,0.12828,0.1237,0.11920353028064992,0.11478,0.11045059084194976
13-01-2026 14:35,25644.0,0.12605,0.12063,0.11673217608562367,0.11338,0.11022,0.10835,0.10637,0.10478,0.10446,0.10439,0.10572,0.1075832915883949,0.10998,0.11290987476518471,0.18135724409448817,0.17643,0.17097,0.165,0.15841877409588373,0.15176,0.14553,0.14018,0.13362,0.12835,0.12352,0.11842,0.11481,0.11294489092996556
13-01-2026 14:40,25667.6,0.12795,0.11999900202849326,0.11577,0.11455,0.11167753712674888,0.10854,0.1065540483000681,0.1051,0.10422,0.1038,0.10482,0.10636,0.1087,0.11237,0.18178,0.17905,0.17186,0.16506,0.15835,0.15321,0.14765,0.14170824970457005,0.13560646872252713,0.12977,0.12425360946765829,0.11926,0.1152,0.1102
13-01-2026 14:45,25695.95,0.1173,0.1098,0.10739,0.10562,0.10358,0.10225,0.1008,0.10039,0.10048552060849007,0.10076770788364682,0.10123,0.103,0.10582,0.10944980392156864,0.18457,0.18134,0.17374,0.16742,0.16129,0.15552,0.1492,0.14389,0.13759,0.13227,0.12738,0.12243,0.1183,0.11506405286343613
13-01-2026 14:50,25698.45,0.12994,0.121,0.11481,0.11213,0.10844,0.10629,0.1044,0.10284,0.10209,0.10146,0.10196,0.10374,0.10593,0.10922,0.18423,0.18012,0.17396,0.16765,0.16024,0.15479,0.14856843761606622,0.14197345659157434,0.13573,0.13023,0.12503,0.11963,0.11547,0.10993
13-01-2026 14:55,25717.05,0.10227,0.10131,0.10561,0.103,0.10178,0.10028663758738782,0.09903,0.09829177945781954,0.09788,0.09778,0.09901,0.10052,0.10307837352532963,0.10675,0.19114681353265142,0.18338877753737212,0.17615,0.16935292584579073,0.16292,0.15689,0.1506234249466196,0.14428599414751794,0.13826,0.13281,0.12772408669068674,0.12286704334534339,0.11832,0.11416408669068673
13-01-2026 15:00,25754.0,0.06496,0.08771,0.08152,0.08567,0.08764,0.08846953269585035,0.0891,0.08982,0.09066,0.09105,0.09277517310888164,0.09549,0.09849,0.10247,0.18914,0.18464382055737916,0.17916,0.17245,0.16566,0.15874,0.15333,0.14740654297706576,0.1412898580689528,0.13566,0.13092,0.12594,0.12166,0.11813291576673869
13-01-2026 15:05,25708.75,0.12503,0.11954,0.11514246094691877,0.11152,0.10881,0.10605311453852603,0.10345782253976914,0.10203,0.10158090556525111,0.10127989722707,0.10117,0.10258,0.1048,0.1076492561983471,0.18537,0.18125,0.1750913946849585,0.16795,0.16079,0.15474,0.14881,0.14235453339067505,0.13604,0.13057,0.12534,0.12035531475514662,0.1153,0.1098
13-01-2026 15:10,25746.05,0.09601,0.09481208333333332,0.09434,0.09443,0.09422954663212435,0.09393,0.09376,0.09323,0.09365,0.09362,0.09470152353854112,0.09684,0.09966,0.1035,0.18712,0.18273,0.17708967164897021,0.17082,0.16430222200159078,0.15776,0.1517087135111398,0.14567,0.13924,0.13403,0.12887,0.12403854512107824,0.11912,0.11362
13-01-2026 15:15,25745.9,0.09885,0.09442,0.09401,0.0927,0.09307,0.09277137362637362,0.09227,0.09186,0.0920587330316742,0.09258,0.09434,0.09655557669789226,0.09921,0.10233673009367684,0.18210041109969174,0.18117,0.17744,0.17144,0.1652265987239559,0.15878,0.15193,0.1466,0.1410628053540379,0.13542115421876136,0.12982,0.12433,0.11988,0.11427
13-01-2026 15:20,25730.9,0.10596,0.10362947106350995,0.1016,0.09989,0.09848891494230518,0.09735,0.09655,0.09557,0.0959,0.09549,0.09644184628474192,0.09835,0.10097,0.1047,0.18772,0.1828834401552886,0.17737,0.17104,0.16471,0.1578323063595452,0.15139,0.14642,0.13928,0.13342,0.12792266121933848,0.1228,0.11826,0.11245
13-01-2026 15:25,25730.8,0.10125,0.09819,0.09998,0.09608,0.09512,0.09402,0.09398,0.09364,0.09346682619647355,0.09339,0.09456,0.097,0.09919,0.10305,0.19098,0.18082,0.1789,0.17223,0.16751,0.15719,0.15183,0.14598311615901102,0.14019,0.13500900169819838,0.12995,0.12472091678834389,0.11937,0.11379
14-01-2026 09:15,25671.9,0.14959,0.12448285842356913,0.11174,0.10873,0.10765,0.10444,0.10288,0.10173,0.10139,0.10167728070175437,0.10239,0.10433,0.10685,0.10987457399103137,0.19276,0.18752,0.18191,0.17457,0.16868,0.16242822181981204,0.1559588288128714,0.14939,0.1427,0.13707,0.13117,0.12558,0.12053,0.11497
14-01-2026 09:20,25705.8,0.12363,0.12422,0.11267,0.10689,0.10436,0.10267,0.10126,0.10015,0.09998,0.09974,0.10063,0.10243,0.10524,0.10877,0.19452,0.18877,0.1834,0.17692687524618345,0.17003,0.16326,0.15622,0.15001,0.14306,0.13778,0.13156,0.12589,0.12102,0.11552
14-01-2026 09:25,25717.85,0.13317,0.12764726156507594,0.12118,0.11356,0.11106,0.10716,0.10495,0.10343,0.10229,0.10186,0.10202,0.1036,0.10598,0.10899838383838385,0.19526,0.18932,0.1829795684973106,0.17644,0.16979594087038985,0.16311,0.1565,0.14991,0.14267,0.1366371991626361,0.13089,0.1248,0.11955,0.11384
14-01-2026 09:30,25746.8,0.11272,0.10267,0.10078,0.10024,0.09959,0.09806,0.09683,0.09616,0.09616,0.09601,0.09706947703743031,0.09916,0.1019,0.10483751703389083,0.19562999161907124,0.19149,0.1859799972063571,0.17952,0.1719,0.1657,0.15915,0.15275,0.14638637581746075,0.1400639422224234,0.13387,0.1279,0.12301,0.11723
14-01-2026 09:35,25737.05,0.1012,0.11807,0.10043,0.10046,0.10049,0.09946,0.09825,0.09723,0.0971,0.0968,0.09815,0.09997,0.10257794132481507,0.10598,0.19606,0.19023,0.18436909954174718,0.17832,0.17179,0.16502,0.15814,0.15237,0.14522,0.1392,0.13298,0.12733,0.12206,0.11653
14-01-2026 09:40,25712.25,0.12103,0.10667,0.10128,0.10021525724619705,0.09942,0.09791,0.09699141927774828,0.09656,0.09661,0.09664,0.09797,0.09991,0.10275,0.10669,0.19348298869944483,0.18821,0.1825059962331483,0.17641,0.16976089622495227,0.16299,0.15661,0.15045,0.14342,0.13726876803522922,0.13155488531380446,0.126,0.1205335406945243,0.11525
14-01-2026 09:45,25691.85,0.10661,0.10863,0.10633891943734015,0.10313,0.10168,0.10053,0.09893,0.09828,0.09847,0.09854,0.09988,0.10168,0.10453,0.10839,0.19245,0.18703,0.18192,0.17525,0.16891,0.16237659355736,0.15569835246262625,0.1490228145892126,0.1424975178105326,0.13627,0.13052,0.12473,0.11991,0.11441
14-01-2026 09:50,25701.2,0.14587799999999998,0.13752966666666666,0.1298,0.12353,0.119,0.1145,0.11092,0.10787,0.10619,0.10517,0.10541,0.10623,0.10816889527409236,0.1114,0.19199565507031832,0.18672760917838643,0.18082,0.17434,0.16731,0.16093,0.15422,0.14807,0.14131095514340045,0.13451,0.12822,0.1222,0.11692,0.11055
14-01-2026 09:55,25759.55,0.09956,0.08438,0.08875,0.09669,0.09529,0.09431,0.09485,0.094,0.09394627622377622,0.09393,0.09574,0.0974,0.1,0.10384,0.19687,0.19168,0.1855,0.17886530659162844,0.17221,0.16596,0.15952,0.15273,0.14534,0.13975,0.13392,0.1281,0.12319,0.11744
14-01-2026 10:00,25727.85,0.12568,0.11977,0.10681,0.10245645754197719,0.10037,0.09973,0.09769,0.09675,0.09648,0.09692134615384616,0.09783,0.09918,0.10196,0.10567486682808715,0.19351,0.1891,0.18255696872901742,0.17525,0.16857,0.16202,0.15578731397562293,0.14942,0.14235,0.13666,0.13071,0.12522,0.12026,0.11585688038277514
14-01-2026 10:05,25713.6,0.11955,0.11341993832064173,0.10853820997461677,0.10489,0.1025,0.09999,0.09863,0.09749,0.09764,0.0975,0.09812946875,0.09993275,0.10278215624999999,0.10655,0.19239,0.18795,0.1817,0.17426,0.16809,0.16112,0.1554,0.14851,0.1419862590686481,0.13578,0.1299673883503657,0.12439,0.11892101442741208,0.1136
14-01-2026 10:10,25697.45,0.12007,0.11399,0.1099698218887028,0.10673,0.10373950059734696,0.10127,0.09953,0.09863,0.0985,0.09833,0.09982,0.10177,0.10444500589408777,0.10784,0.19167,0.18665,0.18051704457015794,0.17391,0.16734068400356872,0.16068,0.15396,0.14745189320707966,0.14108303061951233,0.1349,0.12901,0.12333,0.11843,0.11254
14-01-2026 10:15,25696.35,0.09334999999999997,0.0986,0.10025,0.09845,0.09713759177637302,0.09617,0.09559,0.09566197115384614,0.09583,0.0962,0.09798,0.10004,0.10297,0.10684,0.1927,0.1873,0.18138,0.17505612920553273,0.16823,0.16044,0.15501,0.14858,0.14157,0.13597,0.13009,0.12453,0.11934134856158121,0.11447
14-01-2026 10:20,25678.3,0.10372,0.10513,0.10303,0.1013421420707286,0.09969295982956966,0.09827570655304645,0.09728363551768214,0.09691,0.09739,0.09767,0.09961,0.10116,0.1043,0.10822,0.19099,0.18559,0.17988,0.17309,0.16655290721493565,0.15996,0.15296,0.14653,0.13984,0.13391918865879754,0.12823,0.12243,0.11726443396226414,0.11263
14-01-2026 10:25,25683.35,0.11226,0.1016,0.10787,0.10482,0.10177,0.10035,0.09895,0.09843,0.0983,0.0988228263089368,0.10013676372898471,0.10186,0.10456732040244611,0.10844,0.19077279493269994,0.18579,0.1799,0.17316,0.16608,0.1597946606568632,0.15358,0.14678,0.13968,0.13383,0.12811,0.12257,0.11734486294896031,0.11239
14-01-2026 10:30,25678.05,0.12595498969072164,0.11626,0.10899,0.10656,0.10338,0.10162,0.09964,0.0987,0.09904,0.09899,0.10027,0.10246,0.10523,0.10851217741935484,0.19074,0.18520297333379943,0.17929761333426555,0.17312,0.16651,0.15966,0.15311,0.14679,0.1393,0.13305628173366588,0.1274232595851363,0.12215,0.1173,0.11266262102351315
14-01-2026 10:35,25689.95,0.10832,0.09949,0.10136,0.10068,0.09939668010907556,0.09775699658178745,0.09648,0.09581,0.09623,0.09635,0.09811,0.10029803830645781,0.10299,0.10671,0.19281,0.1872122531030761,0.18115,0.17454,0.16705,0.16122,0.1546043102743465,0.14768,0.1408,0.13481,0.12932,0.12382,0.11923,0.11379
14-01-2026 10:40,25691.8,0.11136,0.10365125,0.10051,0.10065,0.09902842443729903,0.09689,0.09613,0.0955,0.09586,0.09625,0.09803,0.1003837389135255,0.1033,0.1068012167405765,0.18469464516129036,0.18382,0.18047,0.17453736694961408,0.16723,0.15981,0.15412,0.14775,0.14032,0.13492,0.12911,0.12368,0.11915,0.11372
14-01-2026 10:45,25665.9,0.12,0.12893,0.12277810632242325,0.11447,0.11121,0.10756,0.10468,0.10287,0.10243,0.10173,0.10276,0.10481,0.10705,0.11056,0.18956,0.18173,0.17658727437673308,0.17155,0.16428,0.15752,0.15107,0.14471,0.13804268915569873,0.13147,0.12521078784311418,0.11951,0.11485,0.10912
14-01-2026 10:50,25695.5,0.11465328682453577,0.11226,0.10972776227484526,0.10709,0.10433,0.10152,0.0997753918933139,0.09879,0.09854,0.0981,0.09968,0.1015,0.10402,0.10765,0.19225,0.18417,0.17961208263202558,0.17509,0.16724,0.16062273618610173,0.15422,0.14724,0.14014,0.13414,0.128270541229092,0.12272,0.11782,0.11208
14-01-2026 10:55,25706.35,0.1236520427236315,0.12225,0.1192,0.11476,0.11089,0.10792,0.10453,0.10279,0.10175,0.10116,0.10114423312883439,0.10207539877300627,0.10432619631901874,0.10826932515337487,0.19233,0.18808,0.18066,0.17386,0.16693,0.16001,0.15406,0.14736,0.14061488674303788,0.13401,0.1278,0.12218,0.11669584253099487,0.11133
14-01-2026 11:00,25720.95,0.12452,0.11411,0.11064,0.11044,0.10585,0.10416,0.102,0.10027,0.09959,0.09960266404199475,0.09964,0.10091158903357643,0.1034,0.10674,0.19353,0.1893,0.1819,0.1751082860148858,0.1684,0.16132,0.15525,0.14887,0.14143,0.13526,0.12984,0.12359,0.11881,0.1133
14-01-2026 11:05,25733.0,0.10822,0.10475864365140937,0.10324,0.10313,0.10013,0.09901,0.09724,0.09648,0.09656536489151873,0.09681072978303747,0.0972,0.09879094182701623,0.10148,0.10476,0.19424,0.18756,0.18201792724159754,0.17638,0.16928,0.1629,0.15666,0.14987,0.14271,0.13656,0.13068443236362787,0.12527,0.1207,0.11524
14-01-2026 11:10,25729.2,0.11644223628691983,0.11287,0.1085,0.10339,0.10069,0.10064,0.09866,0.09713,0.09661,0.09677,0.09802,0.09974,0.10185,0.10552,0.19367,0.18728,0.18167842117725833,0.17587,0.1686,0.16202167443924695,0.15559,0.14886472394043407,0.14213,0.13557,0.13036,0.1245,0.11983,0.11424
14-01-2026 11:15,25736.25,0.1227,0.11967,0.11314,0.10920753121183546,0.10627,0.104,0.10121515507518797,0.09912,0.09827921052631577,0.09792,0.09883,0.10029,0.10227,0.10531,0.19426,0.18787,0.18279,0.17625746445262236,0.16923,0.16248456126718658,0.15571964286798706,0.14902144383519422,0.14247616320160095,0.13617,0.13027,0.12416,0.11944,0.11401
14-01-2026 11:20,25743.15,0.11527,0.10899287591687042,0.10532,0.10387,0.10158672563080165,0.09925,0.09742087174313092,0.09618,0.09572,0.09558,0.0966,0.09831,0.10072,0.10436,0.2007253115727004,0.19207255192878342,0.18407,0.17689,0.17059,0.16352,0.15673,0.1506,0.14384380299835392,0.13718,0.13114923747347212,0.12569,0.12109,0.117122534040672
14-01-2026 11:25,25735.0,0.14145,0.13595,0.1283664207445872,0.12083,0.11546,0.11145,0.10785,0.10508,0.10308,0.1017,0.1020697563559322,0.1029,0.10451,0.10766,0.19335,0.1885144835545519,0.18274,0.17581,0.16879,0.16249,0.15525,0.14864,0.14139,0.13489755199725395,0.12887,0.12340331905684344,0.11791,0.11163
14-01-2026 11:30,25773.9,0.10956,0.10723290114878636,0.10518,0.10342,0.10105,0.0986,0.09702344627047714,0.09597,0.09528887052341597,0.09497,0.09599,0.09744,0.09956,0.10308,0.19735,0.19179,0.18553,0.17783,0.1711415847408546,0.16497073368134071,0.15889951578115646,0.15251,0.14556,0.13901,0.13326,0.12717,0.12158562390158173,0.11643
14-01-2026 11:35,25764.1,0.11427,0.11474,0.10436,0.10302720643218569,0.1021,0.1001887992240942,0.09823,0.09693,0.09634,0.09648431672025724,0.09686,0.09809,0.10014,0.1038,0.19601,0.19035483037156703,0.18427,0.17768,0.17075,0.16422,0.15738265374000884,0.15043317943694326,0.14378,0.13765008864129488,0.13173,0.12584,0.12078,0.11661291324200912
14-01-2026 11:40,25766.75,0.11206,0.11197,0.10283,0.10022207379142531,0.09867695373279514,0.09738,0.09612,0.0951,0.09438,0.0944,0.09522,0.09699,0.09938,0.10229759615384612,0.19566,0.1905149529509856,0.18452,0.17749,0.1708,0.16376,0.15815,0.15119,0.14392,0.13791,0.13182,0.12638,0.12158,0.11576
14-01-2026 11:45,25761.25,0.11673,0.1271,0.12184,0.11623,0.11043,0.10852,0.10507,0.10246,0.10073,0.0992,0.09968,0.10056,0.10241285223367697,0.10536,0.19642,0.19035161709268758,0.18385,0.17684,0.16996,0.16332920923176264,0.15673,0.1499694892594161,0.14317,0.1364,0.13012,0.12415,0.11887,0.11271
14-01-2026 11:50,25775.3,0.11506,0.114,0.10875,0.10564,0.10242,0.10004934420832184,0.0980798659288172,0.09677,0.09612,0.09608916666666667,0.09608,0.09743,0.09925,0.1031,0.19669,0.19148,0.18503,0.17804,0.17138,0.16455,0.15768,0.15144,0.14437,0.13776,0.13182,0.12587,0.12084,0.11680708561020034
14-01-2026 11:55,25774.6,0.115411214057508,0.11031,0.10639,0.10405,0.10146221377970996,0.09915,0.09762,0.09612,0.09519,0.09483,0.09565,0.09697,0.099,0.10248,0.19695,0.19145,0.18547,0.17822,0.17138407519054422,0.16469,0.15799316089414417,0.15125,0.14432,0.1376,0.13151490752062037,0.12598,0.12121,0.11488
14-01-2026 12:00,25786.0,0.11914,0.11363,0.10792,0.1031,0.10041,0.09901,0.09688,0.09496,0.09519,0.09431,0.09502,0.09632,0.09834,0.10177,0.2016534299516908,0.19369,0.1862,0.1792,0.17253,0.1657,0.15926908300569212,0.15274,0.14553,0.13882,0.13311,0.1284805152979066,0.12517309178743963,0.1234292753623189
14-01-2026 12:05,25782.1,0.09027,0.09366,0.0915,0.09297,0.09146,0.09081,0.09084,0.09005,0.09074,0.09041,0.09152,0.09303,0.09522,0.09796502702702703,0.19731,0.1934,0.1859,0.1789,0.17183,0.16591,0.1593597528470967,0.15254,0.14549630570149555,0.1388,0.13323,0.12721,0.12212,0.1165
14-01-2026 12:10,25757.05,0.10055,0.10634,0.09609,0.09666,0.09423,0.09342,0.09262,0.09237062397506425,0.09217,0.09183,0.093,0.09472838836557343,0.09712,0.10096,0.19533,0.18983,0.18385,0.17681,0.1701,0.16392,0.1571521263445913,0.15027,0.14356023228554854,0.13719,0.13133597462741242,0.1258266539803729,0.12074,0.1161539746274124
14-01-2026 12:15,25735.55,0.13328,0.12758,0.1184,0.11589,0.11096,0.1068,0.10404,0.1013,0.10004,0.09863,0.09886,0.09992,0.10181,0.1042964745762712,0.19479,0.1881,0.18209,0.17545,0.16842289676226269,0.16153,0.15534,0.14846,0.14112,0.13424,0.12800242778326035,0.12224,0.11707,0.11081
14-01-2026 12:20,25771.55,0.1023,0.10059166666666666,0.1001,0.101,0.09756,0.09538,0.09424,0.09268,0.09315,0.09221,0.09321,0.09496,0.09743258608815426,0.10063,0.19865715133531164,0.19171952522255195,0.18486,0.17808,0.17138,0.1647,0.15779,0.15149,0.14413,0.1375,0.13194,0.12591,0.12073,0.1149
14-01-2026 12:25,25768.3,0.1056,0.09486,0.09491185185185186,0.09500814814814816,0.09506,0.09382,0.09249,0.09191103913542263,0.09157,0.09139,0.09257,0.0943,0.09665,0.1007,0.19718,0.19055,0.18462,0.17826,0.17113,0.16479,0.15784,0.150846632709548,0.14397,0.13743,0.13211,0.12609,0.12103,0.11485
14-01-2026 12:30,25761.1,0.11558,0.11165,0.10489,0.103,0.10078,0.09835,0.0963732727759096,0.095,0.09442,0.09373,0.09423,0.09562564653717512,0.09819865660192088,0.10178,0.19663,0.19058608250457995,0.18428,0.17767,0.17053,0.16376143744516247,0.15721,0.15086,0.14382,0.13687,0.13141,0.1257432493523022,0.11991,0.11385
14-01-2026 12:35,25772.4,0.10931,0.1044175835308057,0.10127,0.09990184725988303,0.09876,0.09708,0.09512,0.09428082491544824,0.09361,0.09275,0.09373,0.09505,0.09732,0.10095,0.19727,0.19110429770189938,0.18476,0.17821,0.17132,0.16501,0.1584,0.15149,0.14413,0.13741,0.13187,0.12605,0.12072,0.11455
14-01-2026 12:40,25773.6,0.10821,0.10386,0.09096,0.09282,0.09216,0.09167,0.09025,0.09012,0.09045,0.09024,0.09158,0.09359,0.09584,0.09976,0.1968,0.19185,0.18489,0.17812,0.17105,0.16496,0.15756,0.15147,0.14452,0.13765,0.1325,0.12644,0.12137,0.11562
14-01-2026 12:45,25759.5,0.11368,0.11393,0.09807,0.09706,0.09556227486559002,0.09389136082735018,0.09285,0.09254,0.09219,0.09209,0.09296,0.09488,0.09709,0.10092,0.1954,0.18913,0.18278,0.17652,0.16967,0.16304,0.15649,0.15006,0.14284,0.13609,0.13091,0.1249,0.11999,0.11407
14-01-2026 12:50,25748.9,0.10486,0.10811,0.10082,0.09988,0.097,0.09505,0.09366,0.09266,0.09275,0.09235,0.09354,0.09533179663608561,0.09774,0.10073538990825688,0.19487,0.1883,0.18241,0.17587,0.16858,0.16249,0.15557,0.14939,0.14237,0.13565,0.12996,0.12465279637024161,0.11933,0.11358
14-01-2026 12:55,25745.55,0.11091,0.10232,0.10093,0.1015,0.09815,0.09708,0.09539,0.09436,0.09441,0.09361,0.09441,0.09609,0.09843,0.10213,0.19463,0.18854630952380955,0.18215,0.17539,0.16871,0.16201158393084358,0.15545,0.14925,0.14182,0.13512,0.12983,0.12381,0.11816814685314686,0.11285
14-01-2026 13:00,25748.1,0.09798,0.10045,0.09875837282965744,0.09678,0.09641,0.09498495787209692,0.09290470115827068,0.09184,0.09217,0.09207,0.09274814814814815,0.0946174074074074,0.09743,0.10093814814814817,0.19456,0.18828,0.18215,0.17563,0.16856,0.1621,0.15553,0.1495,0.14233,0.13635097980537578,0.13058,0.12426,0.1192,0.11346
14-01-2026 13:05,25745.45,0.11027,0.10808,0.10248,0.10342,0.10022,0.09776,0.09565190256965188,0.09438,0.09415,0.0935,0.09414916876574307,0.09581833753148615,0.09809,0.1023,0.19438,0.18967,0.18288115641674033,0.17543,0.16875,0.16242,0.15613142695590518,0.14955,0.1421,0.13525,0.12948418806914033,0.1241831777292059,0.11864,0.11245
14-01-2026 13:10,25759.75,0.10591,0.09685685344827587,0.09268,0.09214,0.09087,0.09034,0.08997293616212998,0.08967842664980322,0.08954,0.08952,0.09095,0.09299,0.09584664582057041,0.09952,0.19555,0.18954,0.18310243178992433,0.17643,0.16959,0.16298,0.15629,0.14989,0.14338514590208956,0.1368725039175142,0.13063,0.1248302218934911,0.11923,0.11368
14-01-2026 13:15,25750.25,0.11376,0.10412,0.09486,0.09505,0.09371769379844962,0.09183,0.09094,0.09045,0.09071,0.09133585379889378,0.09240501983679913,0.09384,0.09639,0.1006,0.19451,0.18906,0.1824001544337965,0.17521,0.168,0.16181,0.15514,0.14846,0.14176256132132475,0.1353,0.12928869811959517,0.1237,0.11871,0.11297
14-01-2026 13:20,25735.95,0.08891999999999999,0.09088,0.09116,0.08927,0.08931,0.08892,0.08832,0.08865461267605633,0.08918,0.08953,0.091,0.09341,0.09618,0.10013,0.19369,0.18739,0.18099,0.17447,0.168,0.16147,0.15484456245347433,0.14818,0.14151,0.13547419502755673,0.1298,0.12450059523546432,0.11922,0.1135
14-01-2026 13:25,25715.5,0.10684598984771576,0.10317,0.09996,0.09726,0.09553158104965112,0.09414,0.0929,0.09245,0.09268,0.09269,0.09386,0.09613,0.09914825581395348,0.10185953488372092,0.19148,0.18548,0.17932,0.17266755611435197,0.16606,0.16005,0.15318,0.14687,0.13997,0.13381296549319066,0.12802,0.12247275032583455,0.11702,0.11145
14-01-2026 13:30,25717.15,0.10037000000000003,0.09475,0.09061,0.09135,0.09055,0.08992506886126972,0.08954,0.08944,0.09027,0.09078,0.09261,0.09503,0.09794,0.10129495309568479,0.19223,0.18563,0.17948,0.17315,0.16650836940092634,0.15971810445224768,0.15304,0.14662,0.14002,0.13347,0.12811,0.12246,0.11762,0.11212
14-01-2026 13:35,25708.2,0.05948,0.07823,0.08042,0.08174117806380908,0.08287,0.0841451441969745,0.08537,0.08643,0.08774,0.08909,0.09137,0.09426,0.09755,0.1022,0.19065,0.18439,0.17783910572818976,0.1712187129527683,0.16508,0.15979,0.15256,0.14732,0.13992,0.13409,0.12937,0.12376,0.11973,0.11753896265560171
14-01-2026 13:40,25665.9,0.10071,0.09837,0.09493,0.09387,0.09312,0.09264,0.09251,0.09227,0.09331,0.09393,0.09605,0.09887,0.10199,0.10539484848484848,0.18757,0.18096,0.17549,0.16884,0.16204,0.1559,0.14907,0.14353,0.13648,0.13084,0.12553,0.12008,0.11569,0.1107
14-01-2026 13:45,25656.25,0.10367,0.10529,0.10315972642607683,0.0999,0.0979,0.09681,0.09591,0.0953,0.09579,0.09621,0.0974740336856976,0.09991769660950897,0.10343501122856587,0.10792,0.18711,0.18019,0.17471,0.16848951486304023,0.16184754932913883,0.15523,0.14874142998296547,0.14238,0.13612654402965563,0.12992487970379976,0.12400577552604403,0.1186,0.11398,0.10875
14-01-2026 13:50,25665.25,0.08603,0.08404,0.08559833333333333,0.08744,0.0878173484848485,0.08812,0.08863,0.08953,0.09086,0.0925,0.095,0.09816631130404999,0.10184,0.10613,0.18786,0.18174,0.17618,0.16967,0.16278,0.15688,0.14995,0.14441,0.13772,0.13229,0.12693,0.12203,0.11809,0.11319
14-01-2026 13:55,25642.0,0.10364374045801529,0.10086,0.09857,0.09824,0.0967,0.09515,0.09469,0.09448,0.09544,0.09621,0.09818033038505655,0.10106,0.10456,0.10902,0.18525577593360995,0.18037,0.17471,0.16832,0.16115,0.15548,0.14814,0.14237,0.1359451233528636,0.12968,0.12442,0.11962860157292624,0.11485,0.10964
14-01-2026 14:00,25653.3,0.09106,0.09305,0.09194,0.09174,0.09191,0.0917,0.09176,0.09207,0.09317,0.09423,0.09663,0.0998,0.10317,0.10783,0.1869149785407726,0.18197082975679546,0.17613,0.16951,0.16215,0.15569,0.1493490035507599,0.143102372090134,0.13705,0.13132,0.12603,0.12032,0.11666,0.11162
14-01-2026 14:05,25642.2,0.10865969696969698,0.10608,0.10346,0.1008,0.09905,0.09744590607210625,0.09658,0.09660173249551167,0.09667,0.09731,0.09943,0.10212,0.10515,0.10957,0.18748,0.18169,0.17530836578550313,0.16858,0.16157,0.1550077959972735,0.14877,0.14293,0.13565,0.12957561814919663,0.1241005691487848,0.11904,0.11449,0.10944
14-01-2026 14:10,25650.55,0.11123,0.10818,0.10361,0.10363,0.10124,0.09918021093166332,0.09766,0.09692,0.09754,0.09775,0.09953,0.1022,0.10529,0.10937,0.18791,0.18165,0.17572,0.16891,0.16221402700252996,0.15548,0.14853,0.14219,0.13568,0.129,0.12313155856315401,0.11783,0.1132,0.108
14-01-2026 14:15,25666.25,0.09477,0.09091166666666667,0.09021,0.09398,0.09103,0.09079,0.09055,0.09094448157203658,0.09195674092185095,0.09333,0.09585,0.09888,0.10243,0.10645890577507598,0.1892,0.18297,0.17661,0.17028,0.16316,0.15707,0.15028,0.14447,0.1378469532671271,0.13139,0.1261,0.12108,0.11656,0.11181
14-01-2026 14:20,25637.25,0.09594,0.09529,0.09429,0.09333,0.0932,0.09245,0.09228,0.09263,0.09413,0.09507,0.09762,0.10069,0.10407,0.10859,0.18715,0.1816,0.17531,0.16882,0.16174,0.15595,0.1497910388664072,0.14326,0.13611,0.13071,0.12553,0.12068976246370253,0.11614,0.11197928739110756
14-01-2026 14:25,25618.75,0.11219,0.10809,0.10566,0.1036,0.10165182351257436,0.09998,0.09881,0.09824,0.09913,0.1003455611536587,0.102,0.10473,0.10795,0.11216,0.1857246835443038,0.18008,0.17398,0.16744,0.15996,0.15398,0.14712,0.14151,0.13442,0.12884,0.12349,0.11826,0.11355,0.10886
14-01-2026 14:30,25626.9,0.10999,0.11111,0.10816547095761381,0.10374,0.10118,0.09924,0.09838,0.09794,0.09846094865100087,0.09977523063533507,0.10151,0.10444,0.10689146214099218,0.10481877284595299,0.18745,0.18147281732319742,0.17513,0.16836,0.16088,0.15415713354162447,0.14774,0.14134759291150462,0.13513,0.12921,0.12382,0.11804,0.11188361683079678,0.10539170098478068
14-01-2026 14:35,25635.8,0.12229,0.11516,0.11152,0.10791606425570431,0.10454,0.10167,0.10004,0.09960281172069826,0.09944,0.09981,0.1019,0.10451,0.10776856839872748,0.11165,0.1871,0.1813,0.17498029839135443,0.16836,0.1615,0.1547392870438215,0.1483,0.14255,0.13502,0.12908,0.12364,0.11828,0.11329,0.10781
14-01-2026 14:40,25660.55,0.11727,0.10852,0.1052381337741473,0.10285,0.10016,0.09882,0.09738055858310626,0.09656,0.09711,0.09738,0.09949,0.10216,0.10515,0.10935,0.1897,0.18509,0.17715,0.17051,0.16369,0.15685221018610604,0.1499944236770461,0.14327942532946314,0.13687,0.13079799951804386,0.12498980605932479,0.11945,0.11420656194143951,0.10926
14-01-2026 14:45,25696.2,0.10274,0.09888,0.09785312555227044,0.09727176735937819,0.09661,0.09562,0.09436584724540902,0.09361,0.09452,0.09596942107194992,0.09791678143458485,0.10030575107992735,0.10308,0.10702,0.19234,0.18584,0.17971,0.17297,0.16607,0.16036,0.15297,0.1461804466238405,0.13961,0.13304,0.1272365496760853,0.12184,0.11678,0.11198686567164176
14-01-2026 14:50,25697.1,0.11055659340659339,0.10479,0.10023,0.09933,0.09631,0.09492825591111573,0.09396301684444676,0.0936,0.09423,0.09482,0.09688,0.09940928678788012,0.10241,0.10623,0.19216,0.18568,0.17935,0.17286,0.1656,0.15962,0.15304336618593783,0.14629,0.1395232693214171,0.13314,0.12776,0.12238712019506082,0.11689,0.11105
14-01-2026 14:55,25696.05,0.09894,0.09601987122238866,0.09370174244477734,0.09216,0.09113114487481275,0.09065,0.09068,0.09041,0.09135,0.09226,0.09483,0.09741,0.10073704118873827,0.10479,0.19065,0.18713,0.17834,0.17136420360153143,0.16516683571471832,0.15886,0.15208,0.14621,0.13943547937858644,0.13274,0.12697389299097936,0.1217,0.11692,0.11252098173515981
14-01-2026 15:00,25666.15,0.10545,0.10721,0.10359,0.10214,0.09894,0.09703,0.0959222262617622,0.09541,0.09563,0.09602,0.09841,0.10077,0.10414,0.10821,0.18941,0.18161,0.17703,0.17046,0.16314,0.15648526626060655,0.15014,0.14397,0.13713,0.13109891371402355,0.12537,0.11968,0.1144,0.10874
14-01-2026 15:05,25690.25,0.07851,0.09021,0.08915,0.09128,0.09116,0.09067,0.09081,0.09139,0.09267,0.09359,0.09631,0.09927577275822502,0.10261,0.10675,0.19082,0.18520836574320723,0.17908,0.17234,0.16507,0.15907,0.15287380506025297,0.14637,0.13923,0.13364,0.1280673823944751,0.12283,0.11837,0.11334
14-01-2026 15:10,25672.65,0.09847,0.09817,0.09722,0.09610425449408885,0.09517,0.0947,0.09444,0.09436,0.09494,0.09609,0.09818516807547033,0.10099,0.10445,0.10834,0.18913,0.18298,0.17669,0.16986324798702737,0.16318,0.15736,0.15017,0.14389973332338643,0.13802,0.13231,0.12719,0.12223544314423448,0.11733,0.11239
14-01-2026 15:15,25654.0,0.11178,0.10719,0.10592,0.10325896072050139,0.10052,0.09908,0.09815,0.09786133474576271,0.09775,0.09873854562441607,0.10062,0.10284,0.10571,0.11003,0.1885,0.18147,0.17584,0.16886,0.16139,0.15588,0.14968815676084773,0.14301,0.13577,0.13021043529592935,0.12509,0.11969,0.11511,0.111417374749499
14-01-2026 15:20,25659.6,0.11563,0.1131,0.10901,0.10678,0.10388,0.10162,0.10026,0.09934,0.09887,0.09978748417324021,0.10162,0.10385943554386926,0.10684105110526797,0.11045,0.18926,0.18298,0.17657,0.16936,0.16209,0.15706,0.14917,0.14261892149188563,0.13668,0.13113,0.12541119421474767,0.11996,0.1153,0.11002
14-01-2026 15:25,25670.6,0.10331838150289016,0.10381,0.10346,0.10035,0.09914,0.0972,0.09624,0.09617,0.09556,0.09666,0.09979,0.10179,0.10241109161793373,0.10090654970760231,0.19156,0.18573224255307325,0.17797,0.16772,0.1662,0.15985,0.15004,0.145,0.13944728728281705,0.13353,0.12719,0.12262,0.1184,0.11454393629124004
16-01-2026 09:15,25709.45,0.14811,0.13601,0.13172,0.12472,0.11844,0.11432,0.11076,0.10759,0.10632364312267657,0.10547182156133829,0.10516,0.10618,0.10852,0.11261,0.19829,0.19189,0.18628,0.17951917011201385,0.1720029964371371,0.16438532454369179,0.15732,0.15113,0.14345,0.13686,0.13078598390473675,0.12493,0.11911919802771855,0.11341
16-01-2026 09:20,25731.8,0.12356168891648558,0.11626,0.11054722963882851,0.10672,0.10463,0.10191264073363755,0.09945,0.09803,0.09754947654656697,0.09736,0.09879,0.1004,0.10317,0.10711,0.2002,0.19314,0.18643,0.17840643066123407,0.17063,0.16466,0.15825087316034753,0.15158,0.14447788888529375,0.1377,0.13216,0.126,0.12052036011228555,0.11561
16-01-2026 09:25,25713.95,0.13856,0.13025041431078757,0.12231,0.11478,0.11055759744171001,0.10721,0.10394,0.10164,0.09945,0.09887,0.09971,0.10114082109364225,0.1032,0.10581246328092678,0.19718,0.19095,0.183,0.17458,0.16717,0.16118,0.15412,0.14773,0.14132300407733792,0.13491600815467578,0.12856,0.1223,0.11729,0.1114
16-01-2026 09:30,25717.25,0.12074,0.11467,0.10708,0.10543148034310612,0.10414,0.10121412404902577,0.09836,0.09657507066785499,0.09515142422281637,0.09457,0.09555,0.09727,0.09987,0.10408,0.19436109333333337,0.18833,0.1813,0.17333,0.16636,0.15968184540671315,0.15311945900443474,0.14636,0.13917,0.13305,0.12774,0.12237105547201768,0.11695,0.11146316641605311
16-01-2026 09:35,25703.5,0.12154,0.12388,0.11176,0.10671,0.10359,0.10087,0.09855,0.0969,0.09574,0.09533,0.09651,0.09848658823529412,0.10129329411764706,0.10491,0.19475,0.1872,0.1815,0.17477332470052329,0.1674291944167903,0.16004,0.15277,0.14565,0.13886,0.13325,0.1273102486611957,0.12168,0.11707,0.11311177170203034
16-01-2026 09:40,25700.0,0.14571,0.13989,0.1281,0.12149,0.11634,0.11163,0.10743,0.10374141994975537,0.10102,0.09973,0.09978,0.10071,0.10264,0.10522034965034965,0.1957,0.18768,0.18089,0.17314,0.1664384703249181,0.16012814412969448,0.15311,0.14438,0.13719,0.13049,0.1244,0.11798,0.11307,0.10711
16-01-2026 09:45,25718.5,0.13848,0.13252,0.12616823342403494,0.12012,0.11514,0.11078,0.1061,0.1033,0.10143680093991272,0.0999667338032897,0.09937,0.10053,0.1021,0.10583,0.19647,0.19024244170096022,0.18317,0.17508,0.16795,0.16145,0.15485,0.14687483002885346,0.13866,0.1313,0.1250699580292043,0.11935773484605436,0.11363,0.1077
16-01-2026 09:50,25745.0,0.13175,0.12499,0.11837,0.11337847010831066,0.10884927200448603,0.10487783884650607,0.10155960379235074,0.09899,0.0968241307228029,0.09574,0.09614243506493507,0.09708,0.09913,0.10256,0.19912,0.19284530102790015,0.18614,0.17893,0.17180246769569454,0.16483,0.15817,0.14905,0.14158,0.13425,0.1278,0.12173306675202512,0.11573,0.10952
16-01-2026 09:55,25750.1,0.12116,0.11552944673042706,0.11053185794780547,0.10617584019128115,0.10247,0.09934201377248467,0.09694,0.09497180548790388,0.09333423607728526,0.09265,0.09316,0.0946,0.09652646153846153,0.09760876923076928,0.20060961318051576,0.19348,0.18640987106017196,0.1794,0.17248984322554237,0.16556,0.15846,0.1506220671663779,0.14261,0.13492,0.1286,0.1224635557282732,0.11644761119746992,0.11059
16-01-2026 10:00,25740.5,0.14949,0.14199,0.13223817201516413,0.12292,0.11662,0.11173,0.10763,0.10403681153328742,0.10087866757806586,0.09937,0.0992,0.10044,0.10202000000000001,0.10073000000000003,0.2,0.19269,0.185935,0.17918,0.17187,0.16518,0.15801,0.14887,0.14153,0.13353,0.12685,0.12,0.11433,0.10793
16-01-2026 10:05,25754.15,0.14244,0.1307,0.12569,0.11996,0.11346,0.10917203643579519,0.10556,0.10204,0.09952,0.09822,0.09824,0.09963,0.10105886524822694,0.09853319148936159,0.19997,0.19314,0.18653476337741076,0.1800227218280357,0.17338,0.16645,0.1584013001122528,0.15018,0.14269,0.1349,0.12799,0.12135,0.11577,0.11134194762684123
16-01-2026 10:10,25768.1,0.15031,0.14110140992474127,0.13218,0.12358,0.11763951767494255,0.11277,0.10856,0.10474,0.10237,0.10065417557371895,0.0998,0.10087,0.10304428780398611,0.10645,0.20237,0.19622121439153006,0.18954,0.18223,0.17517,0.16822,0.16104,0.1521,0.14493,0.13691,0.12981043583172067,0.12319,0.11695,0.11015
16-01-2026 10:15,25809.45,0.17053,0.15873783978064326,0.14845,0.13976,0.13346,0.12639,0.12041,0.11533,0.11258,0.10915,0.10741,0.10778,0.10879,0.11139,0.2052964705882353,0.20007,0.19377,0.18647,0.17941,0.17247,0.1648973550809162,0.15695286037562678,0.14892,0.14084,0.13404,0.1272,0.12082,0.11367
16-01-2026 10:20,25841.8,0.15819,0.14716,0.13899,0.13187,0.12373,0.11847881059295237,0.11434,0.11079364328210416,0.10763,0.10463,0.10322,0.10351,0.10462636694340297,0.10678,0.2098897998570408,0.2039,0.19723,0.18991,0.1831,0.17637102151074616,0.16939,0.1616817042873577,0.15362,0.14545,0.13836889949217118,0.13178,0.12547,0.11796
16-01-2026 10:25,25852.75,0.16242,0.14949,0.13857124726844877,0.12939,0.12252,0.11715,0.11283,0.1087,0.1052814157953276,0.1027,0.10127,0.10126,0.10209,0.10456,0.2119,0.20486,0.19801476955819267,0.19119,0.18444148438655542,0.1776372814026102,0.17022,0.16149,0.15390909450020882,0.14685,0.14009,0.13271,0.12637,0.11887
16-01-2026 10:30,25857.6,0.15034,0.13945,0.13079,0.12448842577666824,0.11883,0.11293,0.10892,0.1052,0.10288,0.10016,0.0989,0.09916,0.09982,0.10275,0.21194,0.20495,0.19833,0.19135,0.1843376007882029,0.17715,0.16945334249255864,0.16177,0.15466,0.14751,0.14037491415078426,0.13347,0.12712,0.11996
16-01-2026 10:35,25863.75,0.15281001357773252,0.14056,0.13121,0.12583,0.1197637771765357,0.114,0.10955,0.10609,0.10326,0.10069,0.09935,0.09959203703703703,0.10063185185185185,0.10294,0.21288,0.2055,0.19863421136322923,0.19191,0.18509871683684412,0.1782,0.17108,0.16276,0.15562,0.14813,0.14179,0.13510510969330647,0.12811,0.12073532907991942
16-01-2026 10:40,25871.4,0.11897,0.11633,0.10899,0.10727,0.10349,0.10199,0.0993,0.09705,0.09528,0.094,0.09408978319263239,0.09435,0.09576,0.09883,0.21170096385542167,0.20618,0.1999,0.1929,0.1858960400511997,0.17892,0.17202,0.1635,0.15638,0.149425789830064,0.14258,0.13587399616790863,0.12916,0.12225
16-01-2026 10:45,25855.55,0.13044905298759868,0.13244,0.12971,0.12357,0.11755,0.11201,0.1082,0.1044,0.10165,0.09939,0.09839,0.09844,0.09942,0.10234,0.21241522922203432,0.20522,0.19817507640734477,0.19125,0.18446,0.17775,0.17008258388865954,0.16223,0.15477103604762688,0.14768,0.14126,0.13457253121708831,0.12765,0.12038
16-01-2026 10:50,25847.05,0.14577,0.13897,0.1304600151113977,0.12192,0.11503,0.11031,0.10605,0.10261,0.10005,0.09817,0.09713,0.09754648148148148,0.09897407407407408,0.10168,0.2108,0.20382,0.19754,0.19054,0.18327930167100964,0.17586481536247267,0.16842042137269936,0.16107,0.15377991679685102,0.14671,0.14015,0.13314,0.12674,0.11969
16-01-2026 10:55,25842.9,0.14318,0.1324,0.1229613799596422,0.11551,0.11107,0.10684,0.10342169912254465,0.10044671521475353,0.09825,0.09657601742655576,0.09575,0.09636,0.09761,0.09927978494623656,0.2125617154811716,0.20476528591352858,0.19721,0.18991,0.18287,0.17618,0.16946,0.1609,0.15371,0.14662,0.14015,0.13341299484747388,0.1265,0.1194
16-01-2026 11:00,25831.1,0.14914,0.13703766045154742,0.12683,0.1186,0.11283,0.10897,0.10495,0.10159,0.09915315350720495,0.09716935453138027,0.09635,0.09695,0.09832,0.10148,0.20992,0.20217,0.19686,0.1892,0.1821,0.1756,0.16801636618437998,0.1602,0.15294,0.14593,0.13922,0.13247370619683047,0.12570268643174856,0.1189
16-01-2026 11:05,25828.0,0.15898,0.14145,0.13754,0.1275,0.11895,0.11351,0.10883,0.10513,0.10239,0.1000340380761523,0.09879,0.09902,0.09998,0.10281,0.2093,0.2023,0.1963,0.18895,0.18185,0.1746147060945052,0.16729808333534327,0.15993,0.15249,0.14534,0.13853,0.13165,0.12519,0.11916322338830586
16-01-2026 11:10,25825.7,0.13287,0.12163,0.11516,0.11241,0.10781,0.10493,0.10183984638370862,0.09914,0.097181060723759,0.09583,0.09518,0.09622,0.09783,0.1011,0.20835,0.20105,0.1942538083530843,0.18761,0.18088,0.1747,0.16794,0.15954,0.15263,0.14559,0.13948,0.13255,0.12667,0.12009
16-01-2026 11:15,25823.0,0.1348,0.11791,0.11802,0.11308,0.10815,0.10492,0.10160985409654166,0.09876,0.09692,0.09503,0.09525349137931034,0.09583,0.09765,0.1011,0.20775,0.20091565807327,0.19365,0.18588,0.17904,0.17256,0.16557,0.15775,0.15076764343784207,0.14429,0.13832,0.13183,0.12611,0.11987
16-01-2026 11:20,25813.0,0.1374,0.12177,0.12075,0.11476,0.10972,0.10533,0.1025,0.09966518894529047,0.09704926113931191,0.0959,0.09614245285983658,0.09673,0.0982,0.1015,0.20560213410571263,0.19854,0.1915810670528563,0.1847071341057126,0.1779,0.17119,0.16423,0.15643,0.14972,0.14286,0.13693,0.13072845624804913,0.12445,0.11825
16-01-2026 11:25,25811.55,0.14089,0.1292,0.12487,0.11889,0.11332,0.10936,0.10597,0.10248,0.1002,0.09808,0.09763,0.09815227806788512,0.09942,0.10261,0.20686,0.19845,0.19273,0.18494,0.17786866041476074,0.17108,0.16435,0.15612,0.14943,0.14258,0.13612991852199827,0.12987,0.12368425685822988,0.11761
16-01-2026 11:30,25823.8,0.15411,0.113,0.11435,0.10898,0.10503441471647267,0.102,0.09995,0.0975,0.09647,0.09487,0.09483,0.09594,0.09743,0.09924446153846155,0.20831,0.19913,0.19347,0.18572,0.17835,0.17166182962481885,0.16483,0.15688,0.15027,0.14366,0.13741,0.13085,0.12501,0.11873
16-01-2026 11:35,25810.0,0.12446,0.11958496016483516,0.11493,0.11013405961483434,0.10626,0.10419,0.10133,0.09905,0.09732,0.09597,0.09610966216216216,0.0965,0.09825,0.10142,0.20388,0.19723,0.19164,0.18424,0.17716,0.17024,0.16336,0.15606030655407804,0.14879,0.14201,0.13589834901135947,0.12997,0.12389,0.11763
16-01-2026 11:40,25806.75,0.1389,0.12465,0.11794,0.1114775898997096,0.10622,0.10315,0.10062,0.09812,0.09705,0.09594299099360837,0.09532,0.09634,0.09806,0.10154,0.2045,0.19813,0.1924,0.1843,0.1769,0.16997,0.16285887585630732,0.15568229638456935,0.14868,0.14202,0.13598,0.12931,0.12373,0.11758
16-01-2026 11:45,25794.7,0.14051,0.13091,0.12342296388752907,0.11682,0.1107,0.10674,0.10367,0.10097,0.09913,0.0973,0.0968,0.09763,0.09919,0.10272,0.20353,0.1979,0.19172,0.18358,0.17642,0.16954583030585288,0.16245,0.15443,0.14754,0.14069,0.13437,0.12782,0.12164435343551014,0.11579
16-01-2026 11:50,25794.65,0.14526,0.13098,0.12389,0.11747412829151327,0.1119,0.10766,0.10416,0.10134,0.09948,0.09772,0.0971,0.09817,0.09991,0.10361,0.20397,0.19814312202214593,0.19142,0.18361,0.17616,0.16927441145834016,0.16225,0.15425,0.14738,0.14055,0.13438,0.12772,0.12185,0.11541
16-01-2026 11:55,25797.25,0.11631,0.11333,0.10804,0.10403,0.10069,0.09881,0.09713,0.09555,0.09487,0.09344,0.09417734750462108,0.09565,0.09765,0.10157,0.20337,0.1978,0.19083581305794783,0.18355,0.17697,0.17019,0.16317,0.15572654606194117,0.14836,0.1416,0.13516848706331566,0.12902,0.12324546118994698,0.11793579301305061
16-01-2026 12:00,25774.5,0.15373791691394653,0.14442,0.13569,0.12757,0.12104,0.11543,0.11063,0.10685,0.1044,0.10161,0.1016122009569378,0.10162,0.10292,0.10615,0.20194,0.19497193218340797,0.18798453103348264,0.18098,0.17397773625401125,0.16691,0.1596850047936904,0.1524,0.14513,0.1386,0.13239398122346152,0.12632710592675608,0.12011,0.11355
16-01-2026 12:05,25790.15,0.14490202690582957,0.14723,0.14572,0.13608,0.12841,0.12167,0.11576,0.11152985484820453,0.10792,0.10457,0.10314,0.10357,0.10446,0.10716,0.20177321279554933,0.19612,0.18942,0.18174,0.1744102888462103,0.16733,0.16055,0.15321041276551714,0.14594,0.13939,0.13266012258701362,0.12604,0.11978425923212192,0.1138
16-01-2026 12:10,25810.95,0.15056,0.1471666926292805,0.14114,0.13138,0.12354,0.11753,0.11247683601955565,0.1085,0.10536532507778361,0.10277710698333625,0.1017,0.10199,0.10283,0.10549,0.20417,0.19712,0.19123,0.18259,0.17569,0.16842,0.16154,0.15399,0.14702,0.1405,0.13381376588208632,0.12742,0.12188,0.11686545874346821
16-01-2026 12:15,25821.3,0.13938,0.13234,0.12675,0.11879,0.11084,0.10838,0.10463783928150008,0.1012,0.09926070335973777,0.09792,0.0971,0.0978,0.09951,0.10262,0.20592,0.19919,0.19167245276533984,0.18384,0.17603,0.16828,0.16178,0.15432,0.14758235215386198,0.1412,0.134935558946914,0.12880049684170136,0.12282018631563799,0.11702
16-01-2026 12:20,25815.75,0.14513,0.1334,0.12565822566238843,0.11959,0.11435916943195674,0.10979050397568958,0.10576,0.10238,0.1004,0.09856,0.09786,0.09855,0.09994,0.10298,0.20463,0.1984621984512774,0.19134,0.18306,0.17587,0.16855998299507266,0.1613,0.15423074722539165,0.14733,0.14068,0.13489,0.12885146829625455,0.12264,0.11623
16-01-2026 12:25,25811.0,0.07388,0.07556,0.07403,0.08059,0.0818,0.08406,0.08529,0.08605,0.08702,0.08707,0.08859,0.09116,0.09440469486906032,0.0983,0.1993063894811656,0.19641,0.19061,0.18234,0.17548,0.1685,0.16209,0.15532671917879942,0.14875,0.1427432359852868,0.13707195132597674,0.13181,0.12703123598528682,0.12280951325976731
16-01-2026 12:30,25738.6,0.15064,0.14403,0.13703,0.12998,0.12139,0.11635,0.11184,0.10782,0.10574,0.10304,0.10235,0.10337,0.1046,0.10804,0.19977209687699168,0.19115,0.18304,0.17546,0.16765,0.16045,0.15339602180661033,0.1465,0.1397229281273251,0.1333,0.12759,0.12143,0.11626,0.11068
16-01-2026 12:35,25771.0,0.13271,0.11957,0.11999,0.11437,0.11028165286413807,0.10635122677720783,0.1028397850932691,0.1000083911663817,0.09811810835060539,0.09743,0.09792382730187815,0.09898,0.10074,0.10431,0.20322670349907918,0.1946177839165132,0.18619,0.17795,0.1699,0.16309,0.15609,0.14932,0.14276,0.13619,0.13018400573065264,0.12469,0.11993,0.11418
16-01-2026 12:40,25768.5,0.11832547169811322,0.11783,0.11523,0.11094,0.10513,0.10293,0.10049,0.09898884113976168,0.09773,0.09643,0.0967,0.09827,0.10039,0.10439,0.20168896382587373,0.19373,0.18564,0.17742,0.17032,0.16289,0.15638,0.14954,0.14292,0.13661,0.13136,0.12545,0.12058,0.11512
16-01-2026 12:45,25759.4,0.13574,0.12873,0.11727,0.11155,0.1062,0.10363488184739439,0.10183,0.09996775666762094,0.09832610055603269,0.09762,0.09773,0.09900583685011344,0.1015,0.10533,0.19968,0.1918,0.1838571758019846,0.17633,0.16985,0.16292,0.15605,0.14955,0.14262,0.13604,0.13010677482966715,0.1246,0.11957,0.11427
16-01-2026 12:50,25750.05,0.15113,0.1299,0.13151,0.12439,0.11706,0.1124,0.10845,0.10559,0.10296073962439138,0.10154,0.10184875,0.10258,0.10427,0.10777,0.19893,0.19105,0.18448,0.17589,0.16936,0.1619469479586444,0.1545,0.14786,0.14082,0.13403,0.12818,0.12194,0.1167,0.11113
16-01-2026 12:55,25759.95,0.13098,0.11788,0.10878,0.10422250540847126,0.10147,0.10013,0.09836196048632219,0.09701,0.09661,0.09593,0.09607,0.09866,0.10065,0.10459,0.20021,0.19268492984724414,0.18499,0.1771,0.17085,0.16355,0.15686,0.14965,0.14307,0.13683815836188756,0.13093,0.12550491580112566,0.1202,0.11467
16-01-2026 13:00,25740.05,0.11584,0.11504,0.11131561483317225,0.1065,0.10353,0.10136,0.09962,0.09842430737026908,0.09746993146291232,0.09708,0.09784,0.09999,0.1022,0.10614,0.19703847797062748,0.19105,0.18404,0.17607,0.16912,0.16179,0.15459,0.1476,0.14118,0.13492121122742595,0.12882600731707652,0.12322,0.11839,0.11323
16-01-2026 13:05,25723.25,0.13718,0.1279631852500604,0.12073,0.11549,0.11086,0.10673,0.10355,0.10198,0.10077,0.0998,0.10027,0.10199,0.10432,0.10812,0.19679,0.18752,0.18262,0.17525355318374564,0.16707,0.15978,0.1526,0.14583,0.13886,0.13222,0.12679,0.12034,0.11497099768747934,0.11048
16-01-2026 13:10,25717.95,0.1326772307692308,0.12359,0.11648,0.11189,0.10762,0.10473,0.10199,0.10044,0.09986,0.09863,0.09951,0.10155,0.10385,0.10775,0.19595,0.18846,0.18113,0.17322,0.16633,0.15906,0.1519,0.14494,0.13801,0.13187,0.12626,0.12043,0.11581,0.11036
16-01-2026 13:15,25715.5,0.12546,0.12116,0.11565,0.1126,0.10896,0.10405,0.10146060247187463,0.09984,0.099,0.09935501915708812,0.10025670498084291,0.10146,0.10356,0.10763,0.19611951219512197,0.18828,0.18058,0.17322195334437906,0.16584,0.15805,0.15146,0.14411,0.13753058235399196,0.13135193552520488,0.12538,0.11965,0.11476,0.10943
16-01-2026 13:20,25705.4,0.12947,0.11802,0.11258,0.10834,0.10501477428247251,0.10232,0.10035,0.09896,0.09863,0.09876906792645557,0.09917,0.10128,0.10405,0.1082,0.19409,0.18625,0.17938,0.17117,0.16438,0.15727907789306916,0.15032,0.14401,0.13719,0.13118631822420093,0.12549,0.11984,0.11567,0.11320305498981667
16-01-2026 13:25,25670.15,0.14196150003884098,0.13480465625728266,0.12849,0.12292821875242756,0.11803,0.11384,0.11028958873383807,0.10745,0.10562,0.10372,0.10444,0.10609,0.10830506329113924,0.10999037974683544,0.19162,0.1844346254418428,0.17675,0.16848,0.16129,0.15429815126024224,0.14745689788372124,0.14091,0.13484,0.12774,0.12256,0.11649,0.11182,0.10669
16-01-2026 13:30,25701.15,0.12149563239308461,0.12167,0.11776,0.11068,0.10665,0.10372,0.10152,0.10011,0.09928,0.0984,0.09946,0.10177,0.10453,0.10864,0.19291,0.18635,0.17829099528185172,0.17016,0.16335538812491096,0.15684,0.14994968064717604,0.14324,0.13718,0.13102,0.12596,0.12092683686777626,0.11591175176722146,0.11092
16-01-2026 13:35,25687.3,0.14434,0.13011,0.12208,0.11774439675772475,0.11418,0.11021,0.10674,0.10463,0.10289,0.1025207856272838,0.10239,0.10459,0.10750450373134328,0.11112,0.19179,0.18521,0.17755,0.169,0.16225,0.15562,0.14871402406289522,0.141754448916977,0.13532,0.1298,0.12427,0.11916412961658897,0.1141,0.10873
16-01-2026 13:40,25701.3,0.11447720694645441,0.1210412011577424,0.11376,0.10739,0.10685,0.10394,0.10172,0.10028415050511245,0.09916263080811177,0.09871,0.09998895077720207,0.10235,0.1049,0.10765172711571673,0.1943,0.1866664489528796,0.17877,0.17057,0.16381,0.1569,0.15027,0.14381042117121667,0.13759,0.13176081995696232,0.12613,0.12059,0.11633,0.1111
16-01-2026 13:45,25699.7,0.1373,0.13042,0.11779,0.11529,0.10943,0.1053,0.10285,0.10143,0.10042,0.09952,0.10051,0.10286,0.10561,0.10982,0.1942,0.18651409005037786,0.17866,0.17034648843406058,0.16244,0.15595,0.14943,0.1430699756373774,0.13674,0.13033,0.12474,0.11878,0.11483,0.10907
16-01-2026 13:50,25712.85,0.096,0.09541,0.09935,0.09913,0.09681,0.09661,0.09558,0.09558081926402627,0.09558386075027477,0.09559,0.09745,0.10022,0.10331,0.10789,0.19489,0.18785,0.18054,0.17231,0.16487,0.15825,0.15232,0.14546,0.13945,0.13406085954448477,0.12872,0.1229,0.1191,0.11438
16-01-2026 13:55,25689.85,0.12024,0.11693,0.11188,0.10916,0.1054,0.10310719671744206,0.1014,0.10011,0.09981,0.10003659326424871,0.10065,0.10302,0.10586,0.11021,0.19343,0.18702780106470954,0.17932,0.17,0.1627642530195271,0.1564117997607247,0.14998,0.1431,0.13705,0.13101,0.12583,0.12037,0.11540207566462168,0.11085
16-01-2026 14:00,25681.95,0.12937,0.1228,0.11186,0.10728,0.10449,0.10222,0.10041,0.09939,0.0989278272251309,0.09873,0.1004,0.10286,0.10605,0.11042,0.1928,0.1849,0.17867,0.16968,0.1625,0.15605,0.14951,0.1428369870119313,0.1363,0.13023,0.12524,0.12143546112115726,0.11913276672694376,0.11864830018083145
16-01-2026 14:05,25682.85,0.11697,0.10862,0.1064,0.10305085173831552,0.10009,0.09877,0.09766096528143083,0.09708,0.0973,0.09795461058121183,0.09919,0.10199,0.10529,0.10988,0.19376,0.18657,0.17982,0.17178068737746346,0.16379,0.15719,0.15029,0.14367,0.13742,0.13134,0.12618,0.1206,0.11655,0.11155
16-01-2026 14:10,25684.7,0.12427,0.11599,0.11313,0.10941583151616718,0.10579,0.10318,0.10086,0.09999,0.09936,0.09903,0.10061,0.10323,0.10663247619047618,0.11004485714285712,0.19436,0.18752,0.18102,0.17225,0.16485,0.15764,0.15094,0.1441485096316115,0.13746,0.13112,0.12593,0.12005,0.11561,0.11281093023255813
16-01-2026 14:15,25676.95,0.1296,0.11748,0.11738,0.11342347370349529,0.10781,0.10494,0.10251,0.10111,0.10068,0.1001,0.10156,0.10398,0.10693,0.1114,0.1929,0.18651,0.18004,0.17128,0.16389,0.15693146812571185,0.15001,0.14276,0.13612061579293347,0.13007,0.12489,0.11964273902411723,0.11431,0.10882
16-01-2026 14:20,25689.4,0.13376,0.12117,0.11415,0.11165,0.10693,0.10432,0.10156,0.10039,0.09961464427531437,0.09924,0.10062,0.10285839433951373,0.10594,0.11044,0.19482,0.1876,0.18081,0.17175,0.16426049820665248,0.15734,0.15051,0.14377,0.13728,0.13077,0.12488546132647019,0.11961,0.11523,0.11152424042272127
16-01-2026 14:25,25707.1,0.10563,0.10337,0.09999,0.0999392835266742,0.09989,0.09852,0.09679,0.09635,0.09596,0.09605,0.09786,0.10066,0.10379,0.10723163575042156,0.19591,0.19031724193548386,0.18305,0.17365,0.16691,0.15974,0.15263,0.14607,0.13954,0.13287,0.128,0.12280626858668976,0.11732,0.11147880576006927
16-01-2026 14:30,25688.2,0.1291,0.12584,0.11783,0.11225,0.1086,0.10543,0.10269,0.10131,0.10008,0.0997,0.10106,0.10325868835719534,0.10627,0.11062,0.19044689655172417,0.18678,0.18041,0.1717,0.16468,0.15740642221592838,0.15022,0.1435,0.13669,0.13054,0.12518,0.11931,0.11504,0.10955
16-01-2026 14:35,25708.0,0.0988,0.10580708333333333,0.10769,0.10343,0.10132,0.09913,0.09727,0.09635917405506299,0.09596,0.096428125,0.09779499999999999,0.10000437499999999,0.103,0.10672562499999999,0.19297434010152278,0.18888,0.18215,0.17312,0.16617,0.15883,0.15184,0.14478,0.13916,0.13226,0.12629163188073395,0.12071522833843015,0.1157012106269113,0.11142
16-01-2026 14:40,25706.4,0.13025,0.11776,0.11254,0.10775,0.10445,0.10217,0.10008371802231507,0.09848,0.09765,0.09744,0.09866,0.10081,0.10407,0.10821225508317929,0.19508,0.18877,0.18134,0.17234,0.16482331888164756,0.15791,0.15124,0.14424,0.137648798608515,0.13152,0.12614,0.12082178584204305,0.11546,0.10992
16-01-2026 14:45,25707.8,0.11305,0.11092209175793316,0.1079,0.1037,0.10126099414537153,0.09932,0.09747,0.09656,0.0962,0.096,0.09755,0.10000326351135273,0.10336413175567637,0.10763,0.19566,0.18699781249351347,0.17895449998270255,0.1714464374805404,0.16439,0.15805,0.15116,0.14419,0.13795,0.13183,0.12668,0.12112,0.11589249086506521,0.11095
16-01-2026 14:50,25692.95,0.12547,0.11918,0.10981,0.1093,0.10592,0.10255,0.10015,0.09932,0.09851,0.09818,0.09941,0.10159,0.10482,0.10908,0.19487,0.18735645292127004,0.17988,0.17236254078629737,0.1648192537818731,0.15740633988651226,0.15028,0.14363,0.13705,0.1314061007339462,0.12599,0.12031,0.11583,0.11269173228346456
16-01-2026 14:55,25700.95,0.11966820154234023,0.11792253359039002,0.11405,0.10999,0.10644698868675867,0.1030784032932181,0.1002531162530685,0.09834,0.09736,0.09789,0.09887,0.1009,0.10365,0.1081,0.19471,0.18681,0.18024,0.17093,0.16326486911283883,0.15639,0.15009,0.14316,0.13697,0.13133,0.12612,0.12090943016943996,0.11571,0.11054
16-01-2026 15:00,25706.3,0.11793,0.10192,0.10295,0.10174622948128693,0.09969,0.09792,0.09651,0.09594,0.09545,0.09534,0.09684,0.09922,0.1025,0.10705,0.19519,0.18809,0.17975340747781401,0.17142,0.16433,0.15744,0.15132,0.14473,0.13875,0.13248,0.1271733402253922,0.12230813369941922,0.11743,0.11238
16-01-2026 15:05,25694.05,0.11281,0.1108,0.10746,0.10416,0.1024,0.09971,0.09806,0.09725,0.09693,0.09638,0.09770341928251121,0.10026,0.10341,0.1081,0.19419,0.18705785822989998,0.1797,0.1717862450370247,0.16367722313156047,0.15637,0.15045,0.14318,0.13705335204126898,0.13156,0.12665,0.12171495261057533,0.11665,0.11126
16-01-2026 15:10,25691.6,0.11496,0.11011,0.10436,0.103,0.1008228614316414,0.09867,0.09737,0.09678,0.09653,0.09608,0.09782,0.10012,0.1032,0.10803,0.19358,0.18663885105176325,0.17879,0.16985,0.16215,0.1559,0.14978,0.14276,0.137,0.13151497102124327,0.1262049932224375,0.12112,0.11638,0.11176162039577159
16-01-2026 15:15,25691.75,0.12581,0.11940845360824742,0.11411,0.10997680357432904,0.10641,0.10313,0.10126,0.09949,0.09950451991176129,0.0995501509346337,0.09963,0.10141174604625663,0.10484,0.10931,0.19174409363745504,0.18655,0.17919,0.16989,0.1624022803527995,0.15566,0.14911345996904435,0.14285062674246993,0.13686,0.13116174583688942,0.12570239630078545,0.12036,0.11511185746324445,0.11
16-01-2026 15:20,25695.9,0.12636,0.11841,0.11262,0.10846246796114177,0.10512,0.10249,0.10053,0.09883020920502092,0.09793,0.09838039543057997,0.09946,0.10206,0.10442350322202694,0.10217101933216172,0.19487,0.1865354300542581,0.17857286010851617,0.17096,0.16376519076817664,0.15688,0.15016042252461875,0.14363,0.1371926261867626,0.13107,0.12546888043737764,0.12023,0.11537,0.10972
16-01-2026 15:25,25697.65,0.12031,0.1104,0.1066,0.10453,0.09976,0.09915,0.09722,0.09583,0.09506,0.09531,0.09719,0.10021,0.10410477551020407,0.10807865306122447,0.19461,0.1898,0.18118,0.17114,0.16431,0.1551,0.14895,0.14256,0.13677,0.13126,0.12625,0.11962,0.11517,0.10954
19-01-2026 09:15,25549.65,0.14245,0.13519,0.12968358941273964,0.1250114989237014,0.1214,0.11899,0.11806,0.11818762704174228,0.11852,0.11961,0.12266,0.12655245781835497,0.1311645622425108,0.13657,0.20612,0.19843,0.1915,0.18321,0.17385,0.16623,0.15889,0.15008,0.14249,0.13593243032511684,0.12989,0.12416136173702898,0.1187,0.11346
19-01-2026 09:20,25596.45,0.08441,0.08932,0.09374,0.09633,0.09736,0.09918714043086664,0.1011,0.10234,0.10559,0.1092172105039215,0.11308,0.11716,0.12239817887614005,0.12876,0.21017,0.20166,0.19502,0.18657,0.17775,0.17067,0.16256,0.15405,0.14683793773521941,0.14047,0.13504,0.12996,0.12594,0.12153
19-01-2026 09:25,25570.45,0.1024,0.10142,0.10257,0.10306129832682412,0.10336196867502967,0.1036591546857204,0.10414,0.10522,0.10833,0.11184230566567102,0.11570997635185461,0.12016,0.12564229902740234,0.13211,0.20873,0.20057,0.19328,0.18469,0.17673,0.16852,0.16075,0.15222912757796866,0.14424,0.13812,0.13237,0.12696,0.1231,0.11855
19-01-2026 09:30,25544.4,0.1437,0.13407,0.12873438151619407,0.12442,0.11993,0.11696,0.11553857773851589,0.11492,0.11679,0.1189,0.12285,0.12687,0.13188,0.1377714617940199,0.20672760553458797,0.19894,0.19108836851152933,0.18313,0.17512085545298664,0.16707075525408172,0.1588677774281359,0.1504,0.14143,0.13439,0.1276289155906908,0.12151,0.11662,0.11102
19-01-2026 09:35,25579.4,0.09938,0.09619,0.09934,0.10020386278675296,0.10069919635064144,0.10124,0.102,0.10339,0.10655,0.10958,0.11369940015955737,0.11861,0.12437,0.13093,0.21264,0.20463,0.19773,0.18849,0.18053,0.17254,0.16418,0.15537935787055399,0.14696,0.13985,0.13364861025427627,0.12832,0.12423,0.11922
19-01-2026 09:40,25551.95,0.12474,0.12028,0.11453,0.11254,0.11043,0.10961374392399471,0.10928,0.1094,0.11187,0.11453,0.11814833333333334,0.12262916666666668,0.12803,0.13440833333333335,0.20806,0.20021,0.19271,0.18443758389605902,0.1757548077794445,0.1672,0.15869484516728022,0.15012763460699222,0.1419866067432081,0.13476,0.12888,0.12370067654732068,0.11862,0.11313
19-01-2026 09:45,25560.95,0.11745,0.11174,0.11006,0.10947,0.10771,0.10715,0.10706,0.10726,0.11016,0.11282,0.11655200695355282,0.12107,0.12643,0.13281,0.20898,0.2004827400103788,0.19225048002075767,0.18423,0.17651,0.16847,0.16008,0.15174,0.14344,0.13618,0.13053,0.12461,0.12019,0.1149
19-01-2026 09:50,25558.35,0.09813,0.1007328158540325,0.10203,0.10231,0.10235,0.10252,0.10324,0.10507542489455833,0.10771,0.11077,0.11499748376573178,0.12005,0.12593,0.13257,0.20877,0.20178368041446565,0.19383,0.18471,0.17721,0.16877,0.16055,0.1521,0.14406,0.1372095865858229,0.13102146322617947,0.12572,0.12158,0.11685
19-01-2026 09:55,25558.2,0.10221,0.10014,0.10121500000000001,0.10229,0.10223,0.1026020917044718,0.10338,0.10459,0.10823,0.11146,0.11594,0.1209,0.1266741869587408,0.13321,0.20929,0.20139,0.19461,0.18508,0.17753,0.16879,0.16056,0.15232,0.14407,0.1376978874945883,0.1319,0.12601,0.12211,0.11727
19-01-2026 10:00,25520.6,0.11102,0.10743,0.10734,0.10683,0.10585,0.10589118959107807,0.10601,0.10791285017522421,0.11123,0.1146,0.11929,0.12411,0.13013,0.13675,0.20707,0.19896,0.19193,0.18325,0.17535,0.16608,0.15763849453881176,0.14947,0.14123,0.13504,0.12974,0.1241,0.11925320932979037,0.11506
19-01-2026 10:05,25510.95,0.1260253284086354,0.12154,0.11737,0.11442945348340508,0.1124,0.11138,0.11069,0.11147,0.11459,0.11812584199376112,0.12202155290666056,0.12648,0.13215,0.13871,0.2057,0.19803,0.18988,0.18129,0.17407,0.16455,0.15632,0.14784530310431476,0.13978,0.13291,0.12666689809817094,0.12118,0.11689,0.11165
19-01-2026 10:10,25528.25,0.11377,0.11102,0.10945,0.10865,0.10732,0.1069,0.10676,0.10798,0.11157,0.11463,0.11918,0.12409,0.12999,0.13649,0.20840297188755028,0.20022,0.19168,0.18279,0.17440170564479957,0.1662,0.15803661233186353,0.14982,0.14134,0.13535,0.13002,0.12434,0.12024,0.11797525562372185
19-01-2026 10:15,25530.4,0.12141,0.11548,0.11096,0.10923680615386053,0.1083,0.10774624277456646,0.1075,0.1084,0.11225,0.11533,0.11954023241553431,0.12455,0.13037,0.13658732642636168,0.20674,0.19922,0.19156,0.18271,0.1744123596979869,0.1662,0.15756892464096564,0.14908,0.14128,0.1346921324791095,0.1287643864881645,0.12367,0.11966,0.11629007850834151
19-01-2026 10:20,25543.9,0.10527,0.10863,0.10872,0.10763628637951105,0.10618,0.10562,0.10593,0.10742,0.1109,0.1139,0.11814,0.12302061149175464,0.12856,0.13525,0.20859,0.20117357529604235,0.19336,0.18508879088498878,0.1765,0.16769,0.15962,0.15065,0.14289,0.13678,0.13111,0.1262,0.12128,0.11615
19-01-2026 10:25,25526.15,0.09784,0.10189,0.10236648734177216,0.10252,0.10243,0.10311,0.10435,0.10618,0.11058,0.11440076303741625,0.11839,0.12352,0.12902789570067008,0.13359737420402046,0.20783,0.20095,0.19232,0.18335,0.17583,0.16711,0.15904,0.15084,0.14335,0.13761,0.13253,0.12716,0.12338,0.1189
19-01-2026 10:30,25515.7,0.11207,0.11108,0.10904,0.10873,0.10713,0.107,0.10726,0.10887,0.1126,0.11579,0.12017992612583252,0.12525,0.13067,0.13722,0.20999440285204993,0.20042573380867498,0.19129,0.18263,0.17446,0.16575,0.15768,0.14928,0.14275274948719038,0.13699793604531837,0.1317247478598511,0.12664237311625592,0.12146,0.11627
19-01-2026 10:35,25513.9,0.10949181818181819,0.10845,0.10764,0.10713,0.10687,0.10626,0.10705,0.10863,0.11265,0.11595,0.12018,0.12512683920493228,0.13066,0.137,0.20203547543075936,0.19815,0.19151,0.18248,0.17431,0.16585,0.15774,0.14968,0.14227,0.13636432246356758,0.13116423222015436,0.12639,0.12196053009205539,0.11797
19-01-2026 10:40,25500.4,0.12671,0.12105,0.11752439280952953,0.11492,0.11304,0.11208393801276208,0.11166,0.11259,0.11596,0.1186,0.12238,0.12702,0.13226,0.13833,0.19891282634730517,0.19410427544910167,0.18812571257485022,0.18111,0.17319,0.16441,0.15625,0.14777,0.14052,0.13455557785141067,0.12906,0.12365,0.11946,0.11466
19-01-2026 10:45,25525.55,0.11111,0.10924,0.10772,0.1078,0.107075,0.10635,0.10664,0.1084,0.11199,0.1149,0.1189907201556888,0.12381,0.12913,0.1355,0.20887,0.20024,0.191681775730117,0.18344,0.17591,0.16744,0.15888,0.15089,0.14323,0.13766978040631642,0.13255,0.12684,0.12298,0.11823
19-01-2026 10:50,25515.9,0.12383024734982333,0.11866,0.1148,0.113,0.11051,0.10984,0.10947,0.11058,0.11388,0.11648,0.12054690205474806,0.12544,0.13063,0.13669,0.20749,0.19889,0.19183,0.1828,0.17492,0.16565,0.15761,0.14864,0.14145,0.13566,0.1298,0.12429,0.11994,0.11688647058823531
19-01-2026 10:55,25526.35,0.13233,0.12637,0.12174562178639321,0.11775663938085847,0.1144,0.1118,0.11078,0.11166925881450349,0.11384518429567364,0.11657,0.12053,0.12501,0.12999,0.13624,0.20857,0.19956,0.19221,0.18381832213308352,0.17485360772378158,0.16603,0.15766,0.14896048725504513,0.14085,0.13438,0.12854,0.12257,0.11808,0.11313
19-01-2026 11:00,25550.1,0.12151,0.11932,0.11630227947358436,0.11367,0.11204908320923306,0.11064390729709606,0.10965427773641102,0.10928,0.11236,0.11481,0.1185,0.12294982135188526,0.12812,0.1340894640556558,0.21143,0.20306214852163185,0.1943,0.18508,0.17745,0.16863,0.15990388740748498,0.15139,0.14332,0.13704,0.13131,0.12541,0.12046,0.1154
19-01-2026 11:05,25561.85,0.10899,0.10138,0.10069,0.10252,0.102105,0.10169,0.10215,0.10318,0.10665,0.11035958978494624,0.11449,0.11959,0.12517,0.13184,0.21310649434571888,0.20437108239095314,0.19516,0.18634,0.1784212973172124,0.17074,0.16283,0.15471735013247678,0.14716,0.14106,0.13515,0.12992,0.12515030344978498,0.12077
19-01-2026 11:10,25540.3,0.11046,0.11083,0.10827,0.10789,0.10588,0.10491,0.10532469046889366,0.10638,0.10954,0.11268,0.11737,0.1223,0.12767,0.13403,0.20769,0.20022,0.19262,0.18414,0.17678,0.16857693196765836,0.16,0.15135,0.14463,0.138,0.13236,0.12694,0.12227,0.11743
19-01-2026 11:15,25533.8,0.10798,0.10731,0.1053,0.10503,0.1036,0.10349,0.10402,0.10558,0.10894,0.11228,0.11706,0.12214,0.12774,0.13422,0.2066,0.19961,0.19276,0.18385,0.17612,0.16777,0.16014759963470923,0.15278579853196544,0.14578519761186703,0.1392463977945124,0.13327,0.1279756556428068,0.12329,0.11902410978556326
19-01-2026 11:20,25513.75,0.12529,0.11862,0.11544076736050933,0.112782663280573,0.110752175520382,0.10945579184012733,0.109,0.10982,0.11303,0.11594,0.11991628385539996,0.12485564192769998,0.13082,0.13787128385539993,0.20146900878293597,0.19808,0.19148,0.18214,0.17376632956083288,0.1658651788171808,0.15801,0.14977514500213843,0.14218,0.13622,0.13042,0.12517295231108247,0.12023,0.11555
19-01-2026 11:25,25514.95,0.12155,0.11839719330613999,0.11545605327894666,0.11269,0.11016,0.10919,0.10884,0.10989,0.11307,0.11606,0.12056,0.12524,0.13056,0.13686,0.20677,0.19908,0.19201,0.18296,0.17563,0.16681,0.15861,0.1503,0.14252,0.13653,0.13071,0.12555700284101656,0.12058,0.11544
19-01-2026 11:30,25517.75,0.1164,0.11895,0.11447,0.11185355220527034,0.11014,0.1089722479338843,0.10842,0.10934,0.11251,0.11579,0.12019,0.1249,0.13011,0.1357947983870968,0.20709,0.1994,0.19234,0.18405056761674027,0.1754,0.16715,0.15874,0.15046,0.14318305226831718,0.13664,0.131,0.12561055813274227,0.12038277906637117,0.11537
19-01-2026 11:35,25523.55,0.13105,0.12514,0.11925,0.11609,0.11285,0.11088,0.11052284140969164,0.1104,0.1120825,0.11588,0.11991750000000001,0.12232000000000001,0.12121250000000001,0.11472000000000006,0.20675,0.1996540037243948,0.19187,0.18327,0.17488,0.16705,0.15852,0.14979,0.1423322037519386,0.13564,0.12973,0.12382,0.119,0.11349
19-01-2026 11:40,25536.55,0.12496,0.12074,0.11594,0.11329,0.11037,0.10856,0.10765,0.10846,0.11115,0.11382,0.11815,0.12287,0.12793,0.13466,0.207492351701612,0.20095,0.19398,0.185820800725733,0.1769823853520034,0.16824,0.1596001450352834,0.1510531489377294,0.14335,0.13701,0.1309,0.12512,0.12048,0.11710472168905947
19-01-2026 11:45,25537.25,0.11701,0.11709,0.11470545478224631,0.11106,0.10883,0.10754,0.10676,0.10777,0.11073,0.11367,0.11808,0.1229,0.12826,0.13492,0.20866,0.20064,0.19372,0.18477,0.177,0.16889402976235177,0.16057,0.15202,0.14431,0.13781,0.13158,0.1257,0.12097,0.11573
19-01-2026 11:50,25541.5,0.11363987301587301,0.11365,0.11364,0.1105,0.10792,0.1068,0.10637,0.1072,0.11035,0.11317,0.11783,0.12246507296357349,0.12762,0.13443,0.20815,0.20067,0.19268,0.18491,0.17719,0.16884,0.16039,0.15234,0.1449319023389686,0.13809,0.13205,0.12577,0.12127,0.11592
19-01-2026 11:55,25540.75,0.10867,0.10743,0.10536,0.10369,0.10266,0.10272,0.10312,0.10510499028207558,0.10829,0.11183,0.11646787873546577,0.12165,0.12697,0.13378,0.2036890345727332,0.2002,0.19379,0.18487,0.17745,0.16908548936999526,0.1608,0.1533356340520898,0.14622534557185912,0.13947738430569892,0.1331,0.12732,0.12284,0.11794
19-01-2026 12:00,25527.0,0.10974,0.10841,0.10674,0.10549,0.10385,0.10401,0.10449,0.10618,0.11004,0.1140803685654022,0.11844,0.12351,0.12899,0.13486406635071088,0.2073,0.20016,0.19242,0.18348,0.17508874939981078,0.16689658950357492,0.15900105490743377,0.1514996802075284,0.14449,0.13814959786214046,0.13228,0.12672,0.12175188481675392,0.11728
19-01-2026 12:05,25522.1,0.11405185185185183,0.11073,0.10785925925925925,0.10584185185185185,0.10508,0.10521132022471912,0.10558,0.10727,0.11101,0.11513369576879233,0.11954434788439616,0.1243,0.12945869576879235,0.13507847884396162,0.20782,0.2004994534905484,0.1927,0.18434,0.17697,0.16887,0.1606723687018576,0.15251598951565581,0.14489,0.13817,0.13251,0.12657,0.12221,0.11694
19-01-2026 12:10,25521.0,0.12433,0.11889,0.11494,0.11236,0.10973590640639623,0.10817,0.10804,0.10903,0.1125,0.11537,0.11986,0.1248,0.13038616308325707,0.13657,0.20775,0.20100763513513512,0.19335,0.18459,0.17717,0.16903,0.16024,0.15184,0.14431,0.13714,0.131,0.1247,0.11998,0.11443
19-01-2026 12:15,25533.2,0.13678,0.12256,0.11838,0.11453,0.11132,0.10931,0.10839,0.10893,0.11202,0.1148,0.11916,0.12362,0.12856,0.13528,0.20755,0.20032187581274383,0.19279,0.18492710763699804,0.17679,0.16839238344378607,0.15986,0.15134,0.14366,0.13692,0.13042,0.12428,0.11911,0.11353
19-01-2026 12:20,25542.4,0.11411,0.10639236314935928,0.10266,0.10198,0.10102,0.10115,0.10161,0.10353,0.10747,0.11081,0.11551953041549619,0.12093,0.12651,0.13326,0.20656433583959902,0.20187,0.1949,0.18591,0.17898,0.1707,0.16193646365909606,0.15342,0.14596,0.13906,0.13334,0.12723,0.12264,0.1197859252336448
19-01-2026 12:25,25526.05,0.11773,0.11337,0.11022,0.10788,0.1059,0.10529326347305389,0.10506,0.10649,0.10989,0.11301,0.11802,0.12303,0.12859,0.13467138126773892,0.2059153738910013,0.20069,0.19363,0.18491,0.17726,0.16944,0.16091,0.15195,0.14452,0.13732,0.13175,0.12558,0.12117,0.11557
19-01-2026 12:30,25524.6,0.1156,0.11206,0.10901516824244596,0.10649,0.10471,0.10398,0.10478,0.10605,0.10988,0.11311,0.11825,0.12325,0.12894,0.13527546304957905,0.20828,0.20129840225563908,0.19352,0.18479,0.17714,0.1689173820994304,0.16056,0.15226963706188332,0.14437,0.13743,0.13158,0.12566,0.1204244044669282,0.11576
19-01-2026 12:35,25520.4,0.11317,0.11034015379886374,0.10806,0.10634,0.10473,0.10458,0.10512,0.10677,0.11044,0.11385,0.11905,0.12427,0.12963,0.13648,0.2079,0.20021,0.19313,0.1853696924827843,0.17719935161773626,0.16889,0.1602720885785103,0.15193,0.1447,0.13831702577615804,0.13223,0.12613,0.12108705568720379,0.1169
19-01-2026 12:40,25513.2,0.12541,0.11795,0.11543,0.11233,0.10978,0.1096185201793722,0.10953426008968609,0.10951,0.1127,0.11583,0.12062,0.12569,0.13134561203787193,0.13754,0.2068132880098888,0.19952,0.19169,0.18334,0.17599,0.16763,0.15912,0.14958,0.14208,0.13552,0.12947,0.12357,0.11899,0.11338
19-01-2026 12:45,25525.45,0.11245,0.11086,0.10752,0.10625,0.1046,0.10419,0.1049,0.10643,0.10941656316766417,0.11367077208745542,0.1183,0.12333,0.12906358819251618,0.13545,0.20849,0.20163,0.19299,0.18466,0.17734,0.16901,0.15942,0.15063,0.14358,0.13708,0.13145,0.12577,0.12132,0.11637
19-01-2026 12:50,25519.95,0.13225,0.12577,0.11927,0.11491,0.11157,0.10981,0.10898,0.11020079043224866,0.11256,0.11547,0.12006,0.12495,0.13004,0.1353259919839679,0.20500919117647057,0.19944,0.19209,0.18312,0.17520195589767726,0.16716,0.15768,0.14943,0.14178,0.13477,0.12875,0.12287,0.11815,0.11251
19-01-2026 12:55,25545.2,0.11676,0.11437,0.11059,0.10847,0.10618,0.10546579179200688,0.10519,0.10619,0.1087518523667768,0.11253,0.11723,0.12192,0.12727,0.13345,0.21005,0.20296072723953262,0.19547,0.1875032146186026,0.17924,0.1706616093688474,0.16181089241613383,0.1531947292553533,0.14532,0.13839290805679258,0.13208,0.12633,0.12177,0.11853735208535404
19-01-2026 13:00,25548.85,0.10962,0.11163,0.10991087671232876,0.10731,0.10537912328767125,0.10433,0.10439,0.10603981835063898,0.10896,0.11199,0.11646122386281135,0.12166,0.12697,0.13246903079012076,0.21235,0.20432224634119167,0.19639615934905,0.18855,0.18082,0.17245,0.1631523542860862,0.15421,0.14696,0.14003821269651529,0.1335,0.1276,0.12278,0.11719
19-01-2026 13:05,25553.0,0.11105,0.1082,0.10615,0.10522,0.10357,0.10356219811320755,0.10356,0.10459,0.10837,0.11157,0.11633,0.12113,0.12647,0.13272,0.21327,0.20541,0.19782,0.18902,0.18215,0.17319,0.16354,0.15452,0.14677398711600306,0.1398,0.13362,0.12765,0.12291,0.11954126050420164
19-01-2026 13:10,25544.5,0.10337,0.10265,0.10198,0.1013,0.10012,0.10054,0.10159,0.1032,0.10731,0.11082,0.11533261295774373,0.12058057417419392,0.12627,0.13267,0.21759711842938556,0.20703785307156422,0.19734,0.18881,0.18155,0.17253,0.16370574291849668,0.1549456788320334,0.14671277532955337,0.13947,0.13366,0.12777,0.12327,0.11802
19-01-2026 13:15,25530.5,0.12054,0.11933,0.11433,0.11157,0.1088,0.10705,0.10720909814323608,0.10769,0.11106,0.11411,0.11878,0.12347,0.12873,0.13503,0.21156,0.20401,0.19485,0.18673,0.17924,0.17003,0.16063,0.1516,0.14386,0.13678,0.1306,0.12447,0.11935,0.11371
19-01-2026 13:20,25540.05,0.11055318155947637,0.10854,0.10655772718649213,0.1046,0.10267,0.10224,0.10289,0.10447,0.1084,0.11177,0.1165,0.12158,0.12702,0.13326,0.21433,0.20503,0.1966,0.18842,0.18086,0.17187,0.1627270376029328,0.15391,0.14603,0.13924,0.13310129574798038,0.127258596220427,0.12182409858266013,0.11691
19-01-2026 13:25,25531.0,0.11509,0.11210338547640544,0.10937343761947758,0.10686,0.10463,0.10398,0.10429,0.10620572363297101,0.10936,0.11284,0.11748817263187647,0.12271,0.12805,0.13355416422287392,0.21303,0.20446969653003472,0.19606,0.18782,0.17992,0.17115,0.16142,0.15289,0.14481,0.13759,0.13151,0.12532,0.1198461645024851,0.11497
19-01-2026 13:30,25535.2,0.12707,0.12045,0.11491,0.11121,0.10838,0.10671,0.10690024871039057,0.10745,0.11038,0.113851579729305,0.11785,0.12254664520489471,0.12795,0.13391243561468413,0.21217,0.20341,0.19546,0.18734,0.17957,0.17054640353285605,0.16126,0.15263,0.14467,0.1373,0.13107,0.1252427585221042,0.11976,0.11473827556631266
19-01-2026 13:35,25552.1,0.11146,0.11216,0.10796,0.10693,0.10432,0.10337,0.10342,0.1046,0.1082,0.11146,0.11581428469538245,0.1209,0.12648499205134245,0.13269,0.21298,0.20558,0.19688,0.18916,0.18172,0.17305,0.163922581836722,0.15501,0.14706,0.13943,0.13343,0.12780950049056802,0.12225,0.11648
19-01-2026 13:40,25558.15,0.10084,0.10173074074074073,0.10209814814814815,0.10217,0.101305,0.10044,0.1013245863348614,0.10345583933638944,0.10605,0.10954,0.11444,0.11938,0.12445,0.1312,0.21455,0.20664,0.19828,0.18984,0.18241,0.17425,0.16413,0.15593,0.14815,0.1405,0.13410181692351356,0.12854,0.12393,0.11829
19-01-2026 13:45,25544.95,0.14487,0.13666,0.12756,0.1211327706748936,0.11614,0.11251,0.11062,0.11052,0.11243,0.11496,0.11903,0.12358,0.12837,0.13339383297644544,0.20948,0.20197,0.19316,0.18546,0.1781,0.16934926935940173,0.16012,0.15118,0.14295,0.13559583371281073,0.12862,0.12181,0.11596,0.11114279620853079
19-01-2026 13:50,25583.5,0.12838,0.12116,0.11623210444634266,0.11228,0.10902,0.10671545545571506,0.10557,0.10556,0.10766,0.11011,0.11406099418543443,0.11876,0.12347,0.12958,0.21282,0.20612858494446729,0.19832,0.18915,0.18123955017951074,0.17343,0.16467,0.15624,0.14823,0.14042,0.13434,0.12716,0.12208,0.11945970636215332
19-01-2026 13:55,25602.3,0.1106,0.1098,0.10677,0.104,0.1040044933108336,0.10402107993250084,0.10405441989875126,0.10410917324333446,0.10419,0.10667,0.11058014821282004,0.11533,0.12046,0.12655,0.2172,0.20913,0.20067,0.19324,0.18519,0.17687,0.16751,0.15869583295311415,0.1502695767378945,0.14258,0.136,0.12898,0.12389,0.11756
19-01-2026 14:00,25605.6,0.12322,0.12223218003412971,0.12019,0.11659,0.11217,0.10884,0.10831711384680136,0.10802244581228956,0.10793,0.1095710790144435,0.11282,0.11712,0.12165,0.12738,0.21757,0.20907,0.20144,0.1936407760601548,0.18558,0.17699,0.16718,0.15838,0.14943175432354144,0.14124,0.13488,0.1275,0.12188,0.11534
19-01-2026 14:05,25625.95,0.12169,0.11189,0.10657570694758337,0.10345,0.10222,0.10043,0.09994,0.09999,0.10203,0.10432,0.10822,0.11282,0.11773,0.1229398948475289,0.21551944335297976,0.21071,0.20395,0.19544,0.18746846957992913,0.17924,0.16971,0.1609639811308842,0.15254,0.14421,0.13787,0.13055,0.12431120636998255,0.11896
19-01-2026 14:10,25615.15,0.09942639751552797,0.09995,0.09965,0.09834,0.09748,0.09712,0.09703,0.0976,0.10044,0.10361999114401535,0.10738,0.11256,0.11777,0.12431,0.22004,0.21226,0.20365,0.19573,0.18818,0.17891,0.16968880317462587,0.16056625073481226,0.15187,0.1439,0.13771,0.13078,0.12572,0.12282165137614676
19-01-2026 14:15,25589.9,0.13766,0.13118,0.12342,0.11812,0.11379,0.11051,0.10828,0.10703,0.10803,0.10946,0.11277,0.11743,0.122529403337764,0.12803,0.21411573048925003,0.20806,0.20148,0.19370647334272614,0.18514263462631342,0.1762,0.16675,0.15749271165327522,0.14877,0.1408135283274023,0.13337086980472676,0.12657,0.12068,0.11520536615384616
19-01-2026 14:20,25610.85,0.11315,0.11321,0.10957,0.10694,0.10476,0.10277,0.10187322580645161,0.10149,0.10277143304130162,0.10535,0.10893,0.1136,0.11863,0.12504,0.21923,0.21064,0.2033,0.19293,0.18517790369583567,0.17771,0.16863,0.15994676937042385,0.15143,0.14296,0.13683,0.1295,0.1243,0.11837
19-01-2026 14:25,25607.6,0.10579,0.10267,0.10032,0.10001,0.09933,0.09860910279531108,0.0982,0.09887992823773058,0.10062874536435004,0.10301,0.10743,0.11224,0.11779,0.12402714285714285,0.21751,0.21036,0.2018818299484738,0.19334,0.18599,0.17685,0.16782,0.15877,0.15127,0.14339,0.13723,0.13016,0.12514,0.12251760132340778
19-01-2026 14:30,25603.8,0.12084,0.11134,0.10881,0.10532,0.10358,0.10147,0.1003,0.10042,0.1026,0.10453,0.10834,0.1135,0.11882,0.12533,0.21718,0.20826,0.20189,0.19396620689058758,0.18532,0.176635382339061,0.16768,0.15837,0.15067,0.14307703655098086,0.1356571198657017,0.12894,0.12309988214067491,0.11796
19-01-2026 14:35,25599.55,0.12345,0.12152,0.11567,0.11125,0.10814,0.10541,0.10401152629931121,0.10339,0.10504,0.10732140657555353,0.11035,0.1145241968356337,0.11997076508448352,0.12651,0.21189680243161083,0.20833,0.2015,0.19188,0.18429,0.17585902603489012,0.167,0.15792,0.15039,0.142,0.13561,0.1285,0.1222946941019853,0.11684
19-01-2026 14:40,25614.95,0.11309081632653062,0.10885,0.10565,0.10395,0.10221,0.10078,0.09969,0.09987,0.1021,0.10379,0.10764,0.11244,0.11784,0.1245,0.21837,0.20946,0.20102073338466137,0.19316,0.18627,0.17783044627887978,0.16874,0.1597,0.15185,0.14455935657327085,0.13747,0.13037,0.12507,0.1193
19-01-2026 14:45,25620.55,0.11037,0.10708,0.10642,0.10373,0.10236,0.10072,0.10023489071038251,0.10005,0.1013067650834403,0.10383,0.10731,0.11241,0.1174,0.124,0.21897,0.21129999150710313,0.20335,0.19509415836285784,0.18659,0.17784,0.1691422494609554,0.16058,0.15209185558366323,0.14412,0.1369837947094589,0.1307,0.12563,0.11969
19-01-2026 14:50,25623.15,0.1085,0.11035,0.10789,0.10536,0.10345,0.10191162835899589,0.1008,0.10025,0.10186,0.10386,0.10726,0.11208,0.11747,0.12387,0.22025,0.21127,0.2028990950280318,0.19481,0.1870071390366669,0.17899,0.16996,0.16130768564497575,0.15287,0.14462,0.1383,0.13097,0.12523,0.12127342769701609
19-01-2026 14:55,25624.2,0.10733,0.10517334893471794,0.1031616978694359,0.10127,0.09954,0.09874,0.09781,0.09807,0.09944850964257482,0.10225004800577624,0.10572,0.11066,0.1161,0.123,0.21573378571428575,0.21316,0.20647,0.19636,0.1889,0.17969,0.1708881147710086,0.16236,0.15414,0.14574,0.13925,0.1319,0.12646,0.11994
19-01-2026 15:00,25629.95,0.07571,0.08335,0.08974,0.09084,0.09125050482607441,0.09157,0.092,0.09314,0.09527515982339749,0.09833,0.10272,0.10799521116098876,0.1141,0.12154,0.22197,0.21378,0.2071,0.197,0.19015,0.18176565646649448,0.17272,0.16368,0.15576,0.14772,0.14142,0.1343,0.12823650200129497,0.12304
19-01-2026 15:05,25604.15,0.09258,0.09554,0.09658,0.09568,0.09561,0.09522274038461538,0.09489,0.09552,0.09746207522129434,0.10054,0.10469,0.11057,0.11692788053757722,0.12372,0.21802,0.21072529169814488,0.20222,0.19224,0.18469,0.17621,0.16796,0.1595,0.15167,0.14429,0.13815,0.13117,0.12627,0.1205
19-01-2026 15:10,25595.95,0.09948,0.10101,0.10084,0.09878,0.09738,0.09655,0.09659133720930232,0.09673,0.09952,0.10267468334520442,0.10649,0.11201,0.11776,0.12506,0.21773,0.20871,0.20256,0.19383078162646644,0.18448,0.17658781310171015,0.16875,0.16006,0.15216,0.14468,0.13795887255339376,0.13201,0.12721,0.12057
19-01-2026 15:15,25590.9,0.07844,0.08475578676829863,0.08914990686993063,0.09114,0.09153,0.09184,0.09221,0.09384,0.09699,0.10038,0.10533398362665615,0.11103,0.11673,0.12435,0.21822,0.20996,0.20319,0.19338,0.18491312218028863,0.17701,0.1691156121342598,0.16128691653747185,0.153644414873554,0.1463086088064241,0.1394,0.1332,0.12822,0.12252
19-01-2026 15:20,25561.25,0.09731000000000002,0.09787,0.09795,0.09701,0.09614,0.09589,0.09618301941466241,0.097,0.10062,0.10386,0.10847,0.11473,0.12238954001839926,0.13069724011039563,0.21484,0.20616,0.19979,0.18962,0.18234,0.17327,0.16539,0.15720253062612516,0.14912,0.1416,0.13589,0.12968,0.12511,0.11944
19-01-2026 15:25,25558.3,0.09554,0.09861,0.09696,0.09634,0.09561,0.09436,0.09451911940723853,0.09501,0.09899,0.10247,0.10776,0.11357990832696714,0.12024,0.12882,0.21267,0.20797,0.19916,0.18901,0.18177,0.17387784192395173,0.16565408603820705,0.1576,0.14997,0.14303183391596988,0.13666,0.13105,0.12566,0.12062
20-01-2026 09:15,25559.3,0.10885916666666667,0.10782,0.10653,0.10479189558383234,0.10309,0.1019,0.1017,0.10278,0.10608,0.10934,0.11380917365908169,0.11927393214140594,0.12580172455302724,0.13346,0.21699,0.20794288459131974,0.19926902557685264,0.19091065377395922,0.18281,0.17515,0.1668336465636273,0.15866,0.15120315414050126,0.14448,0.13891,0.13211,0.12705,0.12128
20-01-2026 09:20,25552.55,0.08388059925093634,0.08687,0.08941029962546816,0.09153059925093633,0.09326,0.09455,0.09623765131652162,0.0986,0.10298,0.10721,0.11258,0.11879544593190293,0.1258,0.13370633779570879,0.21599542541123085,0.20639,0.19765847513707696,0.18967,0.18249,0.17475,0.16647,0.15859,0.15205,0.14592073815783674,0.14001,0.13427,0.12977,0.12469
20-01-2026 09:25,25506.85,0.10561,0.10672,0.10533078715365239,0.10338,0.10249,0.10253,0.10265,0.10513,0.10934,0.11327,0.11882,0.1255,0.13235,0.14021,0.2123,0.20321919011082692,0.19446,0.18606,0.17821,0.17054,0.16225,0.1547,0.14799,0.1406,0.13579,0.13023,0.12513351091142494,0.12043
20-01-2026 09:30,25488.8,0.11948,0.11639,0.11324,0.11045,0.10868,0.10756790250447228,0.10704,0.1092,0.11322,0.11746579019526152,0.1223,0.1285405635226354,0.1357,0.14346,0.21217,0.20227527601108936,0.19305,0.18456,0.17625,0.16882,0.1604386310144455,0.15211,0.14485,0.13766,0.13177574390899954,0.12653,0.12177,0.1169
20-01-2026 09:35,25481.8,0.1060469090909091,0.10612,0.10606,0.10502,0.10486,0.1052629012345679,0.10637913580246913,0.10807,0.11262,0.11688,0.12267418964164911,0.12934,0.13647,0.14437,0.21414,0.20424,0.195,0.18618,0.17789,0.16979,0.16114,0.15338134361685557,0.14609,0.13917,0.1344,0.12895,0.12492,0.12093
20-01-2026 09:40,25461.45,0.1239,0.12095,0.1183,0.115,0.11282,0.1114,0.11103,0.11314631144945511,0.11716,0.12152985952525722,0.1268454384712836,0.1328,0.13964503513517543,0.14751,0.21405880933308685,0.20484,0.19571,0.18669070122933687,0.17786,0.1694,0.16066,0.15234,0.14484,0.13754,0.13193,0.12643,0.12153631268436578,0.11715
20-01-2026 09:45,25463.25,0.11886,0.11763,0.11452,0.1124252273647795,0.11093,0.11004,0.10994,0.11251,0.11668,0.12084,0.12630493132687326,0.13274264214232975,0.13976,0.14772,0.21617,0.2068,0.19749,0.18816,0.17992,0.17097,0.16206,0.15357,0.14623,0.13888,0.1330163720283596,0.12791,0.12344,0.11877
20-01-2026 09:50,25462.3,0.10254243243243243,0.10359,0.10437,0.1047,0.10478,0.10524,0.10628,0.10976,0.11486,0.11966,0.12551,0.13248,0.13991,0.14806,0.21566,0.20717,0.19781,0.18870766520449964,0.17986,0.17141,0.16265,0.15482,0.14771,0.14109,0.13582021563728783,0.13128,0.12741,0.12411901012373451
20-01-2026 09:55,25459.95,0.12017,0.11734,0.11509,0.11309,0.11168,0.11066,0.11082,0.11301,0.11729,0.12141,0.12645,0.13352,0.13992,0.1482,0.21354,0.20408713222145805,0.19488,0.18602577420394129,0.17719,0.16798,0.15917,0.15126,0.14375,0.13703,0.1318,0.12653,0.12229970629435935,0.1189
20-01-2026 10:00,25467.2,0.12195656224600379,0.11817,0.11515552074866792,0.11298,0.11161,0.11093587760910817,0.11064,0.11255,0.11595746229260934,0.12051,0.12609567567386054,0.13244,0.13902,0.14695,0.21533,0.20573423623769593,0.19651,0.1877,0.1793,0.17022,0.1615,0.15279,0.14534692205784713,0.1385748165363074,0.13245,0.12718,0.12286,0.11927
20-01-2026 10:05,25465.6,0.12575,0.12217,0.11847,0.1155,0.11323,0.11169,0.11138,0.11299,0.11669,0.1210564611790259,0.12594889384504168,0.13143,0.13808,0.144759353800161,0.21274,0.20373,0.19436,0.1854,0.17664,0.16787,0.15919,0.15038,0.14302,0.13565,0.1304,0.1248,0.1205,0.11612
20-01-2026 10:10,25484.8,0.1074,0.10682,0.10632,0.10583,0.10569,0.10526,0.10616,0.10868,0.11282,0.11673,0.12245,0.12917,0.13582,0.14239963350785337,0.21481,0.20536,0.19732,0.1883,0.18013,0.17126,0.16273,0.15463,0.14738,0.14062,0.13526,0.13044571570119087,0.12609,0.12236714710357266
20-01-2026 10:15,25468.6,0.12772,0.12327,0.11949,0.11605,0.11314,0.11173,0.11205811146869514,0.11295,0.11646,0.11995,0.12512,0.13111900340981097,0.13793,0.1461,0.21212,0.20321,0.1946866051869064,0.18619,0.17738,0.16858,0.16035,0.15144,0.14432,0.13723,0.1311,0.12532,0.12078,0.11595
20-01-2026 10:20,25485.6,0.11154,0.10884,0.10774,0.10619,0.10572,0.1057221947749612,0.10573,0.10814,0.11161430656380754,0.11595,0.12138,0.12801,0.13389,0.1418,0.21395,0.20507,0.19666,0.18808694169707785,0.17934,0.1703,0.16192,0.15335,0.14566,0.13856,0.13311,0.1275,0.12343,0.11945
20-01-2026 10:25,25487.25,0.10661,0.10795,0.10761,0.10587,0.10469,0.10423,0.10512407114624506,0.10713,0.11101,0.1149,0.12026451963684237,0.12653,0.13323824669003118,0.14058,0.2140586803519061,0.20576,0.19731,0.18871,0.17989,0.1711,0.16216,0.15401,0.14591,0.1393832194315377,0.13349,0.12787,0.123398213341558,0.11984
20-01-2026 10:30,25478.75,0.11189,0.11147,0.10921,0.10751441128770678,0.10666,0.1069399868832129,0.10774219598864801,0.10901,0.11309,0.11659,0.12183,0.12783,0.13375,0.14165,0.21488,0.20547127578601032,0.19647421823868735,0.18781,0.17961,0.17077329572006797,0.16191,0.15362,0.14569531771851935,0.13855,0.13287,0.12723,0.12353,0.1192
20-01-2026 10:35,25473.7,0.1313374053784861,0.12579,0.12096913512616202,0.1168,0.11332,0.11134,0.11109,0.11239,0.11489,0.11793,0.12257,0.12839,0.13405,0.14165,0.21389,0.20442,0.19551,0.18693,0.17812,0.1691885899376545,0.16038,0.152,0.14354,0.13645711424631118,0.13003,0.12406,0.11976,0.11477
20-01-2026 10:40,25492.55,0.10672,0.1075,0.10644,0.10503,0.10373,0.10351,0.10451977905859751,0.10662,0.10972064112559282,0.11392,0.11913,0.12533,0.13116,0.13874,0.21694,0.20647,0.19750281514394552,0.18906,0.18062,0.17170792204822996,0.16265,0.1537,0.14615,0.13932,0.1333,0.12777,0.12399,0.11969
20-01-2026 10:45,25480.45,0.11358,0.11198,0.11056,0.10835,0.10654,0.10603,0.10659,0.10880898527975315,0.11211,0.1154,0.12060461828649024,0.12682,0.1331087663934426,0.1398,0.21571,0.2057,0.19716,0.18776,0.17897,0.16961,0.161,0.15226,0.14411,0.13716,0.13185,0.12672052561753624,0.12186,0.11749
20-01-2026 10:50,25478.05,0.10456,0.10511999999999999,0.1052,0.10423,0.10371,0.10367,0.1047,0.10718,0.11123,0.11475,0.12044109322297196,0.12687,0.13248,0.14035,0.2147349133168223,0.20685,0.19856,0.18954691826012277,0.18033,0.17134,0.16222,0.15388,0.14507,0.13858,0.133,0.1275,0.12352,0.11934
20-01-2026 10:55,25465.4,0.11001,0.10910606580650549,0.10815546494634432,0.10717,0.10613,0.10588,0.10683,0.10947061117759434,0.11304,0.11638,0.12194,0.12796,0.13456001366178694,0.14169,0.21569,0.20598,0.19799,0.18832,0.1791869880349879,0.17018,0.16098,0.15292353340525244,0.14522253155518133,0.138078763002484,0.13169399629985779,0.12627,0.12217,0.11789
20-01-2026 11:00,25459.55,0.10868,0.10793766313383209,0.10691,0.10551,0.10506,0.10499,0.10609,0.10852,0.11267,0.1165,0.12191,0.1283,0.13487,0.14197,0.2147109831460674,0.2054,0.19629699438202247,0.18736,0.17861,0.16953,0.16081792010498905,0.15227,0.14379,0.13738,0.1317,0.12624,0.12208,0.11829
20-01-2026 11:05,25453.55,0.11082,0.10903,0.10740304146633978,0.1059407736067331,0.10513,0.10492,0.10611666060054596,0.10871,0.11321,0.11702,0.12277,0.12917578343844907,0.13604,0.14342,0.21476504405286348,0.20524,0.19601,0.18708,0.17858,0.16914,0.15993088011244685,0.15100089328201707,0.14305,0.1366,0.13097,0.12559,0.12122,0.11696
20-01-2026 11:10,25452.35,0.11261484210526315,0.11093,0.1091,0.10713,0.10610674870466322,0.10565,0.10673,0.10914,0.11382,0.11773,0.12347,0.13009,0.1366,0.14428,0.21249,0.20293,0.19392,0.18522,0.17663,0.1674,0.15857,0.15015480981604362,0.14242,0.13592,0.13029,0.12541870614610776,0.1209,0.1166
20-01-2026 11:15,25445.65,0.12009,0.11438323823119405,0.11068,0.10879,0.10745142515923567,0.10679,0.10767,0.11018,0.11439,0.11865,0.12418,0.13069,0.13729,0.1449,0.20997913812154692,0.20226,0.19364,0.18416,0.17559,0.16641329741678954,0.15732,0.14903,0.14108,0.13466595569846376,0.12892,0.12356,0.11899049401343803,0.11507
20-01-2026 11:20,25449.95,0.11642,0.11418,0.11154,0.10934,0.10777,0.10780217171717173,0.10791,0.11005,0.11411,0.11805,0.12377233498873838,0.13031,0.13678,0.14464,0.21234,0.20231,0.19334,0.18431,0.17548,0.16635,0.15739,0.14897209990508906,0.14115,0.13428,0.12837,0.12298,0.11879,0.11461
20-01-2026 11:25,25447.1,0.12592935691318324,0.12128655948553052,0.11703,0.1135,0.11081,0.10990587526959023,0.10955,0.11127,0.11507,0.11939206367844643,0.12429,0.13025,0.13698,0.14503,0.21107,0.20205,0.19287544925438513,0.18367,0.17454,0.16522391998569189,0.15634,0.14866,0.14012,0.13309,0.12699,0.12172286589163331,0.11676,0.11183
20-01-2026 11:30,25458.7,0.11472028436018956,0.11182,0.10942,0.1076,0.10639,0.10670888252371416,0.10757443171409498,0.10885,0.11215063379601665,0.1172,0.12297,0.12923,0.13594,0.14388,0.21286,0.20421981064763994,0.1952,0.18574,0.17666971701076797,0.16773,0.15875,0.15054,0.14234,0.13524,0.12935,0.12433254662819068,0.11971,0.11532
20-01-2026 11:35,25466.4,0.11355,0.11138,0.10887,0.10647,0.1051,0.10478,0.10551,0.10819427151799146,0.11214,0.11609,0.12192,0.12830605095541403,0.1352,0.142698152866242,0.21221519635742747,0.20421,0.19568,0.18664,0.17681,0.1678,0.15921,0.15068,0.1423,0.13516,0.12912,0.12373,0.11943,0.11498
20-01-2026 11:40,25461.5,0.12097,0.11616247781675608,0.112,0.10852,0.10679,0.10562,0.1063,0.1084,0.11251,0.11636,0.12252,0.12877,0.13566,0.14361,0.21200464764991292,0.20279,0.19372899049162315,0.1847946476499129,0.17596,0.16727,0.1579,0.14947,0.14098,0.13390204313874082,0.12755288705125845,0.12192,0.11721,0.11300547377533851
20-01-2026 11:45,25463.2,0.12048,0.11557,0.11228,0.10909,0.10693682080924855,0.10589,0.10685054960456104,0.10936229894549612,0.11287039881368313,0.11682,0.12256,0.12889,0.13567,0.14366,0.21245,0.20392868343195264,0.19501,0.18563,0.17653,0.16721,0.15814,0.1494346174973705,0.14123,0.13391,0.12791,0.12175,0.11723,0.11238
20-01-2026 11:50,25474.5,0.11774,0.11478,0.11099680097165993,0.10766,0.10586,0.10532441988950277,0.10512,0.10724,0.11143,0.11565,0.12162,0.12816174521401674,0.1352,0.14297,0.21369,0.20379,0.19501,0.18616,0.17708197229736258,0.16797,0.159,0.15025,0.14210454679952844,0.134400157171694,0.12763,0.12207933194912052,0.11707,0.11218
20-01-2026 11:55,25481.0,0.10771,0.103,0.10276,0.10132,0.10055,0.10028,0.10177713906441986,0.1052898336843953,0.10935,0.11412,0.12074,0.1275,0.13459,0.14305,0.22426441784548432,0.21213898803046796,0.20046966267682267,0.18937161044613715,0.17896,0.16935,0.16058,0.15217,0.14355,0.13664,0.13013,0.12432,0.12024,0.11575
20-01-2026 12:00,25467.5,0.09915,0.09916,0.09962,0.09945,0.09935,0.09996,0.10195705674555591,0.10549316779092997,0.10965,0.11489,0.12143,0.12857,0.13616,0.14475,0.21179144796380087,0.20503,0.19685,0.18735,0.1778,0.1687,0.1599096369180815,0.15162,0.1439450395653748,0.13671731150227082,0.13011,0.1244,0.12066,0.11678
20-01-2026 12:05,25450.2,0.09507,0.09683,0.09809,0.09795,0.09876,0.09977,0.1021031557056323,0.1057,0.1111,0.11635,0.12323,0.13027,0.13801,0.14649,0.21282,0.20368,0.1954,0.18582,0.17652,0.16785,0.1592,0.15096,0.14268,0.13574479390818203,0.12987,0.12524633535163968,0.1211,0.11695
20-01-2026 12:10,25433.1,0.1132,0.11044,0.10853,0.10653,0.10577,0.10538,0.1068,0.10975,0.1145,0.11952,0.12627,0.13302,0.14059,0.14884,0.213,0.20233,0.19356,0.1843,0.17522453585400305,0.16616,0.15694,0.14905415495278093,0.1415201076743156,0.13445176335220452,0.12796302717404792,0.12216780432744631,0.11718,0.11337
20-01-2026 12:15,25439.15,0.10619,0.10565,0.10437062812366543,0.10336,0.10326,0.10351,0.10532,0.10852,0.11348,0.11845,0.12495,0.13179,0.13909485187110188,0.14682,0.2137,0.20348,0.19506,0.18538,0.17628,0.16685912808600226,0.1577,0.14921558152524864,0.14148,0.13493,0.12875,0.1233,0.11862582115219261,0.11486492691315563
20-01-2026 12:20,25436.4,0.10575652173913046,0.10545275362318841,0.10402,0.10292,0.10264,0.10356724657092001,0.10597349085578668,0.10929548971276001,0.11297,0.11805,0.12472,0.13187,0.13929,0.14763,0.21345,0.20380993051634327,0.194262148043582,0.18479079154902978,0.17538,0.16608,0.15717,0.14894,0.14065,0.13405,0.12774,0.12213,0.1182,0.11411
20-01-2026 12:25,25423.6,0.1208,0.11588,0.11273,0.1099,0.10793,0.1080173629489603,0.10829,0.11071,0.11496552231109317,0.12048,0.12691,0.13422,0.14152,0.14968,0.20716743220807973,0.20144,0.19343,0.18337,0.17426,0.16461,0.15543,0.14757,0.13902,0.13232,0.12569,0.11981,0.11472496402877697,0.11056978417266188
20-01-2026 12:30,25431.55,0.10947,0.10733151224707134,0.10553,0.10408,0.10356,0.10387,0.10576,0.1087,0.11330300253664707,0.11914,0.12623,0.13368,0.14167,0.15026,0.21496860800000006,0.20421143466666672,0.19397,0.1843,0.17522,0.16558,0.1569,0.1486,0.14075,0.13438,0.12794,0.1214303825136612,0.11485229508196718,0.10820688524590158
20-01-2026 12:35,25423.05,0.11408425760286224,0.11162,0.10934,0.10734196779964222,0.10628,0.10684632757393386,0.10835932181453439,0.11054,0.11542,0.12063,0.1271841778607314,0.1346725327595857,0.1426,0.15113,0.20763709131905297,0.20148,0.19346,0.18374,0.1741843020078225,0.1649,0.15614,0.14836,0.14033,0.13389,0.12714,0.12128,0.1166405541577142,0.11297
20-01-2026 12:40,25423.5,0.10643,0.10618,0.10537458059485842,0.10452,0.10418,0.1047,0.10697,0.11016,0.11521,0.12104559184662232,0.12754,0.13497,0.14277,0.15133,0.20923311521603005,0.20113,0.19263103840534335,0.18383,0.17468,0.16540809240681037,0.15647,0.14846,0.1411647766492637,0.13430762897831441,0.12806,0.12269,0.11854,0.11481
20-01-2026 12:45,25416.4,0.11852,0.11428,0.11149,0.10896,0.10773,0.10729,0.10892,0.11188,0.1167,0.12145,0.12829,0.13531,0.14295,0.1516,0.20727869243888572,0.19996,0.19164,0.18237,0.17329,0.16429492609000965,0.155422430890664,0.14701,0.13937,0.13277,0.12663,0.12093,0.11667,0.11405819277108432
20-01-2026 12:50,25426.5,0.11311,0.11122,0.10906,0.10681,0.10613036343612335,0.10587,0.10744,0.11062,0.1147568982142279,0.11979,0.12619680805784872,0.13337,0.14056,0.14862,0.21124,0.202,0.1928,0.18391,0.1746793054042857,0.16542,0.15643,0.14851,0.14039,0.13381,0.12721,0.12141,0.1171,0.11314
20-01-2026 12:55,25428.95,0.1147,0.11217,0.10922290795811056,0.10689,0.10592,0.10607,0.10751,0.11028,0.11486,0.11946,0.1261,0.13324,0.14029,0.14881,0.21106,0.20141,0.19312,0.18387,0.17481,0.1652,0.15629,0.14784,0.13991,0.13364,0.12696,0.12136837910352402,0.11649,0.11241
20-01-2026 13:00,25428.55,0.11009,0.10856,0.1069,0.10542,0.1045,0.10516,0.1071627875815291,0.11061161241418214,0.11462,0.11955,0.12619,0.13349,0.14114548074575858,0.14912,0.21205,0.20322219529680932,0.1943,0.18527,0.1758918969431816,0.16656,0.15769,0.14962,0.14138,0.13494,0.12799,0.12204,0.11751,0.11459240458015268
20-01-2026 13:05,25423.7,0.11124,0.10852388130955751,0.106469762619115,0.10539,0.1049728835267478,0.1048,0.10666,0.1096,0.11432,0.11944,0.12623,0.13368,0.14102,0.14824918187964847,0.21158,0.20228,0.19419,0.18511,0.17570999894230638,0.16629,0.15714,0.14924,0.14094,0.13456,0.12772,0.12205426512550716,0.11728,0.11361
20-01-2026 13:10,25424.7,0.1078,0.10677,0.10565,0.10431,0.10396,0.1043,0.10644,0.10939,0.11386976224975533,0.11943,0.12599,0.13342,0.14125352595099935,0.14945,0.21222,0.20243,0.19356251733123944,0.18492,0.17599,0.16618,0.15767149459035687,0.14959,0.14143,0.13445390647974426,0.12811,0.12231,0.11774214067278288,0.11415
20-01-2026 13:15,25413.05,0.11745973630831645,0.11396,0.11111,0.10903,0.1073,0.10742,0.10895,0.11184,0.11607703726833704,0.12138,0.12795056829588267,0.13515,0.14205,0.15068,0.2115,0.20263512468377304,0.19348,0.18399,0.17438,0.16511,0.15615,0.14777,0.14038070553361603,0.13339,0.12652,0.12086733753385555,0.11587616876692776,0.11188
20-01-2026 13:20,25432.95,0.10549,0.10521,0.10463,0.10332,0.10306,0.10394395903117754,0.10583,0.10895,0.11362,0.11919965108463623,0.12537078276726374,0.13176,0.13839,0.14622,0.21272,0.20298,0.19458,0.18595,0.17658850884374358,0.16723,0.15861,0.15051,0.14317695155615018,0.13619,0.12938,0.12385,0.11936177262381288,0.11571
20-01-2026 13:25,25422.0,0.11166,0.11031,0.10826,0.10659,0.10591,0.10591,0.10740403846153847,0.11048,0.11505,0.11937,0.12564,0.13239,0.13918,0.14686,0.21043459062676453,0.20228,0.1938,0.18479039638879932,0.17549,0.16598,0.15731,0.14858,0.14068,0.1338682390241292,0.12769,0.12213,0.11760056585503523,0.1139
20-01-2026 13:30,25415.05,0.10348,0.10326,0.10286,0.10234,0.10244,0.10378,0.10643,0.10968,0.11426042390717944,0.11975,0.12607,0.13332,0.14008,0.14774,0.21187,0.20201,0.19422,0.18504701412288593,0.17533,0.16572,0.15696,0.14927,0.14108,0.13432803935041465,0.12852,0.123512282559967,0.11927,0.11595
20-01-2026 13:35,25392.3,0.10629,0.10578,0.10436,0.10439,0.10435,0.10572,0.10844602098403466,0.11231,0.11748,0.12272,0.12934,0.13666,0.14399,0.15221,0.21263,0.20288,0.19494,0.18565,0.1764,0.1668,0.15868,0.15101,0.14296,0.13658,0.13079,0.12511,0.12114,0.11918301554404143
20-01-2026 13:40,25365.4,0.1195,0.11614,0.11303,0.11111,0.10982,0.11059,0.11295,0.11636,0.12121,0.1265,0.13288,0.14036,0.14718,0.15527,0.20490550779150996,0.20149,0.19393,0.18288,0.17352,0.16381,0.15514,0.14686,0.1396209297342368,0.13282,0.1262,0.12081,0.11617779270929873,0.11217
20-01-2026 13:45,25372.15,0.11362,0.11193,0.10892,0.10755,0.10657,0.10757,0.11044,0.11415,0.11937,0.12474,0.13185,0.13917,0.14658,0.15474,0.21139,0.20267,0.19366976508025052,0.18461,0.17568,0.16583,0.15716586276403885,0.14928,0.14216959650343222,0.13548,0.12896,0.12333,0.1187,0.11453
20-01-2026 13:50,25364.1,0.11944174495939512,0.11542,0.11227058165313171,0.11015,0.10898,0.10929,0.11172,0.1156,0.12062624067317058,0.12651528624397762,0.13298,0.14043,0.14763,0.15575,0.21097,0.20219,0.1931977098321044,0.18405930473876608,0.1748990447293755,0.16584118981332333,0.15701,0.1481630759606769,0.14016,0.13401,0.12738,0.12171,0.11726,0.11303
20-01-2026 13:55,25368.4,0.12003499903697996,0.11596,0.11215083301232666,0.11014,0.10965479198767335,0.10947,0.11184,0.11536,0.12047,0.12582,0.13258,0.13973,0.14713,0.15527,0.21065,0.20234,0.19506,0.18455,0.17557,0.16568,0.15691913478291133,0.14869,0.14079,0.13478,0.12791,0.1224,0.11736,0.11303
20-01-2026 14:00,25369.7,0.11612680525164112,0.11201,0.10893,0.10744,0.10673,0.10818,0.11086,0.11473,0.12021,0.12591828539781616,0.13214,0.1396,0.1468,0.15515,0.21334,0.20365,0.1959,0.18662484131937337,0.17651898516130124,0.16678,0.15798,0.14922,0.14073,0.13489,0.13219005582693655,0.1341003349616191,0.1420910048848572,0.1576322330774603
20-01-2026 14:05,25359.55,0.11469887640449437,0.11154,0.10917,0.10798,0.10734,0.10897,0.11175,0.11592,0.12161,0.12749392038659033,0.13384,0.1413,0.14939914020058506,0.15808,0.2108887554585152,0.20364,0.19509,0.18532,0.17684,0.16732,0.1586,0.14999,0.14228,0.13639,0.12966,0.12411,0.11977,0.11678803842264915
20-01-2026 14:10,25355.15,0.1183,0.11485,0.11245,0.11080433227344991,0.11,0.11121612190632031,0.11373,0.11751,0.12316,0.1294157833445585,0.1360495840761443,0.1430835927696579,0.15054,0.15889,0.21223,0.20319,0.19414793655097365,0.18513,0.17612854548517126,0.16724,0.15862,0.15005320237023728,0.14221,0.13597,0.12932,0.12367749698860105,0.11860291516096719,0.11436
20-01-2026 14:15,25366.45,0.11245720725995316,0.11021,0.10847240241998439,0.10745,0.10704,0.10866,0.11137,0.11521,0.1203596360179599,0.12634,0.13298,0.14026516237459924,0.14814,0.1567154871237977,0.21147360594404863,0.20194,0.19271,0.18421034661910424,0.17576,0.16672,0.15844,0.15086996203574524,0.14368495830689962,0.13675,0.13014,0.12506325778439642,0.12065,0.11665
20-01-2026 14:20,25356.3,0.12201,0.11807,0.11508960811525376,0.11293,0.11176,0.11269601807228916,0.1147,0.11805,0.12277,0.12807,0.13424,0.14166,0.14925,0.157008074616922,0.21,0.20085,0.1926,0.18335,0.17458,0.16573,0.15718,0.14903,0.14153,0.13538,0.12847,0.12274,0.11845,0.11392
20-01-2026 14:25,25378.65,0.12105,0.117,0.11359125192424632,0.11102,0.10963,0.11063,0.11258,0.11627176497497493,0.121,0.12604,0.13239,0.13931,0.14648,0.15474,0.21293,0.2034,0.19521,0.1863362591570405,0.17705,0.1674,0.15813,0.14975,0.14241053974890305,0.13547,0.12861,0.12265,0.11805,0.11323
20-01-2026 14:30,25385.8,0.11073,0.10874,0.107264121772213,0.10605261644166206,0.10555,0.10716,0.109854634649696,0.11346,0.11802232585722175,0.12355,0.13016,0.13685,0.14361951879699247,0.15046711278195488,0.21419,0.20425,0.19517321809060173,0.18659,0.17846,0.169,0.16006,0.15221,0.14520879112238505,0.13853,0.1319,0.12654,0.12214,0.11784
20-01-2026 14:35,25374.45,0.10874,0.10747,0.10589,0.10523,0.10557749294781382,0.10647,0.10924,0.11288,0.11767569276360894,0.1233,0.12981,0.1365434333282848,0.14366,0.1516,0.21543,0.20562,0.19772,0.18902,0.17987,0.1709,0.16238,0.15404,0.14685713902498293,0.14024,0.13370481435367162,0.12795,0.12368,0.11927
20-01-2026 14:40,25356.7,0.1100671040058802,0.10881,0.10683,0.10648702866593164,0.10637,0.1082,0.11121,0.11492,0.12054,0.12572,0.13238,0.1394,0.14656,0.15455,0.21390706278026905,0.20743,0.19928,0.18959,0.18121,0.17213,0.16356,0.1549,0.1474,0.14077,0.13453,0.12876,0.12406,0.11977
20-01-2026 14:45,25345.55,0.11529,0.11294,0.11041,0.10917863612925403,0.10864,0.10987,0.11265,0.11615,0.12115461216781713,0.1272673007991946,0.13376,0.14068,0.14752,0.15514,0.21677,0.20717,0.19801,0.1883,0.17987,0.16997,0.16096,0.15256,0.14529940077987935,0.13852,0.13195,0.12642,0.12178,0.11732
20-01-2026 14:50,25348.5,0.10425,0.10393,0.10305,0.10315933059307106,0.10348,0.10534,0.10893,0.11368015457103872,0.11893,0.12412,0.1315,0.13842,0.14581,0.1543,0.21856,0.20883,0.19908248448587532,0.18946,0.18013817849402897,0.17097,0.16189,0.153,0.14558,0.1391,0.13254,0.12719232357208812,0.12282,0.11989697071626436
20-01-2026 14:55,25335.5,0.09571,0.09742,0.09848,0.09992,0.101,0.10445,0.10817,0.1129,0.11842042836162325,0.12474,0.13244,0.13951,0.14673,0.15479,0.21849,0.20933597172000204,0.19986792458667207,0.1901459151600061,0.18023,0.16993,0.16071,0.15238,0.14526,0.13876,0.13306,0.12801,0.12455,0.12171
20-01-2026 15:00,25288.25,0.1044,0.10407,0.10406,0.10487,0.10676223824380357,0.10966,0.1139,0.11894,0.1255,0.13227381295658427,0.13922743536718102,0.14653,0.15435335333333333,0.16265,0.2131,0.20251,0.19301,0.18224,0.17393,0.1639,0.15496,0.14722,0.14049,0.13464,0.12907933674910135,0.12433,0.12107,0.11819
20-01-2026 15:05,25289.95,0.09799594594594598,0.09853,0.09973,0.10149,0.10418,0.1078,0.11255,0.11733,0.12391,0.13068408708982315,0.13762569554716766,0.14491,0.15284,0.16084,0.21652,0.206747327155104,0.19639,0.18535,0.17685,0.16754577465531817,0.15847,0.15071,0.14413,0.13867,0.1335,0.12859,0.1252965987728827,0.12319
20-01-2026 15:10,25245.35,0.09945,0.10057130074906799,0.10261093483146934,0.10516,0.1089,0.11311,0.11855,0.1244097548581401,0.13062,0.13728265036698872,0.1442,0.15119,0.15931,0.16759,0.21653,0.2042,0.19461,0.18401,0.17462,0.16572227527527833,0.1576,0.15086,0.14497,0.14046,0.13613,0.13301,0.13092,0.13006362763915555
20-01-2026 15:15,25238.75,0.10515,0.10596,0.10699,0.10871,0.11216,0.11622771762458776,0.12091,0.12640322163619092,0.13259848120797954,0.13918,0.1462225644548069,0.15373,0.16161,0.16897,0.22738,0.21506,0.20367276470412007,0.19277,0.1819407297711637,0.17182,0.16316,0.15525216826053784,0.14824,0.14265,0.13767331592689297,0.13321,0.12945994778067885,0.12662305483028724
20-01-2026 15:20,25191.85,0.12125,0.11886,0.11737,0.1181143776371308,0.11975,0.12268767534300164,0.12685,0.13185,0.13761,0.14411,0.15051,0.15709,0.16426415292968238,0.17198,0.21581082300446217,0.20918,0.20017,0.18901,0.17854965772912937,0.16855,0.15906,0.15059698192109422,0.14289,0.13612,0.13026,0.12498,0.12099,0.11734
20-01-2026 15:25,25185.2,0.13530799485861184,0.13363966580976866,0.1297,0.12673,0.12581,0.12786,0.12951,0.13382972869602514,0.13935,0.14396,0.15029602955710894,0.15751,0.16495,0.17189,0.22351447988904302,0.2088,0.19656,0.18717,0.17528,0.16647,0.15823,0.15255,0.14239,0.1339,0.12805,0.12057,0.11524,0.11242085089773614
21-01-2026 09:15,25171.75,0.16186740206797445,0.15294,0.14593913402265818,0.14119,0.13853,0.13825,0.1395,0.142677746754633,0.14727,0.15271,0.1590074395892463,0.16575,0.17272,0.18004,0.22163,0.21205,0.20214,0.19239,0.18253,0.17277,0.16299,0.15324,0.14406,0.13532,0.12661,0.11838,0.11024,0.10135
21-01-2026 09:20,25204.0,0.14489,0.13684,0.13149,0.12897,0.12792,0.12825,0.13111,0.13522,0.14083,0.14681,0.15371,0.16135,0.16841,0.17651,0.22981,0.2192230235860928,0.20887,0.19878,0.18866,0.17861351052632016,0.16864797295728312,0.15893,0.14964,0.14123,0.13293,0.12507,0.11766,0.11031
21-01-2026 09:25,25249.5,0.11239,0.10943916666666668,0.10841,0.1092,0.11089906716782666,0.11359,0.11809702952000718,0.124,0.13056,0.1378,0.14569,0.15395,0.16214,0.16992,0.23932,0.22872,0.21849780929327572,0.20844,0.19844,0.18841660599505408,0.17844349161056328,0.16883,0.15985,0.15212,0.14385,0.13775,0.1322,0.12722596566523606
21-01-2026 09:30,25231.8,0.13669,0.12936244818045392,0.12412,0.12087,0.12038,0.12178107284932868,0.12475,0.12956,0.13608,0.14246,0.15005,0.15783,0.16532,0.17285,0.23425788867562394,0.22441262955854135,0.21439877159309023,0.20422,0.19388,0.18338,0.17316413159807764,0.16297,0.15255,0.14322,0.13429,0.12583,0.11875,0.11057
21-01-2026 09:35,25229.95,0.10924479134466769,0.10862746522411129,0.10846,0.10857,0.11027896920334503,0.11357,0.11819,0.12409,0.1309,0.13852,0.1468303179473357,0.1555,0.16438,0.17241,0.2393,0.22816115026676367,0.21739,0.20703,0.19679219568145548,0.18647,0.1758,0.16575,0.15633,0.14788,0.13944,0.13261,0.12591,0.12057
21-01-2026 09:40,25195.85,0.12855966101694916,0.12386,0.12034,0.11914,0.11944,0.12178,0.12572,0.13112450638109924,0.13744,0.14442,0.15206,0.15994057010008988,0.1679894517167116,0.17625,0.23126,0.22039,0.20921,0.19894,0.18912,0.17868,0.16818012674813368,0.15788,0.14814,0.13936,0.13038,0.12255,0.11511,0.10806996070726914
21-01-2026 09:45,25195.8,0.1269204347826087,0.12241,0.11905,0.11758,0.11872455112598905,0.12115,0.12508,0.13066,0.13685475697673496,0.14369,0.15164,0.1596371906513855,0.16779,0.17631,0.23041413068432667,0.21955,0.20885,0.19846494520847463,0.18822,0.17803,0.16786937355423912,0.15791,0.14843,0.1399,0.1314,0.12326,0.11657,0.10994
21-01-2026 09:50,25185.15,0.12236,0.11795,0.11607021128932757,0.11528,0.11669220238095238,0.11966,0.1243136883587427,0.1304,0.13697,0.14439,0.15238,0.16083,0.16916,0.17729,0.22539,0.21541,0.20434,0.19499,0.18528,0.17565,0.16525,0.15601,0.1469,0.13829607086907772,0.13028,0.12309970563032147,0.11641,0.11009
21-01-2026 09:55,25177.9,0.11379,0.11152,0.11143497194013896,0.11141,0.11346,0.11718,0.12215,0.1284,0.13571310915171106,0.14372168549372122,0.15213441908887076,0.16066,0.16945,0.17820980251346497,0.22504,0.21521,0.20467,0.1949278966125725,0.18558437110254614,0.17627,0.16679635222920794,0.1575,0.14867,0.14081,0.1334172402903618,0.12667,0.12103,0.1157
21-01-2026 10:00,25151.55,0.12546,0.12183888888888889,0.11965277777777779,0.11892,0.11961,0.12284,0.12739,0.13308,0.13961,0.14673,0.15487,0.16346,0.17209,0.18075990708478515,0.22193,0.21176,0.20171774488927124,0.19167,0.18148,0.1718,0.16211,0.15239,0.14399,0.13558,0.12784,0.12142,0.11506257849293564,0.10876
21-01-2026 10:05,25168.3,0.11696999999999999,0.11538,0.11423,0.11445,0.11619637694068247,0.120111410360046,0.12527073859938653,0.13075,0.13746,0.14494,0.15349,0.16138,0.16973,0.17714,0.22286,0.21264,0.20243,0.19279,0.18268,0.17313,0.16324,0.1546,0.1458,0.13816,0.13112,0.12476,0.11912,0.11439
21-01-2026 10:10,25142.55,0.12749,0.12315,0.12023,0.12039,0.12189,0.12482,0.12966686086582677,0.13563,0.14202,0.14965681616878926,0.15767,0.16529,0.17225,0.18029,0.21797,0.20761,0.19761947510865657,0.18776,0.17788,0.16848,0.159162830487305,0.14989,0.14065,0.13289,0.12515,0.11804,0.11153,0.10527
21-01-2026 10:15,25145.8,0.12333,0.11947,0.1175,0.11800908382590006,0.11928,0.12282,0.12764,0.13377,0.1409,0.14853737070370174,0.15653,0.16493,0.1719,0.17995,0.22032,0.21,0.19990955413589875,0.18993,0.1799673341017553,0.17012,0.16051,0.1514295332705594,0.14269291210085927,0.13445,0.12696,0.1204,0.11402,0.1085
21-01-2026 10:20,25143.35,0.1079,0.10745,0.1083,0.11044,0.11423,0.11936223323806215,0.1254,0.13227,0.14021,0.14801,0.15664,0.16499,0.17225,0.18071,0.22032,0.21089,0.20145,0.19248,0.18309,0.17442,0.16525,0.15763,0.14974,0.14271,0.13565,0.13077,0.12584,0.12255
21-01-2026 10:25,25100.4,0.12159,0.11908,0.11899,0.1201,0.12283,0.12700265327723886,0.13228,0.13878,0.14571,0.15384,0.16220322533413814,0.17048,0.17831,0.18593,0.21872,0.2089,0.19884,0.18907,0.17952,0.16988764373177342,0.16056,0.15206,0.1438,0.13602,0.12931,0.12317,0.11783262785284528,0.11316
21-01-2026 10:30,25093.35,0.12400999999999998,0.12031,0.11937,0.12075,0.12372,0.1282,0.13354,0.139873239099655,0.14693,0.15483,0.16325,0.17126351921178345,0.17901592627255838,0.18642,0.21712,0.2065,0.19696,0.18695,0.17735565329258154,0.1679,0.1584,0.14965,0.1415,0.13411838254082073,0.12715870085327396,0.12053,0.11435,0.10948
21-01-2026 10:35,25094.5,0.11848,0.1171,0.11731,0.11906474967879746,0.12280320733069772,0.12727,0.13274661669224205,0.13966600947819321,0.147,0.15472,0.16342,0.17133,0.17914,0.18757,0.2166,0.20606,0.19642,0.18667,0.17674,0.16751,0.15861854636255945,0.15015,0.14241,0.13525,0.12902,0.12337,0.11888,0.11568270216962526
21-01-2026 10:40,25076.8,0.11078815325821731,0.1126,0.11552605108607245,0.11919,0.12378,0.12957,0.13582,0.14283,0.14989,0.15783,0.16683,0.1751547640119142,0.18316,0.19098,0.21921,0.21009,0.20117,0.19196,0.18357490513035174,0.1754,0.16699,0.16,0.15276,0.14706,0.14202288799419097,0.13814,0.13602,0.13435
21-01-2026 10:45,25011.65,0.12991,0.12886,0.12996,0.13271,0.13656,0.14166119665772428,0.1476,0.15431,0.16135,0.16871,0.17751,0.18442,0.1892126225334182,0.19120573520050926,0.2134,0.20348,0.19441,0.18465,0.17497,0.1664,0.15781,0.14998,0.14243,0.13586424819360232,0.12982928438039437,0.1243,0.11945,0.11484
21-01-2026 10:50,25009.05,0.1201,0.12206,0.1254523554468779,0.1298,0.13479,0.14069379120141026,0.14727,0.15465964126009865,0.16232,0.16956,0.17816,0.18631,0.19414942545401287,0.20172,0.22256,0.21319,0.20412,0.19487574482124853,0.18603,0.17781936287283068,0.16991181879422879,0.16260836531851247,0.15621,0.1511,0.1474,0.14463,0.14192,0.14173
21-01-2026 10:55,24957.3,0.14328,0.14190625,0.14171,0.14384,0.14722,0.1518,0.157,0.16304208293190936,0.16965,0.17684,0.18447086239255275,0.19209,0.19924,0.20689,0.22052,0.2107396166104237,0.20088,0.19093,0.18127,0.1720788337303099,0.16314,0.1544,0.14602,0.13843,0.13092693380488046,0.1235,0.11617080141464137,0.10896094087808726
21-01-2026 11:00,24996.3,0.1347,0.13485682352941175,0.13532,0.13812,0.14231,0.14755,0.15363,0.16007,0.16697,0.17401,0.18197,0.18865,0.19583,0.20379,0.22455,0.21423,0.20399565548439577,0.19389,0.18403,0.1750752081311822,0.16654,0.15824,0.15064746098083365,0.14372,0.13756488095388303,0.13204,0.12724,0.12300154269972452
21-01-2026 11:05,24985.75,0.1377754010695187,0.13763,0.13894,0.14137,0.1458,0.15085,0.1568,0.16288,0.16942,0.17636,0.18417,0.19065,0.19721,0.20514,0.2196,0.20915,0.19861121458889186,0.18809957512286415,0.17801,0.16867,0.15968607699473447,0.15128,0.14394,0.13636,0.12993,0.12302,0.11738281575612505,0.11277
21-01-2026 11:10,25017.2,0.14584428571428568,0.14151142857142857,0.14029,0.14117714285714283,0.14317,0.14704,0.15151,0.15716039003469337,0.16355,0.17053013563089045,0.1778,0.18489,0.1916,0.19977,0.22119,0.21052,0.20085,0.19069,0.18073,0.17053,0.1613,0.15209,0.1432,0.13358,0.1251906340477583,0.11749,0.11042,0.10185
21-01-2026 11:15,25046.1,0.14397,0.14016,0.13936196488294314,0.13908,0.14103,0.14436,0.14881,0.15391,0.15965,0.16606,0.17377,0.18004,0.18735,0.1947,0.22158,0.21124,0.20104,0.19101,0.18117,0.17144728774460316,0.16191,0.15273,0.14403,0.13539,0.12731,0.12038,0.11276,0.10448272164948455
21-01-2026 11:20,25060.3,0.13169,0.12981,0.1297,0.13102,0.13391,0.13809,0.143424102795083,0.14952,0.15623352014510256,0.16346912113424944,0.17068,0.17767,0.1846491669631445,0.19168000177886707,0.22501,0.21551458600167725,0.20584,0.19596,0.18562,0.17611,0.16717,0.1585,0.14967,0.14173,0.13515,0.12908,0.12283,0.11697
21-01-2026 11:25,25041.3,0.12924,0.12753,0.12769,0.12964,0.13366,0.13824,0.14359,0.14983,0.15679,0.16395,0.17192,0.1789,0.18698,0.19456,0.22775,0.21815,0.20868,0.19892,0.18899,0.17966,0.17054,0.1622,0.15431262391411507,0.14682,0.13963157165925943,0.13311,0.12778,0.123
21-01-2026 11:30,25041.05,0.13283,0.13058,0.13096393233322692,0.13195,0.13501,0.13941,0.14477213316350648,0.15084,0.15759863832499987,0.16494,0.1728,0.17992,0.18742,0.19529012311901509,0.22611,0.21625428957633455,0.20654377220355885,0.1969538687290037,0.18746,0.17814,0.16906258451005562,0.16022,0.15174,0.1437,0.13617,0.12995,0.12374,0.1176
21-01-2026 11:35,25049.35,0.13118,0.12936,0.12957,0.13118,0.13391,0.13844,0.14389,0.14995,0.15668,0.16412655365462042,0.17176,0.17903131914633233,0.18645,0.19453,0.22696,0.21745972905719724,0.20769,0.19761,0.18773,0.17863,0.16983,0.16134,0.15305152958108506,0.14528,0.13856,0.13231,0.12686,0.12162
21-01-2026 11:40,25042.9,0.13430999999999998,0.13186,0.13145,0.13247,0.13537,0.13967309312241963,0.14483,0.1505,0.15708,0.16411,0.17186,0.17917,0.18658,0.19412,0.22612,0.21626,0.20649,0.19653,0.18629,0.177,0.16772,0.15908,0.15079,0.14328,0.13633573495233814,0.12979,0.12372,0.11798491078355315
21-01-2026 11:45,25045.15,0.132122397792314,0.13206,0.13213079926410465,0.13236,0.13523,0.13924,0.14427,0.1499,0.15644,0.16362,0.17162,0.1783,0.18635,0.1939,0.22687,0.21664,0.20673,0.19655,0.18659,0.17713,0.16783,0.15919,0.15087283106659424,0.14292,0.13557,0.12887,0.12235,0.11601245083207258
21-01-2026 11:50,25057.75,0.13374,0.13061,0.12978,0.1313,0.13417,0.13801,0.1433,0.14884,0.15563,0.16264,0.17054,0.17769,0.18521,0.19285,0.22699,0.217,0.2069478515322678,0.1968969991805754,0.18704,0.1774426986632263,0.16813,0.15925,0.15112,0.14337,0.13526,0.12839,0.12245,0.11627
21-01-2026 11:55,25064.55,0.13047,0.1286,0.12848,0.12994,0.13295,0.13718,0.14238,0.14817,0.15471,0.16176,0.1697,0.17657,0.18406,0.19166,0.22742,0.21717,0.20727634503929399,0.19738,0.18712,0.17786,0.16849,0.15966,0.15143298332924648,0.1435948655428351,0.13634,0.12978916624301529,0.12378,0.11829
21-01-2026 12:00,25081.9,0.14194,0.13712,0.13497,0.13424,0.13566191901737343,0.13853,0.14254,0.14764809388566486,0.15337,0.15944,0.16694,0.17378,0.18123,0.18878,0.225,0.21461,0.2048,0.19464207615640353,0.18432199735247312,0.17414,0.16427,0.15487,0.14552,0.13685293409332683,0.12857143083914063,0.1206,0.11306,0.10483
21-01-2026 12:05,25117.2,0.12873,0.12563,0.12408,0.12507580394922427,0.12718,0.13056,0.1351,0.14051,0.14695,0.15358,0.16068194397302893,0.16809,0.17581,0.18372,0.22780927047749186,0.21847,0.20894,0.19893378674561074,0.18906,0.17998,0.17017,0.16139,0.15266,0.14483,0.13702,0.13023,0.12375,0.11802
21-01-2026 12:10,25113.35,0.13919,0.13376,0.13116,0.13082,0.13145,0.13404,0.13797,0.14323804447503208,0.14912,0.15502,0.16263,0.16926,0.17671,0.18493224431818184,0.22408,0.21377,0.20384,0.19382961485700437,0.18381533919428494,0.17402,0.16463,0.15525,0.14665,0.13796,0.12963,0.12258,0.11525014175257732,0.10767
21-01-2026 12:15,25129.25,0.14212,0.13645,0.13300027047093763,0.13138,0.13217,0.13446508940972535,0.13796,0.14234,0.1479,0.15374,0.16084,0.16697,0.17331,0.18063,0.22482072216649954,0.2158,0.20614,0.19586,0.18552333807673743,0.17534,0.1656,0.15635,0.14722,0.13817,0.13001,0.12186,0.11408,0.10638
21-01-2026 12:20,25163.0,0.13704,0.13153,0.12845454873646212,0.12705,0.1280499128388839,0.1305076034555456,0.13361,0.13822,0.14354,0.14955,0.15667,0.16313264981976874,0.16958,0.17664,0.23038,0.22027,0.21058,0.20048,0.19071377161755648,0.18101,0.17114,0.162,0.15272,0.14432,0.13626,0.1279,0.12035275237529693,0.11349
21-01-2026 12:25,25166.9,0.11646,0.11482,0.11454,0.11565,0.11826,0.12225793040060379,0.12722,0.13303,0.13967,0.14655,0.15443,0.16135,0.16878,0.17670187456446,0.23888,0.22894,0.21913658140562262,0.20945,0.19993,0.19064,0.18145,0.1729333191656632,0.1647467708709859,0.1569068371408156,0.14943,0.14255,0.13679,0.132
21-01-2026 12:30,25153.65,0.14411,0.1373513287330724,0.13294,0.13066,0.13051,0.13202,0.13501642764191502,0.13924,0.14482,0.1501,0.15725,0.16402,0.17046,0.17743,0.23409,0.22385,0.21446,0.20472368879911337,0.19478604584545756,0.18477,0.17467,0.16519,0.15566,0.14664,0.13804,0.12914,0.12071,0.11267
21-01-2026 12:35,25191.3,0.1472,0.14047,0.13539,0.13212,0.13222628702397743,0.13255,0.13494,0.13883,0.14335,0.14828,0.15471,0.16102,0.1673958846663174,0.17383,0.2341,0.2241,0.21417536235340345,0.2043265721916875,0.19469,0.18542,0.17552,0.16609,0.15689,0.14758,0.13896,0.13075,0.12259,0.11461
21-01-2026 12:40,25225.6,0.13571867543171115,0.1311,0.12751622514390368,0.12561,0.12506,0.1262,0.12875,0.13254206654825257,0.13711,0.14219,0.14804,0.15492,0.16058,0.16847,0.24091,0.23056,0.22149,0.21174,0.20221,0.19333,0.18365,0.1747651938634998,0.16626,0.15783355137781663,0.14957828055186145,0.14166,0.13429,0.1274
21-01-2026 12:45,25260.15,0.14866,0.1408751174743025,0.13502,0.13106,0.12889,0.12878,0.1303485353130016,0.13345,0.13754,0.14228,0.14763488589868887,0.15331,0.15916,0.16562,0.24442313559322032,0.23445,0.22483,0.21557,0.20544,0.19649,0.18713375486664743,0.17763,0.16816,0.15944,0.15062,0.14206,0.13387,0.12606
21-01-2026 12:50,25266.0,0.1479699774066569,0.14299,0.13659,0.1332400050207429,0.13080222473259367,0.12986,0.13099,0.13379,0.1377,0.1423,0.14736,0.15339,0.15914,0.16617,0.247091618084708,0.23813,0.22897,0.21939508365294008,0.2098,0.20057,0.19091,0.182,0.17238,0.16351,0.15473,0.14632,0.13756,0.12958
21-01-2026 12:55,25281.8,0.13917,0.13277037037037037,0.12787907407407406,0.12593,0.12633438291650634,0.12746714874951903,0.12920772312427858,0.13143553166602542,0.13403,0.13891,0.14462,0.15084,0.15753,0.1646728892331526,0.25027,0.24056,0.23144,0.22236,0.2125,0.20318,0.19394,0.18479,0.17522,0.16673,0.15789,0.14926,0.14108,0.13375
21-01-2026 13:00,25281.3,0.13807,0.13319,0.12776,0.12551,0.12366,0.12413,0.12643,0.12955,0.13415,0.1394354688662863,0.14535,0.15225,0.1586,0.16594,0.25099,0.2412,0.23143,0.22218,0.21278,0.20316,0.19335,0.18437,0.17542495613940404,0.16650704568050467,0.15764,0.14886,0.14094,0.13318
21-01-2026 13:05,25288.85,0.12164,0.11875,0.11667,0.11569,0.11638912389142704,0.11798,0.1212,0.12532,0.13069,0.13647,0.14268,0.1494481725002726,0.1566290862501363,0.16431,0.2505277428226588,0.24198082677924854,0.23312,0.2240036089264162,0.21469,0.20515,0.19551,0.18666,0.17799,0.1693,0.16109,0.15329,0.14588,0.13943
21-01-2026 13:10,25221.5,0.14555,0.13388,0.13292,0.12941,0.12723,0.12818,0.1302988715577616,0.13326,0.13677,0.14244,0.14910405787385853,0.15601,0.16247,0.17012,0.24334,0.23292,0.22424,0.21525,0.20452,0.19612,0.18546,0.17645,0.16852,0.15804,0.14967,0.14177,0.13249,0.12413
21-01-2026 13:15,25225.05,0.1338,0.12896,0.125369897627504,0.12326,0.1228,0.12402,0.12673671356976254,0.13065,0.13568,0.14121,0.14793,0.15501,0.16172,0.16931,0.24435,0.23512,0.22589,0.21678,0.20749,0.19819,0.18906521580744173,0.18004,0.1711,0.1628,0.15452,0.14636,0.13888,0.13236
21-01-2026 13:20,25225.7,0.12872,0.12486,0.12214706238998631,0.12081,0.12085,0.12246,0.12556,0.12964,0.13486,0.14077,0.14761412416574454,0.15468,0.16132,0.16885,0.24202140425531912,0.23557023404255314,0.22782,0.21895,0.20902,0.19978,0.19047,0.18129,0.17260331736204518,0.16424,0.1560399621070665,0.14833,0.14156,0.13545
21-01-2026 13:25,25205.25,0.1342266998011928,0.1299,0.12663,0.12487,0.12494,0.12633067415730337,0.1291,0.13326,0.13837026273124817,0.14405,0.15016,0.1571775674410053,0.16463,0.17223,0.24316,0.2337,0.22373,0.21445,0.2047801493931513,0.19494799291218903,0.18538,0.17635,0.16764,0.15913,0.1512,0.14385676267176267,0.13687921466921468,0.1304
21-01-2026 13:30,25215.7,0.11923823788546269,0.11492303964757712,0.11384,0.11439,0.11611,0.11898,0.12301536734760886,0.12793,0.13384,0.14041,0.14752750337260745,0.15498928851981092,0.16265,0.17059,0.24707,0.23815,0.2287309345916361,0.21911,0.20948,0.20028,0.19119795847065793,0.18238,0.17411,0.16604,0.15871,0.15219,0.14655,0.14146
21-01-2026 13:35,25182.35,0.14827,0.13934,0.13698,0.1338,0.13289,0.13224,0.13413763322884012,0.1378,0.1423,0.14773,0.15379,0.1603536494491608,0.16719,0.17421,0.2364210289590697,0.22763,0.21834700965302323,0.20869,0.1986,0.18997,0.18004,0.17157,0.16251,0.15345292566128535,0.1445397322687172,0.13646,0.12972,0.12058
21-01-2026 13:40,25193.1,0.13324,0.1284275790513834,0.1257,0.12472,0.12518,0.12695,0.1298862925415036,0.13381,0.13901,0.14486,0.1513078679852036,0.1581,0.16516,0.17297,0.24104,0.23161,0.22252,0.21314,0.20345,0.19387,0.18456,0.17598,0.16736248929673558,0.15902,0.1512673122401915,0.14393,0.13706,0.13075
21-01-2026 13:45,25192.95,0.13211,0.12832,0.12551613344364415,0.12411,0.12448,0.12634,0.12935,0.13354492311642696,0.13859,0.14451,0.15095,0.15785,0.16523,0.17348,0.24175,0.23225,0.22274,0.21318,0.20349,0.19378,0.18417,0.17565,0.16677,0.15838,0.15065481340226153,0.14335,0.13649,0.13029
21-01-2026 13:50,25179.95,0.12507,0.1225,0.12106,0.12096,0.12254,0.12493,0.12858,0.13335,0.13902,0.14536116975827848,0.15218,0.15955,0.16688,0.1742,0.2418,0.23224,0.22298,0.21312,0.20354,0.19431,0.18498,0.1767,0.16826,0.1603,0.15311,0.14644,0.14051,0.13536346031746033
21-01-2026 13:55,25164.25,0.12508,0.1227,0.12142,0.12211336492890995,0.12362,0.12617386364251862,0.12986,0.13471,0.14081,0.14683,0.15375,0.16127,0.16886,0.17614,0.24014,0.23066,0.2216,0.21187,0.20207,0.19268827418155693,0.18358243586887685,0.17487,0.16677,0.15894,0.15212,0.14506,0.13935,0.13429
21-01-2026 14:00,25141.15,0.1314784210526316,0.12917,0.12692,0.12689,0.12849,0.1309,0.13466,0.13925,0.14488,0.15069,0.15765,0.16457,0.17215,0.17942,0.23306736956521745,0.2242,0.21511,0.2058,0.1960525775942248,0.18634,0.17715,0.16852,0.16041857792553227,0.15275,0.14567,0.139,0.13280321783161242,0.12701
21-01-2026 14:05,25151.55,0.12298,0.12147,0.12020911439114391,0.11955,0.12101,0.12406,0.12791,0.13284,0.13906,0.14563496707493898,0.15267,0.1606,0.16894,0.17767966810079908,0.23437,0.22453,0.21563,0.20635,0.19667,0.18761,0.17836,0.169660842528852,0.16148,0.15407,0.14726,0.14125,0.13589913416135452,0.1311
21-01-2026 14:10,25141.05,0.12266000000000003,0.12105,0.12018,0.12055,0.12248,0.12586,0.12964,0.13475,0.14070418774956567,0.14735,0.15495,0.16301,0.1715164878671775,0.18042892720306505,0.23095,0.2211,0.21157285651277613,0.2022235101382102,0.19295,0.18376,0.17494470092902006,0.16637562424844266,0.15815,0.15046,0.14392,0.1377,0.1323727536231884,0.12778
21-01-2026 14:15,25139.05,0.14051,0.13525,0.13138428531232413,0.12945,0.12981,0.13115,0.1338739120884559,0.13773,0.14279,0.14839407980091918,0.15467,0.16227,0.16974,0.17697,0.22544,0.21577,0.20643,0.19658,0.18674,0.17739,0.16786,0.15897,0.15036,0.14218686110749462,0.13421,0.12632,0.11937,0.11216
21-01-2026 14:20,25178.3,0.11184626666666665,0.11156,0.11175,0.11306,0.11582856726178996,0.11962,0.12405,0.12924,0.13577,0.14222264757490974,0.14905,0.15704,0.165,0.17292994357366764,0.23348,0.22449,0.2153347963901458,0.20603,0.1965,0.18724535084405414,0.17844,0.17048,0.16261,0.15562006154644034,0.14925,0.14362,0.13928,0.13574
21-01-2026 14:25,25144.75,0.11203,0.11192,0.1129,0.11453,0.11751,0.12133,0.12644,0.13201,0.13842,0.14552,0.15314,0.16094,0.16956,0.1789590499390986,0.22976,0.22088164150943396,0.21204,0.20324,0.19409,0.18498,0.17631,0.16855,0.16094,0.154,0.148126957284229,0.14285347864211448,0.13846,0.13522695728422898
21-01-2026 14:30,25130.1,0.13600999999999996,0.13286999999999996,0.13004,0.12881,0.12961,0.13109,0.13442,0.13863,0.14401,0.14972,0.15656,0.16365004361887833,0.17098,0.17869,0.22543,0.21582,0.20649,0.19662,0.18686,0.17739,0.16792,0.15887423746340495,0.15011486491863615,0.1418,0.1340350956660374,0.12673,0.11991,0.11289
21-01-2026 14:35,25146.5,0.12804,0.12594,0.1239,0.12393,0.12532,0.12787,0.13149792443652447,0.13605,0.1419,0.14816075489391628,0.15477,0.16188,0.16945,0.17727,0.22669,0.21725,0.20771,0.19788,0.18797290706851555,0.17837,0.16959,0.1609,0.1526,0.1450266815142378,0.13788485192061004,0.13126,0.12538,0.1198175996857199
21-01-2026 14:40,25152.35,0.11919125,0.11893,0.11883374999999999,0.11882,0.12084,0.12401,0.1281913428660023,0.13315,0.13905,0.14561,0.15264001755780718,0.16013,0.16837,0.17615,0.22728,0.21766,0.20842515267629874,0.1993,0.19001821987079826,0.18086,0.17211,0.16417919579181103,0.15662979971268276,0.14954550377721312,0.14301,0.13732,0.13209,0.12733937728937733
21-01-2026 14:45,25149.7,0.12554,0.12304,0.12217372360844529,0.12183,0.1233,0.126,0.12989,0.13478820774040884,0.14041,0.14666801024154077,0.15357,0.16122,0.16874,0.17748,0.22466,0.21461,0.20589,0.19637,0.187,0.17806,0.16955,0.1616020789714568,0.15405,0.14697,0.14065,0.1347,0.12959,0.12474
21-01-2026 14:50,25153.5,0.1225130329289428,0.11914744367417678,0.1182,0.11888581455805892,0.12042,0.12336,0.12732216663037213,0.13215,0.13819,0.14432,0.15163,0.15916933051428883,0.16705,0.17562,0.22362,0.21424787983913737,0.20483,0.19536,0.18592,0.17725,0.16877,0.16103,0.15363,0.14652,0.1403,0.13479505816180792,0.12976,0.12525
21-01-2026 14:55,25147.1,0.12119,0.11999170517155022,0.1192,0.11878,0.12095,0.12378332150783196,0.12738,0.13253,0.13854,0.14527952360219676,0.1525,0.16021,0.16788,0.17644,0.226,0.21577,0.20664,0.19663,0.18708287396239315,0.17788,0.16911,0.16108,0.1528,0.146,0.13932,0.1337,0.12836,0.12385
21-01-2026 15:00,25160.2,0.12462000000000006,0.12783666666666668,0.12599,0.12423,0.12478741186586415,0.12612,0.1293,0.13273,0.13886,0.14424,0.15146,0.15934,0.16716091528358984,0.17493,0.22462,0.21479074449215832,0.20482,0.19459067464687194,0.18445,0.17483,0.16566,0.1567037035023825,0.1482,0.1406,0.1336651721145981,0.1271,0.12077302936630602,0.11472
21-01-2026 15:05,25171.7,0.11706,0.11539,0.1148,0.11552,0.11721,0.12017,0.1241,0.12894,0.13536,0.14201,0.1497869591162565,0.15794,0.16584,0.17458,0.22647,0.21712,0.20732,0.19776,0.18797,0.17885872388066176,0.17025,0.16227,0.15494,0.14792,0.14197,0.13652,0.13194,0.1283054636091725
21-01-2026 15:10,25159.7,0.11404,0.11283,0.11313,0.11384,0.11659,0.1204582610654105,0.12520739075925072,0.13057532507346556,0.1363,0.14291,0.15131,0.1595,0.16735,0.17485279301745635,0.22813,0.21813,0.20858,0.19826,0.18875,0.17953389931314093,0.17086,0.16293401396628326,0.15550086016794595,0.14858,0.14238,0.13678,0.1328,0.12917
21-01-2026 15:15,25148.5,0.11762801325548372,0.11706800220924729,0.11692,0.11701,0.11849608310688368,0.12185038917240534,0.12587,0.1309719628778769,0.13709,0.14341,0.1518671266185856,0.16095,0.16919,0.17746,0.22618,0.21597,0.20606,0.19582,0.1863089404412966,0.1772192211785027,0.16852,0.16038,0.1526,0.14546,0.13939165368895098,0.13389257665977033,0.12898,0.12484
21-01-2026 15:20,25154.25,0.11111,0.11098,0.11136950819672131,0.1123,0.11466617559040738,0.1183,0.12263,0.12762,0.13529,0.14189,0.15119,0.15955,0.16812,0.17634,0.22125555792845705,0.21398,0.20528,0.19525,0.18665,0.17793,0.16939,0.16151,0.15378,0.14632,0.14017970427518478,0.13498,0.1309,0.12777820013431831
21-01-2026 15:25,25150.7,0.12111,0.11857,0.11712,0.11677,0.1183,0.12103,0.12473,0.12919,0.13625,0.14187,0.15007632088619047,0.15893,0.16642,0.17481,0.2205269493226292,0.21134,0.20163,0.19141,0.18100945471205476,0.17105,0.16232,0.153446855721423,0.14483,0.13698,0.1300481842999142,0.12394,0.11898,0.11491958810068652
22-01-2026 09:15,25332.45,0.10473,0.10456374999999998,0.10454,0.10521,0.10684,0.10947,0.11372,0.11836,0.12544,0.13242,0.14014,0.14997,0.15905,0.16873,0.2451681090909091,0.23565,0.22513,0.21365,0.20268,0.19258,0.1816,0.17114,0.16105,0.15211,0.14424,0.13698,0.13113,0.12684164759725403
22-01-2026 09:20,25329.3,0.11505071428571426,0.11259,0.11074,0.10979,0.11021,0.11218,0.11591,0.12018,0.12695,0.13378,0.14197,0.15060442485460632,0.15953,0.16876,0.24508,0.23370650213744296,0.22228633760821928,0.21083,0.19932,0.18838165364326873,0.17772,0.16701566203909518,0.15679,0.14767,0.1391028931301323,0.13125,0.1246,0.11798
22-01-2026 09:25,25334.05,0.14415663829016484,0.13823,0.13143,0.12708296926885226,0.12370148463442614,0.12234,0.12374,0.12643,0.13155,0.13711,0.14424362067332339,0.15203,0.1597,0.16864,0.24449,0.23292,0.22276,0.21093,0.19921,0.18794,0.17635,0.16546,0.15452,0.14430273606782232,0.13472,0.12604,0.11770905889094598,0.10968
22-01-2026 09:30,25400.35,0.1313,0.12552,0.11846,0.11621241398446171,0.11534,0.11588,0.11865969428607981,0.12335,0.12912707645226112,0.13597,0.14327,0.15097943053807006,0.1591,0.1679,0.29877,0.28957,0.27803,0.26802,0.25667,0.24469,0.23145,0.21741,0.20236114873095173,0.18732,0.1730491800550058,0.15919225669416956,0.14582,0.13300318005500583
22-01-2026 09:35,25415.7,0.12572,0.1196,0.11492,0.11249,0.11221,0.11558,0.12023,0.12671,0.13404,0.14122,0.14855,0.15675,0.16402,0.17148,0.30317,0.29661,0.28651,0.2783067833779197,0.26983,0.25848,0.24745,0.23456,0.22072,0.20666,0.19281,0.17783,0.16503,0.1509
22-01-2026 09:40,25405.7,0.12722,0.12223,0.11794,0.11543,0.11462,0.1168,0.12063,0.12524,0.13144425849874392,0.13851,0.1459873622841898,0.15358,0.16068,0.16828,0.29928,0.2891,0.27712,0.2666112732555309,0.25601,0.24365,0.23047,0.21763272194623387,0.20472,0.19126,0.17853,0.16576,0.15406,0.14212
22-01-2026 09:45,25400.1,0.15452,0.14307,0.13348,0.12744,0.12418,0.12365,0.12604,0.12986,0.13537,0.14087,0.14796,0.15554,0.16312,0.1704,0.29,0.27825884215500946,0.26748,0.25775,0.24634203031481344,0.2343,0.22245,0.20936,0.19737,0.18456,0.17194,0.15918,0.14702,0.13419
22-01-2026 09:50,25430.85,0.10962,0.10808,0.10618,0.10596,0.10724171877288036,0.10993,0.11407273594496825,0.11992449972872858,0.12606,0.13221,0.13989,0.14739936995237743,0.15476,0.16192810985713238,0.2845,0.27338659008683075,0.26278,0.25294527321155386,0.24304,0.23201,0.22049,0.20827,0.19722,0.1857,0.17472,0.1641096213428217,0.15374064400474416,0.14369
22-01-2026 09:55,25385.65,0.1359118557220771,0.12983,0.12362,0.1204293513680737,0.11901,0.11909,0.12178,0.12571,0.13161,0.13658,0.14401,0.15158,0.15875,0.16661,0.2655,0.25452,0.24299,0.23352,0.22257,0.21122,0.19957,0.18796,0.17596,0.1650478939086474,0.15468310072377048,0.14466675717700833,0.1348,0.12521
22-01-2026 10:00,25404.05,0.10776,0.10582,0.1044537869362364,0.10378,0.10465142485549132,0.10659,0.11024,0.11494,0.12111,0.1279315873878508,0.13519,0.14291,0.15032,0.1574136483807006,0.26132,0.24963,0.23888,0.22953,0.21942388323909806,0.20862,0.19673,0.18526,0.17367,0.16363541529490577,0.15416,0.14472,0.13716,0.131687905882353
22-01-2026 10:05,25387.2,0.11719,0.11299,0.10982037859007833,0.10822,0.10842,0.10995146716718956,0.11324485264553105,0.11733,0.12315,0.13005896556239752,0.13748,0.14503,0.15267706360767175,0.16041,0.26225,0.25061,0.23979,0.22998,0.21877,0.20853,0.19724,0.18533818622212553,0.17356,0.16269,0.1527750081777802,0.14351,0.13481466944444442,0.12669
22-01-2026 10:10,25366.75,0.13658,0.12694740311004785,0.12072,0.11724384688995215,0.11568,0.11694,0.11915,0.12345,0.12918,0.13488,0.14171628647005424,0.14925273531542746,0.15688,0.16445,0.2602051595006935,0.24688,0.23518,0.22525,0.21471329285598972,0.20380153677428545,0.19267,0.1812098873001696,0.16968,0.15848,0.14816366451053284,0.13837,0.12908,0.12057
22-01-2026 10:15,25384.2,0.09766,0.09781834106338642,0.09828779323788397,0.09906,0.10208,0.10502,0.10997,0.11552,0.12304,0.12969,0.13847,0.14584,0.1535,0.16136,0.25894,0.247487378203686,0.23735,0.22862,0.21919,0.20863,0.1980030686696442,0.18719,0.17595,0.16545,0.15665,0.14742,0.1394606861405403,0.13255
22-01-2026 10:20,25330.55,0.13469,0.12744,0.12356038352272727,0.12038034090909092,0.1182301278409091,0.11744,0.12075,0.12567807185465033,0.13132,0.13681,0.14468,0.15186,0.15964,0.16747,0.24705,0.23563,0.22538120060896608,0.21547,0.20534,0.19424,0.18383,0.17305,0.16197,0.15146,0.14198,0.13311,0.12487027792915537,0.11732166757493198
22-01-2026 10:25,25335.0,0.09628,0.09735,0.09889,0.10032,0.10334,0.10665,0.11183,0.11842342694799025,0.12565,0.1329,0.14153,0.14935317885266897,0.15712,0.16553,0.24,0.22969865639937345,0.2194539794654136,0.20926,0.199115510692312,0.18905,0.17911,0.16988,0.1606,0.15157,0.1443,0.13825,0.13302,0.128669609929078
22-01-2026 10:30,25273.25,0.13945,0.13166,0.12574,0.12204,0.12132,0.12241,0.1253217900329935,0.12998,0.137,0.1442657432406112,0.15175,0.15956,0.16779,0.17688,0.23624,0.22619,0.21609,0.20399,0.19332,0.1830060208957404,0.17284,0.16271,0.1521,0.14205,0.13349,0.12467,0.1169,0.10937
22-01-2026 10:35,25312.45,0.10622026548672567,0.10332008849557522,0.1029016814159292,0.10439,0.10721,0.11117,0.11635158115724685,0.12258,0.13031,0.13765,0.14618,0.15453,0.16222,0.17138,0.23916,0.22825,0.21796,0.20729,0.1962,0.18687,0.17646,0.16749,0.15827,0.14937,0.14221,0.13534,0.12967,0.12531483253588524
22-01-2026 10:40,25290.35,0.12122,0.11683,0.11428,0.11369,0.11429,0.117,0.12129813811890616,0.12698038092272695,0.13362243326518428,0.1408,0.14941,0.15731,0.16522,0.17431,0.23637,0.22582,0.21577,0.20398,0.19285,0.1824287911066727,0.17255,0.16337,0.1537379632645346,0.1446,0.13703,0.1298,0.12328797148574286,0.11738
22-01-2026 10:45,25288.95,0.1135,0.11212,0.11217948682161134,0.11236119586544491,0.11267,0.11564028635734461,0.12097,0.1271422021060441,0.13415,0.14106,0.14966,0.15788,0.16571141498216413,0.1731284898929846,0.23673,0.22719482528834015,0.21672,0.20513,0.1944,0.18474,0.17462,0.16521,0.15611,0.14677,0.1396,0.13244,0.12617376971665376,0.12065
22-01-2026 10:50,25270.45,0.11997,0.11621658145555933,0.11448,0.11425,0.11599,0.11940056841485376,0.12413,0.12982036451917234,0.13663415294424708,0.1441,0.15263,0.16038510705411527,0.16839,0.17794,0.23618,0.2258677961610928,0.21531,0.20447,0.1937,0.18389,0.17408394003600042,0.16425764911890908,0.1547450336423632,0.14588,0.13804,0.13100085671117645,0.12444376168892156,0.11856
22-01-2026 10:55,25267.3,0.0946,0.09808,0.10061,0.10451,0.10876,0.11403,0.12045,0.12760133644863236,0.13522,0.14329,0.15206,0.16066,0.16887,0.17887,0.23925,0.22912,0.2191101383360992,0.20926,0.19964899976154468,0.19022,0.18099,0.17219,0.16374271401918944,0.15599,0.14955,0.1433,0.13964,0.13687
22-01-2026 11:00,25234.85,0.1185,0.11694,0.11547,0.11648,0.11914,0.12277,0.12787,0.13398,0.14143,0.14793,0.15618,0.16371478982449295,0.1716,0.1813,0.23335,0.22333,0.21319,0.20304,0.19266,0.18352,0.17426218857019463,0.16501,0.15589,0.148,0.14037299829440872,0.13366,0.12873,0.12323
22-01-2026 11:05,25223.35,0.12387,0.12094,0.11987,0.12072162682424568,0.12286658698182469,0.12569,0.13042,0.1366396643685475,0.14347,0.15015,0.15802306573183691,0.16614,0.17361,0.18285,0.23148,0.22185,0.21166,0.20118,0.19055,0.18182,0.17225,0.1632163033241478,0.15447,0.14595,0.13873511681735656,0.1321,0.12579,0.12123
22-01-2026 11:10,25234.6,0.11783,0.11612,0.1162909262832883,0.11679,0.11961,0.12341,0.12840815453562257,0.1344,0.14175,0.1489501132532762,0.15632,0.16431,0.17175,0.18097,0.23262984251968508,0.22345,0.21361,0.20313,0.19275,0.18370019116724914,0.1751,0.16645,0.15849384237978772,0.1509306809870354,0.14371,0.13697,0.1304174412171508,0.12335464730290459
22-01-2026 11:15,25230.3,0.11734,0.11619,0.11596,0.11705,0.11984775188122239,0.12398,0.12883724938393074,0.13488,0.14284,0.15059347420466654,0.15821090376899993,0.16565,0.17286847420466656,0.17982403768999947,0.23256,0.2229094699920652,0.21276,0.20203,0.19194,0.18243693156832766,0.1733,0.16454,0.15615,0.14857,0.14203,0.13552,0.13174,0.1269
22-01-2026 11:20,25224.65,0.137,0.13082,0.12749,0.12654,0.12751417426440118,0.12968,0.13375,0.13913735291070806,0.1452,0.15148,0.1587,0.16648,0.17362,0.18287,0.22973,0.21937332605455617,0.20875,0.19782,0.18693,0.17738,0.16773,0.15831,0.14919,0.1408807009827449,0.13306540880959913,0.12592,0.11974,0.11326
22-01-2026 11:25,25274.25,0.11029,0.1095,0.11047,0.1123,0.11503,0.11882,0.12418415268509972,0.13062869828103382,0.1372,0.14366,0.15165,0.1597,0.16749,0.1750157323232323,0.24342607765057242,0.23023202588352415,0.21771867098058736,0.20607,0.19547,0.18598,0.17682,0.16779403938987078,0.1589715073890473,0.15095,0.1442,0.13826,0.13343,0.13062
22-01-2026 11:30,25237.65,0.12721,0.12374,0.12201,0.12194,0.12356,0.12649,0.13080067811630086,0.13617,0.1425818068309447,0.14986,0.15778,0.16548,0.17365,0.18226,0.2316,0.22112,0.21067,0.20008,0.18997,0.1797618060023353,0.16987,0.16085,0.15191,0.1438,0.13708,0.13062,0.1252,0.12044
22-01-2026 11:35,25252.75,0.11588,0.11479,0.11479,0.11604824173465006,0.11857,0.12203,0.12717,0.13335218560759424,0.1402,0.14765,0.15566,0.16411,0.17208,0.18127,0.23498,0.22361,0.2135,0.20258,0.192419660897357,0.18266,0.17321,0.16413,0.15533,0.14776,0.14132,0.13517,0.13073,0.12644
22-01-2026 11:40,25230.6,0.11038049217002235,0.11095,0.1127,0.11542,0.11893,0.12346,0.12878,0.13507,0.14286,0.15035,0.1589,0.16718718833450139,0.17552,0.18424,0.23382,0.22297,0.21283,0.20268,0.1926667603289933,0.18294,0.1738,0.16513,0.15713,0.15029203361540122,0.14431,0.13938,0.1355,0.13284
22-01-2026 11:45,25200.8,0.13034,0.12707,0.12579,0.12618,0.12794,0.13121,0.13519,0.14066,0.14796,0.15439,0.16295,0.17075,0.17877,0.18700694058154235,0.22867,0.21829299652668144,0.20777,0.19708,0.18627,0.17701,0.16769115055143144,0.1585,0.14969,0.14189,0.13525,0.12864,0.1233082762828123,0.119
22-01-2026 11:50,25218.4,0.11838190243902438,0.11799,0.11825,0.12004,0.12293,0.12682497047097294,0.13162,0.13778,0.14525,0.15228,0.15999754843292469,0.16813961668372387,0.17647,0.18503,0.23193,0.22182,0.21127,0.20134,0.1911,0.18159,0.17246,0.16360750469515936,0.15526,0.14788,0.1414079565550103,0.1358,0.13142,0.12799
22-01-2026 11:55,25201.6,0.12001,0.11932,0.11974,0.12163,0.12481,0.12881,0.13424,0.14034,0.1483,0.15507,0.16351,0.17177,0.1796,0.1887,0.23017,0.2196,0.2095160772400713,0.19954,0.18937,0.18024,0.17079,0.16267,0.15446,0.14755,0.14166,0.1361,0.1318901129656953,0.12873
22-01-2026 12:00,25184.35,0.13758,0.13244,0.12988,0.13034,0.13197010963448766,0.13502235332367923,0.13886,0.14457,0.15216,0.1597660349363809,0.16743,0.17523,0.18357393515396717,0.19241,0.22896763738844528,0.21731,0.20632,0.19602,0.18569,0.17570132644195402,0.16609,0.1571,0.14822,0.14008,0.13273,0.12559,0.12063,0.11536
22-01-2026 12:05,25218.75,0.13087,0.12668,0.12499,0.12484,0.1263218094430308,0.12986139666383942,0.1341,0.13956,0.14634740811492505,0.15396,0.16225,0.16991402996018756,0.17781,0.18703,0.2305,0.21984,0.20922,0.19904,0.18865,0.17882603772829858,0.16943,0.16058,0.15135,0.14328,0.13606,0.12929,0.12342,0.11846
22-01-2026 12:10,25226.35,0.12834,0.12438,0.12308,0.12382196050593701,0.1255,0.12883,0.13321514052099875,0.1386,0.14562,0.15320024865385726,0.16094,0.16851,0.17645,0.18564,0.23027,0.21899,0.20845164980371655,0.1981,0.18752,0.17778,0.16817,0.15895594719568643,0.15021,0.14225,0.13511,0.12849,0.12273,0.11839
22-01-2026 12:15,25221.55,0.13087,0.12662,0.12485,0.12467,0.12612,0.12894,0.13336,0.13905,0.14608,0.1536370338656404,0.16142,0.16924,0.17712523050409307,0.18497138302455834,0.22862371443812235,0.21801,0.2074312381460408,0.19688,0.18636,0.17645,0.16673,0.15744847871009962,0.14855,0.1402,0.13314,0.12629,0.12024,0.11566
22-01-2026 12:20,25272.95,0.10777,0.10918,0.11013,0.11252,0.11574,0.11971,0.12478,0.13109102254327237,0.13827409327931584,0.14593,0.15429,0.16213,0.17068,0.17990924344112266,0.23702,0.22579,0.21552,0.20511,0.19413,0.18511,0.17556,0.16716,0.15828,0.15104,0.1448637688114939,0.13929793583875813,0.13467,0.13125
22-01-2026 12:25,25240.05,0.13081,0.12525,0.12305,0.12343,0.12401,0.12723,0.13101,0.13657,0.14324,0.15053,0.15886,0.16678,0.17518,0.18403,0.2314,0.2208037040430185,0.21001,0.19899,0.18869727980065573,0.17866,0.16859,0.15934,0.15022,0.14238981648936863,0.13519665542442147,0.12828,0.12165,0.11719
22-01-2026 12:30,25251.1,0.13184,0.12588,0.12274,0.12196,0.12266,0.1250203333080489,0.1294244440564184,0.13503383277657868,0.14101,0.14825,0.1565,0.16431,0.17257846818469968,0.18126,0.23153,0.22096,0.20977,0.19965,0.1893509021453621,0.1792,0.16939181309215942,0.15983474249240667,0.15072,0.14231,0.1349,0.12783,0.12144,0.11576435364041605
22-01-2026 12:35,25259.05,0.11375,0.11285,0.11296,0.11425,0.11663,0.12023,0.12509,0.1311,0.13856,0.1465616172817985,0.15486,0.16326628734063675,0.17196,0.1812,0.2337169995199232,0.22293,0.21239,0.2021,0.19122,0.18161,0.17208890128137644,0.16285,0.15423,0.14655,0.14013,0.13408,0.12891,0.12525
22-01-2026 12:40,25236.55,0.12143,0.11888,0.11785,0.11858,0.12061,0.12433,0.1288,0.1348,0.14199,0.14964,0.15753768299686532,0.16577,0.17465,0.18377,0.23071,0.21957,0.20866,0.1978937957702848,0.18749,0.17785,0.16802,0.15876,0.15014,0.14232,0.1357,0.12925,0.12412,0.11937
22-01-2026 12:45,25253.05,0.11576000000000002,0.1137,0.11324,0.11404,0.11663,0.12054882055753632,0.12559103362000362,0.13136,0.13775004396501872,0.1449153007196684,0.15284884748222022,0.16154376147094532,0.17099311990411484,0.18119,0.23296,0.22186,0.21098,0.1998,0.18881,0.17943,0.16946,0.16021,0.15147,0.14336115184332265,0.1361,0.13002695244992526,0.12471,0.12011
22-01-2026 12:50,25254.0,0.10616,0.10634,0.10745,0.11055,0.11341,0.11806,0.12397,0.13103759286733666,0.13861,0.14621,0.15447028884905203,0.1631979508412408,0.17242,0.18251,0.23222,0.22122,0.21044,0.19967,0.1892613788319041,0.17911731720485158,0.16946,0.16058,0.15221,0.14482,0.13801,0.13230694821385516,0.1278,0.12496
22-01-2026 12:55,25215.15,0.11693,0.11559,0.11562,0.11762,0.12057,0.12475,0.13009,0.13645,0.14476,0.15287332489935024,0.16112,0.16993,0.17895116606343706,0.18816,0.22672,0.21609,0.20483,0.1943,0.1832,0.17413,0.16458330688897113,0.15541,0.14757,0.14025,0.13412,0.12866,0.12398,0.12014000000000001
22-01-2026 13:00,25215.7,0.12028,0.11817,0.11746,0.11863,0.12125,0.12515235649786036,0.13016,0.13671,0.14473,0.15251,0.16138,0.17026,0.17891,0.18906,0.2264,0.2154,0.20442444893968345,0.19346,0.1825,0.17286,0.1629290305594363,0.15348,0.14544,0.1378,0.13144,0.12553370335487468,0.1203,0.11621
22-01-2026 13:05,25210.35,0.11631,0.11637478845152874,0.11658846579194636,0.11698,0.12032,0.12480167032105094,0.13022,0.13689,0.14524,0.15312,0.16221,0.17072,0.1797,0.19028,0.22646510562192076,0.21559,0.20467,0.19345004761506526,0.18263,0.17306,0.163222469044469,0.15394,0.1462,0.13844,0.13297,0.12712,0.12279402810768013,0.11964
22-01-2026 13:10,25206.6,0.11138,0.11161962087087088,0.11223,0.11439428852510229,0.11804,0.12279,0.12887,0.13615,0.144122906105014,0.15277,0.16252,0.17164,0.18067,0.18960955371900826,0.22767,0.21638,0.20602,0.19486,0.18419142178576592,0.17393,0.16423,0.15523,0.14719,0.13983,0.13354,0.12783,0.12334,0.12059
22-01-2026 13:15,25186.75,0.12755000000000002,0.12416,0.12157,0.12197,0.12381309258711008,0.12712,0.13228,0.13881,0.14705,0.15477,0.16365,0.17236,0.18179,0.19077,0.22374,0.21337,0.20264,0.19149,0.1810174379470328,0.17076,0.16041,0.15123,0.14267232018643014,0.1345159973740631,0.12696,0.1203,0.11439,0.10863
22-01-2026 13:20,25195.0,0.1205,0.11774,0.117,0.11823995636816954,0.12077,0.12443,0.13025,0.13702,0.14521,0.15379066620121443,0.16253,0.17128,0.18032,0.19023,0.22537,0.21461873840982845,0.20384,0.19303,0.18168,0.17161,0.16195,0.1531,0.14463,0.1371391390088389,0.13042,0.12447361520244013,0.11923,0.11484
22-01-2026 13:25,25194.95,0.11545,0.11404,0.11425,0.11633,0.11942,0.12361,0.12959884565436045,0.13692,0.14568,0.1545442786313654,0.16349,0.17246743791335395,0.18163,0.19123,0.22589,0.21543,0.20496,0.19431,0.18359,0.17389,0.16421,0.15583,0.14765,0.14,0.13434,0.1293505771451252,0.12492,0.12127173143537567
22-01-2026 13:30,25171.75,0.1432,0.13615,0.1311,0.12962,0.13031,0.13214,0.13642357528733082,0.1429468005286029,0.14993,0.15715,0.16596,0.17461,0.184,0.19342,0.22283065375596503,0.21074,0.19928366021131586,0.18836065375596503,0.17787,0.16798,0.15783,0.14782,0.13839150881502665,0.12957,0.1217,0.11384,0.10646,0.09957511811023624
22-01-2026 13:35,25225.85,0.10471,0.10575818676154672,0.10754,0.11024619389456188,0.11402,0.11904578756244376,0.12522,0.13245,0.1407628661508122,0.14969662544539442,0.15859,0.1672,0.17615204769274054,0.18541,0.22171312500000007,0.21433718750000003,0.20571,0.19599,0.18523,0.17619,0.16685172149539668,0.15805,0.150362120337518,0.1433165927492938,0.137,0.13167,0.12773,0.12513
22-01-2026 13:40,25195.9,0.12374,0.12093925925925927,0.11990740740740742,0.11976,0.12192840981856991,0.12616,0.13153,0.1382,0.14571462437479124,0.15395,0.16323,0.17182439197681434,0.18046,0.1899,0.22344,0.21331,0.2024085161718331,0.19152,0.18120547141227056,0.1711441315924998,0.16136822597647918,0.15191,0.14299,0.13503,0.12823,0.12181129417842383,0.11572,0.11006388253527148
22-01-2026 13:45,25188.3,0.1277356140350877,0.12541,0.12318,0.12313,0.12513,0.12814,0.1331231320675637,0.13966,0.14793,0.15597766234367716,0.16408,0.172370145593736,0.18112,0.19097,0.22203,0.21151,0.19995,0.18986,0.17852,0.16927,0.15944584794327132,0.14961,0.14032,0.13213,0.12488,0.11745,0.11126,0.10524
22-01-2026 13:50,25206.65,0.12949710610932477,0.12637,0.12402,0.12326,0.12433,0.12728,0.13213,0.13825,0.14571,0.15345,0.1624,0.17063957959257375,0.17913,0.18909,0.22522983783783787,0.21404,0.20291,0.19184,0.18065,0.17112,0.16077,0.1507,0.14105,0.13153,0.12403,0.11657,0.10964,0.10354
22-01-2026 13:55,25236.1,0.11656,0.11359,0.11391462105330029,0.1148303532177117,0.11625,0.12045,0.12573,0.13252206782489323,0.14040364371660607,0.14887,0.15822,0.16671,0.17605416250680703,0.18618,0.22795,0.21717,0.20582,0.19499,0.18373,0.17406,0.16392,0.15401200563324674,0.14438507276307136,0.13574,0.12828776210072565,0.12181,0.11645,0.11189
22-01-2026 14:00,25232.35,0.11278,0.11091883333333333,0.11044,0.11175382776865535,0.11494543331508848,0.11889,0.12442,0.13177,0.14082,0.14875,0.15824,0.16729,0.1762,0.18496890868596882,0.2290173798181031,0.21639122996968388,0.20418,0.19241,0.18109,0.1707460477942914,0.16079,0.15092,0.1423,0.13419,0.12787,0.12171,0.11670579847908745,0.11263
22-01-2026 14:05,25228.35,0.10712239700374533,0.10708,0.10712,0.10975,0.11323,0.11804,0.12407,0.13184,0.1409,0.14891,0.15797160047678108,0.16756,0.1773066733346344,0.18734,0.2256943108585728,0.21401,0.20259477028619097,0.19156,0.18086707132964502,0.17046797453357693,0.16046,0.15106,0.14225,0.13464,0.12825,0.12236,0.1183,0.1145
22-01-2026 14:10,25212.7,0.10325,0.10382,0.10594,0.10885,0.11289,0.11798,0.12494,0.1334730023983564,0.14238,0.15053,0.16028,0.16979,0.17899,0.18902,0.22308,0.21265463429960516,0.20205,0.19124,0.18137213284866532,0.17176,0.16192,0.15288,0.14506,0.13776,0.13253,0.12725,0.12369,0.12218466063348414
22-01-2026 14:15,25178.75,0.12182,0.1185,0.11731,0.11826,0.12078,0.12452,0.13073,0.13801,0.14683,0.15506,0.16487,0.17383,0.18321,0.1930003816793893,0.22145901703800788,0.20979,0.19827,0.1869,0.17605,0.16626,0.15609,0.14672,0.13775472124824242,0.12978,0.12368,0.11768,0.11178082644628103,0.10598495867768601
22-01-2026 14:20,25194.65,0.11846,0.11485,0.1149734487590072,0.11535,0.11816,0.12306720526458062,0.12985872539638937,0.1376833828300034,0.14569,0.1541376820662765,0.16331611667718846,0.17242,0.18114,0.19248,0.21473036207540128,0.20431666293393055,0.19444555431131016,0.184874259051885,0.17536,0.16566,0.15542503986666686,0.14546,0.13666,0.12849,0.12242,0.11639995172235196,0.11085,0.10634
22-01-2026 14:25,25206.4,0.13345,0.12568,0.1217,0.11997,0.12155,0.12397,0.12961,0.13628,0.14473,0.15238,0.16165,0.17013,0.17877,0.1875685046728972,0.22143,0.21092,0.19894,0.18769,0.17627790199551038,0.16483329699108912,0.15369,0.14311,0.13366737774041845,0.12484795308624538,0.11657,0.10903,0.10235,0.09526
22-01-2026 14:30,25236.6,0.14193,0.13211,0.12578,0.1224,0.12301328253850742,0.12465100952145927,0.12701,0.13274816776483192,0.14065,0.1477,0.15648,0.16456,0.1726,0.18059990074441684,0.22531956293706296,0.21403,0.20264,0.19115,0.1791,0.16832525859792932,0.15779,0.14667,0.1368,0.12692,0.11873,0.11061,0.1026,0.09509
22-01-2026 14:35,25267.55,0.13245,0.12446,0.11907,0.11726820594575176,0.11656,0.11849,0.12255,0.12866,0.13621,0.14339,0.15211,0.15998,0.16808,0.17725,0.22783,0.21768,0.2062182694777243,0.19426,0.18242,0.17251,0.16169,0.15087,0.14137,0.13163,0.12324108777127828,0.11555,0.10842,0.10158
22-01-2026 14:40,25289.0,0.120415,0.11554,0.111845,0.11038,0.11062,0.11348,0.11844,0.12494,0.13286,0.1407915032655688,0.14849,0.1556,0.16394,0.17341207766990294,0.226665276816609,0.21954,0.20935,0.19642,0.18545,0.17533,0.1644,0.15399,0.14452,0.13534,0.12744,0.12046,0.11392,0.10707
22-01-2026 14:45,25289.65,0.1265,0.11898,0.11442,0.11143,0.11179,0.11412,0.11793,0.12328,0.1315,0.13927324079564343,0.14695,0.15481,0.16299,0.17293,0.22661,0.2165,0.2053792681307362,0.19358,0.18106,0.17133,0.15961,0.14912,0.13972,0.13057,0.12292,0.11586,0.10908,0.10263
22-01-2026 14:50,25294.65,0.11257,0.10885,0.10886891147416414,0.10893709726443769,0.1090717344224924,0.10929,0.11406,0.12007,0.12843,0.13603,0.1445849056123432,0.15341,0.16192,0.17181,0.22732,0.21666,0.20698,0.19387,0.1822,0.17141,0.1608355243118741,0.15047768102473627,0.14075,0.13205,0.12467,0.11794,0.11225,0.1065
22-01-2026 14:55,25290.85,0.12505,0.1183,0.11366,0.11078,0.11049,0.11193,0.11479,0.12027,0.12826,0.1360777041304993,0.144,0.15238,0.16102,0.1699160282021152,0.22431,0.21334,0.20302,0.19065,0.17886,0.16801502500779947,0.15749,0.1469,0.13782,0.12883,0.12193,0.1152,0.10899278546192864,0.10323
22-01-2026 15:00,25269.5,0.11006,0.10676,0.10425,0.10401,0.10555504201680672,0.10865,0.11289,0.11928,0.12814,0.13594,0.14531,0.15404,0.16284630392652513,0.17172,0.22366,0.21357,0.20234,0.18974,0.1781,0.1672760997403986,0.15686,0.14672,0.1376597129694091,0.12967,0.12325,0.11746182348563507,0.11208,0.10714
22-01-2026 15:05,25256.3,0.13972,0.12953358130438294,0.1218944959420992,0.11811,0.11691963769923588,0.11644,0.11855,0.12337,0.13109,0.13759,0.14609,0.1536,0.16076,0.17157,0.22269,0.21193,0.20212,0.18893,0.17636,0.16553,0.15355,0.14238,0.13331,0.12411,0.11681,0.1094,0.10242,0.09535
22-01-2026 15:10,25297.3,0.12411,0.11729,0.11174,0.10823,0.1082321934460888,0.10824,0.11119,0.11643,0.12445,0.1318703495844364,0.13938,0.14775,0.15498,0.16581,0.22768850763630394,0.21557,0.20372700254543463,0.19217,0.18099436359624896,0.1699,0.15856,0.14748,0.13834,0.12938,0.12225,0.11514,0.10924,0.10466253651037662
22-01-2026 15:15,25297.45,0.13466,0.12452,0.11660425102907654,0.11152,0.10988,0.10975,0.11226334426816738,0.11799891075855698,0.12425,0.13058,0.13825757558873294,0.1468937180192639,0.15617,0.16649,0.22298461795407107,0.21324,0.20198,0.18929,0.17773431761233516,0.16658,0.1554,0.14371,0.13332223617948005,0.12415,0.11671,0.10891,0.10236,0.09474
22-01-2026 15:20,25308.25,0.13670302806499268,0.12651,0.11843,0.11297,0.11042,0.10944,0.11139,0.11523,0.12287,0.12878,0.13797,0.1464,0.15549031982149497,0.16518,0.22618,0.21531,0.20509,0.19178,0.17973,0.16889,0.1573,0.14589,0.13596,0.12591,0.11752256360684031,0.10996,0.10303,0.09568
22-01-2026 15:25,25314.1,0.11000504297994268,0.1172375071633238,0.11396,0.10975,0.10855906160458453,0.10811,0.1098,0.11413171616807587,0.12101965591822438,0.12859,0.13684,0.14746,0.1572519298245614,0.16634,0.22433101511879047,0.21422,0.20312,0.19107,0.17871,0.16716453132746575,0.15573,0.14379,0.13299,0.12352863605591638,0.11524,0.10856,0.10267,0.09761964996022272
23-01-2026 09:15,25292.15,0.11931,0.11649,0.11509,0.11445300000000001,0.11418,0.11547,0.11955,0.12571,0.1333519967601246,0.14195724635514015,0.15162949757009342,0.16247249919003112,0.17459,0.18808574878504675,0.24477,0.23396,0.22297,0.21104279288623226,0.1985435751060366,0.18592756977282263,0.17365,0.16193,0.15213,0.14322,0.13578,0.13011,0.12536,0.12142
23-01-2026 09:20,25265.75,0.15631,0.14353,0.13315,0.1267703993770554,0.1228,0.12116,0.12231,0.12772,0.13584,0.14465,0.15456626463089965,0.16482,0.1747923595154845,0.18469,0.24396,0.23282138347022585,0.22085,0.2079,0.19492,0.18248,0.16990619327870576,0.15744,0.14538,0.13438,0.12516,0.11665,0.10902,0.10073
23-01-2026 09:25,25330.85,0.12813,0.12132,0.11486,0.11163,0.10964,0.10946,0.11183,0.11716,0.12565,0.1352679425188785,0.14556832287455265,0.15603,0.16651831962199828,0.17721,0.25259413877551024,0.24198,0.23026,0.21748,0.2051,0.19247,0.1795,0.16666,0.15364,0.1427,0.13305,0.12516,0.11848,0.11311048730267677
23-01-2026 09:30,25330.3,0.10613086206896552,0.10461,0.10332,0.10229,0.10288,0.10443,0.10828,0.11533,0.12474,0.1352,0.14612,0.15656889926115994,0.16717,0.17867,0.25374,0.24179822599669734,0.2297031186600613,0.21749,0.2051,0.19356,0.18184331046369073,0.16980966693346128,0.1581153681713865,0.14741671293954112,0.13837,0.13156,0.12593,0.12058
23-01-2026 09:35,25299.45,0.12453,0.11639,0.11166,0.10874494897959183,0.10737,0.10758,0.11121,0.11806,0.12835,0.13874319558069334,0.14951,0.16119,0.17159,0.18236,0.25024,0.2384044141025416,0.22630716153841648,0.21401,0.20141,0.18963,0.17706229656852798,0.16441,0.15234,0.14161,0.13315,0.12488,0.1189,0.11226
23-01-2026 09:40,25299.95,0.11211,0.10773,0.10597463877585728,0.1047928749434842,0.10436,0.1056,0.10957,0.11735,0.1268132509347136,0.13748,0.14949,0.16018,0.171,0.1817,0.25295,0.24189,0.22915,0.21597,0.20356,0.19183,0.17915,0.16708,0.15541,0.14557,0.13685,0.12948,0.12378,0.11808
23-01-2026 09:45,25269.0,0.13505,0.12568,0.11863,0.11398,0.11201,0.11176,0.11522,0.12257,0.13271,0.14321970701082132,0.15413,0.16573,0.17606471388961664,0.18534,0.24748,0.23562604579453142,0.22327,0.2101774850941615,0.19701,0.18454083403472502,0.17224,0.15981,0.14748,0.13673,0.1278438939241057,0.11982886262545019,0.11206,0.10445
23-01-2026 09:50,25300.7,0.10521,0.10354,0.10102,0.09972,0.10033,0.10303189718422476,0.10844993622558684,0.11544,0.12655,0.13711,0.14907,0.16072,0.16983,0.18175,0.25005,0.23827267595536436,0.22641,0.21445,0.20230349704972903,0.19005,0.17752834847840057,0.16533,0.15422,0.14440819224342358,0.13561,0.12812,0.12267,0.11716
23-01-2026 09:55,25284.3,0.12061959183673467,0.11467,0.10997,0.10683,0.10583,0.10725713384257721,0.11068,0.11894,0.1295,0.14041,0.15111,0.16198338541185112,0.17282,0.18339,0.2501076438140267,0.23659,0.22362,0.21121,0.19862618136361337,0.18583,0.17265,0.16037,0.14893,0.13825,0.12954113141014284,0.12193,0.11508923496916752,0.10906
23-01-2026 10:00,25294.9,0.11551,0.10871,0.10436,0.10219,0.10211,0.10379,0.10796,0.11534153060702307,0.1255548689169192,0.1370432727683557,0.14825,0.15898873275379766,0.17017,0.18201,0.24879,0.23819,0.22575,0.21331,0.19948,0.18824,0.17501,0.16269,0.15122,0.14031816780652198,0.13134,0.12581,0.11644,0.11059
23-01-2026 10:05,25293.15,0.10517,0.10167,0.09968,0.0982,0.09925,0.10135,0.10671,0.11611,0.12728,0.13881,0.15068324419778723,0.16201,0.17172,0.18302,0.24948996870109547,0.23745,0.22507,0.21178725622591776,0.19887,0.18769,0.17481,0.16247,0.15069466396774756,0.14012,0.1313368115547497,0.12392,0.11809,0.11261
23-01-2026 10:10,25285.05,0.11052,0.10566213826171401,0.1024,0.10061,0.10086,0.10313,0.10837,0.11749,0.12893,0.13934,0.1512,0.16325,0.17293,0.18352,0.24780785439722897,0.2364,0.22408928479907636,0.2111,0.19732,0.18653,0.17368678882330893,0.16068,0.14889535984062308,0.13838,0.1295778330252201,0.12203,0.11586,0.10975
23-01-2026 10:15,25283.3,0.09813,0.0969,0.09643,0.09644,0.09796,0.10161404876781328,0.10741,0.1164591791169376,0.12862182341014344,0.1408,0.15197,0.16357,0.1743887055190151,0.18454,0.24748,0.23625,0.22383,0.2114,0.19799,0.18669,0.17432,0.16229,0.15133,0.14166852658436463,0.13319,0.12637,0.12096,0.1163
23-01-2026 10:20,25261.25,0.11266,0.10693,0.10368,0.10196,0.10212,0.10497251275152567,0.11160339980243139,0.11993,0.13215,0.14351879207553742,0.15483,0.16683,0.17642,0.18333098193608147,0.24452,0.23264,0.21969,0.20778,0.19476,0.18301,0.16998,0.15745,0.14593,0.13537,0.12714,0.11906,0.11292,0.10675
23-01-2026 10:25,25266.4,0.12923,0.12084,0.11396352474486289,0.10906,0.1068,0.10733,0.11143,0.12046,0.13105773920859992,0.14234,0.15368,0.1651,0.17515,0.18488,0.24974386423966635,0.23405,0.21999,0.20768,0.19478,0.1828,0.16964744892407235,0.15649,0.14411088476480716,0.13273,0.12314,0.1146,0.10689,0.10005239384615386
23-01-2026 10:30,25303.15,0.11532,0.10978,0.10509,0.10165,0.10087,0.10216,0.10624,0.11495,0.12659,0.13721,0.14878,0.15988,0.16944,0.17992,0.24986,0.23875,0.22534,0.2128963284170386,0.20076,0.1885,0.17502281413579188,0.16166,0.14941734432877923,0.13819,0.12852,0.12019,0.11289,0.10668787587971848
23-01-2026 10:35,25313.0,0.10599,0.10186,0.09907,0.09747,0.09800877197863343,0.0994,0.10381,0.11312,0.12386,0.13501,0.14694,0.15955,0.16936,0.18005,0.252,0.24023,0.22789761043039383,0.21523326447087732,0.20243478627592212,0.1897,0.17706,0.16410591013888307,0.15175,0.14111,0.13216,0.12403624358330544,0.11661,0.11013873074991634
23-01-2026 10:40,25297.7,0.11135,0.10579717258125206,0.10164,0.09885,0.09857,0.10014,0.10539036786140059,0.11392,0.12568,0.1366,0.14834,0.16081,0.17098,0.18154,0.24998,0.23817,0.22573127037881305,0.21299,0.20011,0.18782,0.17474,0.16203,0.15010339264922073,0.13919,0.12960073772771596,0.12116,0.11415,0.10767
23-01-2026 10:45,25297.35,0.09821,0.0961,0.09449,0.09374,0.09458,0.09708,0.10329,0.11317207242307607,0.12481,0.13631,0.1483154277173636,0.15986,0.16983,0.17885115116534184,0.25003,0.23822,0.22587,0.21316826778933726,0.20057,0.18858,0.17634,0.16313,0.15174,0.14097,0.13188,0.12401,0.11728,0.11177901369863014
23-01-2026 10:50,25284.35,0.10889,0.10308,0.09963126674045379,0.09792,0.09777,0.10015451485322553,0.10539,0.11485,0.12655,0.13792,0.14901757165875168,0.1599745081411126,0.1707491905529172,0.1813,0.24965,0.23712123999599838,0.22462,0.21215,0.19953,0.18702,0.17404,0.16081,0.14871,0.13728,0.12794,0.11977,0.11228,0.10575
23-01-2026 10:55,25278.2,0.11094,0.105,0.10087,0.09864,0.09843,0.10062,0.1063,0.11618,0.12824,0.1389,0.1506769049986826,0.16219,0.172,0.18298,0.2504677212216132,0.23687,0.22382,0.21133,0.19828,0.18614,0.17283,0.15906,0.14679410928435044,0.1357,0.12612,0.11784297618851128,0.1103,0.10344
23-01-2026 11:00,25279.7,0.09949,0.09668,0.09515827691619445,0.09447,0.09556,0.09858,0.10565783751313837,0.11571,0.12772,0.1394950551242389,0.15124,0.16314,0.1738,0.1836,0.24788,0.23718,0.2236,0.21164,0.19899,0.18645,0.17314,0.15991,0.14826,0.13761,0.12834,0.12056,0.11372,0.10788043775649796
23-01-2026 11:05,25270.35,0.11142,0.10533,0.10125,0.09914,0.10028664302600473,0.10334661938534279,0.10775,0.11755,0.12923,0.14062,0.15234509775776706,0.16401,0.17519,0.18612968829239146,0.24668,0.23478,0.22181,0.2094,0.19681162216865727,0.184,0.17078,0.15764,0.14516,0.13386,0.12443,0.1159,0.10893,0.10227
23-01-2026 11:10,25281.6,0.10635,0.10142508950832028,0.09802,0.09604,0.09709,0.09969,0.10605,0.11605,0.12821,0.13898,0.15062,0.1624194727884565,0.17368,0.1835,0.24835,0.23587,0.22304336130046068,0.21007241382981054,0.19733,0.18506,0.17165,0.1587,0.1462,0.13463,0.12497,0.11648,0.10931,0.10249
23-01-2026 11:15,25277.8,0.09535,0.09445390625,0.09399375,0.09382421875,0.0938,0.09754047239612976,0.10508,0.1156,0.12818,0.1392,0.15124,0.16277955232636238,0.17365,0.18335,0.24587,0.23482,0.22086,0.20872,0.19648748731649068,0.18418,0.17177,0.15952,0.14744,0.13673,0.12787632565871243,0.11997251299397178,0.11301,0.10725
23-01-2026 11:20,25261.05,0.11031,0.10344,0.09958,0.09768,0.09885,0.10159,0.10799,0.11835,0.12989812599510203,0.14178,0.15327,0.164410194772777,0.17543,0.18648,0.24568,0.23374,0.2202,0.2071416634141042,0.19441,0.18205,0.16934893524472527,0.15658,0.14398,0.13288,0.12313848388886532,0.11444,0.10707,0.10072348063861691
23-01-2026 11:25,25270.95,0.10712086799276671,0.10164,0.09754,0.09611,0.09717,0.10005,0.10709363506198549,0.11709,0.12867,0.14035,0.15238,0.16421,0.17483590992647058,0.18445,0.24243164260632066,0.23239860710105348,0.22117,0.20887,0.19554,0.1829,0.17018,0.15771,0.14458,0.13327,0.12294,0.11429398399067439,0.10649,0.09934
23-01-2026 11:30,25274.7,0.09177,0.08955,0.08944,0.09039342793129201,0.0926,0.09732,0.10541620885522407,0.11568,0.1271750056399905,0.13943,0.15144711752702406,0.16318,0.17423475747297595,0.18476,0.24712,0.23528,0.2218,0.20902,0.19618,0.18467,0.17181,0.15975,0.14731,0.13680822715027757,0.1278,0.12003800516901313,0.11315400258450656,0.10746
23-01-2026 11:35,25252.0,0.0935,0.09162,0.091787420993228,0.09228,0.09519,0.10037,0.10855,0.11968,0.13165498961793923,0.14375,0.15529,0.16707,0.17758,0.18871,0.24268,0.23094,0.21751,0.20479,0.19155,0.18014,0.16828,0.15635,0.14542,0.13578,0.12799,0.12106781590944932,0.11509,0.11053
23-01-2026 11:40,25221.8,0.10092,0.09778,0.09666,0.09788123351782517,0.10061,0.10582,0.11556,0.12721,0.13961,0.15203,0.16314,0.17371536909218532,0.18383,0.1933361072765559,0.23925,0.22678694394885518,0.21433,0.20188,0.18882,0.17621391468319098,0.16385,0.15167,0.14043,0.13085,0.12271,0.11572451114921217,0.10956,0.10438
23-01-2026 11:45,25210.75,0.09618,0.09657108189855748,0.09747,0.09935,0.10373,0.10955,0.11906,0.13073,0.1424,0.15400743856790136,0.16531,0.17591,0.18638480952380954,0.19675,0.23574,0.22526,0.21174,0.1984,0.18638,0.17499,0.16393,0.15306,0.14354,0.13564,0.12815,0.12247,0.11882,0.11379
23-01-2026 11:50,25193.45,0.11117,0.1073,0.10743264997700244,0.10783196662067154,0.1085,0.11333572160606094,0.12208,0.13307,0.14486,0.1561,0.16703,0.17741,0.18736,0.19852,0.23272,0.22105,0.20822,0.1948688861978771,0.18169,0.16945,0.15821,0.14677129823390983,0.13596,0.12681,0.11883,0.11236,0.10684,0.10173
23-01-2026 11:55,25208.4,0.10773,0.10369,0.1022,0.10292,0.10575,0.11157167281730979,0.11979,0.1304,0.14257,0.15349,0.16453619785696513,0.17532,0.18533,0.19489930490232343,0.23561,0.22389,0.21046,0.19772,0.18489,0.17183,0.16035,0.14834,0.13744,0.12787,0.11989254242363533,0.11298,0.10728,0.10258101901985285
23-01-2026 12:00,25209.75,0.10745000000000002,0.10481,0.10303,0.10346,0.10637,0.11101,0.11957714417950202,0.13115968626153338,0.14275,0.15335,0.16428,0.1752,0.18615470812612064,0.19714,0.23589,0.22355,0.21084396934580124,0.198,0.18517,0.17235543352106475,0.15967,0.1473,0.13627,0.1266,0.11832837035880509,0.11104,0.10492,0.09911
23-01-2026 12:05,25207.8,0.09717,0.09745241489292455,0.09826371867473802,0.09955,0.10375,0.10947,0.11933,0.13061,0.14312,0.1545,0.16511,0.17556,0.18660989329268293,0.1982,0.23501,0.22209,0.20998,0.19729,0.18451,0.17225,0.1607,0.14862,0.13860953583472801,0.12999,0.12296,0.11696,0.11247,0.10886
23-01-2026 12:10,25190.3,0.10602,0.10311,0.10236,0.10405,0.10765,0.11403295788705753,0.12261,0.13353,0.14595,0.15725,0.16815959435038996,0.17872,0.18877,0.19849334043497557,0.23266,0.21946412724798509,0.20670658782930343,0.1943,0.18239,0.16962,0.15765,0.14576,0.13523,0.12612,0.11846,0.11226,0.10685166002656042,0.1021
23-01-2026 12:15,25193.1,0.12044,0.11324,0.1091,0.10933612402579951,0.11003,0.1141,0.12241,0.13313,0.14523,0.15631441576639096,0.16696,0.17733596909873975,0.18781,0.199,0.23385,0.22083,0.20803,0.19529,0.18201,0.16936,0.15689,0.14393,0.13247,0.12203,0.11306,0.10491,0.09748,0.09034
23-01-2026 12:20,25216.55,0.10550675675675672,0.09992891891891892,0.09840315315315316,0.09993,0.10351,0.10881,0.11778834339074236,0.12907,0.14159,0.1530795387653621,0.16402,0.17452,0.18521,0.19582,0.23652,0.22488,0.2115,0.19831,0.18581113559240764,0.17343,0.16068,0.14839,0.13724,0.12774,0.11932,0.11244,0.10652,0.10192
23-01-2026 12:25,25202.7,0.10902,0.10505,0.10395187929280081,0.10354,0.10592475196707968,0.11111,0.1202,0.13111,0.14351,0.15435,0.1652,0.1766,0.18745139166877797,0.19783,0.23468,0.22237,0.20902,0.19636,0.1836,0.1707315785130922,0.15822,0.14620248787331894,0.13464393652451678,0.12424,0.11559,0.10834615412650872,0.10184,0.09596
23-01-2026 12:30,25205.2,0.10924,0.10449,0.10241,0.10351,0.1062,0.11118,0.12027,0.1314119041651921,0.14318,0.1542892867875889,0.165255850372418,0.17632,0.18762,0.19829,0.23557705563093617,0.22218,0.20888,0.19614879796216889,0.1836799478013165,0.17105,0.15802,0.1452003561726451,0.13319,0.12291,0.11407,0.10656,0.09979,0.09415
23-01-2026 12:35,25205.5,0.11402,0.10729166666666666,0.10454,0.10462,0.10685,0.1115,0.12027,0.13105,0.14285,0.15394043932147106,0.16493,0.17635,0.18638,0.19688,0.23527,0.22295,0.20959,0.19659751611959755,0.18372,0.17078,0.15762721867101712,0.14482,0.13307,0.12233,0.11291,0.10468,0.09735,0.09097205655526996
23-01-2026 12:40,25211.7,0.11514,0.10819963432060274,0.10518,0.10499,0.10666,0.11088,0.11947,0.12981,0.14194,0.15277,0.16456,0.17497,0.18622,0.19683,0.23403,0.22129,0.20819,0.19528,0.18287,0.17019,0.15677,0.14397718567291273,0.13169540187746895,0.12064,0.11144,0.103402937663646,0.09605,0.08937
23-01-2026 12:45,25238.75,0.09531,0.09296,0.09274,0.09478,0.09861,0.10362,0.11331,0.12424110068991041,0.13567,0.14706,0.15868,0.17112,0.18118,0.19242,0.23555647921760386,0.223589413202934,0.2115,0.19929,0.18696,0.1748,0.16178,0.14858,0.1375269723184953,0.12777,0.11935,0.1118,0.10566,0.10053
23-01-2026 12:50,25208.05,0.11818,0.10996595047319381,0.10589,0.10503,0.1071091353283192,0.11226160398997172,0.11886,0.12907,0.14030212777831644,0.15177,0.16278,0.17508,0.18636176454003545,0.19678,0.23763909235668787,0.22163,0.20784,0.19651,0.18341,0.17058,0.15673967480557166,0.14308,0.13085,0.11971,0.11001070158852662,0.10129,0.0937,0.0855
23-01-2026 12:55,25226.8,0.09191,0.09074,0.09187587385482734,0.09436,0.0985339381464004,0.10493,0.114910906272632,0.12694,0.13837,0.15025,0.16205,0.17356,0.18451087425109614,0.19498,0.23641,0.22369,0.21182,0.20039,0.18767137003185125,0.17433,0.16074,0.14707,0.13576,0.12571,0.11721,0.10981,0.10391,0.09895
23-01-2026 13:00,25191.8,0.10732,0.10216,0.10054,0.10197,0.10559,0.11222129126863122,0.12128,0.13301,0.14468430966033052,0.15608,0.16683,0.17872,0.18873,0.19995,0.23239,0.22018,0.20746,0.19582,0.18204,0.16979,0.15628,0.14286,0.13142,0.1209,0.11199,0.10395177265836862,0.09654,0.08989
23-01-2026 13:05,25191.25,0.10558,0.10077,0.09948,0.10124,0.10514,0.11102,0.12143,0.1328949019954631,0.14478,0.15664,0.16748,0.17944,0.19018,0.20155,0.2319929101644876,0.21953,0.20747,0.19582,0.18203,0.17015,0.15659,0.14283,0.13138,0.12085,0.1118,0.10375,0.0965,0.09041
23-01-2026 13:10,25194.95,0.10157,0.09802,0.09731,0.09991,0.10395,0.1104,0.12050334793537767,0.13232,0.14399024531306556,0.15573,0.167,0.17842,0.18909,0.20112,0.23302,0.2210973382012408,0.2087505685366422,0.19606101460372244,0.18311,0.16964,0.15624,0.14236,0.13117,0.12076365817019138,0.11148,0.1041,0.09747,0.09163014989293362
23-01-2026 13:15,25171.1,0.09416,0.09472666666666667,0.0962,0.101,0.10744711812552087,0.11552,0.12639,0.13778944833411097,0.14946815877353697,0.1611,0.17255,0.18417,0.19448,0.20596,0.22687562869198305,0.21619,0.20472,0.19249,0.17973963169267976,0.16678,0.15381,0.14203,0.13153,0.12279,0.1152,0.10933,0.10496,0.10098
23-01-2026 13:20,25141.7,0.09918,0.10042,0.10271,0.10734,0.11295,0.12150457106637073,0.13196,0.14377,0.1549,0.16568,0.17710978785183634,0.18856,0.19941,0.20998239893969514,0.22429,0.21339,0.2011,0.18918,0.17603,0.16335,0.15068,0.1396,0.12972,0.12164555248748721,0.11451750577385418,0.10861,0.10422,0.09779
23-01-2026 13:25,25138.55,0.09959,0.09975,0.10246881104000395,0.10753,0.1139,0.12191,0.13279,0.14464,0.15683,0.16747,0.179,0.19071,0.20056,0.21212,0.22394,0.21174,0.20072,0.18770398251664092,0.17434,0.1622,0.14993,0.13824907234950787,0.12773,0.11936,0.11245,0.10677,0.10237526697494269,0.09899
23-01-2026 13:30,25095.3,0.10352,0.10563,0.10955047979854347,0.11503,0.12248,0.13178889235971183,0.1424,0.15439,0.1659771657523779,0.1774,0.18879,0.20028,0.21161,0.2223,0.22468,0.21272,0.20148,0.18886,0.17617,0.16462,0.15373,0.1436,0.13495,0.12813021208313594,0.12228763531661938,0.11829,0.11577718637704479,0.11441
23-01-2026 13:35,25072.05,0.10627,0.10742,0.11133,0.11663,0.12392364166745928,0.13282,0.14377,0.15568,0.16704103026524075,0.17828,0.1898993644715847,0.20123,0.21156,0.22132207288447575,0.22141,0.20872587119314767,0.19618,0.1837709661001469,0.1715,0.15941,0.14792,0.13777,0.12862,0.12121,0.11527,0.11092884945495585,0.10719,0.10371
23-01-2026 13:40,25076.35,0.1005,0.10382,0.10953,0.11588,0.12411,0.13393475180945827,0.1448253849885287,0.15623,0.16833,0.17852,0.19002,0.20090888748524813,0.21165,0.2226,0.2251,0.21299829561990125,0.20101,0.18915,0.17594,0.16462,0.15405,0.14446,0.13658573386722975,0.12982,0.12428,0.12127178630799457,0.11991,0.1204
23-01-2026 13:45,25053.0,0.11187,0.11353198244824482,0.11669,0.12201,0.12927,0.13836,0.14889,0.16014,0.17213,0.1832329750167234,0.1941,0.2052091024114639,0.21633,0.22737,0.21884,0.20697416468176635,0.19455832936353268,0.18173,0.16826,0.15582,0.14497,0.13516000755973245,0.12600078910234377,0.11786,0.11116,0.10602,0.10153377812137224,0.09759
23-01-2026 13:50,25055.05,0.11105,0.11255,0.11691,0.12263,0.12998,0.13922,0.14982,0.16105,0.17257,0.18399,0.1948,0.20664,0.21784002261361962,0.22849,0.22043,0.20712,0.19463958173955728,0.18212,0.16866,0.15651,0.14516,0.13454874605144243,0.12498,0.11719,0.11063,0.10486,0.10082,0.09881508664627936
23-01-2026 13:55,25054.0,0.11215,0.11334,0.1173,0.12236469444111132,0.12874,0.13757034453429293,0.14843498975643388,0.15952,0.17036,0.18221,0.19365,0.20479,0.21562601417183352,0.22614608503100103,0.21977,0.2081,0.19563,0.18322,0.1706,0.15865,0.14751,0.13711,0.1281,0.12067,0.11411,0.10903,0.1056,0.10223
23-01-2026 14:00,25054.2,0.11441,0.11562749181669395,0.1188516448445172,0.12343997545008183,0.12875,0.13712,0.14733257215112391,0.15833,0.1693,0.18057,0.19126,0.20207,0.21334,0.22331,0.21929,0.20717,0.19529,0.18134,0.1684455945348181,0.15615773465033092,0.14443,0.1335,0.12424,0.1165,0.10991,0.10398,0.09874,0.09436
23-01-2026 14:05,25065.1,0.11171,0.11208,0.11495,0.11976,0.1261,0.13483,0.14508,0.15631,0.16766,0.17854,0.18921,0.20064078707721975,0.21187,0.22187,0.22034,0.20887,0.19703,0.18391,0.17062937581239704,0.15778,0.14614,0.13499,0.12562,0.11815,0.11133263983780133,0.10558,0.10159,0.09656
23-01-2026 14:10,25058.25,0.11362,0.11404,0.11716,0.1215,0.12778,0.13652,0.14677981822478714,0.15781,0.16918,0.1801,0.19032,0.20165,0.2130042988929137,0.22438,0.22067,0.2090497152944166,0.19652,0.18292,0.16945,0.15701,0.14502,0.13361,0.12347,0.11525,0.10969,0.10308,0.09849,0.09298
23-01-2026 14:15,25090.65,0.09978,0.10291,0.1077139291842295,0.11374,0.12098,0.12996,0.1401,0.15103,0.16303,0.17347,0.18454,0.19525,0.2063230368504772,0.21772,0.22608,0.2139,0.20107,0.18844,0.17504,0.16301,0.15186,0.14089,0.13175,0.12436,0.11926,0.11535,0.1133553415061296,0.11247
23-01-2026 14:20,25059.65,0.10638,0.10812,0.11199404176863792,0.11766,0.1249457437905944,0.13389,0.14437861525803275,0.15581,0.16723,0.17783,0.18819,0.19926,0.21101647690153988,0.22338886140923933,0.22341,0.21041,0.19825,0.18506244219811557,0.17186,0.15965,0.14814,0.13705,0.12795,0.12066,0.11535738883038313,0.11106,0.10765,0.10473
23-01-2026 14:25,25049.75,0.11458148086522467,0.11518,0.11749,0.12119,0.12738,0.13461,0.1447,0.15513,0.16647,0.17606,0.1864064248822662,0.19720859989534772,0.2085614749607554,0.22056,0.2197,0.20694,0.19409,0.1802,0.16649093930650144,0.15341,0.14117163748175351,0.12957503958416575,0.11907,0.11017,0.10294,0.09634,0.08975,0.08191
23-01-2026 14:30,25077.85,0.11012,0.11027,0.11321,0.11741,0.12437,0.13343469400323288,0.14348,0.15363,0.16489,0.1743,0.18512,0.19678,0.20853,0.2183,0.22389,0.21011,0.19796,0.1842,0.17068,0.15744,0.14487,0.13241,0.12204650566757913,0.11309,0.10574,0.09974,0.0941,0.08855
23-01-2026 14:35,25087.05,0.1078,0.10743,0.10959696801112656,0.11406,0.12053411686022537,0.129,0.13830473814159888,0.14874447452967143,0.1598344736529083,0.17109,0.18275,0.19466077374695806,0.20595,0.21554,0.22344,0.21129510974845456,0.19846,0.18482,0.17106,0.15737,0.14542,0.13350658225933323,0.12292,0.11480710199875245,0.10799,0.10227,0.09782,0.0929
23-01-2026 14:40,25094.55,0.10226115384615388,0.1053,0.10947,0.11466,0.12255,0.13181032919132485,0.14192760321007153,0.15227,0.16277,0.17191,0.18385,0.19511,0.20611578403172054,0.2169,0.22589,0.21300817990236376,0.20016,0.18735,0.17383,0.16106871628142483,0.1487654278576933,0.13695,0.12586,0.11704,0.11101,0.10538,0.1001637221269297,0.0954023327615781
23-01-2026 14:45,25081.45,0.10176,0.10398,0.10817117102606025,0.11413,0.12234182988632486,0.13217,0.14255,0.15294,0.1628470397862417,0.17305,0.1845539544108352,0.19652,0.20829,0.21885,0.2247,0.20978,0.19875,0.18541,0.17329,0.1604,0.14894180179542257,0.13823,0.12811,0.1206580716611634,0.11468,0.11013,0.10692,0.1052813917525773
23-01-2026 14:50,25059.3,0.11857006048822633,0.11576751134154242,0.11717,0.12160250378051415,0.12789,0.13662,0.14639,0.15629,0.16695,0.17648,0.18874,0.19922,0.21018,0.22051,0.21760730677290835,0.20545,0.19303,0.18035,0.16728,0.15404,0.14196,0.1299944952693213,0.11889,0.10969,0.10291051777937657,0.09703,0.0915,0.08374
23-01-2026 14:55,25096.0,0.10168522613065326,0.10472,0.1084,0.11268,0.11992,0.12927,0.13943,0.1501558326981047,0.16087,0.17099,0.1827269452631163,0.19457,0.20503,0.21545,0.22446,0.21069365758567576,0.19757,0.18516,0.17236,0.15908,0.14674794220557283,0.13503,0.12398,0.11532,0.10926,0.10437,0.10001,0.09741
23-01-2026 15:00,25071.15,0.10632,0.10791,0.11251,0.11727,0.12556,0.13521,0.14652,0.15761,0.16824,0.17934,0.1912,0.20287,0.21389,0.22422,0.22224,0.2103358684456929,0.19792,0.18475252902457423,0.17151,0.15886284724286273,0.14663,0.13499,0.12470016107904076,0.11609,0.11005,0.10618,0.10368,0.1
23-01-2026 15:05,25059.0,0.1009,0.10433,0.10951,0.11488,0.12411,0.13455,0.14715,0.15877,0.17062,0.1813,0.19290122018241676,0.20477,0.21637,0.22744,0.2193,0.20760838317107091,0.19568,0.18348,0.17207,0.16041,0.15012,0.13935,0.13024,0.12326,0.11913375627557775,0.11648,0.11517,0.11593
23-01-2026 15:10,25045.6,0.11068,0.11324755659640906,0.11676,0.1215,0.13029,0.14048175893054987,0.15104,0.16104,0.17246,0.18392976396473784,0.19544973763832554,0.20665734249275045,0.21719,0.22664,0.21792793738964097,0.20548,0.1929134791298803,0.18023,0.16708192258091586,0.15451,0.14377,0.13176,0.12172415267024808,0.11352,0.10779,0.10344,0.09961606533756763,0.09623
23-01-2026 15:15,25061.1,0.10403,0.10756,0.11216,0.11735,0.12658,0.1366,0.14719,0.15763,0.16971,0.18027,0.19149,0.20296,0.21502,0.22596,0.22229,0.20842,0.19569,0.18207759818500338,0.16812988119098507,0.15498,0.14334,0.13215,0.12057,0.11286,0.10961,0.1063,0.10386454015725921,0.1021
23-01-2026 15:20,25040.65,0.1146,0.11616,0.11991010310597618,0.12593355238597503,0.13309,0.14229042760325442,0.15303,0.16396103970798775,0.17486,0.18481,0.19659238542052668,0.20832,0.2181,0.22899,0.2204973041217973,0.20675955068696622,0.19313,0.17961,0.1662,0.15292,0.14013,0.12789,0.11618,0.10749,0.10287555722311545,0.0991,0.09488,0.08909
23-01-2026 15:25,25049.65,0.10887,0.11147,0.11604,0.12176,0.13109,0.14117804224148214,0.15154,0.16182,0.17314,0.18434,0.19727,0.20814,0.2205,0.22986,0.21958,0.20286,0.19008,0.17715,0.16433,0.15096,0.13995,0.12814466946182707,0.11638322282074985,0.10726,0.10175,0.09947,0.09448,0.08977
27-01-2026 09:15,25113.05,0.27499,0.30202,0.32281,0.35058,0.38461,0.42786,0.47824,0.52453,0.57367,0.62043,0.6658062006081956,0.70998,0.7525886018245866,0.7932692097311286,0.80455,0.75263,0.70349,0.64961,0.59775,0.55382,0.51257,0.48379,0.46589,0.46533,0.47357,0.49258,0.51278,0.54893
27-01-2026 09:20,24981.3,0.37173,0.38093,0.400940862884117,0.4325754098110413,0.4720295252959071,0.5154990938538485,0.55918,0.60764,0.6609,0.70752,0.76109,0.80431,0.84893,0.8949276867030965,0.722,0.67056,0.63579,0.57755,0.52942,0.47801,0.43101887840127834,0.39554,0.37825,0.3773,0.38901,0.40118642273479516,0.41378,0.4268892682043855
27-01-2026 09:25,24940.7,0.41215,0.41457,0.42548,0.4548584074986978,0.4958,0.53823,0.58329,0.6338319779506507,0.6864,0.73837,0.78617,0.83239,0.877,0.9199714620720028,0.70051,0.6563986680216204,0.60735,0.55241,0.5018,0.4528,0.40457,0.36324,0.341020222932585,0.32686,0.31923,0.31138,0.2881,0.25703808544812085
27-01-2026 09:30,24944.4,0.43418,0.43019,0.4388672837307025,0.45789,0.4929162241794428,0.53966,0.5862410375033563,0.63551,0.68635,0.7406220807337098,0.79262,0.83608,0.8800011827358997,0.92433,0.69697,0.65541,0.61709,0.56144,0.51004,0.45156,0.3993614473705254,0.35395,0.31876,0.30027,0.2823771141141592,0.26277579253107947,0.23261,0.15552
27-01-2026 09:35,25018.3,0.4495,0.42747,0.41019,0.42032,0.45178,0.4883989436292474,0.52925,0.57595,0.62223,0.67629,0.7249180939594526,0.77034,0.81264,0.85271,0.7447395782686821,0.69537,0.64737,0.60076,0.54814,0.4962,0.44574,0.3978311092039155,0.35472,0.32039,0.29276,0.26448,0.22211,0.12637
27-01-2026 09:40,25090.85,0.4547,0.4137,0.39014,0.38476,0.40993,0.44455,0.48925,0.53745,0.58193,0.63655,0.68678,0.73576,0.76941,0.81462,0.79603,0.74443,0.69617,0.64951,0.60292,0.55029,0.49947,0.45308,0.40468,0.36501,0.333,0.30009,0.26344,0.2039
27-01-2026 09:45,25142.05,0.36816,0.34955,0.3373,0.34272,0.36486959332161795,0.40126,0.44811,0.49461,0.54701,0.59015,0.6394685876486148,0.6919131793407503,0.74219,0.78754,0.8281109615843437,0.77235,0.7217003205281146,0.6754,0.63383,0.58196,0.52995,0.480214400559303,0.43571,0.40108,0.3768,0.35236,0.3237931898825222,0.29136
27-01-2026 09:50,25142.45,0.34662,0.32683,0.31992,0.32756,0.35831,0.39611,0.44871,0.50094,0.54737,0.59426,0.65191,0.6994920071692635,0.74216,0.78114,0.8316146244155844,0.77273,0.72082,0.67648,0.629338757937249,0.58085,0.53176,0.48237,0.4405,0.40779,0.38421299772441697,0.36401436567412154,0.34076,0.30921
27-01-2026 09:55,25130.4,0.32119,0.31184,0.31403,0.32672,0.36179,0.40636061370444815,0.45679,0.51181,0.5633663971830563,0.61344,0.6633175599649426,0.71226,0.75959,0.7934,0.80994,0.7601,0.72919,0.6820392266737058,0.6264,0.56905,0.516,0.46864,0.42882,0.40539933170750597,0.3875024843764114,0.37073,0.3536982194413395,0.33788
27-01-2026 10:00,25139.8,0.32443,0.32448984385047797,0.3246807988120671,0.32502,0.3531807769146549,0.40375,0.45530259210900303,0.51008,0.56064,0.6128684012311211,0.66324,0.70756,0.7482785959088323,0.7885515754529943,0.83447,0.78289,0.7340824184588242,0.68513,0.633,0.58504,0.52821,0.47811,0.431,0.39817,0.37604,0.35656,0.33606,0.31098
27-01-2026 10:05,25125.85,0.30215,0.29677,0.30128,0.32297,0.36228,0.40899,0.46656,0.51932,0.57315,0.62148,0.67629,0.72081,0.7623309456514096,0.80129,0.8155534366309097,0.7769362693682955,0.73296,0.6847120897894319,0.63328,0.57812,0.52108,0.47288,0.43083,0.40016,0.38385,0.37058,0.35888,0.33865
27-01-2026 10:10,25088.75,0.4075,0.37213375,0.35823,0.36103,0.38480597052425314,0.42782,0.48428,0.53178,0.58393,0.63445,0.68859,0.73067,0.7829,0.82034,0.81291,0.76659,0.71267,0.66199,0.6088865493380465,0.55399,0.49687,0.44858,0.39699,0.36248,0.33467,0.30597205800965727,0.27156,0.21831
27-01-2026 10:15,25129.65,0.43897,0.39066,0.36472,0.36018,0.38258,0.41304,0.45821934784516505,0.51171,0.56872,0.61118,0.66561,0.71362,0.75313,0.79688,0.84848,0.7956,0.74158,0.69533,0.63808,0.58309,0.53429,0.47852,0.43107,0.38655,0.35069,0.31475,0.27834,0.22729
27-01-2026 10:20,25170.2,0.32589,0.30563,0.30674719164950653,0.31025,0.34257,0.38807,0.43970033314469087,0.49493,0.553,0.59737,0.65279,0.69651,0.74989,0.78886,0.87099,0.8267907087883812,0.78094,0.73318,0.67496,0.62221,0.56933,0.5160265290655144,0.46395582961552323,0.42046,0.38865072962955394,0.36053,0.3314227632250383,0.30288
27-01-2026 10:25,25164.05,0.25371,0.26218,0.27617,0.30173,0.34283,0.39283,0.4492,0.50273,0.5528554400011797,0.60586,0.67118,0.722324802724685,0.7662199013623425,0.79871,0.87468,0.82807,0.77342,0.72691,0.67296,0.61698,0.5619,0.51093,0.4643402932785596,0.42822,0.40896,0.39324755230945563,0.38081,0.37269
27-01-2026 10:30,25123.35,0.3273,0.31534,0.32220485671260385,0.33808,0.37353076761808796,0.42491,0.48153,0.5345348622557182,0.58658,0.63961,0.6936162241163975,0.7464,0.79521,0.83545,0.85189,0.79916,0.75078,0.6994409430836126,0.64601,0.59014,0.54071,0.49048,0.43891,0.39674,0.3648759517660724,0.33773,0.31402,0.28019
27-01-2026 10:35,25122.35,0.3147458086177951,0.2974309681029658,0.3076,0.33586,0.37908,0.43098231112035207,0.48624,0.54057,0.58795,0.64561,0.7025,0.74763,0.79619,0.82755,0.8585,0.80533,0.75652,0.70959,0.65084,0.5957646475241465,0.5428227910430343,0.49179,0.4435,0.40453,0.3781955231625824,0.35626,0.33601,0.31486
27-01-2026 10:40,25095.65,0.2509558602466236,0.27705,0.30858,0.34517,0.39676,0.4540872105063343,0.5135,0.57223,0.62559,0.6764837369925756,0.7260953815087894,0.7755,0.82494,0.87277,0.82604,0.77517,0.73559,0.66826,0.62248,0.56794,0.5167721435181686,0.46905,0.42666,0.41728,0.41798,0.42719,0.44604,0.47381
27-01-2026 10:45,25027.6,0.33335,0.33817,0.35486,0.3917537728836993,0.44222,0.49912,0.5557,0.61343,0.66951,0.72857,0.7774139735629081,0.82268,0.8680217052662383,0.91224,0.81134,0.75038,0.6999101972773979,0.64989,0.59084,0.53037,0.47477,0.42695,0.37786,0.35044431476649573,0.33006,0.314289365399361,0.2975,0.26889
27-01-2026 10:50,25020.95,0.3043271724597354,0.3311,0.3687690574865785,0.41388,0.46816,0.5263917145427575,0.58347,0.63393,0.67963,0.74791,0.8027,0.8509,0.89024,0.94593,0.82915,0.7701776442332765,0.7109736217998863,0.65159,0.59194,0.5382,0.48057,0.4304,0.3904385313903482,0.36854,0.36669,0.37527,0.3891842994400611,0.40869
27-01-2026 10:55,24997.0,0.3272,0.35331756205411546,0.38809445744156434,0.4288,0.48108666613278245,0.53983,0.59563,0.64794,0.70518,0.76982,0.81506,0.8733,0.9265023448731338,0.97544,0.80799,0.7565760823221858,0.70166,0.64264,0.58219,0.52396,0.46733390441276046,0.41534,0.37268,0.35504,0.35497,0.35889,0.36955,0.3853
27-01-2026 11:00,24984.95,0.3629160399379956,0.3756820133126652,0.40329033555211086,0.44337,0.49355,0.55304,0.60914,0.66918,0.7194,0.7846,0.83519,0.8880683616567799,0.94099,0.99173,0.8713820633463394,0.7853586772243899,0.70616,0.63595,0.57545,0.5168935579557326,0.45921,0.40189,0.34996,0.32186,0.31013,0.29312,0.26525,0.201
27-01-2026 11:05,25008.55,0.35938,0.3714248768438608,0.39529,0.43643,0.48808,0.5467611020879,0.60524,0.65624,0.71909,0.77679,0.83301,0.88779,0.93527,0.98664,0.7964264473331873,0.76668,0.72755,0.6709692161196679,0.6031916924615095,0.53754,0.47948,0.42233,0.36786,0.33818,0.32588,0.31849513786027595,0.31009,0.29008
27-01-2026 11:10,25017.35,0.35447,0.3674667300257732,0.3917,0.43262272462063617,0.48639,0.54371,0.6022196185814312,0.66031,0.71616,0.78283,0.83535,0.90092,0.94465,0.9621759963403476,0.84323,0.78659,0.74005,0.66858,0.609293956744027,0.55235,0.48971111396037564,0.42763,0.37099,0.33704,0.32149,0.31116742466124897,0.29971,0.27694
27-01-2026 11:15,25024.0,0.36044,0.36747,0.38888,0.42815,0.48191,0.53609,0.59681,0.65096,0.70102,0.77263,0.82914,0.88409,0.9349047381470731,0.9822,0.84713,0.79103,0.74571,0.67934,0.61259,0.5476579408212191,0.48546,0.42832,0.37381,0.33669,0.31376,0.29753,0.28914632277834534,0.29204793667007184
27-01-2026 11:20,25044.9,0.32104,0.33621534288157756,0.36439,0.41123,0.46217,0.52086,0.58499,0.63522,0.69429,0.7526497657004196,0.81298,0.87951,0.92713,0.96345,0.85907,0.8038,0.75361,0.68763,0.63226,0.56455,0.51188,0.45302,0.39312,0.36313,0.34214,0.33306,0.32606,0.31835
27-01-2026 11:25,25036.65,0.36696,0.36749,0.38782,0.42691,0.47528967134542915,0.52892,0.58582,0.63827,0.6913,0.76463,0.8207,0.88782,0.93488,0.9583557085303905,0.8602504930931982,0.80684,0.7518901643643994,0.69546,0.6377579402092681,0.57808,0.5149,0.45444,0.39294,0.34485,0.31554,0.29137583852411725,0.26278,0.209
27-01-2026 11:30,25078.55,0.30177,0.31892,0.34583,0.39147,0.4446838372726009,0.50143,0.55908,0.6143012472140389,0.67088,0.73376,0.7968426935017072,0.85717,0.91064,0.95374,0.89745,0.84137,0.79065,0.72989,0.6724937645227116,0.61261,0.54192,0.4866,0.42664,0.38602,0.36245,0.34457,0.33544,0.33789459829692714
27-01-2026 11:35,25074.65,0.34828690355329933,0.34012,0.35804,0.39528,0.436,0.49221,0.55529,0.60544,0.66896,0.73161,0.79348,0.84687,0.91508,0.94711,0.90452,0.83873,0.7859369423971174,0.73505,0.67733,0.61641,0.54493,0.48589,0.42361,0.37293,0.33543,0.30821738253700715,0.28242,0.25141
27-01-2026 11:40,25088.45,0.51292,0.44935,0.42746,0.43359,0.45344,0.48777,0.54722,0.59689,0.6523365982255027,0.70847,0.76042,0.8153456149257727,0.86804,0.91268,0.9150514604420092,0.86574,0.8109571534806699,0.75212,0.68852,0.62328,0.56051,0.5012,0.43625,0.38682,0.3401,0.29952,0.25544,0.17427
27-01-2026 11:45,25159.6,0.26014,0.2794,0.30133,0.33437,0.37354,0.43836,0.49435,0.54956,0.60709,0.6704858379368203,0.73216,0.78416,0.8277800661889045,0.86457,0.97798,0.9111,0.85324,0.79336,0.7316,0.6684695561790072,0.6043388686694902,0.5432912468252283,0.48941,0.44602,0.42422,0.41054,0.40549,0.41203
27-01-2026 11:50,25103.25,0.3271,0.32609,0.3415,0.37589,0.41313,0.4696808602065843,0.53389,0.59395,0.6431639829258495,0.69661,0.77721,0.81837,0.87825,0.92405,0.94209,0.87488,0.81721,0.76497,0.69521,0.63118,0.56521,0.50148,0.44941,0.4127695689943398,0.38774,0.3757390329864136,0.36494,0.34715
27-01-2026 11:55,25084.4,0.38338299036673185,0.37526,0.38543433012224393,0.4052,0.43891,0.49008,0.55875,0.60674,0.66333,0.71693,0.79863,0.85098,0.91214,0.9814262179543651,0.95193,0.8915619380710209,0.8276522094753751,0.76111,0.69042,0.61931,0.5528057192614779,0.48975698018868147,0.43434,0.39001,0.35873101816443964,0.33146,0.30429,0.26015
27-01-2026 12:00,25100.25,0.3932,0.37693,0.37919,0.4012875310515806,0.44151,0.49354,0.5541,0.60307,0.65156,0.7144152179892358,0.77765,0.82725,0.8693102420702525,0.9081014524215143,0.9623,0.88186,0.82452,0.77303,0.7090787189816415,0.6382917561820579,0.571,0.5107021261957919,0.45472,0.40448,0.37113,0.34364,0.31813,0.29467396981132077
27-01-2026 12:05,25122.5,0.35913,0.347,0.35271,0.37884,0.42015,0.47865,0.53933,0.5987818601061681,0.65344,0.69809,0.78273,0.82285,0.89728,0.9957434735923176,0.98853,0.90705,0.84928,0.78884,0.72602,0.6541,0.59385,0.5311665494500163,0.47451,0.42957290689271793,0.39439,0.37132,0.3522,0.33739981512206696
27-01-2026 12:10,25117.85,0.37709,0.3605,0.36361,0.38941,0.42902,0.4913155778760047,0.55495,0.59802,0.66477,0.72079,0.78509,0.84864,0.906560486463621,0.95972,0.98491,0.90182,0.84542,0.79545,0.73937,0.6659,0.6019683457455463,0.54119,0.47988,0.42957,0.39059,0.36109,0.33405,0.3012
27-01-2026 12:15,25117.6,0.30765,0.31365,0.33785,0.38075,0.438,0.49899,0.56222,0.62062,0.675440544935772,0.73016,0.785899349355242,0.84696,0.9233,0.97212,1.01025,0.92673,0.85601,0.81432,0.7486,0.67419,0.61091,0.5500499627743657,0.49241884328992325,0.44767,0.41968,0.39999,0.38464,0.37378
27-01-2026 12:20,25109.2,0.39454,0.3788075,0.37656,0.40138,0.44997446332282043,0.51201,0.57587,0.62761,0.68817,0.73425,0.81144,0.8637,0.94107,0.99043,1.00465,0.93314,0.8754879527979118,0.819,0.7516312776386936,0.6835,0.62307,0.55271,0.48838,0.42912,0.37872,0.33881,0.2953754911131899,0.24873
27-01-2026 12:25,25134.2,0.27995,0.29513,0.3281567661122738,0.37419,0.42935,0.4948,0.56462,0.6234909612433318,0.67951,0.73799,0.81575,0.85823,0.94879,0.98686,1.03517,0.94871,0.90214,0.837816049355173,0.77268,0.72383,0.63977,0.58404,0.51233,0.46202011948901545,0.42482,0.40127,0.38577,0.37778
27-01-2026 12:30,25098.2,0.34532,0.349673119472343,0.36118,0.4013,0.45691,0.52494,0.59417,0.66049,0.71503,0.76211,0.84146,0.89501,0.98724,1.00813,1.0379,0.95103,0.88906,0.83341,0.76474,0.70024,0.62633,0.56307,0.49249,0.4407,0.39862,0.36573,0.33397,0.29361
27-01-2026 12:35,25099.65,0.32818,0.3356,0.36352,0.41336,0.47017,0.53637,0.6041953394279508,0.66877,0.72412,0.7937610578650759,0.86377,0.92022,1.00022,1.03866,1.04009,0.97827,0.90271,0.8375563303906336,0.77667,0.71739,0.6448855759280595,0.57224,0.51253,0.45385,0.41578,0.38800632508226507,0.3681,0.36091897524679534
27-01-2026 12:40,25084.95,0.35536226927686765,0.35756,0.3851,0.43265,0.48939,0.55081,0.61517,0.6828200306005907,0.7516063843167404,0.81686,0.87549,0.9380560579190828,0.99762,1.04657,1.04478,0.96906,0.90513,0.84759,0.7822044272630473,0.71012,0.62832,0.55539,0.49525,0.44756074541240615,0.4043364403665832,0.36809891513746873,0.34137,0.3266715252291146
27-01-2026 12:45,25083.9,0.30670268621470037,0.33588,0.38006,0.43751,0.49765,0.5637614433478926,0.63201,0.7001572493312249,0.76706,0.82994,0.8852967475325059,0.94517,1.0283,1.06306,1.05972,0.98286,0.91795,0.85952,0.78761,0.7134,0.6369,0.56286,0.50176,0.45209,0.42086,0.40056,0.38685,0.38058
27-01-2026 12:50,25065.25,0.3993,0.39715,0.42182,0.46947,0.52555,0.59988,0.66958,0.7262750614740943,0.78377,0.85703,0.9251417529524271,0.98798,1.04271,1.0917251470969593,1.07631,0.96973,0.90591,0.83859,0.75874,0.69506,0.62552,0.54605,0.4747550692374665,0.41217,0.36272,0.31743,0.27648266413341777,0.24042598480050667
27-01-2026 12:55,25094.45,0.33154,0.3502,0.3889,0.4458261618227714,0.515155451508012,0.58448,0.6506046808986522,0.71484,0.77353,0.84815,0.9153805945892832,0.98176,1.05306,1.10751,1.10123,1.0336863756761592,0.9612677513523188,0.88526,0.80352,0.7374,0.65314,0.57953,0.5093,0.44418,0.40057,0.36528,0.34277,0.3115
27-01-2026 13:00,25087.35,0.32893,0.348,0.39181041675463074,0.45282,0.52299,0.58998,0.66662,0.72416,0.7933741056753083,0.86777,0.94264,1.00345,1.07589,1.13114,1.11403,1.03344,0.95265,0.8800896468278152,0.81111,0.74373,0.66463,0.5845397228004939,0.51132,0.45443,0.408,0.37208,0.33849,0.30072
27-01-2026 13:05,25077.3,0.37491,0.387,0.42388,0.47872,0.5369,0.61433,0.69302,0.74483,0.82368,0.87877,0.93987,1.01338,1.08612,1.13901,1.10891,1.0304137765009194,0.96104,0.90142,0.80672,0.74013,0.66738,0.582882705840664,0.50256,0.44235,0.3924218044323023,0.34786,0.30785,0.25246
27-01-2026 13:10,25078.6,0.38621,0.39523,0.43152,0.48027,0.54075,0.6185,0.6834,0.75694,0.82697,0.90538,0.98283,1.04564,1.12058,1.15819,1.12954,1.0471,0.96446,0.90732,0.8384352142719078,0.76234,0.68031,0.6046462487165324,0.5317516859489367,0.46450128020687265,0.40577,0.35911,0.31882,0.25628
27-01-2026 13:15,25088.55,0.3958258992898645,0.41003,0.44149,0.48748,0.54588,0.62644,0.70165,0.76234,0.83383,0.88793,0.99268,1.0784758523428968,1.13316,1.14869,1.15813,1.07422,0.99013,0.9322,0.83392,0.77672,0.7003717993239169,0.61558,0.53137,0.46989,0.41386,0.36185,0.3128350051116733,0.26639
27-01-2026 13:20,25085.9,0.43553,0.43431,0.45449,0.49675,0.55424,0.6292917942192918,0.71032,0.7894133997306413,0.86254,0.92093,1.00047,1.0453,1.15693,1.19614,1.15829,1.07399,1.0105087260278334,0.94771,0.8655590005324769,0.78017,0.70546,0.61252,0.533484142904808,0.4614,0.39462,0.3484488853499582,0.3026,0.23747
27-01-2026 13:25,25098.05,0.46141,0.45251,0.46505,0.50455,0.56244,0.6358460539081843,0.71329,0.78384,0.86895,0.94142,1.01001,1.09028,1.1697,1.21001,1.1306449220212107,1.10515,1.05253,0.97691,0.89784,0.81566,0.73052,0.64864,0.56142,0.47273,0.40676,0.34945,0.30219,0.2659458840967774
27-01-2026 13:30,25112.65,0.36831,0.38375,0.42520414293575903,0.48536,0.55493,0.63535,0.71437,0.79586,0.87378,0.94799,1.03188,1.1013228865948603,1.16419,1.22291,1.22766,1.15967,1.08677,1.009678719735506,0.92938,0.8439275126344995,0.75914,0.68207,0.58743,0.5117,0.44197,0.39028,0.35284,0.33192827330865016
27-01-2026 13:35,25095.5,0.28249,0.3508703785088541,0.42153,0.49482,0.5743391015392328,0.65956,0.7536,0.8196,0.9000534924379269,0.98382,1.0620098001409155,1.1384909334585913,1.212924100046972,1.28497,1.21494,1.1640844463109796,1.09508,1.00257,0.93371,0.8519456139321435,0.7643955721739345,0.68561,0.6148870788710311,0.56349,0.5350795972230717,0.52212,0.53098,0.59249
27-01-2026 13:40,25049.05,0.37743,0.42277,0.49073,0.5728839017357398,0.66038,0.74594,0.82367,0.90134,0.97221,1.06132,1.1209,1.1962988601967954,1.27192,1.33216,1.20272,1.13539,1.06165,0.99634,0.92155,0.83142,0.73084,0.64204,0.55651,0.4863,0.42132,0.39112,0.36411,0.33202
27-01-2026 13:45,25044.1,0.42625,0.4624987205264703,0.51533,0.59021,0.6665839601085545,0.7433087335813893,0.8208805223627277,0.8997955283967931,0.9805499536278094,1.06364,1.15186,1.22472831482922,1.2892158240812768,1.34114,1.2589931911402787,1.1688824733388024,1.0821,0.9981008244462676,0.91634,0.83709,0.73498,0.63898,0.55494,0.4711895748167949,0.39944,0.35232,0.30672,0.22099
27-01-2026 13:50,25054.3,0.37171,0.42344,0.49546,0.57747,0.67696,0.75746,0.85059,0.94007,1.0022,1.08021,1.1686160185906347,1.26015,1.34868,1.39246,1.314,1.234157764340871,1.15066,1.06292,0.9819,0.88599,0.77972,0.67892,0.58948,0.50801,0.4452176463742992,0.39785,0.3649542976451259,0.34367
27-01-2026 13:55,25040.65,0.38421,0.43769,0.5162743183809245,0.6083,0.70442,0.801726442060255,0.89528,0.97861,1.05464,1.13671,1.21434,1.30604,1.37665,1.44131,1.2991479481339552,1.23488,1.1618306407336443,1.080987948133955,0.99334,0.894380639551443,0.7866398679704854,0.68166,0.5826387395801667,0.48888,0.40466,0.3528113519466871,0.29989,0.20917
27-01-2026 14:00,25042.35,0.32664,0.4114,0.50478,0.60881,0.70982,0.80406,0.89113,0.96993,1.0818,1.15066,1.22752,1.3206,1.41273,1.50397,1.407452893359335,1.28946,1.18482,1.0946,1.01173,0.9129869601949004,0.8088,0.7054618895974164,0.6073,0.52322,0.44833,0.41858,0.4534426643730887,0.6113359862385321
27-01-2026 14:05,25010.6,0.39868,0.48123,0.5748206367602432,0.67489,0.78007,0.8786503670317284,0.97371759843243,1.0674,1.15967,1.2456469358871824,1.3284963940041101,1.41135,1.4952524721212774,1.57916,1.35802,1.27511,1.1942685224671012,1.10648,0.99522,0.89362,0.78825,0.67908,0.56582,0.47476,0.39414518102139445,0.32586,0.27633,0.12281
27-01-2026 14:10,25041.35,0.37357,0.45821,0.55878,0.66750269543052,0.77277,0.86212,0.94634,1.05464,1.1585543860088647,1.25296,1.3271818354844889,1.40178,1.49949,1.56997,1.40252,1.334859702860566,1.2462960723877985,1.14421,1.0163,0.91977,0.8388,0.72874,0.620109442443269,0.51409,0.41328,0.3543,0.31415,0.25836
27-01-2026 14:15,25034.25,0.3695,0.45459,0.56798,0.67166,0.7819136311856427,0.89058,0.987699892382633,1.08509,1.19427,1.31635,1.37374,1.49623,1.55624,1.62888,1.44116,1.35926,1.2802515728231287,1.18998,1.05823,0.9419,0.8379717373643892,0.73568,0.62576,0.52151,0.41642,0.3607419052430702,0.31669,0.27147
27-01-2026 14:20,25028.4,0.40083,0.48493,0.59172,0.6964096562132835,0.79921,0.89922,1.0028,1.10091,1.1921817440680136,1.2819675459841102,1.38358,1.51294,1.61732,1.6940503653632246,1.48547,1.33764,1.3076,1.2057744144521667,1.07166,0.96811,0.8591,0.75421,0.6467,0.5403,0.44549,0.3874,0.34854,0.28994
27-01-2026 14:25,25022.0,0.42522,0.51321,0.62323,0.7317,0.84639,0.9471019430404488,1.04852,1.1661,1.26484,1.37808,1.46805,1.55096,1.65772,1.76347,1.5485952722268415,1.444767878602534,1.3375055757205068,1.22728,1.114562787860253,0.9998255757205067,0.88354,0.76492,0.64858,0.5281,0.41710553675318224,0.31056258822505084,0.21006084558439408,0.11719
27-01-2026 14:30,25040.85,0.39181,0.50066,0.62518,0.75971,0.88623,0.99624,1.1264,1.2432,1.34177,1.46343,1.56662,1.66481,1.7662434737716242,1.87057,1.57868,1.49654,1.4129385796864242,1.32053,1.2048390032910408,1.07647,0.944,0.8212,0.6959357743430128,0.57136,0.45098,0.36207,0.30341,0.28120087077319234
27-01-2026 14:35,25042.95,0.54896,0.57786,0.66313,0.76466,0.89905,1.00651,1.09641,1.22306,1.34797,1.50913,1.606513124522698,1.68869,1.77649,1.8546,1.65134,1.52633,1.4535924089674022,1.38194,1.2647960859206873,1.12711,0.98879,0.87119,0.74329,0.60591,0.46679,0.33856027582089765,0.21708263791044885,0.10484
27-01-2026 14:40,25097.55,0.33389,0.42508,0.55551,0.67826,0.78645,0.92303,1.03769,1.16763,1.23569,1.42219,1.5393516813008894,1.63715,1.7365234843723223,1.83068,1.7994,1.6687,1.571918505080734,1.47385,1.33685,1.22119,1.06074,0.93888,0.84334,0.69108,0.5410337069895549,0.40992,0.31756,0.26193
27-01-2026 14:45,25108.1,0.37525,0.42842,0.5427919875345566,0.68849,0.8273,0.97349,1.11692,1.23827,1.32278,1.48454,1.58344,1.71158,1.865194242424243,2.032985454545455,1.91042,1.71363,1.6190147978231302,1.53578,1.4126166662199104,1.27885,1.15422,1.00505,0.88216,0.7403156702479354,0.58912,0.43418,0.30565,0.20319
27-01-2026 14:50,25122.3,0.3379166880841123,0.4328,0.55658,0.70672,0.84021,0.9529,1.12283,1.2380742226271348,1.34638,1.48257,1.61719,1.79522,1.88216,1.94677,2.0171042949846862,1.89989,1.777171431661562,1.64927,1.5141560415964792,1.37749,1.24586,1.08792,0.94426,0.78047,0.6241716812059357,0.47032,0.31555,0.16639
27-01-2026 14:55,25143.55,0.35345,0.38729,0.52999,0.6728321127335133,0.82563,1.0072,1.159789168670413,1.2937,1.40702,1.55288,1.69702,1.7779,1.860480337509598,1.94457,2.114101689378636,2.06243,1.975523896459545,1.86546,1.7262,1.55776,1.38835,1.2177,1.08865,0.90835,0.7466316554893068,0.58392,0.39964,0.24166
27-01-2026 15:00,25118.0,0.22867,0.42577,0.5968792493142254,0.76229,0.93694,1.07719,1.24115,1.40258,1.56178,1.66008,1.71452,2.02809,2.10815,2.13811,2.27781,2.11407,1.9501,1.8378873115148473,1.72376,1.54954,1.37437,1.19798,1.01998,0.8524789901803665,0.6876,0.51939,0.32525,0.10703556754519108
27-01-2026 15:05,25134.65,0.20763,0.42034,0.58577,0.74767,0.96576,1.10655,1.2084,1.45281,1.62229,1.78968,1.85084,1.9887163548254272,2.16189,2.31529,2.60916,2.34411,2.158822191931537,2.008435036473418,1.8605453627785897,1.68275,1.44213,1.2708826224184848,1.11695,0.95237,0.75249,0.56259,0.35433,0.11644
27-01-2026 15:10,25154.95,0.16803,0.40933,0.6306426282683232,0.82645,0.9748493497571868,1.12661,1.349066043555344,1.58429,1.8002327061172672,1.96159,2.03204,2.3302,2.38021,2.55189,2.71129,2.418894189957533,2.2184850465817325,2.13747,2.13017,1.85502,1.65228,1.44843,1.2431,0.97402,0.82574,0.6309430055430185,0.40968,0.17324
27-01-2026 15:15,25174.85,0.14225,0.42629,0.6745,0.81392,1.03772,1.33488,1.47205,1.7153979778658477,2.0125042335807395,2.22048,2.30421,2.50644,2.706670929149395,2.90515,3.17201,2.95157,2.88296,2.51011,2.4194,2.06703,1.84445,1.62086,1.39592,1.16917,1.00123,0.75534,0.5003120459667735,0.23712
27-01-2026 15:20,25198.1,0.0168,0.39816,0.69406,0.9537661450782499,1.20671,1.47601,1.84647,2.00071,2.340743495294239,2.6557,2.76165,2.9646203575435877,3.27675184543846,3.69076,3.9432777531206633,3.67402962552011,3.40433,3.13418,2.86358,2.59234,2.32024,2.04698,1.77218,1.4953,1.21558,0.9598234678959571,0.68798,0.3404
27-01-2026 15:25,25242.4,0.03726,0.35816,0.73157,1.13908,1.53259,1.91634,2.29252,2.66246,3.02705,3.386895931219929,3.74259,4.092947793659787,4.436784899518868,4.7729169048968165,5.82301067958098,5.38476,4.97453,4.59339,4.21172,3.82927,3.44575,3.06078,2.6739,2.28444,1.89151,1.4927091925138969,1.08871,0.6781675775416909
