datetime,underlying_price,NIFTY27JAN2625200CE,NIFTY27JAN2625300CE,NIFTY27JAN2625400CE,NIFTY27JAN2625500CE,NIFTY27JAN2625600CE,NIFTY27JAN2625700CE,NIFTY27JAN2625800CE,NIFTY27JAN2625900CE,NIFTY27JAN2626000CE,NIFTY27JAN2626100CE,NIFTY27JAN2626200CE,NIFTY27JAN2626300CE,NIFTY27JAN2626400CE,NIFTY27JAN2626500CE,NIFTY27JAN2623800PE,NIFTY27JAN2623900PE,NIFTY27JAN2624000PE,NIFTY27JAN2624100PE,NIFTY27JAN2624200PE,NIFTY27JAN2624300PE,NIFTY27JAN2624400PE,NIFTY27JAN2624500PE,NIFTY27JAN2624600PE,NIFTY27JAN2624700PE,NIFTY27JAN2624800PE,NIFTY27JAN2624900PE,NIFTY27JAN2625000PE,NIFTY27JAN2625100PE
07-01-2026 09:15,26111.65,0.12662,0.1233,0.11741,0.11376327216826262,0.11005,0.10576,0.09970156696377425,0.09724,0.0957,0.09397,0.09187,0.09041,0.08908,0.08795,0.1784,0.17237,0.16928,0.16469053553166152,0.1576,0.1524,0.14697,0.14105,0.13613,0.13085,0.1264,0.12142,0.11631,0.1115
07-01-2026 09:20,26141.4,0.08632,0.10087969279692507,0.11167847902873035,0.11779,0.11197,0.11028,0.10617153126746037,0.10196855329669724,0.09837,0.09619,0.09413,0.09236,0.09057,0.08925,0.17962,0.17477,0.16969978736290017,0.16534,0.15844649573930011,0.1542,0.14753,0.14274,0.13849,0.13282,0.12698479406092045,0.12363,0.11754446181888054,0.11353
07-01-2026 09:25,26139.35,0.09147,0.09203801358634664,0.09514,0.09933,0.09599,0.09204,0.09216,0.08954,0.08996,0.08861,0.08697,0.08627,0.08541,0.09091496759098308,0.1801,0.17574,0.17154,0.16567,0.15927,0.15227696314801228,0.14919,0.14245,0.13806,0.13242,0.12877,0.12349,0.11817,0.11446320989938569
07-01-2026 09:30,26128.95,0.1086,0.10842,0.1115,0.12248,0.10715,0.11098,0.10345,0.09695488549940229,0.09864,0.09511,0.09304,0.09123,0.08688790395994836,0.08843,0.18174,0.18302253081163575,0.17206,0.16502,0.15755,0.1536688555454518,0.14691,0.14209,0.13721,0.13184,0.12722,0.12252,0.11729,0.112
07-01-2026 09:35,26131.9,0.10462,0.10538,0.12459,0.12051,0.11225,0.11294,0.10544,0.10018995936876604,0.09896,0.09839734612605616,0.09412,0.09136,0.09014,0.08885,0.18193,0.1757275756914221,0.17226,0.16522,0.15924,0.15334,0.14784,0.1423,0.13632366283945072,0.13219,0.12733,0.12295,0.11707,0.11179240988047029
07-01-2026 09:40,26145.15,0.07079,0.07639,0.08313,0.08523,0.08524240081726542,0.08734,0.08439355628027512,0.08301655779744455,0.0845,0.08386,0.0850904004182888,0.08301,0.08262,0.08249,0.18277,0.1782,0.17265,0.16631,0.15883,0.15343,0.14961,0.14337,0.1382,0.13313,0.12864,0.12374,0.11872,0.11932832196018966
07-01-2026 09:45,26113.1,0.11162863775463394,0.11837,0.10826,0.11514,0.1083,0.1055,0.10226,0.09913661733665827,0.09741,0.09438,0.09237,0.09075,0.0870101407163671,0.08809,0.18107,0.17468,0.1704,0.16426,0.157,0.15289,0.14697,0.14089,0.13571,0.13075,0.12599,0.12096,0.1140873733957116,0.11071
07-01-2026 09:50,26110.0,0.12463931063196998,0.12087,0.10978,0.10921024230934614,0.10545590555677287,0.10476,0.09939,0.0968,0.09542,0.09316,0.09122,0.08945,0.0871718837343391,0.08699,0.1777979235633464,0.1745,0.17045,0.16386,0.15681,0.15155,0.14694,0.1419135021723546,0.13566,0.13068,0.12601,0.12059683502906152,0.11607,0.11095
07-01-2026 09:55,26108.9,0.13029,0.12175,0.13487,0.12535597805317342,0.12009,0.11328,0.10975971609856605,0.10767483000714209,0.10426,0.10032,0.09739,0.09479,0.09256,0.09083,0.18084,0.17444,0.16945,0.16358,0.15675,0.1522606640871653,0.14636,0.14063,0.1353,0.13017490279874672,0.12571,0.12047,0.11507759164408513,0.10983
07-01-2026 10:00,26140.3,0.09239,0.0877,0.115,0.11531,0.11123,0.10752,0.10161,0.09863886499635566,0.09747,0.09748128830279024,0.09255,0.09062,0.08911,0.09256988836552074,0.1828,0.17745,0.1717,0.16515,0.16067,0.15356,0.1481,0.14259,0.1377414416700398,0.13216,0.12774,0.12248,0.11747212746203448,0.1122
07-01-2026 10:05,26142.95,0.09177048471439087,0.08237,0.11304,0.1133553026082785,0.11037,0.11308,0.11004,0.10336,0.10275,0.09909,0.09616,0.0921362619052729,0.09181,0.09023,0.18298,0.17622,0.1714,0.16534,0.15961,0.15374,0.14828,0.14278,0.13766,0.13236,0.12794,0.12247,0.11739,0.11183
07-01-2026 10:10,26159.15,0.10591,0.11189,0.09886,0.10744128923844751,0.10296500491964544,0.10706872261393305,0.10588,0.10323861592839084,0.10190051433571995,0.09746,0.09524,0.09264,0.09117,0.08945,0.18016663993469456,0.17667243262015814,0.17292,0.16683,0.16271298328477282,0.15501,0.14937,0.14421,0.13893,0.1335,0.12947,0.12462,0.11843,0.11309
07-01-2026 10:15,26183.8,0.12049,0.09722,0.11136,0.09406,0.09202,0.09154231478659183,0.09326,0.08786,0.08838,0.0854557744431301,0.08802381322810354,0.08527,0.08415,0.08461482613646759,0.18267,0.1756644968216951,0.17425,0.16842,0.16269,0.15663,0.15173,0.14572,0.14048,0.13536,0.13028,0.12548,0.12019,0.115
07-01-2026 10:20,26169.15,0.13492,0.11376,0.12267,0.1127790695307935,0.10785,0.10225916691108614,0.09695,0.09399,0.09285,0.09140780962385489,0.08918,0.08778,0.08646,0.08546,0.18381,0.17694,0.17322412985272015,0.1675,0.16245561749695217,0.15570683208068484,0.15024,0.14558054458214822,0.13994,0.13449,0.12949,0.12431,0.11901,0.11379
07-01-2026 10:25,26152.25,0.14819,0.11685,0.1055,0.10144,0.10012968511615072,0.09150698602419935,0.09325,0.09388,0.0911,0.08690923542267706,0.08801,0.08672,0.0857,0.08459,0.18279,0.1759,0.16645954024620763,0.16626690692286483,0.16026,0.15459,0.14949,0.14378,0.13834,0.13291,0.12889,0.1234,0.11784,0.11258
07-01-2026 10:30,26130.45,0.14045,0.13392,0.12199,0.11614286613491284,0.10937393176479282,0.10631,0.10164,0.09839,0.09700299603661841,0.09407,0.08985612369604162,0.09188865893667181,0.0883,0.08712,0.18145,0.17666,0.17139,0.16528,0.15994505328860803,0.15318,0.14805,0.14233,0.13686,0.1314,0.12709,0.1217,0.11602,0.11090616467287767
07-01-2026 10:35,26133.05,0.13848,0.13213,0.12328510834241774,0.11849448905206647,0.109,0.10357,0.10375,0.09754,0.09843,0.09542471466892535,0.09299,0.09521867145765617,0.08935,0.08769,0.18012165036165356,0.17607,0.17133,0.16478,0.15569497124222564,0.15317,0.1486,0.14326565172930253,0.13675,0.13159,0.12694,0.12169,0.11406219804337989,0.11086
07-01-2026 10:40,26144.05,0.13284041842202632,0.1239,0.11831873909078611,0.11069,0.10614253071558943,0.10253,0.09817164994448357,0.09761,0.09496,0.09090213761789909,0.09067,0.08757122080908142,0.08738,0.08609,0.18288,0.17646946378081804,0.17204,0.1655,0.15977,0.15409,0.14898,0.14327,0.13781,0.13264,0.12761,0.12155554910309138,0.11697,0.11450488375775486
07-01-2026 10:45,26141.15,0.12448,0.11800621811418807,0.11456,0.114,0.10828,0.10332,0.10041,0.09745,0.09459545279779201,0.09195,0.09043,0.08885,0.08608721622699027,0.08575,0.18131,0.1766,0.1693840125707157,0.16533,0.15938,0.15392,0.14844,0.14292,0.13762,0.13204,0.12718,0.12241,0.11676,0.1133561698596443
07-01-2026 10:50,26146.85,0.15441,0.12166,0.12264,0.12576,0.10904141350108942,0.10062,0.10283539333389069,0.10421,0.10121,0.09751,0.09502,0.09229,0.09052,0.08866,0.18168,0.17469386432006603,0.17128,0.1657,0.16604971768960836,0.15411,0.14865,0.14331,0.13772,0.13245,0.12747,0.12241,0.11671,0.11127
07-01-2026 10:55,26168.55,0.11618,0.09908,0.10582,0.10280445377337075,0.10027,0.09883,0.09819,0.09465,0.09529,0.09256,0.0906,0.08877,0.08737,0.08584,0.18331,0.17727,0.17315,0.16687,0.16117,0.14995507746075526,0.1501,0.14478,0.13937,0.13411,0.12903,0.12454427688922512,0.11815,0.11277
07-01-2026 11:00,26160.15,0.14217,0.10926,0.12493,0.12832,0.11709,0.11632,0.11182,0.10649,0.10367,0.0996,0.09689,0.09419,0.09188,0.08808992142154276,0.18281,0.17727,0.17264,0.16635,0.16579922788366674,0.155,0.14973,0.1444,0.13896,0.1334,0.12844,0.12318,0.11743,0.11204
07-01-2026 11:05,26182.1,0.053753552122489556,0.06317,0.10803,0.11224,0.11009,0.10412,0.09991,0.09817,0.09397439658453628,0.0919,0.08867016725052485,0.08838,0.08688,0.0856,0.18446,0.17867,0.17404,0.16776,0.16186,0.15948875659164619,0.15102,0.14572,0.1389266943713863,0.13508,0.1288961647162199,0.12479,0.11928,0.11373
07-01-2026 11:10,26166.7,0.1087754169412688,0.10165,0.12041,0.10969317354089678,0.10432,0.10113029906107499,0.09653,0.09319722773040512,0.09205,0.08991,0.08867,0.08603733070677705,0.08535,0.08431,0.18353,0.1772,0.17284,0.16679,0.16173,0.15382,0.15069129663780204,0.14469,0.13988,0.13401,0.12869482192156412,0.1239,0.11804,0.11274
07-01-2026 11:15,26148.15,0.15103,0.12068,0.11971599945201589,0.11697,0.10479,0.10114,0.10383,0.10015,0.09801,0.0933325574866117,0.09307,0.08945338998313626,0.08902,0.08724,0.18212,0.17646,0.16820323552878322,0.16562,0.1597,0.15445,0.14843,0.14362,0.13802,0.13232,0.1283041138196413,0.12244,0.11685,0.11124
07-01-2026 11:20,26148.9,0.13325,0.12907593942547727,0.13221,0.10563,0.10438,0.09880749695746574,0.09484,0.09535,0.09248858714317962,0.0912,0.08892,0.08742,0.0862,0.08517,0.18397878015532715,0.17612,0.17222,0.16569,0.15692364784517837,0.15412,0.14849,0.14368,0.13808,0.13238,0.1278,0.12089646075337931,0.11682,0.11139
07-01-2026 11:25,26140.4,0.14019,0.13725599931716218,0.13724,0.11602,0.10911,0.10707198151181388,0.10345607457939471,0.09873859048123737,0.09829807688900283,0.09357,0.08875496677464628,0.08967,0.08807,0.08663,0.18110210660268328,0.17534,0.17146,0.16493,0.15901,0.15337,0.14974523561185973,0.14296,0.13721,0.13166,0.12703181354830537,0.12146,0.1159,0.11031
07-01-2026 11:30,26144.45,0.13223,0.1238,0.13491,0.12795,0.10692,0.10959,0.11051,0.10497,0.10338,0.09905,0.0955,0.0933,0.09089,0.08913,0.18165,0.17587,0.17124,0.16588,0.1595,0.15714215810412482,0.1492868342462218,0.14324,0.13734,0.13195,0.12677,0.12154,0.11602,0.11071
07-01-2026 11:35,26160.05,0.1379,0.10954,0.12705,0.11342,0.1144,0.09898,0.09861,0.0955,0.09382,0.09112,0.08876,0.09449178625610888,0.08612,0.08473,0.18262,0.17686,0.17249,0.16689,0.16051,0.15488,0.14989,0.1443,0.13873,0.13333,0.12776,0.12338269750106831,0.11739,0.11192
07-01-2026 11:40,26147.1,0.12942766150057416,0.12168,0.13513,0.11628,0.12094,0.10735,0.10434,0.10372123994050211,0.09677,0.09297,0.09119,0.08937,0.08741,0.08616,0.18184,0.17607,0.17344932449634615,0.16608,0.15948,0.15385,0.14842,0.14360284975051474,0.13755,0.13244,0.12735,0.12187,0.11653,0.11076
07-01-2026 11:45,26136.15,0.15533,0.13021,0.12347,0.12015022981363563,0.11002315393606565,0.10719,0.10479,0.09917,0.09782,0.09505,0.09244,0.09021,0.08802215194935807,0.08711,0.18118,0.17565,0.1678318885069056,0.16517,0.15878,0.15314,0.14771,0.14255,0.13711,0.13168,0.12657,0.12108,0.11474799487259599,0.11045
07-01-2026 11:50,26138.65,0.15371,0.12839,0.12183,0.10693,0.11294,0.10653068747315206,0.09573,0.09332,0.09232,0.08996,0.08826,0.08661,0.08627374119434562,0.08458,0.18163,0.17566,0.1715780816033507,0.16488,0.15896,0.15312,0.1477,0.14256,0.1344041537408173,0.13173,0.127,0.12127,0.11611,0.11082
07-01-2026 11:55,26126.7,0.15868976165508697,0.13681,0.12379226247398761,0.11165,0.11006,0.10405,0.10053,0.0968,0.09586,0.09104424610872863,0.09077,0.08876073933654582,0.08749,0.08637,0.18119,0.1730540296532658,0.17019,0.16413,0.1582,0.15235,0.14692,0.14193,0.13603,0.13077,0.12604,0.12062,0.11541,0.11042
07-01-2026 12:00,26121.55,0.16447,0.14018,0.12062,0.11515511317463997,0.10988825142918768,0.10525,0.10099,0.09795,0.09557,0.09277,0.09077,0.08877,0.08533318193443194,0.08587,0.18089,0.17468,0.17036,0.16382,0.15788,0.14894525188073762,0.14659,0.1419642320619204,0.13584,0.13042,0.12544,0.12036,0.11541,0.11002
07-01-2026 12:05,26110.95,0.17059,0.14485462799705415,0.12592,0.11854,0.11393,0.10904,0.10471,0.10360627407010958,0.10065911446763136,0.09505,0.09261,0.09614030668428562,0.09339342257008197,0.08731,0.18024,0.17388,0.16946,0.16361,0.16142612730347058,0.15262576561617344,0.14608,0.14106,0.13542,0.13009,0.12564,0.12023,0.1149,0.10954
07-01-2026 12:10,26110.45,0.1663737562258384,0.14699,0.12624,0.12268,0.11167803439690327,0.10926,0.10682,0.10029,0.10023,0.09643,0.09378,0.09151,0.08936,0.09196653410502009,0.18051,0.17387,0.16747466476988043,0.16336,0.15632,0.15152,0.14588,0.14087,0.13554,0.13007,0.12538,0.11999,0.11469,0.10926
07-01-2026 12:15,26107.4,0.1726,0.15263729478598784,0.1281,0.12045371086173759,0.11432468541223884,0.11083,0.10355,0.10125,0.09722,0.09467,0.09205,0.09009,0.08853,0.08725,0.18033,0.17372,0.16902,0.16318,0.15679,0.14852627268701693,0.14568,0.14051,0.1352,0.13013,0.1254,0.11967,0.11531292602267681,0.11265250567291646
07-01-2026 12:20,26103.3,0.14749,0.15113,0.12846,0.12228,0.11176,0.1131,0.10716,0.10184,0.09835,0.09528226235887216,0.09375,0.09145,0.08962,0.0882,0.18064,0.17369,0.17061338733557846,0.16293,0.15675,0.15088,0.1456703474172315,0.14057,0.13537,0.12972,0.12512,0.1199,0.115,0.11194867991809082
07-01-2026 12:25,26106.55,0.14529,0.13443186927676234,0.12654,0.11526,0.11023,0.10932,0.10306,0.09924,0.09688,0.09433,0.09216,0.0893520169570951,0.08851,0.08719,0.18086,0.17367,0.16924,0.16338,0.15697,0.15111,0.14620466921235212,0.1408,0.1347280514721945,0.13050037138081672,0.12583,0.12057,0.11544,0.11046
07-01-2026 12:30,26108.85,0.14716682898273648,0.13189,0.12764,0.12135,0.11389,0.1097,0.1052,0.10143,0.09905,0.09602,0.09375,0.09119693201672927,0.08962,0.0881,0.17816017012439395,0.17382,0.1684284617344939,0.16478292411687404,0.15713,0.15127,0.14704,0.14077511944463325,0.13550396748892415,0.13053,0.12554,0.12044,0.11535,0.11008
07-01-2026 12:35,26106.25,0.13895,0.13281260418774773,0.12285704141552672,0.11553,0.11035,0.10842,0.10552,0.10146,0.09871,0.09611,0.09355,0.09184666335472762,0.08912,0.09130988052946246,0.17976,0.17473,0.169,0.16316,0.15719,0.15237,0.14602,0.14097,0.13531,0.13035,0.12571,0.12036,0.11516,0.11035176725675938
07-01-2026 12:40,26103.5,0.11991,0.11696,0.11289,0.10667,0.10291,0.10230611490434907,0.09545,0.09235,0.0917,0.08965,0.08826,0.08653,0.0853,0.08439,0.1796,0.17457,0.16884,0.16299,0.15724,0.15153,0.14638,0.14079,0.13557,0.13083,0.12552,0.12089,0.11587,0.11502234900522451
07-01-2026 12:45,26084.3,0.13611,0.13107,0.1253,0.11451,0.11253,0.10675,0.09808665482194756,0.0982,0.09613,0.09317,0.09116,0.08921,0.08751379021530396,0.08642,0.177486078942726,0.17193,0.16620105551656705,0.16086,0.156,0.15028,0.14511,0.1395,0.13425,0.12896,0.12449,0.11948653088012792,0.11478361346090468,0.10937
07-01-2026 12:50,26084.8,0.13576,0.13076,0.12502,0.11425,0.11181,0.10873,0.10386,0.09994,0.09747,0.09457,0.09258,0.09147003948069278,0.08887,0.08759,0.17985,0.17281,0.16768,0.16159,0.15605,0.15118,0.1448483765434652,0.13954,0.13415,0.12867360082274515,0.1243,0.1192,0.11391,0.11119609679929537
07-01-2026 12:55,26089.25,0.1335142063142284,0.12556361903339272,0.12235,0.1206,0.11469,0.10908,0.10466,0.10084,0.0984,0.0947,0.09279,0.09043,0.08873,0.08741,0.17892048492757834,0.1711085015606804,0.16774,0.16189,0.15657,0.15117,0.14577,0.13937,0.13418,0.1288,0.12429,0.11934,0.11381,0.11366148618134403
07-01-2026 13:00,26099.15,0.13774,0.12674111098645,0.12114,0.11955,0.11469,0.10982,0.10198781404114027,0.10038,0.09815,0.09453,0.09202,0.09013,0.0883,0.087,0.17939,0.17435,0.16807171137276464,0.16276,0.15729,0.1513,0.14584767011441976,0.14022,0.13440716204839512,0.12951,0.12442,0.11914,0.1141,0.10896
07-01-2026 13:05,26103.3,0.1205877649692414,0.11724,0.12059935724002774,0.11697,0.11188,0.10731,0.1025,0.09934,0.09665,0.09231883465557719,0.09115,0.08926,0.0873,0.08606,0.17966,0.17408942979956668,0.16866,0.16285,0.15729,0.15201,0.14642,0.14034,0.13517,0.12894321595032626,0.12461,0.11956,0.11452,0.10938
07-01-2026 13:10,26105.85,0.13259,0.11512,0.11892981550137222,0.11921,0.10758,0.10426,0.10056,0.09619125858840796,0.09497,0.09178,0.08993,0.08809,0.08550272595485146,0.08572,0.1789,0.17454,0.16883,0.16274,0.15661,0.15176,0.14462441064548184,0.14036,0.13536,0.1302714517739387,0.12528,0.11997,0.11473,0.10925
07-01-2026 13:15,26097.2,0.13545,0.12209,0.12139427870918612,0.11719525060605737,0.11389,0.10790818238931241,0.10166122205981626,0.10025,0.09667,0.09342,0.0919,0.08937,0.08770320269673919,0.08674,0.17932,0.17401,0.16878,0.16261,0.15718,0.1512,0.14514,0.14012,0.1344249452881778,0.1298,0.1249,0.11945,0.11408,0.10916
07-01-2026 13:20,26097.45,0.13528,0.12192,0.12229,0.11051,0.10726,0.10272,0.09787,0.09553,0.0935,0.09048,0.08899,0.0874686756857514,0.08593,0.08506,0.17786,0.17271,0.16965677634911408,0.16248,0.15609,0.15123,0.14535,0.14157764785274315,0.1348,0.12982,0.12699056527997082,0.12248565510518047,0.11929902281315749,0.10935
07-01-2026 13:25,26076.35,0.13635,0.13632,0.13447,0.11507,0.11124,0.10481,0.10174,0.09783,0.09578,0.09306,0.09102,0.09416756442541756,0.09378447084972902,0.09501996853815614,0.17677,0.17141,0.16651,0.16114,0.15192578193044473,0.14992,0.14396,0.13872,0.13342758945024025,0.12822436294718298,0.12294,0.11771,0.11287,0.10588116765843486
07-01-2026 13:30,26070.0,0.14088,0.137172170570478,0.13783,0.11987,0.11361,0.10952090620029034,0.10302998124747842,0.10029,0.09795,0.09434,0.09254,0.09022,0.08856,0.08836494998686667,0.17822,0.17166,0.169359599396733,0.16075,0.15539,0.14993,0.14396464162695585,0.13846,0.13334687691308697,0.12764,0.12272,0.1172147105705956,0.11258,0.1072
07-01-2026 13:35,26074.55,0.15432772569284758,0.13998211389718831,0.13547,0.12112,0.1144,0.11189,0.10505,0.10046,0.09766,0.09457,0.09234,0.09017,0.0882,0.08695,0.17852,0.17140708444780162,0.16691,0.16108,0.15502294380313542,0.14812748448693086,0.14467,0.13862,0.1328,0.1281,0.12259,0.11738,0.11229,0.10545016868139473
07-01-2026 13:40,26074.2,0.13798,0.13149,0.13567,0.12103,0.11374,0.10901395764588487,0.104,0.10033,0.09781,0.09512484480353266,0.09207,0.09026,0.08842,0.08693,0.17851,0.17132,0.16666,0.16104,0.15485,0.1499891826305164,0.14464,0.13877,0.13308,0.12729,0.12293,0.11799,0.11287286466983085,0.10731
07-01-2026 13:45,26072.8,0.15346699619748205,0.1375,0.13006425342935662,0.12452,0.11755,0.1126,0.10713,0.10257,0.10008,0.09637,0.09394,0.09167,0.08976,0.08827,0.17844,0.17169094068573523,0.16658,0.16074,0.15356586544348616,0.14982,0.14267,0.13852,0.13243445489427927,0.1272,0.12272,0.11748,0.11227,0.10712
07-01-2026 13:50,26083.4,0.1311,0.13079,0.13071,0.11458,0.1109,0.10573,0.09955,0.09775,0.09571,0.09249,0.09049,0.08864,0.08724,0.086,0.17692084007694026,0.1701799453327721,0.16703,0.1591661455958968,0.15547,0.15029,0.14357,0.13909,0.13359,0.12796,0.1235,0.11838,0.11309,0.10797
07-01-2026 13:55,26079.6,0.13406,0.12884388266933364,0.13283,0.12454,0.11271,0.11314,0.10995953435177214,0.10267,0.09951,0.09595,0.09371,0.09128,0.09063861296057535,0.0879,0.17644,0.17088,0.1663,0.16097,0.15524,0.14995,0.14601157115403138,0.13868,0.13319,0.1277,0.12323,0.11758,0.11262,0.11046662509618149
07-01-2026 14:00,26088.65,0.12683,0.12726,0.12157812867603984,0.11704438861487929,0.10839,0.10736,0.10616,0.10128305444686336,0.09891,0.09497,0.09123278504478155,0.09048,0.08855,0.08723,0.17391827284838873,0.17112315335179015,0.16664,0.16202,0.15453,0.15055,0.14487,0.13898,0.13368,0.12808,0.12366,0.11826,0.11304,0.10766
07-01-2026 14:05,26096.3,0.11994,0.12171,0.11491,0.11938,0.10453,0.10799,0.10284,0.09718695820637197,0.09493886353706812,0.09296,0.09098,0.08597200319376383,0.0871,0.08586,0.17797,0.17139,0.1657261417236762,0.16253,0.15343467759271956,0.15048,0.14525511024853388,0.13967,0.13406,0.1293,0.1241,0.11873,0.11363,0.10818
07-01-2026 14:10,26100.95,0.11527,0.11807,0.11166,0.11718,0.11077,0.10686,0.10024,0.09667,0.09492,0.09354188111130982,0.08533073044744816,0.08774,0.08373152097222734,0.08509,0.1739561463999792,0.17169,0.16877413235027028,0.16284,0.15557,0.15079,0.1446,0.14033,0.13485,0.13053764701626824,0.12445,0.11951,0.11389,0.10872
07-01-2026 14:15,26097.3,0.12510401534969906,0.12055,0.11426,0.11114,0.10788581491914062,0.10373,0.09785,0.09583357142162224,0.09355,0.09092,0.08848550597776811,0.08749,0.08602,0.08474,0.17776,0.17148,0.16773,0.16193,0.15535,0.15096,0.14437,0.13993,0.13446,0.12926,0.12455,0.11925,0.11381,0.10886
07-01-2026 14:20,26090.7,0.12516,0.12549,0.1171844535433027,0.11458,0.10805,0.10853227633100412,0.10217,0.09626,0.09463,0.09177,0.08988,0.08729528439803483,0.08632,0.0852,0.1739078463108556,0.17108,0.16806,0.16129,0.15707,0.15093,0.14504,0.13950725461062866,0.13371,0.12826,0.12397,0.11856,0.11323,0.10826
07-01-2026 14:25,26090.45,0.1254,0.12569,0.11594943066013502,0.11309,0.11201,0.10886333433781661,0.10202,0.10133446879783975,0.09695,0.09333,0.09125,0.08583907553800803,0.08744,0.08588,0.17707,0.1703619604825773,0.16806,0.16128,0.15769,0.14994,0.14486,0.14014,0.134,0.12826,0.12384,0.11834,0.11312,0.10767
07-01-2026 14:30,26098.65,0.11775,0.11404745697575461,0.11338,0.11283,0.108,0.10375,0.0957,0.09374,0.09245,0.08931,0.08759,0.08543235467796591,0.08508,0.08388,0.17759,0.1716,0.16859,0.16182,0.15844,0.15109,0.14578,0.14087,0.13488,0.12884,0.1234663333522707,0.11906,0.11385,0.10774232152627966
07-01-2026 14:35,26088.15,0.12742,0.12736,0.12038,0.12188,0.1129,0.10654,0.10546,0.10076,0.09843,0.09465,0.09268,0.09026,0.09081983068426729,0.0947745311920728,0.17696,0.17096,0.16380010540609713,0.15894629596484663,0.15715,0.15041,0.1468114225491696,0.14,0.13416,0.12709098460090557,0.12393,0.11829,0.11197242125978665,0.10792
07-01-2026 14:40,26097.55,0.11889,0.12046,0.11993987451062077,0.12266,0.10834,0.11052,0.10398,0.10004,0.0976,0.09418,0.09367823188572194,0.09003,0.08824,0.0868,0.17162733046545758,0.17267,0.16855,0.16082894801299907,0.15778,0.15104,0.14536,0.14082,0.13497,0.12892,0.12414,0.11889,0.11311,0.10225710019346829
07-01-2026 14:45,26107.25,0.12396,0.11763,0.1223,0.1067,0.10319,0.10394,0.09526,0.09287,0.09155,0.08889,0.08749,0.08584,0.08476,0.0837,0.1797400958560133,0.17329,0.1756334095236723,0.16401,0.15935933051492035,0.15169,0.14639,0.1402088604029159,0.13506,0.12989,0.12485,0.1179997428502376,0.11414,0.10918
07-01-2026 14:50,26098.4,0.13162,0.13675,0.12915,0.12292,0.11520123244367486,0.11258,0.10664,0.1023,0.0996,0.09579,0.09332,0.09112,0.09329763549229686,0.08728223148943226,0.17642,0.17275681643884516,0.16839,0.16346,0.15807,0.15112,0.14581,0.14057,0.1343,0.12831,0.1241,0.12027162810322353,0.1132,0.108
07-01-2026 14:55,26113.35,0.13149,0.12732,0.11988,0.1167,0.10902,0.10408,0.10127,0.09875791147250576,0.09552,0.09223,0.09015,0.08859351363995527,0.0865,0.08529,0.17946,0.1737,0.16935,0.16379616236096778,0.15885,0.1532680022995242,0.14645,0.14127,0.1356994722509183,0.12937,0.12507,0.11986,0.11433,0.10908
07-01-2026 15:00,26123.1,0.12276,0.11978,0.11306,0.11132,0.10302,0.10051378991322121,0.09855,0.0946,0.09145319213374953,0.09028,0.08881,0.08709,0.08559663920896955,0.08446,0.17827,0.17321236718378707,0.16948,0.1653,0.15908,0.15355,0.1473,0.14211,0.13767,0.13048,0.12578,0.12037,0.11508,0.11194621879494576
07-01-2026 15:05,26133.7,0.11118,0.11022,0.11062526364895447,0.11163,0.10334,0.10225,0.09753,0.09433,0.0916836511214941,0.08993,0.08822,0.08652,0.08530898514855328,0.08421,0.17893,0.175,0.16966,0.16599,0.1581247366674658,0.15163,0.14746,0.14052329634260186,0.13677,0.13081,0.12618,0.12072,0.11529,0.10998
07-01-2026 15:10,26142.1,0.09884,0.11876,0.11059,0.11222,0.10533,0.10244,0.09801,0.09482,0.09307,0.0906,0.08896,0.08737,0.08575,0.08979544921564231,0.1743905080100488,0.17441,0.17155212943305598,0.16564,0.16034,0.15424,0.14736560230617687,0.1408896730635646,0.13766,0.13155,0.12641,0.12179,0.11633,0.11055
07-01-2026 15:15,26147.8,0.10654,0.11355,0.10582,0.09637,0.0897410499008684,0.09213,0.08989,0.086,0.08722,0.08611,0.08507,0.08366,0.08305,0.08238,0.17951,0.1759,0.17108,0.16531,0.15785423628738063,0.15482,0.14842,0.14365,0.13775,0.13182,0.12758,0.12212703694256996,0.11657,0.1127997966490884
07-01-2026 15:20,26138.3,0.11792,0.12203,0.1136,0.10598,0.0986,0.09832,0.09507,0.09185568038981201,0.09046,0.08884,0.08713,0.08549301141553989,0.08502,0.08402,0.18137,0.1742,0.17198,0.16548263088293083,0.1599,0.15239,0.14836,0.14335,0.13727,0.13102,0.12552,0.12142,0.11616,0.11054
07-01-2026 15:25,26139.7,0.11638,0.12088,0.11254,0.10631240166175535,0.09944,0.09616,0.09398,0.09147,0.09192,0.09349774308663694,0.08703,0.08549,0.0851226365374605,0.09203041948728835,0.17936,0.17731,0.17159,0.16754,0.16085,0.15228,0.14936,0.14228,0.13722,0.13017557351934073,0.12627,0.12052,0.11608,0.11012
08-01-2026 09:15,26101.75,0.11678,0.11279840381062309,0.09164,0.11444,0.09806,0.1029,0.09933,0.0938,0.09226,0.09026,0.08847,0.08464161006082237,0.08673,0.08567,0.18174,0.17806,0.17069,0.16845702857175646,0.15934,0.15632522006020155,0.148,0.14234,0.13554,0.13056,0.12504,0.11964,0.11443,0.11354057941691459
08-01-2026 09:20,26109.7,0.10711,0.09536319241122579,0.0813,0.09165,0.09017,0.09083,0.08783,0.0849349423320486,0.0866706270199332,0.08478,0.08368,0.08269,0.08590385961042207,0.09022237084310275,0.18138926124705573,0.17724,0.17249,0.16744635097415703,0.15934,0.15404,0.14616,0.14272,0.13626,0.13099,0.12466954777218575,0.11956273319563693,0.11556,0.11016
08-01-2026 09:25,26087.55,0.10989,0.10764298398520575,0.10509,0.09447,0.09178,0.0908,0.08627,0.0861,0.08568,0.08435,0.08327762588216442,0.08332,0.08440393954517392,0.08234,0.18263,0.17301055094426515,0.17156,0.16239707916686258,0.15974836299053485,0.15257,0.14449,0.14138,0.13473,0.12985,0.12516,0.12037,0.11455,0.10927
08-01-2026 09:30,26063.1,0.13321,0.11121,0.10224,0.1061,0.09787,0.09834,0.09432,0.0918,0.091,0.08905,0.09049648531327786,0.08322919776493908,0.0856,0.0849,0.18109,0.17429,0.16925,0.16538853782718718,0.15695,0.15213,0.14305,0.14003,0.13411,0.13140711416848422,0.12582408455091573,0.12132700807279645,0.11531342959751187,0.10857
08-01-2026 09:35,26053.95,0.14005,0.12774091671836516,0.12722573886781013,0.1235,0.10269,0.11067,0.10566,0.10007,0.09883,0.11062975780483728,0.11213575371645529,0.0915,0.09,0.0978791948679276,0.17789,0.17441557699758115,0.16867,0.16643185001675015,0.15635,0.15153,0.14468240947560104,0.13941,0.13378,0.12774,0.12355,0.11742,0.11243,0.10685
08-01-2026 09:40,26092.65,0.07254671555233905,0.07222,0.10736,0.10182,0.09554,0.09282085847104768,0.09243,0.09023,0.08867,0.08688,0.0836869914737497,0.08526,0.08491539799618533,0.08339,0.1814579018042018,0.17621,0.17119,0.16453,0.15915,0.15415,0.14546,0.14211,0.13591,0.13053,0.11842075205171483,0.11469334821817881,0.10928097081900037,0.10987
08-01-2026 09:45,26077.7,0.12038,0.09884,0.10186097276422673,0.1063,0.09633,0.09896,0.09438,0.08971113471218192,0.09236,0.09023,0.08831,0.08718,0.08581,0.08152009381173875,0.18062,0.17472,0.17048,0.16608,0.15684858021035616,0.15256,0.14601,0.14108,0.13551976730734452,0.12961,0.12496,0.11967,0.11477,0.10919
08-01-2026 09:50,26070.8,0.12674,0.12348,0.12264,0.11624838675591784,0.11034406258125407,0.1098,0.10385,0.09989,0.09784,0.09522,0.09286,0.09054,0.08954261910656001,0.08742,0.1802,0.17457,0.1698,0.16429,0.15795,0.15191,0.1481634252476959,0.14061,0.13485,0.12954,0.12542,0.11937,0.11424,0.11030333329377878
08-01-2026 09:55,26089.4,0.11893,0.11507740805230324,0.10995,0.10776,0.1017,0.09898,0.09518,0.09178,0.09102257929520226,0.0884,0.08524624911315665,0.08609,0.08468,0.08383,0.18197,0.17577,0.17225,0.16643,0.15998409854528187,0.15377,0.14812,0.14291,0.1364144213982103,0.1313,0.12645,0.12111,0.11384189599085717,0.1037603499346142
08-01-2026 10:00,26081.9,0.12612,0.11463,0.11541,0.09567,0.0905,0.09307,0.09216,0.08803490078825499,0.08683,0.08683295251816647,0.08798700358735456,0.08348,0.08295,0.08222,0.18152,0.17531,0.17055,0.16595,0.15977,0.15308,0.14762,0.1424,0.13761938328917403,0.13036,0.12591,0.12012,0.1156,0.1098
08-01-2026 10:05,26068.05,0.13746,0.12556,0.10291,0.10160314369174969,0.09975,0.09371,0.08932769014201536,0.08884,0.08745571037331171,0.08659,0.08564,0.08442,0.08374,0.08591687918973842,0.1829,0.17444,0.1704,0.16505,0.15844,0.15236,0.1465,0.14209,0.13589,0.13005,0.12542382288123702,0.11972,0.11452,0.10903
08-01-2026 10:10,26050.3,0.14986936978470033,0.13736,0.11243,0.11244,0.10750593103231865,0.10496,0.0982244226325214,0.09617,0.09397,0.09127,0.08964,0.08765,0.0865544751608499,0.08499,0.18178,0.1745,0.16974,0.1643242183250367,0.15727,0.15117,0.1453,0.1407,0.1342,0.1289,0.1237,0.11806,0.11269208319714033,0.10692287427922259
08-01-2026 10:15,26055.25,0.12383,0.13428,0.109,0.10141,0.0969,0.09436168878631787,0.0871988873553316,0.0878,0.08731,0.08648,0.08509,0.08406,0.08321,0.08422720323721958,0.18044,0.17472,0.17055,0.16423,0.15803,0.15249,0.14583,0.14138,0.135,0.12954,0.12443,0.11939,0.11427,0.1052408734308698
08-01-2026 10:20,26034.9,0.12108603175895583,0.11514,0.11445,0.10932,0.10163,0.10165,0.09571,0.09396,0.09295,0.091,0.08918,0.08756,0.08806464128459333,0.08519,0.17801,0.17343,0.16923,0.16312,0.15709,0.15112,0.14533,0.14027,0.13414,0.12859,0.1235,0.11824,0.11347,0.10802
08-01-2026 10:25,26034.15,0.12564614849889477,0.12074,0.11495,0.11094470796798747,0.10584595626453497,0.10437623899450058,0.09973,0.09619,0.09422,0.09368796463806212,0.09026,0.08852,0.08737,0.09025831642810031,0.17913,0.17334637443382556,0.1709028524841728,0.1633,0.15706,0.15089,0.1457182630005053,0.14023,0.13396,0.1288,0.12414011230143812,0.11819,0.11408338097075263,0.10975594107754388
08-01-2026 10:30,26034.2,0.13043,0.12296,0.11721,0.11248,0.10654,0.10325,0.0989,0.09655,0.09502738802634693,0.09269,0.09096,0.08901,0.09069688313679561,0.09166029855058558,0.17925544914958474,0.17341,0.16858960749517501,0.16481,0.15625,0.15166,0.14523893880005445,0.13960631839899143,0.1344,0.12945,0.12358,0.11841,0.11343,0.10783
08-01-2026 10:35,26040.5,0.11556,0.1184,0.10955,0.10308,0.09929,0.09834,0.0926663337048454,0.0917,0.0908,0.08918,0.08801,0.08444406706489789,0.08555,0.08575745099514603,0.1804,0.17383,0.1726357917742945,0.16525,0.1575903869001952,0.15173,0.14627,0.14086,0.13472,0.12929,0.12429,0.119,0.11438,0.10882
08-01-2026 10:40,26027.15,0.12731,0.12778,0.11939,0.11316729792097899,0.10746,0.10523,0.09862,0.09697556889207515,0.09385,0.09196565089572037,0.09018,0.09073949692699343,0.08916563735952306,0.08618,0.17956,0.17298,0.16849406432386724,0.162,0.15683,0.15197783044670737,0.14466,0.13962,0.13434,0.12845,0.12352,0.11748,0.11179576490465845,0.10803
08-01-2026 10:45,26033.1,0.13495471693875716,0.12493045986843956,0.11577,0.10722,0.10400662834642016,0.10168,0.09616,0.09329,0.09228,0.0904,0.08908,0.08753,0.09175384151070709,0.08859454689672552,0.17855,0.17001465891632,0.16848,0.1635,0.15584258753563723,0.15125,0.14402,0.1402,0.13407,0.12838,0.12398,0.11885,0.11398,0.10838
08-01-2026 10:50,26029.85,0.11819,0.12603,0.10632,0.10430246324249046,0.09795,0.09934,0.09532042390490719,0.09317,0.09208,0.09179783779459429,0.08927,0.08758,0.08634,0.09062707926289698,0.17836,0.17516317584388735,0.16804,0.16287,0.15642,0.15122,0.1454,0.14014,0.13441,0.1293,0.12408,0.11841,0.11399,0.10857
08-01-2026 10:55,26018.95,0.12741,0.13303,0.11606770744238964,0.10692,0.10129491707124982,0.10154,0.09625,0.09308,0.09332,0.09144,0.08964,0.08828,0.08684,0.08605,0.17825,0.1725,0.17003352553757023,0.16215,0.1557,0.15049,0.14465,0.13969,0.13433,0.12728384613110796,0.12257747848443179,0.11767,0.1138,0.11300675979269753
08-01-2026 11:00,26016.4,0.12889,0.11864,0.10849,0.11085,0.1006,0.10269,0.09771,0.0946,0.09377,0.09163,0.09095826611673802,0.08867,0.08761,0.08378837429411337,0.17340256388844782,0.1714331532691827,0.1659355925573956,0.16178,0.15696,0.15156803386084497,0.14414,0.13982,0.13417994405070896,0.12894,0.1245,0.11922,0.11321710229759194,0.10594408127919469
08-01-2026 11:05,26011.95,0.13223,0.12934,0.12101479654728248,0.11196,0.10841,0.1012,0.09888,0.09649,0.09635007179043878,0.09243,0.08555149777950583,0.09748044672583119,0.08817,0.08698,0.17460525380753106,0.1758,0.16808,0.16128,0.1567966121543788,0.15004,0.14568635598719834,0.13952,0.13506,0.12899,0.12435822109511652,0.11898,0.11392,0.1088
08-01-2026 11:10,26009.35,0.14147450081729074,0.13098,0.11365,0.10859,0.10160048224592477,0.10029,0.09856,0.09614709070687977,0.0949738378598489,0.09127,0.08993,0.08862,0.0876,0.08655,0.17986,0.17346,0.1675490034935971,0.16112,0.15548906183660025,0.14987,0.14485983487795948,0.14024,0.13357147429949925,0.1285822278827376,0.12544,0.11999,0.11509,0.10994
08-01-2026 11:15,26005.55,0.13474965685449114,0.12268,0.1073,0.10588,0.10003,0.09851,0.09432,0.09407,0.09316,0.09112,0.08960517943148955,0.08896,0.08856431291185163,0.08703,0.18067,0.17517,0.171,0.16647437001972398,0.15999879046424495,0.15248,0.14687,0.14114,0.13579,0.13133,0.12617,0.12125524311336763,0.11597,0.11087
08-01-2026 11:20,25984.4,0.14374,0.13566,0.11071,0.10416,0.09902,0.09674620618136928,0.09553,0.09345,0.09251,0.0916,0.09065,0.08947,0.08902459336178373,0.0968392061433862,0.17931,0.17519,0.17042,0.16514,0.1596,0.14920212383924228,0.14908,0.14263,0.13824,0.13264,0.12703,0.12199,0.11699,0.11194
08-01-2026 11:25,25968.0,0.13393,0.14451,0.1274501238988775,0.11621,0.10783,0.10532,0.10246,0.09972,0.09817,0.09555,0.09053813593277388,0.09258,0.0912,0.09028,0.17643585899461572,0.17343,0.16954,0.1644,0.15998,0.1540856934567839,0.1474006703566838,0.14131,0.13656,0.1287066732468421,0.12547,0.12017,0.11526,0.10994
08-01-2026 11:30,25968.05,0.16232459867445093,0.14451,0.12868302291546102,0.11762713746123807,0.10996,0.10584,0.10050493924497167,0.09904,0.0984353067173114,0.09712960590866251,0.09381,0.0924,0.09118,0.09058,0.18011861415407932,0.17458,0.17075,0.16484343260116033,0.15873616125636122,0.15315,0.14693,0.1421,0.13492,0.13068,0.12595,0.12068,0.11592,0.11084
08-01-2026 11:35,25971.65,0.13255644028714275,0.12472311632750918,0.12047,0.11888,0.11249,0.10861,0.10423,0.10083,0.09857,0.09641,0.09465,0.09281,0.09139,0.09291902891746873,0.1805228883100351,0.17483,0.17042,0.16418901577150385,0.15823,0.15199,0.14577824469362977,0.14047187581138465,0.13508,0.13002053183419748,0.12493,0.11985732529818136,0.11426,0.10886
08-01-2026 11:40,25983.85,0.13538,0.11016,0.11307,0.10963,0.10385314124055423,0.10171,0.10029901691686355,0.09626,0.09523,0.09304,0.09174,0.0905,0.08937,0.08904,0.17934,0.17566,0.17105,0.16623648500922775,0.16029585941724447,0.15302,0.1477081815615648,0.1413,0.13551,0.13019,0.12571,0.11978945625673634,0.11521,0.10985
08-01-2026 11:45,25973.8,0.12243,0.12497,0.10904,0.1085979380531312,0.10746,0.10034,0.09668,0.09855731294192702,0.0941,0.08888499927699772,0.09124,0.09009,0.08932,0.08911,0.1787,0.17567,0.17019,0.16335,0.15872955896346103,0.15249,0.14695,0.14125,0.13574,0.1303,0.12569,0.12043,0.11571,0.11036
08-01-2026 11:50,25958.25,0.13347,0.12051,0.1206,0.11501,0.10958,0.10540693904006596,0.10351508804153209,0.09931,0.09775,0.09542,0.0938,0.09237,0.09104,0.08808525892167293,0.17411198757081586,0.17465,0.16935,0.16471,0.15803,0.1514,0.14585,0.14052,0.13471,0.12923,0.12457,0.11926,0.11463,0.1092
08-01-2026 11:55,25958.05,0.12189,0.11063,0.10560857758577974,0.10429,0.1001243493708932,0.09719,0.0942244090011855,0.09325,0.09271,0.09138,0.09045,0.08941,0.08854,0.08892,0.18039,0.17443,0.17054,0.16471,0.15887849047156485,0.15281,0.14684,0.14193,0.13633,0.13064932431755671,0.12657,0.12119,0.11693,0.11169470044437663
08-01-2026 12:00,25936.15,0.12217,0.11547,0.10832,0.10508268432683374,0.10256,0.10034,0.09708,0.09569,0.09503,0.09382,0.0926,0.09334478676446226,0.09081,0.09107,0.18079,0.17552,0.17076,0.16496,0.156,0.15065,0.14638,0.14185357255686948,0.13743,0.13339136103648797,0.12748,0.12229,0.11646165272010753,0.1128
08-01-2026 12:05,25896.7,0.1448,0.13635508772839663,0.12976,0.1243,0.11772,0.11319,0.10952263556132502,0.10622700531064538,0.10487,0.10247,0.10057,0.09884,0.09598709653499735,0.09686,0.1799,0.17523,0.17064994248680007,0.16499,0.1547944835818205,0.14801,0.14378,0.13683947865696777,0.13335,0.12858,0.12484,0.12030506327292831,0.11452,0.10966
08-01-2026 12:10,25920.3,0.1311,0.12721,0.12316,0.11872,0.11304,0.10923,0.10565,0.10319,0.10149,0.09916,0.09766,0.09594,0.0951,0.09445,0.18108,0.17569,0.17092782639780182,0.16472,0.1588,0.15031,0.1484403186411261,0.14123,0.13549,0.1291,0.12563,0.12046,0.11531,0.10996
08-01-2026 12:15,25935.5,0.12493130094012217,0.12281,0.11885954301253171,0.11358028912030524,0.10827,0.10492383129406821,0.10135,0.09952,0.09774,0.09636,0.09485,0.09395,0.09295,0.09262,0.18318,0.17791,0.17292,0.16676816394590913,0.16035,0.1549,0.14958922856572118,0.14401,0.13794,0.13165,0.12804,0.1227,0.11781,0.11288
08-01-2026 12:20,25923.15,0.13462,0.12982,0.1211,0.11657,0.11259,0.10757,0.10337312439280061,0.10183,0.09983,0.09796,0.09661,0.09590865298406764,0.09427,0.09404,0.18674,0.17896,0.17478,0.16847,0.16299,0.15402,0.15118,0.1452,0.13893,0.13283,0.12752435695495723,0.1236,0.11875,0.11375
08-01-2026 12:25,25934.95,0.12705,0.12349,0.11508,0.11706,0.11002,0.10735131557956776,0.10373,0.1013,0.09797920009897948,0.09751,0.09629,0.09469,0.09344,0.09341,0.18718,0.17979,0.17429,0.16962083223501365,0.16228,0.15913,0.1499331863512529,0.1449,0.13854,0.13267,0.12842,0.12287871621636207,0.11803,0.11335
08-01-2026 12:30,25935.9,0.12309,0.12295,0.11958,0.10904,0.10503,0.10077126128907091,0.09853,0.09758,0.09552423476524423,0.09479,0.09357,0.09246,0.09168,0.09175,0.1855,0.17987,0.17521,0.17092,0.1611190206967635,0.15860726201782224,0.15083,0.14631,0.14015,0.13405,0.13004,0.12477,0.11989,0.10989300295500876
08-01-2026 12:35,25914.7,0.13927,0.13463,0.12860518596905218,0.12298385661857034,0.11617,0.11019,0.10820087058448818,0.10462,0.10226,0.0967770465518705,0.09429320828206872,0.09653,0.09498,0.09504,0.18467,0.18126,0.17357,0.16729,0.16143,0.15625,0.1514,0.14427,0.1375,0.13174,0.12766851295308268,0.12192,0.11681498611739291,0.11202
08-01-2026 12:40,25920.75,0.13483180657308214,0.13148,0.12465,0.11739,0.11421,0.11052,0.10652,0.10369,0.10074778496075483,0.09919,0.09712,0.0957,0.09428,0.0943,0.18451,0.1783,0.17334,0.16848372868414277,0.1613,0.15799,0.14941431624918539,0.1443,0.13768,0.1313,0.12714210405221132,0.12209,0.11805753674840033,0.11197
08-01-2026 12:45,25921.8,0.13509,0.12646210874344263,0.11644,0.11302,0.10968,0.10613,0.10195022115450025,0.10173,0.09984,0.09802,0.0957702197105415,0.09420595690989697,0.09385,0.09401,0.18459,0.1782,0.17427,0.16751,0.16183,0.15808,0.14900045597420172,0.14505,0.13724702696992705,0.13223,0.12851,0.12311,0.11932399403659874,0.11301
08-01-2026 12:50,25913.2,0.1312,0.13546,0.11517,0.12057,0.11283205656070805,0.11085,0.1067,0.10438,0.10171,0.09974,0.09825,0.09971545796011028,0.0943262788983365,0.09513,0.17618551518256936,0.17763,0.17466,0.16692,0.16249,0.15695,0.15086,0.14408,0.13762,0.13137,0.12726,0.12124342025090099,0.11699,0.11152
08-01-2026 12:55,25910.65,0.1328,0.13677,0.11648,0.11758,0.11238,0.10766,0.10469,0.10295,0.1008,0.09718877159024916,0.09733,0.09612,0.09476,0.0946,0.18504,0.17875,0.17514,0.16873,0.15984297515651244,0.15697434507147,0.14963635374390546,0.14379,0.13734,0.13127,0.12722,0.12162,0.11703,0.1113
08-01-2026 13:00,25905.65,0.13583,0.13928,0.12870831929644128,0.12451,0.11087,0.11208,0.11325526170503086,0.10712,0.10472,0.10241,0.10025,0.09844,0.09673,0.09617,0.1849,0.17824,0.17416,0.16839,0.16261818423896324,0.15642,0.14973,0.14418047509249748,0.13955684986454744,0.13227421717077598,0.1265,0.12156,0.11485067391586443,0.11380252639904725
08-01-2026 13:05,25924.95,0.12353,0.12931,0.12087,0.11706,0.10851,0.11041603938433406,0.10633553154323555,0.10217,0.10330381178092168,0.10020772303779188,0.09218607436453974,0.09529602873919066,0.09364,0.09321,0.18078263867134697,0.17959,0.17537,0.16857,0.16325,0.15786,0.15166,0.14501,0.1376837730810673,0.13215,0.12785,0.12213,0.11736,0.11212
08-01-2026 13:10,25922.25,0.13656,0.12639,0.12258535220111239,0.11962,0.10956,0.10916371646040582,0.10729878192664288,0.10381,0.10093,0.10131091873409001,0.10108136751496771,0.09566,0.09417,0.0937,0.18665,0.17942,0.17404,0.16845457721031876,0.1625,0.15598,0.14979,0.14416,0.13714,0.13092,0.12699,0.12157341762322701,0.11611,0.11058
08-01-2026 13:15,25921.8,0.13686,0.12666,0.12001,0.11462,0.10975,0.10641,0.10299,0.10002706255313326,0.09863,0.09725,0.09579,0.093679864227109,0.09295,0.09277,0.18663,0.1794,0.17502,0.17019,0.16319,0.15599920191669026,0.15262,0.1448,0.13804,0.13155,0.12777,0.1221,0.11719564187414375,0.11163
08-01-2026 13:20,25914.55,0.14112,0.13046064476933547,0.12212575576826729,0.11617,0.10916,0.10646,0.10447,0.1013,0.09915,0.09761,0.09610032560798404,0.09483,0.09341,0.09347,0.18425966196793347,0.17892,0.17436845740204543,0.16863,0.16309,0.157,0.15046234183457233,0.14458,0.138,0.13155,0.12751,0.12179,0.11697268920215961,0.11148
08-01-2026 13:25,25911.75,0.14273,0.11662,0.11354232581076434,0.10721898765952151,0.10431,0.10172,0.09957,0.09663758552137464,0.09495877330301673,0.09494733248405378,0.09439,0.09305,0.09214,0.09239,0.18654,0.178,0.17609,0.17066,0.16372,0.15681,0.15234,0.14556,0.13906407714647534,0.13278,0.12901,0.12216574454645515,0.11871,0.1133
08-01-2026 13:30,25888.65,0.15494,0.12545,0.12737,0.12153,0.1135713374155618,0.10826102389267836,0.10803,0.1054,0.10268,0.09991442945130155,0.09919,0.09714,0.0957,0.09517239907322475,0.18496,0.17858,0.17384,0.1659,0.16123,0.1522514343351189,0.1468481385959086,0.1423,0.1359,0.12941,0.12539,0.11989,0.11478,0.10939
08-01-2026 13:35,25907.5,0.13114,0.11468,0.11856,0.11656,0.10942,0.10737,0.10467,0.10234,0.09968,0.09784,0.09675,0.09513,0.09392,0.09367,0.18702,0.17624,0.17407,0.16726,0.16178,0.15753,0.149,0.14287,0.13722237253260963,0.13173204165953217,0.12808301636537284,0.12070830572808963,0.11563,0.11024
08-01-2026 13:40,25901.95,0.132,0.12589147522500846,0.12127,0.1177,0.11418482585909773,0.10988179079811175,0.10502,0.10332,0.10029917868503312,0.09908,0.09564398004144992,0.0962117323765137,0.09445,0.0942,0.18665,0.17587,0.17385,0.16604854392085908,0.16153,0.1547,0.14847,0.14279,0.13615,0.13003,0.12588826629398797,0.12004353966781436,0.11509,0.10991
08-01-2026 13:45,25914.15,0.12419,0.11049,0.12285,0.11764,0.11335056098038976,0.10789064742739587,0.10554,0.1032,0.10095,0.09865,0.09752,0.09555,0.09387,0.09366,0.18446,0.17653,0.17324,0.16776,0.161,0.15561,0.14841,0.14238,0.1378551336176385,0.1312197380398445,0.12515,0.11953,0.11462,0.11131227349551137
08-01-2026 13:50,25911.55,0.12595,0.12756,0.12328,0.1175032718683666,0.11156,0.1097,0.10648,0.1038,0.10147,0.09906,0.09742,0.0955,0.09384,0.09357,0.1843,0.17656,0.17239,0.16713,0.16083,0.15543,0.1476,0.14185,0.13847538318881433,0.12901,0.12495,0.11895,0.11414,0.10917
08-01-2026 13:55,25926.6,0.13417158593959655,0.12702,0.11579,0.11513,0.11104,0.10836079670135859,0.10242,0.10115,0.09911,0.09696,0.09542,0.0937,0.09229,0.09191,0.18372,0.1776,0.17346,0.16678,0.16296469009425285,0.15655,0.14783,0.14195,0.135455577853963,0.12932,0.12499,0.11922,0.11426916147113617,0.10919
08-01-2026 14:00,25936.35,0.107,0.11068690845190396,0.10933197472191708,0.11052,0.10497,0.10471,0.10075,0.10050016866261263,0.10154731223767846,0.09846406059188224,0.09311843655123692,0.09300797435472347,0.09121,0.09073,0.1837457557734255,0.1812430121108754,0.17364,0.16748,0.16161,0.15728,0.14829,0.14293,0.13609,0.13009,0.12561,0.12019,0.11524,0.11019
08-01-2026 14:05,25930.35,0.11223,0.11064395357701537,0.11388,0.10824,0.10288,0.10302,0.09939,0.09783,0.09537273090794199,0.0946,0.093517679678979,0.08947117621909084,0.0905,0.09111128242445785,0.18401,0.17719918525134762,0.17306,0.16707,0.16149,0.15425,0.14839,0.14176067142260837,0.13619,0.12993,0.12574,0.11978,0.11547,0.11007
08-01-2026 14:10,25918.0,0.13231598083139418,0.1235667763823903,0.11963,0.11897,0.11452,0.11075625933422714,0.10544,0.10303,0.10038,0.09775,0.09634,0.09436,0.09285,0.09241,0.18193,0.17706,0.17256,0.16621,0.16062,0.15337,0.14749,0.14216,0.13536,0.12937,0.12338144934328535,0.11915,0.11490434652271406,0.10909
08-01-2026 14:15,25928.1,0.12359243474269144,0.12166,0.11446,0.12067,0.11117469746553887,0.10934,0.10438,0.10159,0.09926,0.0989993083721376,0.09504,0.09328,0.09088280261477352,0.09133,0.18079985999072062,0.17777,0.17223,0.16661,0.16296860800613713,0.1568003663046754,0.14746,0.14187,0.13505,0.12877,0.12401,0.11844,0.11273603670238083,0.10785
08-01-2026 14:20,25935.4,0.13496,0.11721,0.12441,0.11023,0.1087,0.10524705547935068,0.09895,0.09649,0.09506,0.0934,0.09194,0.09027,0.08996967502297074,0.08901,0.18095,0.17527,0.17148,0.16355,0.15991,0.15465,0.14708,0.14268467215823855,0.13472,0.12884,0.12416,0.11825,0.11464432141234246,0.10851
08-01-2026 14:25,25922.75,0.13160581500717983,0.12481,0.13045,0.10787,0.10372281342502654,0.10105,0.09948,0.09701846846537102,0.09487052930533549,0.094,0.09245,0.09096,0.08972,0.08928,0.18314,0.17546,0.17224,0.16527,0.1604,0.15514,0.14826,0.14255,0.13650269577220744,0.12967,0.1257136511566269,0.11942,0.11485,0.10948
08-01-2026 14:30,25906.05,0.13827,0.13385,0.1379,0.12758,0.12218,0.11544,0.11051,0.10707,0.10419,0.10081,0.09574976332391832,0.09595,0.09414639435870034,0.09551065354098898,0.18033,0.17553,0.17091,0.16411,0.15937,0.15227,0.14627,0.13928304896496144,0.13373,0.12739,0.12271,0.11712,0.11207,0.10621
08-01-2026 14:35,25930.65,0.12256,0.12021,0.12677,0.11586,0.11047,0.10851,0.10262,0.09925,0.09721,0.09602480283612358,0.0933,0.09138,0.08976,0.08937,0.18112,0.17722,0.1712,0.16569,0.15971204506046302,0.15463,0.14743,0.14175,0.13484,0.12871,0.1233211664060245,0.11845,0.11364,0.10593868756238428
08-01-2026 14:40,25928.05,0.12441,0.1202509284883185,0.11592414847469085,0.11318940464919633,0.10867,0.10578,0.10106,0.09931,0.09753,0.09475,0.09302028593474682,0.09007163782638469,0.09002,0.08972,0.18119,0.17706,0.17122,0.16552,0.15828640764939605,0.15346,0.14686,0.14132,0.13507997444945605,0.12841,0.12388,0.11793,0.11345610526121971,0.10801
08-01-2026 14:45,25926.4,0.12557,0.12159939990815757,0.11923,0.11485,0.11037,0.1079101296485345,0.10178,0.09907,0.09678,0.09467,0.09333,0.09151,0.09017,0.0897,0.18282,0.17696,0.17018109428281056,0.16335,0.15887,0.15278,0.14648,0.14097,0.13398,0.12795539381662696,0.12295,0.11748,0.11216819492917937,0.10713
08-01-2026 14:50,25932.65,0.12118,0.11905,0.11337866736664254,0.10748136735797928,0.10319,0.09904,0.09626,0.09518,0.09415676076675797,0.09175,0.08785713967388997,0.08918,0.08805,0.08799,0.18086,0.17476,0.17156,0.16396726979127,0.15964,0.1530616590716676,0.14722,0.14169,0.13492,0.12848,0.12409,0.11849,0.11391,0.10975378566568622
08-01-2026 14:55,25918.9,0.13056,0.12709,0.11701,0.11014,0.1061,0.10315,0.09977,0.09765,0.09557,0.09352,0.09229,0.08654636488047772,0.08947,0.08904,0.18171,0.17384,0.17044,0.16591,0.15867,0.15269,0.14649,0.14055,0.13422,0.12784,0.12326,0.1172,0.11302,0.10728
08-01-2026 15:00,25894.05,0.12973600765196835,0.11947,0.10472,0.10119,0.09851711037446864,0.09742814037391043,0.09391,0.09234,0.09109,0.08992,0.0891,0.09076837895155129,0.09169960887902542,0.08774,0.18089,0.1705149545981829,0.16826518989391617,0.16234,0.15753,0.15062,0.14532,0.13894,0.1332,0.12671,0.12274,0.11696041046356867,0.11307,0.11486673155997679
08-01-2026 15:05,25867.85,0.13369,0.12731,0.12359,0.11508,0.10997,0.10648,0.10299,0.10031,0.09851872886827577,0.09583843669850822,0.09212252374485136,0.09338,0.09204,0.09182,0.177,0.17062,0.16675,0.16034,0.15396,0.14916,0.14268626141021143,0.13662,0.13044,0.12476,0.11997101848778556,0.11432806892553785,0.11008,0.10543
08-01-2026 15:10,25878.85,0.12899,0.12152,0.115,0.11272,0.10769,0.10520209826122315,0.1008,0.09855,0.09645,0.09583737703555216,0.09346,0.09284766648681123,0.09113,0.09200008958327832,0.17776,0.1722,0.16825582804221134,0.1613,0.15682077819969834,0.14926,0.14305,0.13722,0.130841117343376,0.12524,0.12102,0.11568,0.11072,0.1049810748101751
08-01-2026 15:15,25875.3,0.13029,0.11994,0.11446,0.11067730543702045,0.1063,0.10282,0.10033,0.09768,0.0959,0.09402275784829067,0.09259,0.09148,0.09008,0.09017,0.17687,0.17032,0.16729,0.16056,0.15484,0.14784,0.14306,0.13708,0.13093,0.12467,0.12107332214323943,0.11562,0.11074,0.10474806370621109
08-01-2026 15:20,25877.45,0.13005,0.12392,0.1134,0.10786,0.10354135753446214,0.10106,0.09813,0.09608,0.09453,0.09287936528210713,0.09119,0.09032,0.09166655829612375,0.09313080983156169,0.17703,0.17111,0.16876692034675567,0.16272,0.15578,0.14932,0.14283,0.1369323297728478,0.13088,0.12505,0.12079662088504808,0.11589,0.11247397071291418,0.10639
08-01-2026 15:25,25872.2,0.12803,0.11592,0.11061,0.10494,0.10007,0.09872,0.09834000827759282,0.09347,0.0934,0.09003272812420518,0.09086,0.0897,0.0883,0.08906,0.17841054202423395,0.17433,0.16747,0.16069054460671808,0.15205,0.14581423207175453,0.14626,0.13817,0.13024926911499948,0.12504,0.12242,0.11678,0.11259,0.10659938964229637
09-01-2026 09:15,25899.85,0.14298,0.12727,0.12736710003974844,0.12228482373947955,0.11599,0.11149,0.10658359701211723,0.10327,0.10051,0.09754,0.09616,0.0952608031893489,0.09254,0.09258,0.17626,0.17371,0.1685,0.16185,0.15604,0.15102,0.14413594774044128,0.13935,0.13353,0.12681,0.12252,0.11718,0.11400305922499696,0.10734
09-01-2026 09:20,25916.2,0.13305,0.11120812619459561,0.09457,0.09091,0.08856,0.08824,0.08706,0.08685,0.08565,0.08505,0.08477,0.08448,0.084,0.08518,0.17816,0.17484,0.16986,0.16352138592498391,0.1607889469628705,0.15175,0.14643,0.14073,0.13492,0.12918,0.12739132377391635,0.11994,0.11635934050141303,0.11126
09-01-2026 09:25,25858.55,0.13567,0.12722,0.12018961720261695,0.11184,0.10806,0.10555,0.10028,0.0978,0.096,0.09484809839203276,0.09284,0.09082,0.08988,0.09067,0.1768,0.17023,0.16645,0.1614890129929176,0.1546,0.14865,0.14395,0.137,0.13104,0.12573,0.12155,0.1165,0.11260928092967173,0.10728
09-01-2026 09:30,25855.3,0.11631,0.10885557395838505,0.11312759291973878,0.10938,0.10492,0.10179,0.09982,0.09624,0.09472,0.09258121361875712,0.09208,0.09097,0.08866700630856109,0.09032,0.17635,0.17114,0.16663,0.15894,0.15504,0.1486934722117927,0.14304,0.13791612878400292,0.13213282723376293,0.12588,0.12172,0.1166,0.1125,0.10776
09-01-2026 09:35,25832.05,0.13099,0.1306,0.12762,0.1166,0.11021,0.10683,0.10345,0.10058,0.09805926419963965,0.09572,0.09359881075260029,0.09351,0.09197,0.09299,0.17503,0.16911,0.1652,0.15805,0.15336,0.14717,0.14198,0.13561,0.12998,0.12431,0.11989661538383381,0.11504,0.1104,0.10589
09-01-2026 09:40,25822.35,0.14028,0.15544,0.14081,0.13363025588079444,0.1252954072923771,0.12235584537902569,0.11972,0.11754950232276776,0.10968,0.1066,0.10381,0.10112,0.09868,0.09897,0.17414,0.16845,0.16395,0.15682,0.15185,0.14647,0.14004,0.13288,0.12687,0.12082,0.11665,0.11089,0.10643,0.10141
09-01-2026 09:45,25853.6,0.12218,0.14562,0.14179,0.12956,0.12328011847354947,0.11759,0.11166,0.10866156407840355,0.10425,0.10106,0.09868,0.09701,0.09465,0.0947,0.1758,0.16972,0.16878686479067992,0.1598,0.15345,0.14896108533512803,0.1429630990597583,0.135,0.12908,0.12311185733267524,0.11879,0.11432485669871686,0.1084,0.10386
09-01-2026 09:50,25857.2,0.14752,0.13523935332009737,0.1292,0.12532,0.11860582847768308,0.11474,0.10985,0.10596,0.10419016866264343,0.1017392859856986,0.09786,0.09569,0.09600255043706815,0.0942,0.17726,0.16998,0.16583,0.16460127967588475,0.15389,0.14876,0.14182099333998435,0.13581,0.1315314023401301,0.1269497231612159,0.11946,0.11589485780454509,0.10996,0.10532
09-01-2026 09:55,25884.0,0.13461980669886964,0.13078,0.12877,0.1207,0.11479,0.11041,0.10683,0.10269,0.09982,0.09704,0.09541,0.09358,0.09172,0.09189,0.17782149031473354,0.17206,0.16751,0.16047,0.1539,0.15059,0.14326,0.13759,0.13157,0.12543,0.12187020989158436,0.11592152558075389,0.11132605383240887,0.10705
09-01-2026 10:00,25894.2,0.12583,0.11041,0.10847,0.10576603309299545,0.10376,0.10087,0.09838,0.09637,0.09421,0.09217067416850488,0.09171,0.0903,0.08883,0.08974,0.18005,0.17232,0.16905,0.16117433695282207,0.15589,0.14801454818879226,0.14373,0.13851,0.13249,0.12646,0.12252,0.11687,0.11256,0.1069654353861132
09-01-2026 10:05,25862.35,0.14485,0.12893,0.13607,0.12919,0.11887259802567796,0.11323,0.1088,0.10481,0.1016,0.09870274905324922,0.09707,0.0948,0.09299,0.09339,0.17742,0.17239,0.16723,0.15954,0.15396,0.14826,0.14211,0.13642813780778662,0.1305,0.12458,0.12002732564828193,0.11443,0.11017,0.10536
09-01-2026 10:10,25871.6,0.13977,0.1223,0.1204,0.10981,0.1064,0.10257,0.09915,0.09632,0.09445,0.0929,0.09191,0.09367257061096419,0.0903889290260167,0.08995,0.17901,0.17304,0.16769,0.1604,0.1555,0.14941,0.14282777439633054,0.1376,0.13158,0.12554,0.12159,0.11609,0.11181,0.10716
09-01-2026 10:15,25866.2,0.13361,0.12299,0.11845,0.1129,0.10586773047707565,0.10452,0.10083,0.09703,0.09536,0.09384,0.09150183737918954,0.09195791418127709,0.09015,0.09082,0.17772,0.17268,0.16713,0.16003,0.15512,0.14903,0.14257,0.13707,0.13106,0.12554,0.12071,0.11517,0.11127,0.10899048714900245
09-01-2026 10:20,25855.2,0.15348350760057639,0.13817,0.13246,0.12533,0.11987,0.11247404874584319,0.10634,0.10197,0.09926,0.09696,0.09535,0.09359,0.09239,0.09265,0.17907,0.17167778632350789,0.16822047099112336,0.16128,0.15434,0.14824,0.14161,0.13586,0.12998,0.12342,0.11918,0.11401,0.10936,0.10442
09-01-2026 10:25,25858.65,0.15299,0.14164,0.13545,0.128,0.11950659212863024,0.11408,0.10968,0.10496,0.10207,0.09932,0.09658100019904242,0.09509,0.09331,0.09495723126267847,0.17933,0.1743,0.1678,0.16154,0.15224628596675546,0.14896,0.1416,0.13626,0.13014,0.12433,0.11992,0.11431,0.11044142598046294,0.10487
09-01-2026 10:30,25876.25,0.14372,0.12319,0.12244,0.10581,0.10194,0.09806,0.09564,0.09339,0.09181,0.09045,0.08954,0.08862,0.0876,0.08862,0.18055,0.17554,0.16925,0.16352,0.15555,0.14964353441646525,0.14434,0.13813,0.13222,0.12616,0.12175,0.11565124643878419,0.11267,0.10792
09-01-2026 10:35,25856.25,0.13386,0.12186,0.11509,0.11409,0.11083,0.10442,0.10153,0.09794,0.09652,0.09387,0.0931,0.09500625057871069,0.09015,0.09111,0.17919,0.17291,0.16785,0.16049,0.15512,0.14784591489799934,0.14313,0.13699,0.13113,0.12489,0.12010138604372192,0.11514,0.11095,0.10594
09-01-2026 10:40,25848.5,0.13828,0.13072,0.12174,0.11962670028370478,0.11156,0.10677,0.10343,0.09947,0.10031477057843353,0.10106775096128053,0.09413,0.09245,0.09189062903875474,0.10146073439532688,0.177,0.17175,0.16607645635104418,0.1605,0.15457,0.14841,0.14173,0.13616,0.13031,0.12490452424509436,0.11965,0.11418,0.10917458079552525,0.10499
09-01-2026 10:45,25856.0,0.13967527736154628,0.12691,0.12146002647739346,0.11540712674981332,0.10894,0.10426,0.10107,0.09729,0.09535,0.09318,0.09212,0.09024025615801193,0.08965,0.09047,0.17921,0.17163,0.16709,0.16105,0.15497,0.14836,0.1431107097596098,0.13662,0.13056,0.12437,0.11984,0.11436,0.10940427230069363,0.10507
09-01-2026 10:50,25857.85,0.12575,0.12071,0.10942,0.1029,0.10115,0.09755,0.09354131742077898,0.09338305613700346,0.09404672879404544,0.08997,0.08915,0.08859,0.09380481905093527,0.09670532008304883,0.17913,0.172,0.16724,0.16035604642620585,0.15511,0.14851,0.14315,0.13715,0.1306,0.12494,0.12071,0.11531,0.11159,0.10663
09-01-2026 10:55,25829.65,0.12173,0.13509,0.1134,0.11215,0.10597,0.10186,0.09907,0.0963,0.09507,0.09307,0.0924,0.09152433753045597,0.09028,0.09146,0.17515589427774475,0.17006,0.16565,0.15919,0.15275,0.14645,0.14105,0.13537,0.12942,0.12297594379242628,0.11907,0.11580697977985824,0.11001,0.10509
09-01-2026 11:00,25812.95,0.15299807153390754,0.14272,0.11773,0.11095,0.10633,0.10131006284706187,0.09670782283924068,0.09664,0.09499,0.09329,0.09252,0.09146,0.0908,0.09218,0.17375,0.16891,0.1641,0.15801,0.15038,0.14383,0.13952,0.13385,0.12801,0.12206,0.11785,0.11247190114519737,0.10883445150978874,0.10372
09-01-2026 11:05,25810.2,0.13273,0.1195088965613069,0.11842,0.11242647043727169,0.10914,0.10817117613837998,0.10222,0.0984,0.09696,0.09459,0.09354,0.09227,0.09127,0.09265,0.1731,0.16874,0.16726798497711873,0.15782,0.1536,0.14333,0.1404910650924207,0.1334,0.12724,0.12214,0.11763,0.11213,0.10826,0.10109643130440366
09-01-2026 11:10,25819.45,0.11829030104525062,0.11504,0.11078,0.107016757701035,0.10212,0.09707,0.09370502548058635,0.09292,0.09129,0.09002,0.08973,0.08945,0.08886,0.09057,0.17655,0.17145081739522922,0.16439,0.1585,0.15188,0.14781,0.14072,0.13474,0.12887,0.12303028943468614,0.11867,0.11354,0.10999,0.10814823844658655
09-01-2026 11:15,25805.3,0.12636,0.11857,0.1129,0.11045,0.10525,0.10425157121558706,0.09905,0.09601,0.09436,0.0927,0.0923,0.09144,0.09199233169739296,0.09233,0.17514,0.16843,0.16398,0.1575,0.15278104278534618,0.14676,0.14006,0.1339,0.12732888056152025,0.12245,0.11782,0.11268,0.10864,0.10376
09-01-2026 11:20,25797.5,0.11703315328082675,0.12365,0.1158,0.1155933419843331,0.10532,0.10169,0.09969,0.0968,0.09541,0.09379,0.09248,0.09198,0.09139,0.09279,0.17105,0.17038,0.16344,0.15695,0.15129,0.1454,0.13908,0.13307,0.12716,0.12153,0.11701,0.11186,0.10775,0.10286
09-01-2026 11:25,25799.65,0.13192,0.12292,0.11743,0.11411,0.10768256958691247,0.10561,0.10227,0.09918,0.0971,0.09498,0.09443,0.09333,0.09254,0.0939,0.17363,0.17055,0.16436,0.15712,0.15146,0.14637,0.13926,0.13349,0.12615706809109134,0.12162,0.11711,0.11184,0.10764,0.10231426467836452
09-01-2026 11:30,25809.4,0.12855,0.11841972683048116,0.11577,0.10497,0.10617,0.09831,0.09527,0.09358,0.09225,0.09053,0.08942434090201734,0.08988,0.08972,0.09155,0.17384,0.16829,0.16695096662524356,0.15918118259928685,0.15186,0.14628,0.14001,0.13666915139554486,0.12889381319279836,0.12291,0.11795,0.11499709168113095,0.11295410613958326,0.10429
09-01-2026 11:35,25776.0,0.11959648892423569,0.11565955953085047,0.1124,0.10842,0.1043,0.10063673989783337,0.09738277881940877,0.09582,0.09455,0.09282,0.09248,0.09187,0.09137,0.09325,0.17295,0.16871,0.16379,0.15710348618341421,0.15116,0.14588,0.13918,0.13343,0.12780982027943935,0.12214,0.11801,0.11312,0.10927,0.10467
09-01-2026 11:40,25764.3,0.12402,0.11595990129687614,0.11266,0.10838,0.10458,0.10002,0.09728407366235148,0.09600240005965976,0.0949,0.09302,0.09277,0.09217,0.09178,0.09368,0.17327,0.1679,0.1635,0.15682,0.15015,0.14304,0.13917,0.13286,0.12763998691769332,0.12231196845439071,0.11762,0.11281,0.10855911146151462,0.10434
09-01-2026 11:45,25759.6,0.1246,0.1174,0.11296,0.10788,0.10384,0.10107,0.09909,0.09740777151821403,0.09365474648898678,0.09381,0.09023174916346516,0.09289,0.0925,0.09284582044416706,0.17404,0.16779,0.16335,0.15714,0.15348,0.1448,0.13781,0.13273,0.1273,0.12195,0.11783,0.11298,0.10925,0.10483
09-01-2026 11:50,25748.85,0.12501340989220366,0.1156,0.11442666637358073,0.11021096097350933,0.10639,0.10327,0.10085,0.09828,0.09621232091570298,0.09501,0.09427,0.09372,0.09334,0.0960963466343652,0.17309,0.16704,0.16363,0.15588,0.15184,0.14262,0.13909,0.13266,0.12732,0.12158,0.11764,0.11272,0.10890830136366667,0.10442
09-01-2026 11:55,25747.75,0.12476,0.12003,0.11325376218018707,0.10947,0.10521194089789498,0.10313,0.09697715298063242,0.09761,0.09638,0.09487,0.09399,0.09043871403480659,0.09347,0.09537,0.17387,0.16928,0.1649,0.15866,0.15260098726422666,0.14683764341673214,0.13755,0.13222781414232476,0.12762,0.12219,0.11814,0.11264565455243225,0.10922,0.10487
09-01-2026 12:00,25743.15,0.13228,0.12221,0.11891,0.11635,0.11061018822359736,0.10741,0.10430346040360527,0.10049,0.09866,0.09675,0.09587,0.09320744283270416,0.09475,0.0964,0.17357715602139961,0.16802,0.16358,0.15848,0.15158,0.14386,0.1390088499471304,0.13202,0.12579,0.12008,0.11466071742629844,0.11067,0.10671,0.10182
09-01-2026 12:05,25753.7,0.12165,0.12006,0.1133,0.10828792760960446,0.10417,0.10205,0.09949,0.09693,0.09437466779785829,0.09403,0.09353,0.09325,0.09313,0.09439536803963622,0.17411,0.16841,0.1647,0.15928,0.15238,0.14468,0.14064,0.13363,0.12915246415155543,0.12176,0.11758,0.11235,0.10889,0.10423
09-01-2026 12:10,25746.8,0.11672,0.11435,0.10901,0.10754047011490606,0.10277,0.10029,0.09794,0.09536177687224648,0.09496,0.09365,0.09328,0.09056083934611388,0.0935,0.09519,0.17406,0.1685,0.16421,0.15878,0.14897103156412134,0.14720442752696072,0.13886,0.13416,0.12796,0.12188,0.11816,0.11283,0.1091,0.10466
09-01-2026 12:15,25744.0,0.1284,0.11526,0.10933314037978031,0.10322782622047574,0.10388,0.10155,0.09499891728021825,0.09859321714161653,0.09568,0.09451,0.10432725057485376,0.10027429842573651,0.10833355918168847,0.10136039948435954,0.18124199083287756,0.16926,0.16352,0.15871423845287966,0.15047145164313266,0.14695310769528439,0.13744,0.13277,0.12678,0.12097,0.1169,0.11181,0.10814,0.1035
09-01-2026 12:20,25738.7,0.11805,0.11418,0.1091,0.10497,0.10187,0.09897,0.0973,0.09516,0.09412,0.09323,0.09295,0.0933,0.09377,0.09568,0.17311,0.16962,0.16162399734136715,0.15587,0.15058,0.14357,0.13789,0.13214,0.12587,0.12001164709390481,0.11576930892228929,0.1116,0.1072479692731603,0.10358
09-01-2026 12:25,25737.5,0.10941,0.10511,0.10629,0.09865,0.09742,0.09601,0.09433,0.09271,0.09196,0.0914,0.09129,0.09187,0.09267,0.0947,0.17366,0.16534,0.16391,0.1569,0.1505666891734402,0.14376,0.13909370704314705,0.13292,0.12781792373322823,0.12104,0.11744,0.11276,0.11037437765782512,0.10484
09-01-2026 12:30,25724.25,0.11536,0.11023,0.1069,0.10431,0.10061,0.09884,0.09649,0.09464,0.09402,0.09313,0.09304,0.09347,0.09540042377731575,0.09648,0.17114303674720427,0.16442,0.16377,0.15531,0.15051,0.14394,0.13771425825976344,0.13229,0.12577,0.12044,0.11671,0.1119681253586193,0.10843,0.10371
09-01-2026 12:35,25712.65,0.11323,0.10829,0.1045,0.10192,0.09951,0.0988646384297038,0.09626,0.09479,0.09436,0.09358,0.0939,0.09457,0.09613802750661876,0.0979,0.17528,0.16956,0.16529,0.15765243626915956,0.153,0.14613292114751225,0.13946,0.13458,0.12846,0.1237418443123578,0.11983,0.115459665816006,0.11176,0.10717
09-01-2026 12:40,25689.45,0.11739,0.11336,0.10882,0.10546,0.10281,0.10124,0.09849091467345678,0.09745,0.0966,0.09554477310505136,0.09592,0.09656,0.0978,0.09994,0.1751,0.17006,0.16506,0.1569162048553707,0.15211,0.14599,0.13954,0.1342,0.12763,0.12249,0.11887,0.11394,0.11,0.10574
09-01-2026 12:45,25685.25,0.10932,0.10540888592265749,0.10217,0.1025,0.10058,0.09812,0.09559382691194862,0.09606451396028762,0.09574128540160416,0.09488,0.09577,0.09679,0.09817801350345515,0.10032,0.17535,0.16996101562944552,0.16505,0.15706307321967497,0.15188226049895193,0.14521,0.13911,0.13377,0.12754,0.12272,0.11887,0.11426,0.11071,0.10635756267607072
09-01-2026 12:50,25678.5,0.12829,0.11737972266883262,0.11553,0.11259892006082592,0.1072,0.10395,0.10167,0.09964,0.09878,0.09762,0.09710090040189584,0.09849,0.09949,0.10145,0.1759976328244776,0.17056,0.16233,0.1545858446874832,0.14938,0.14329,0.13477,0.13075,0.1244,0.11944,0.11544,0.11085,0.10704,0.10251
09-01-2026 12:55,25695.15,0.12027,0.11243,0.11052,0.10742,0.10262027861645007,0.10088714927181117,0.09972,0.09771,0.09703,0.09608,0.09627,0.0968,0.09761,0.09973,0.17501,0.17181,0.16434,0.15813836977974857,0.15145,0.14496,0.13844,0.13282315678165407,0.12703,0.12174,0.11737496097693612,0.11301,0.10916,0.10509
09-01-2026 13:00,25694.0,0.114565944703101,0.11285,0.10979,0.10675,0.1037886512453563,0.10131,0.09781761723389348,0.09794,0.09704,0.09577,0.09623,0.09692,0.09668791287205485,0.09985,0.17567,0.17174,0.16532,0.15674,0.15146942502621907,0.14488,0.1389,0.1333,0.12729,0.12233,0.11798,0.11315925980814756,0.10973,0.10531
09-01-2026 13:05,25687.3,0.12321,0.11865,0.11451,0.10988,0.10627,0.10377,0.10167,0.09932,0.10485893468546645,0.09691,0.09726,0.09796,0.10832435352513095,0.11265609231152368,0.17521,0.1739285936062026,0.16483,0.16389978737877087,0.15176,0.1459114869772898,0.14052945976528375,0.13305,0.12682,0.12685671556233197,0.12397665870208496,0.12484625353693282,0.12115603402402239,0.10469
09-01-2026 13:10,25691.5,0.12610091120147204,0.11744,0.11545,0.10842,0.10596,0.10336,0.10088,0.09968378289353022,0.09821,0.09584126832685202,0.09704,0.09744,0.10003217889657448,0.10037,0.17552,0.16948,0.16512646993290903,0.15726688509072764,0.15197,0.14547882591735098,0.13936,0.13369,0.12693,0.12183,0.11751,0.11275,0.1095,0.1049
09-01-2026 13:15,25696.8,0.12103,0.1161546987215005,0.11193,0.10906,0.10638,0.10303917514579372,0.10005332633931396,0.099171111805196,0.09865,0.09577324258424139,0.09457832735034394,0.09762,0.09831,0.10017,0.17556,0.16988,0.16483,0.156011593656695,0.15176,0.14418,0.13980513596530156,0.13366,0.12696,0.12177,0.11768,0.11275,0.10915681715716072,0.10454
09-01-2026 13:20,25704.7,0.12470982505430184,0.11566,0.11049,0.10641,0.10341577630470722,0.10143,0.09899,0.09758,0.09689,0.09572,0.096,0.09672,0.09757,0.09942,0.17485,0.16771,0.16437,0.15635513470498605,0.15238,0.14601,0.13882,0.13355,0.1271,0.12201,0.11774,0.11275,0.10903269313010902,0.10466
09-01-2026 13:25,25701.95,0.12224,0.11597726102919473,0.11251,0.10795,0.10579,0.10305,0.10117,0.09904,0.09799,0.09694,0.09536078565483902,0.09733,0.09843,0.10009,0.17541,0.16753,0.16479,0.15654,0.15179,0.14545,0.13938,0.13404487166280807,0.12732,0.12201,0.11797,0.11302,0.10946,0.10628428269616713
09-01-2026 13:30,25705.5,0.11593,0.10972,0.10335,0.10307,0.10018,0.09862,0.09718,0.09606673516849001,0.09555,0.09465,0.09496,0.09588,0.09500979961912925,0.09903,0.17569,0.17073,0.16537,0.15682,0.15272,0.14464093568345682,0.14043,0.13508,0.12859,0.12355,0.11929,0.11472076208438167,0.11129,0.10651
09-01-2026 13:35,25704.05,0.12743,0.12114427252560359,0.11565843722356578,0.11167,0.10775,0.10526,0.10226,0.1001901779431468,0.09945,0.09926884054822573,0.09781,0.09816,0.09904,0.10073,0.17428,0.1682142895449305,0.16374,0.15786631599676168,0.15106,0.14576,0.13851993933226356,0.13284,0.12668212160892395,0.12096,0.1165,0.11202,0.1086,0.10483963520742529
09-01-2026 13:40,25707.75,0.10972,0.10429617558661883,0.1037,0.1013028991375162,0.09823,0.09644,0.09503,0.0943,0.09393,0.09321,0.09384,0.095,0.09637,0.09946012474952365,0.17513,0.16888,0.16496,0.15582,0.15254,0.14654,0.1401,0.13485447646460844,0.12819,0.12362,0.12005421966628928,0.11463,0.11134,0.10876603371932198
09-01-2026 13:45,25683.75,0.11907472564078636,0.11147,0.11084,0.10705,0.10388,0.10133,0.09953,0.09777,0.09643625549139226,0.0957,0.09627,0.09717,0.09848,0.10032,0.17398,0.16784172921601648,0.16334,0.1563350638735858,0.1507,0.14440860845507902,0.13863341016814232,0.13275,0.12644,0.12138,0.11727,0.11252,0.10907,0.10425
09-01-2026 13:50,25682.0,0.11444,0.11369,0.11074254888713891,0.1056,0.10242,0.10013,0.09680665450648113,0.09695,0.09655,0.09573890952640016,0.09612,0.09718,0.0986,0.10046,0.17263817128055198,0.1658,0.16322,0.15392,0.15058,0.14454,0.13837,0.13319,0.1262259582003063,0.12124330273735781,0.11776,0.11325,0.10975,0.1051
09-01-2026 13:55,25665.25,0.13117,0.11883,0.11341703357016869,0.11147286227738593,0.10983,0.10688,0.10407,0.10189,0.10099,0.09943,0.09955,0.10003,0.10263044858937401,0.10274,0.1725,0.1646,0.1621958631566846,0.15528,0.14904,0.14288,0.13651,0.13106,0.12472,0.11955,0.11552,0.11076,0.10706,0.10236
09-01-2026 14:00,25689.05,0.11498,0.1132,0.10849,0.10531852363946778,0.10267,0.10027,0.09772481505047315,0.09693,0.09617539474474893,0.09531,0.0958,0.09696,0.09858,0.10034,0.17441,0.16895,0.16408,0.1571,0.15080410847254214,0.14551593420804448,0.13997271823955007,0.13398,0.12735,0.12225,0.11836,0.1135,0.11011,0.10547
09-01-2026 14:05,25678.55,0.12716205191299623,0.12009,0.11471385840040776,0.10995,0.1064,0.10305,0.10082,0.09954,0.09859,0.09715,0.09738,0.09828,0.09941,0.10108,0.17367,0.16886,0.16361,0.1567132944016618,0.15061,0.14431165821471156,0.1390015299919239,0.13275,0.12639,0.12141,0.11734,0.11256,0.10876,0.10422
09-01-2026 14:10,25674.05,0.11993,0.11351906440175666,0.10659,0.10482,0.10293,0.1001,0.09781,0.09679,0.09658,0.0955,0.09608,0.10046139665222105,0.10085236183852543,0.10348616748492714,0.17391,0.16854,0.16343,0.155,0.15065,0.143641958457426,0.13852,0.13304,0.12686,0.12208052804001765,0.11832,0.11367,0.11005,0.10553
09-01-2026 14:15,25669.0,0.11382,0.11203,0.10784,0.09092260525487081,0.10262,0.10114,0.09873,0.09726,0.09676,0.09572,0.09619,0.09744,0.09886,0.10039,0.17392,0.17027,0.16336,0.157,0.1504,0.14252,0.13853,0.13282,0.12685,0.12213,0.11774,0.11297,0.10935,0.10483
09-01-2026 14:20,25668.65,0.11600452846917186,0.11177,0.10843739487789489,0.10614,0.10316,0.10092,0.09864,0.0972741468963948,0.09688,0.09562,0.09597,0.09731,0.09845,0.10029,0.17337,0.16979,0.16261,0.15672639792197138,0.15026,0.1448269655422493,0.13927727661300385,0.13298,0.12675,0.12182,0.11772,0.113,0.10933246188934562,0.10508
09-01-2026 14:25,25671.35,0.11449,0.11124591022998584,0.10674,0.1025,0.09879832319233162,0.0984,0.09697,0.09582,0.09539,0.09442,0.09527,0.09626,0.09792,0.09983,0.17321,0.17,0.16342,0.15596396012342698,0.15111703211827587,0.14475772874520088,0.13865,0.13368,0.12757,0.12228,0.11872,0.11392,0.11039,0.10603591390269457
09-01-2026 14:30,25652.65,0.1269,0.12078,0.11398,0.11234,0.10794,0.10499,0.10242,0.10071861735063983,0.09938,0.09808,0.0983,0.10057145136803938,0.10044,0.102,0.17453,0.16863,0.16310452029768047,0.15484,0.14831552206018297,0.14255,0.13683,0.13149,0.12523,0.12042,0.11625,0.11135,0.10737,0.10319
09-01-2026 14:35,25659.1,0.12071,0.11683,0.1133,0.1082,0.10504,0.10241,0.10048729838177395,0.09844,0.09796,0.09651,0.09719,0.09831,0.09967,0.10142,0.17291,0.16652,0.16282,0.15575,0.14873862607139737,0.14392761295248693,0.13757,0.13231,0.12706284410364369,0.12136,0.11741,0.11274,0.10915,0.10462
09-01-2026 14:40,25650.4,0.14278762058102046,0.11901,0.11374,0.1103,0.10610808117894122,0.10393,0.10153,0.09912178302643573,0.09863,0.09949805257514839,0.098,0.09876,0.10192712365682252,0.10194,0.17660847247372818,0.1685,0.16305,0.15801,0.15037,0.14286,0.13719,0.13241,0.12612,0.12102,0.11697,0.11206,0.10843,0.10422
09-01-2026 14:45,25668.25,0.11893,0.11101176197337384,0.11041,0.10761,0.10360948332062758,0.1021,0.09986,0.09815,0.0978,0.09646,0.09693,0.09755,0.09897,0.10073,0.17396,0.16722,0.16383,0.1562,0.1508,0.14406,0.13782,0.13204677102015147,0.12692019842418967,0.12162,0.11754,0.11257,0.109,0.10484
09-01-2026 14:50,25663.45,0.11923,0.1159,0.11115,0.10822,0.10457,0.10245,0.10011,0.09834,0.0946588483825497,0.09664,0.09701,0.09680070115697421,0.09928,0.10092,0.17416,0.16710773500932308,0.16363,0.15667,0.15093,0.14334,0.13817,0.13298,0.12678,0.1217,0.11772,0.11271,0.10912,0.10492
09-01-2026 14:55,25674.9,0.11822,0.1133,0.10902,0.1054,0.10253844380010857,0.10099,0.09814,0.09696469136820271,0.09696,0.09556,0.0958,0.09655,0.09819,0.10004,0.17375,0.16888896069583376,0.16461295839566384,0.15674,0.15109,0.14426,0.13849,0.13284,0.12678,0.12179,0.11746896218588423,0.11291,0.10919,0.10506
09-01-2026 15:00,25668.55,0.12334,0.11686,0.11110359149855248,0.10907,0.10617983248209883,0.10296772924301464,0.0989325553834498,0.09847,0.09805,0.09666,0.09714,0.09787,0.09934,0.09820741808014233,0.17385,0.16679,0.1642008092214217,0.15668,0.15036,0.14565808392470458,0.13746,0.1327,0.12641,0.12116,0.11678,0.11209,0.10836,0.10429
09-01-2026 15:05,25679.0,0.12261,0.11496,0.11263,0.10917,0.10529211213705658,0.10242,0.1002,0.0985,0.09781,0.09643,0.09701,0.09746,0.09913,0.10131730285342466,0.17315,0.16824,0.16306,0.15652,0.14827570290187675,0.14442810289882332,0.13757,0.13236,0.12621,0.1212,0.1166,0.11165,0.10856578391012431,0.10334294058252974
09-01-2026 15:10,25688.85,0.12519532384823273,0.11582,0.11321,0.10988,0.10583,0.10386,0.10089,0.09887,0.098,0.09658,0.0975638698540921,0.09724,0.09912,0.10076,0.17249928073170834,0.16743,0.16389235662196575,0.15642,0.15002,0.14398,0.1376,0.1327,0.12664899425649664,0.12124,0.11718,0.11255,0.10923350227645415,0.10224331050726593
09-01-2026 15:15,25690.6,0.11681578871246756,0.1108,0.10787,0.10435,0.10131,0.10057,0.09761,0.09492814164391278,0.09493067448159538,0.09521,0.09612,0.09663,0.09878,0.10097,0.17363,0.16809,0.16381,0.15799,0.14939998862647416,0.14485260230524324,0.13885,0.13367540645754358,0.12782,0.12387026661893988,0.11865,0.11451941520358158,0.11073,0.10651
09-01-2026 15:20,25695.2,0.11957197756483706,0.11768348862614034,0.11336,0.10723,0.1055646523400473,0.10272,0.09854305156832421,0.09868,0.09815,0.09671399795147434,0.09688,0.09766,0.09924,0.10136,0.17492634964228398,0.16844,0.16508,0.15679,0.15261,0.14593,0.14029,0.13487,0.12864,0.12332128926793663,0.11896,0.1143,0.11059,0.10538000649055485
09-01-2026 15:25,25688.2,0.13292,0.12614,0.12044,0.11512786068622957,0.11233,0.10939,0.10641,0.10353,0.10116645008820879,0.10042440621071594,0.09965,0.09992,0.10147,0.10334,0.17462,0.16795,0.16501,0.15981407858729058,0.15039888451623745,0.14643,0.14226045172170856,0.13467,0.12881,0.12288,0.11896,0.11234,0.10955,0.10414
12-01-2026 09:15,25657.45,0.11822412757874223,0.11324,0.11181,0.10923,0.10651,0.10512,0.10354,0.1025,0.1027078060910957,0.09995690716138786,0.10287,0.10466,0.10656,0.10945,0.1905,0.18496,0.17557109737269694,0.16792,0.16397,0.15764,0.15087,0.14559,0.13863,0.13422,0.12931,0.1250013411757437,0.1207,0.11627
12-01-2026 09:20,25594.15,0.12708040938723963,0.12206,0.1163,0.1162,0.11393619232151142,0.1116,0.11038978714008296,0.10867,0.10825,0.10783,0.10912,0.11053,0.11293,0.11619,0.18837,0.18215,0.17641,0.17045,0.16149722822026455,0.15582,0.14937,0.14418,0.13827658936704823,0.13308,0.12717938118610816,0.12372,0.12048928196830475,0.11783354744084623
12-01-2026 09:25,25548.3,0.13463,0.13255,0.12451,0.12229,0.1187,0.11659,0.11478739582082204,0.11275,0.11187,0.11185,0.10957590398954042,0.11469,0.11707,0.12066,0.18706,0.18142,0.17544,0.16842,0.16152,0.15484,0.14868,0.1434,0.13738,0.13284255925230545,0.12763,0.12272,0.11844,0.1144
12-01-2026 09:30,25559.65,0.14430953721012296,0.13513,0.13053,0.12762,0.1221464500867453,0.11992,0.1190022682083704,0.11528,0.11446499961486459,0.11364,0.11442,0.11596,0.11845,0.12193,0.18674,0.1809918530323624,0.17518522296818226,0.16872,0.16123,0.1546,0.15030741458022615,0.14294,0.13629,0.1307,0.12579,0.12049,0.11614,0.11154
12-01-2026 09:35,25575.3,0.14006,0.13464,0.12761,0.1248,0.12047,0.11882750704645548,0.11582874297109846,0.11398043433116506,0.1125,0.11211,0.11336563381468573,0.11439,0.11676,0.11779546289895929,0.18503,0.1768799722288274,0.17376,0.16686,0.16,0.15408,0.14815,0.1438128894551756,0.13881339797981623,0.1335615774834477,0.12645,0.12142,0.11574247995580886,0.11271
12-01-2026 09:40,25569.55,0.13445224117344556,0.12814,0.1231585897476804,0.12038,0.11743,0.11497,0.11236,0.11087,0.11045,0.11015,0.11133,0.11332,0.11595,0.1195,0.18611,0.18007389390100853,0.17467,0.1679,0.16147,0.15594,0.14974,0.1448,0.1390697217140261,0.13379409577089874,0.12831,0.12336,0.11915,0.11505
12-01-2026 09:45,25560.8,0.14288,0.13986,0.13543,0.13261,0.12714,0.12351,0.11999,0.11711,0.11605,0.11475,0.11528,0.11638,0.11674706572985286,0.11846435346629375,0.18657,0.18209556229673457,0.17502,0.16911,0.16194,0.15526,0.14912,0.14334,0.13702,0.13124,0.12373187506156086,0.12046,0.11537544800650698,0.1107
12-01-2026 09:50,25588.7,0.13697,0.13079,0.12132032622123129,0.12282,0.11879,0.11587,0.1133,0.1113848681087366,0.1084502314137828,0.10979,0.11073,0.11209,0.11424,0.11756,0.18788,0.18272,0.17674,0.17095,0.16343,0.1574,0.1512,0.14596,0.13945,0.13402,0.12872,0.12356,0.11988991181997619,0.11512
12-01-2026 09:55,25588.5,0.12519,0.11951,0.11403331318078452,0.11372,0.11107,0.10881404915144008,0.10768,0.10766451753884124,0.10652,0.10686,0.1085214698897658,0.11001,0.11335512834128438,0.11653,0.1869038652055966,0.18242,0.17742,0.17095,0.1641,0.15841,0.15246,0.147,0.14067,0.13527,0.13053,0.12529,0.122660118254687,0.11940456881247935
12-01-2026 10:00,25564.15,0.14418866904580196,0.13787,0.13159,0.12824,0.12398,0.11968183560969722,0.11732,0.11475,0.11375,0.11315795902632073,0.11410159844786893,0.11464,0.11676,0.12025,0.18474,0.18026,0.17374,0.16725,0.1605,0.15419,0.14812,0.14258,0.13552,0.1301,0.12352985130806016,0.11957,0.11465,0.11054
12-01-2026 10:05,25588.7,0.13313,0.12825,0.12214,0.11971,0.11604,0.11335,0.11096,0.10916,0.10861,0.10851,0.10967,0.1111,0.11368,0.11713,0.18794,0.18203157407357667,0.17721,0.17052,0.16393,0.1579719873922121,0.15106,0.14561,0.13941496602112152,0.13349459920317489,0.1280433348278288,0.12301,0.11852,0.11317804186684105
12-01-2026 10:10,25566.95,0.1341,0.127,0.12233,0.11971,0.11615266135185787,0.11383,0.11152,0.10984,0.10919,0.10922,0.11084,0.11370695181702456,0.11640663544914093,0.11835,0.18718,0.18098,0.17654007388171397,0.1686012956577527,0.16279,0.1563,0.15058,0.14488,0.13799,0.13263,0.12756,0.12229611287035017,0.11787,0.11383
12-01-2026 10:15,25557.55,0.14588,0.13846,0.13169,0.12799,0.12354,0.11972,0.11606,0.11398,0.11253,0.11213,0.11178463359488083,0.11392,0.11445491066632085,0.1174486423332167,0.1853906997474613,0.18007,0.17472,0.1676,0.16109,0.15445,0.14828,0.1420326139208847,0.13556,0.12978,0.12426591600760287,0.11929,0.11511400879892483,0.10978927604316274
12-01-2026 10:20,25583.3,0.13435948925985286,0.12801,0.12396,0.12163,0.11793,0.11486,0.11166,0.11001,0.10913,0.10842,0.10982,0.11101,0.11345,0.11448428501163102,0.18773,0.18178,0.17694,0.17023,0.16304124015956303,0.15691,0.1507,0.14521,0.13843,0.13265,0.12635153653395287,0.12187897209632884,0.11752,0.11314
12-01-2026 10:25,25574.15,0.14548570290398855,0.13623,0.12967,0.12376,0.11887,0.11599,0.11518704209017061,0.11209503354664807,0.11097134162302558,0.1095,0.11075,0.11194,0.11423,0.11789,0.18730985536740846,0.18134,0.17618,0.16883,0.1626,0.15545908729665966,0.15086240897539496,0.14418,0.13768,0.13146,0.12617,0.12071616756716227,0.11655,0.11219
12-01-2026 10:30,25584.2,0.12873111227554468,0.12478,0.1213,0.11695,0.11385,0.11154,0.10854639810103534,0.10727,0.10654,0.10672,0.10891131660036318,0.10943,0.11229,0.11575,0.1885,0.18265,0.17719,0.17009,0.16362,0.15743,0.15109,0.14513760268345047,0.13905,0.13309,0.12789,0.12261,0.1185,0.11429
12-01-2026 10:35,25564.75,0.13492,0.1278,0.1233605768570219,0.12019,0.11652,0.11211165196738807,0.11093,0.1091,0.10819,0.108,0.10963,0.11056,0.11316174940890854,0.1173,0.18742,0.18134,0.17634,0.16927,0.16235,0.15578,0.14955,0.14395,0.1382414624450508,0.13153,0.12646,0.12132,0.11691,0.11272
12-01-2026 10:40,25572.4,0.13601,0.12446985472120484,0.11907710159020773,0.11607907264901082,0.11433,0.11195,0.1096,0.1079,0.10715,0.10698,0.10851,0.10977,0.11325835438300627,0.11652,0.18839,0.1817,0.17701,0.1702,0.16316,0.15689,0.15047,0.14502,0.13819,0.13259,0.12758,0.12226,0.118871533461369,0.11279753748282279
12-01-2026 10:45,25556.8,0.1375,0.13167,0.12703,0.12366,0.119,0.11582,0.11307,0.11089,0.11029725643335472,0.10963,0.11016700943614605,0.11254130930696564,0.11478,0.11859,0.18665,0.1813,0.17556,0.16825,0.16157,0.15509,0.14994431509801928,0.14305,0.13636,0.13061,0.12534,0.11996,0.11596638978012161,0.11122
12-01-2026 10:50,25579.85,0.1222,0.11899,0.11375,0.11383934825736627,0.11054163290946828,0.10858,0.10623,0.1048,0.10456,0.10457,0.10631247026978391,0.10778,0.11086,0.11483,0.18856,0.18481161532688145,0.17769,0.17077,0.16419,0.15771,0.1512,0.14545,0.13918,0.13364,0.12852,0.12330618160822385,0.1187,0.11488
12-01-2026 10:55,25554.9,0.12813,0.12435,0.12022,0.11738292735277531,0.11395,0.1115,0.109,0.10761,0.10696,0.10694,0.10857077409865068,0.1101,0.11344878786129725,0.11692,0.18701,0.18147,0.1755685800461992,0.16896,0.16253,0.15656338091009936,0.1498242698413078,0.14384,0.13698,0.13174,0.1269,0.12182147501677473,0.11732,0.11049235080863612
12-01-2026 11:00,25550.75,0.12884903773601153,0.1261,0.12247162578788445,0.11932,0.11554872976534891,0.11307,0.11061,0.10912,0.10978740367906645,0.10824,0.10971,0.11133997800244758,0.11413,0.11807,0.18422091199681773,0.1807,0.17536248957650433,0.16802,0.16163,0.15508,0.14859,0.1429746611164879,0.13622,0.13101,0.12918978201028952,0.12616961133267016,0.12356804748779956,0.11248
12-01-2026 11:05,25538.1,0.13322205134830434,0.12782,0.1236,0.11951525382314807,0.11363632007950208,0.11132711557967853,0.11172,0.10985,0.10916,0.10888,0.1104,0.11198,0.11491,0.11861,0.18486,0.17966,0.1739,0.16580458578780613,0.16062,0.15433,0.14776,0.14223,0.13525,0.12928867762654145,0.12502,0.11987,0.11562,0.11145
12-01-2026 11:10,25544.8,0.1279537132477534,0.12331,0.11886,0.11651,0.11347,0.11101,0.10850920082485177,0.10721,0.10663479790238398,0.10691,0.10852,0.11041,0.1133,0.11741,0.18527,0.18024,0.17423,0.16813,0.16113,0.15506,0.14866231655613923,0.14195479870648758,0.13663,0.13121,0.1263,0.1209,0.11679,0.11303
12-01-2026 11:15,25528.8,0.12595,0.1217,0.11289534894215542,0.11598,0.11333,0.10850173832459628,0.10923722528839719,0.10818,0.10776,0.10781,0.10975,0.11188,0.11487,0.11907,0.18365,0.17819,0.17235,0.16591,0.15971,0.15341,0.14744,0.14174,0.1353,0.1302,0.12548,0.12065,0.11628,0.11298
12-01-2026 11:20,25512.25,0.13111,0.12465,0.11983,0.11831,0.11531,0.11282,0.11091,0.10965,0.10944,0.10972,0.11151,0.1133,0.1165298018331784,0.12045,0.18148,0.17667,0.17081,0.16375,0.15824,0.1518,0.14588,0.14013,0.13384,0.12869,0.12384819128078073,0.11902,0.11468,0.11114
12-01-2026 11:25,25509.25,0.12887,0.1246,0.1214743936927592,0.11729,0.11454,0.1123,0.11069,0.10934,0.10911,0.10999,0.11181,0.11361,0.11695,0.12117,0.18307960951358732,0.17614,0.1707,0.16363,0.1570530134290876,0.1511023829278076,0.14553,0.13962,0.13348,0.12823990334556853,0.12353,0.11867,0.11474,0.11088
12-01-2026 11:30,25496.15,0.12283,0.11979,0.11693,0.11543,0.11285,0.11124,0.11003,0.10937,0.10944,0.11028,0.11224,0.11446,0.11778,0.12226,0.18198,0.17764837107867815,0.1731277882493166,0.16462,0.15892,0.15261,0.14665,0.14131,0.13519,0.13044,0.12596,0.12101,0.11711,0.1142
12-01-2026 11:35,25487.1,0.12896,0.12464390301792108,0.11988,0.11806,0.11530060287705446,0.11321,0.11114265834341469,0.11034,0.1103,0.11119,0.1131,0.11494,0.11853,0.12292,0.18093,0.17561,0.17024,0.16314,0.15600263720582458,0.15104,0.14473863823704042,0.1394,0.13317,0.1285955080404662,0.12347,0.11872388677449994,0.11508,0.11171
12-01-2026 11:40,25485.45,0.13124881966424484,0.12464647137498483,0.12019,0.11832,0.11599,0.11366,0.11195,0.11111,0.11123,0.11201,0.1137,0.11586,0.11937,0.12385,0.18081,0.17563,0.17025,0.16382,0.15778,0.15195520105467886,0.14603470592089235,0.14013,0.13359,0.12863,0.12393,0.11956,0.11652303983187615,0.11221
12-01-2026 11:45,25476.55,0.13517,0.12957,0.12533,0.12351,0.11952,0.11682,0.11481,0.11361,0.11317,0.11357,0.11488,0.11688,0.11992,0.12409,0.18025,0.17461,0.16924,0.16224,0.15605,0.14943,0.14365,0.13787,0.13125,0.12603,0.12139,0.11699,0.1129,0.10915
12-01-2026 11:50,25491.7,0.1293,0.12492,0.12093,0.11849,0.1155810479023206,0.11342,0.11291031328445705,0.11112585161921837,0.11052,0.111,0.11288,0.11482,0.11826,0.1227,0.18185,0.17591,0.17019,0.16313,0.15692,0.15086,0.14495,0.13939,0.13296,0.1282812053332959,0.12333,0.11901,0.11499,0.11149
12-01-2026 11:55,25495.85,0.13106,0.12537,0.12187,0.11957,0.11614,0.11392824394493942,0.11205,0.11089,0.11123778305303794,0.11102,0.11273,0.11467,0.11789,0.12038591160410417,0.18173,0.17556,0.17007851379111716,0.16363,0.15731,0.15068,0.14477,0.13922,0.13293,0.12779,0.12291,0.11907976966205044,0.11471,0.10850493756428364
12-01-2026 12:00,25499.2,0.12806,0.12433,0.11977,0.11788,0.11466,0.11248,0.11083,0.10942428920306876,0.10963,0.11033,0.11191,0.11395,0.11737,0.1217,0.18155,0.17572,0.1701,0.16344665303399947,0.15677,0.15024,0.14459,0.13903,0.13296,0.12752,0.12279,0.11875651321545574,0.115,0.10981491043147423
12-01-2026 12:05,25507.65,0.13197,0.12643,0.12244,0.119880354680959,0.11613,0.11407,0.11288575201686946,0.11057,0.11052191728730464,0.11061,0.11212,0.11396,0.11724,0.12139,0.18194,0.1763,0.17123398669204326,0.16326,0.15656,0.14995,0.14383,0.1381,0.13178,0.12652,0.12189,0.11736231668631561,0.11337,0.10923
12-01-2026 12:10,25526.3,0.14473,0.1426,0.13664,0.13244,0.12752,0.12306,0.12047804882924207,0.11725,0.11547,0.11434,0.11538,0.11631,0.11832,0.12241,0.18081663485882798,0.17639,0.17031,0.1638,0.15282483844824551,0.1492,0.14285,0.13669,0.13021,0.12442006347503787,0.11782984923919311,0.1134,0.10991017209392648,0.10445
12-01-2026 12:15,25577.45,0.14302,0.13618,0.13037,0.12711,0.12239,0.11946,0.11592,0.11382459905880099,0.1127,0.11224,0.11347620974453465,0.11361,0.11532,0.11883,0.18443,0.17862,0.17238,0.16537,0.15893,0.15208,0.14584,0.13976,0.13325,0.12715,0.12234,0.11758,0.11315,0.10565628332085547
12-01-2026 12:20,25614.85,0.15144,0.14093614598281148,0.1381,0.13215388473134457,0.12816,0.12403,0.12111,0.11765,0.11628,0.11484,0.11474,0.11538,0.11785478417982706,0.11973,0.186,0.17815,0.17464,0.16816,0.16208,0.15542,0.1499043432244154,0.14266,0.136,0.12943119282639354,0.12488,0.11939,0.11495,0.10864903101567663
12-01-2026 12:25,25653.4,0.13260706181529514,0.12728,0.12805,0.12478,0.12093,0.11774,0.11503,0.11288,0.11166,0.11104,0.11111,0.11232062098762793,0.11325,0.11604,0.18872,0.18389,0.17771,0.17116,0.16556,0.15827,0.15227,0.14636,0.14013,0.1342,0.12863400977238987,0.12448,0.12027,0.11551
12-01-2026 12:30,25668.1,0.154,0.14368,0.13897,0.1328830652487569,0.12916,0.1252001629182373,0.1213,0.11878,0.11738,0.11624,0.11566,0.1161,0.11709,0.11734052570758274,0.18834688550758988,0.18248,0.17816,0.17214,0.16583,0.15888,0.1533,0.14792,0.1408,0.13493,0.12854543737769175,0.12475545366547527,0.12038,0.11487
12-01-2026 12:35,25690.5,0.13488,0.12381,0.12445,0.12024,0.11698,0.11468,0.11213,0.11118,0.11036070872893584,0.10965,0.11016,0.1091505844837713,0.11232,0.11471,0.19113,0.18537,0.18081,0.17518,0.16841,0.16236486159009225,0.15617,0.15057,0.1443564212994706,0.13864,0.13428,0.12851254696300526,0.12421,0.11626210762647055
12-01-2026 12:40,25684.35,0.15507,0.14577113147030477,0.14347,0.13924560381625326,0.13275,0.12895,0.12453,0.12115,0.12055325266434241,0.11829,0.11683638454317319,0.11716,0.11832,0.11999,0.18826,0.1849,0.17793,0.17149,0.1654,0.15924093400276104,0.1539327585202848,0.14676633033157588,0.13995,0.13419,0.12962,0.12398,0.11914502125667878,0.114
12-01-2026 12:45,25727.5,0.13318,0.12821765212471117,0.12466,0.11945,0.11652,0.11309246151734961,0.11180436568887725,0.10981,0.11079294864440262,0.10914,0.10680751878998646,0.10977,0.10915648455598374,0.11342,0.1931,0.18998,0.18359,0.17732,0.1711,0.16355646963140114,0.15835,0.15199890297190435,0.14586,0.1398,0.13462204531867156,0.13039,0.1262914411609188,0.12103
12-01-2026 12:50,25724.55,0.14204,0.13607546077651925,0.13291,0.1285,0.12508,0.12156,0.11802583505810638,0.11654,0.11567,0.11427,0.11384,0.11403,0.11481,0.11638,0.19309,0.18835,0.18208,0.17651,0.16953,0.16277,0.15723,0.1503460710490652,0.14472,0.13859,0.13453,0.12962,0.1253,0.12029
12-01-2026 12:55,25715.5,0.14309,0.13735,0.1300555125821033,0.12356,0.12039,0.11681,0.11462,0.11380902826160957,0.11168,0.11139,0.11270559080273757,0.11148,0.11248,0.11441,0.19219,0.18729,0.18184,0.17548,0.16905,0.16237,0.15666,0.15080929896612683,0.14459879645291795,0.1381697373172029,0.1341,0.12879,0.12457534067301343,0.11933
12-01-2026 13:00,25692.65,0.13268,0.13424,0.13095,0.12940388016324153,0.12484,0.12196,0.11816,0.11592,0.1183364294996403,0.12012523055599433,0.11292,0.11592614990602873,0.11399,0.1216068449775631,0.19101,0.18652,0.18014,0.17417,0.1673122123615553,0.16101,0.15571,0.14886376873984208,0.1427269667885701,0.13751,0.1327,0.1277,0.12285,0.11824
12-01-2026 13:05,25702.65,0.14577,0.13978759083954714,0.13579,0.13088483660386083,0.12591,0.12264,0.11964,0.11692,0.11573,0.11455,0.11356,0.11369,0.11470683662410615,0.11663,0.19162,0.1857039933878041,0.1805,0.17474,0.16756705833373345,0.16178,0.15598,0.14932038218024682,0.14297,0.13744,0.13288,0.12789174430225084,0.12314,0.11809
12-01-2026 13:10,25710.85,0.14323,0.13453,0.12998,0.128,0.12374,0.1201,0.117,0.11471,0.11291,0.11137,0.11141,0.1113,0.11354048861569659,0.11484,0.19088,0.18534,0.18005,0.17456,0.1683,0.16214,0.15586,0.15028,0.14341,0.13786339750272983,0.1324459188751968,0.12799,0.12361,0.11846
12-01-2026 13:15,25725.15,0.12758,0.12543,0.1204,0.1163073860066319,0.1132,0.11159,0.10989359821385192,0.10805,0.10708,0.10684585693822249,0.10713,0.11011013020518756,0.11142206021929286,0.111,0.1909677043724099,0.18479,0.18073,0.17517,0.16885,0.16266,0.15748,0.15110026021356351,0.1453,0.139168873629834,0.13441452790253122,0.12999,0.12639,0.125563656156025
12-01-2026 13:20,25697.4,0.14286144355519392,0.13529,0.13031,0.12653818610966924,0.1224,0.11874,0.11536,0.11443,0.11229,0.11137,0.11113715635263949,0.11101,0.11313,0.11462650917196435,0.18904,0.18412,0.17899,0.17303,0.16791945209273806,0.1628203670040852,0.15545,0.15004,0.1433,0.13781,0.13305,0.12716,0.12271819766993983,0.11772
12-01-2026 13:25,25704.15,0.12732,0.12404,0.11901,0.11660834382765814,0.11413,0.11166,0.10892828950850314,0.10819,0.10830997423828877,0.10714,0.10751,0.10825,0.11124344284171855,0.11489920973970599,0.18916,0.18468,0.17939,0.17361,0.16806,0.16108655261729016,0.1565,0.15022324485940486,0.14465054741891978,0.13946,0.1349357365988479,0.12991,0.1254,0.12063
12-01-2026 13:30,25707.95,0.16035,0.14890723851144752,0.14463,0.1349271684812334,0.12483595535741177,0.12318138197520986,0.12301,0.11901,0.11727,0.11597,0.11518,0.1148,0.11578,0.11723,0.18884,0.1848083012627007,0.17838,0.17289,0.16635,0.16048,0.15507487861144192,0.1485,0.14168,0.13599,0.1309943544567856,0.125461270971677,0.12086,0.11575796222816731
12-01-2026 13:35,25747.0,0.12697,0.13005,0.12265,0.12047102632523018,0.11587729443742723,0.11525,0.11212,0.11036697465516401,0.10947,0.10874,0.10825,0.10898,0.11004,0.11183,0.19147,0.18757,0.18138,0.17551,0.16951,0.16335,0.15791,0.15185,0.14597,0.13897361141234374,0.13462,0.12916304701085682,0.12485,0.12001
12-01-2026 13:40,25745.1,0.1427779284293561,0.1348,0.12585550111689897,0.11842,0.1158,0.11363,0.11035,0.10893,0.10798,0.10635403964523399,0.10673279924337908,0.10789,0.10922,0.1109,0.19178,0.18774285739816418,0.18456162763528225,0.177284652422916,0.16951,0.16359,0.15776,0.1521,0.14563,0.13943,0.1337287734427548,0.12829071323870647,0.12541,0.12045
12-01-2026 13:45,25739.05,0.14182,0.13243,0.1274,0.12355,0.11938,0.11529,0.11248,0.11011,0.1089,0.10768,0.10761,0.10793,0.10927,0.11099,0.1914999286768742,0.18610808348497548,0.18113,0.17536,0.16902,0.16257,0.15702,0.15116,0.14438316920617386,0.13813,0.13379,0.1287,0.12433,0.11730589538133568
12-01-2026 13:50,25735.6,0.14666151323913967,0.1384554539197135,0.12843206481349428,0.12561,0.12169,0.11822,0.11384,0.1118,0.1105,0.10937,0.10878413904817497,0.10914,0.11039,0.11193,0.19298,0.18672,0.18206,0.17617,0.16916686109575324,0.16319,0.15763,0.15127,0.14468,0.13839,0.13388,0.12816,0.12364,0.11821
12-01-2026 13:55,25743.25,0.13752,0.12317,0.1274,0.12181,0.11763,0.11525,0.11133,0.10985,0.10855,0.10824756462238758,0.10716,0.1077,0.10911249088326154,0.11096,0.194822351085216,0.18885,0.18508129322918992,0.17776199613411364,0.17081,0.16449,0.15855,0.15269,0.14559,0.1403219933510887,0.13473,0.12867408944548606,0.12508,0.11957
12-01-2026 14:00,25734.9,0.13141,0.12459,0.12138297210269317,0.12034,0.11568100226424771,0.11324722013652425,0.11059,0.10946,0.10815,0.10718,0.10723,0.10871612327103555,0.110084874678197,0.11075,0.19338,0.18746,0.1815797554428643,0.1766,0.17053,0.16404,0.15623479875780014,0.14990631899717058,0.14481650397811457,0.13956,0.13488,0.12952,0.12400693824049222,0.11936
12-01-2026 14:05,25732.75,0.13756,0.13142,0.12339,0.12785,0.12267,0.11871,0.11599019266466498,0.11212,0.11074942671418544,0.10958,0.10690730564299555,0.10908,0.10874590435656249,0.11181003572262702,0.19324,0.18731,0.18188,0.17644,0.16982,0.16312,0.1568166936427048,0.15116,0.1442448425330632,0.1384,0.13214600511978308,0.12785,0.12289,0.11768
12-01-2026 14:10,25739.35,0.13849569918327653,0.13049,0.12053,0.11757095618302468,0.11324,0.11198,0.10906,0.10643,0.10608,0.10546,0.10522,0.10593,0.10766724530732284,0.10964,0.19315,0.18786,0.18327,0.1774968363663101,0.17067,0.16446,0.15848,0.15258,0.14558148748810504,0.13985,0.13503533958971498,0.12965,0.12533,0.11911
12-01-2026 14:15,25729.15,0.13958,0.13351,0.12656,0.1222,0.11842,0.11527,0.11179797658797114,0.10986,0.10878,0.10763,0.10776,0.1082,0.10965,0.11154,0.19299,0.1865,0.18163,0.17596405180390887,0.16909519554537655,0.16309,0.15715,0.15097,0.14479,0.13865,0.13344,0.12818879788261303,0.12363,0.11826
12-01-2026 14:20,25736.35,0.15760817021152584,0.14464,0.13888,0.13311,0.1279,0.12364928567608682,0.11872,0.11572,0.11399,0.11222,0.1103474731806226,0.11128,0.11182,0.1140151821860989,0.19212,0.1869,0.18105,0.17619,0.1699,0.16246,0.15604468690398765,0.1483585625115728,0.14328277797494507,0.13731,0.1324,0.12651,0.12157726554509615,0.11595
12-01-2026 14:25,25762.75,0.13676,0.13189,0.12698,0.12283,0.11747,0.11438,0.11065,0.10897,0.1075,0.1065,0.10599,0.10625664894374923,0.10746,0.1091625396875574,0.19377,0.18810820967038697,0.1825,0.17716,0.17089473815316414,0.16475,0.15889,0.15267121265378922,0.1464025882116697,0.14034,0.13525,0.12988,0.12539,0.1197
12-01-2026 14:30,25753.1,0.12467022013972373,0.11977,0.11613,0.11389,0.11126,0.10877163331052589,0.10683,0.10553,0.10493,0.10422,0.10448654277704034,0.10536,0.10669,0.10846,0.19326,0.18803899721758063,0.18279,0.17731,0.1705419655068952,0.16471,0.15875,0.15268,0.14634,0.14043,0.13567,0.13022,0.1255,0.12037
12-01-2026 14:35,25716.7,0.15174,0.14512,0.13909,0.13307,0.12727,0.12346,0.11932,0.11834790809089943,0.12345499383888747,0.12520326664456308,0.11126,0.11126,0.1103954928227324,0.12217373686094704,0.19086,0.18502,0.17934,0.17431,0.16802,0.16121,0.15532,0.14920467863753484,0.1426,0.13638,0.13169,0.12575,0.12104,0.11412749635474145
12-01-2026 14:40,25749.0,0.14146,0.1324256253934881,0.12715,0.12317,0.11771334647683374,0.11552,0.11292,0.11058,0.10931,0.10795,0.10775,0.10821,0.10939799849428636,0.11043,0.19276,0.18761,0.18249,0.17702213919903786,0.1702,0.16442048173951704,0.15785,0.1515007865359729,0.14553,0.13957,0.13458,0.12875,0.12421,0.11952906830770088
12-01-2026 14:45,25763.85,0.13183,0.1253047716503428,0.12209,0.12141748154655893,0.11506,0.11314,0.11013,0.10793,0.11207745315602946,0.11499453545402462,0.1089761743593573,0.10592,0.10718,0.1157812625677899,0.19416,0.18743,0.18209902493339628,0.17764,0.17176,0.16465,0.15882,0.15287,0.14659564908247,0.14051,0.13534,0.12992,0.1237623053115606,0.11968
12-01-2026 14:50,25774.05,0.14353,0.13758,0.13082,0.12617,0.12110089650795097,0.11819,0.11434,0.11136,0.10992148383395543,0.10794,0.10689,0.10740970044733042,0.1078595295930693,0.10916,0.19388,0.18866,0.18338073635328453,0.17722,0.1706,0.16408,0.15870884730823379,0.15221,0.14529,0.13945,0.13403154917162494,0.12857,0.12345,0.11698701022793229
12-01-2026 14:55,25796.15,0.14247,0.13767,0.13126,0.1254,0.12008,0.11677,0.11369,0.11074,0.10988,0.10782,0.1066438547100968,0.10694,0.10774,0.10875,0.19471,0.189,0.18312,0.17722,0.17063,0.1646661119399106,0.15838,0.15242345848144268,0.14561,0.1392869878291676,0.13418,0.12921594975272735,0.12416,0.11900047601229441
12-01-2026 15:00,25785.15,0.13593,0.13388,0.12688,0.1223,0.11803,0.11433,0.11181,0.10984,0.10913278907113425,0.10697435337555664,0.10578,0.10594,0.10639,0.10766,0.19359392371379497,0.18819062514680426,0.183,0.17702,0.17066,0.16444729887580536,0.1582,0.15202,0.14524,0.13848182696208444,0.1337323642029002,0.12898,0.12431,0.11883
12-01-2026 15:05,25789.75,0.1304,0.12499,0.12171,0.11729,0.11382,0.1119,0.1089,0.10601109147098473,0.10626,0.10491,0.10313576297684329,0.10472,0.10536,0.10686,0.1937497799033518,0.18854,0.18376,0.17824,0.1705871505471305,0.16597997239801207,0.15899,0.15311,0.14667,0.14017,0.13508,0.12949075142136043,0.12499,0.11971
12-01-2026 15:10,25785.05,0.14199602982142123,0.12841,0.11964,0.1167,0.1125183685397464,0.11045,0.10802,0.1067252950421998,0.10497,0.10326,0.10546061108464266,0.10609852632251349,0.10810655542423536,0.10601,0.19482,0.18819,0.18256997760863616,0.17836,0.17144,0.16481,0.15909,0.15243741304627947,0.1459855226328245,0.13992,0.13472,0.1292,0.12462,0.11945
12-01-2026 15:15,25782.95,0.14383632744392327,0.13489,0.12813601578544592,0.12266753454771881,0.11744,0.11417,0.11137,0.10853,0.10738,0.1052,0.10474,0.10481,0.10563,0.10705,0.19663,0.19077968188269168,0.1854332845794134,0.17933,0.17261,0.16587,0.16024,0.15375298267676646,0.14687,0.14062,0.13514,0.1295319544727773,0.12452,0.11877
12-01-2026 15:20,25786.05,0.14125389329974014,0.13317472480750112,0.12843,0.1228,0.11761,0.11465,0.1115,0.10893,0.10713,0.10521,0.10388102019218998,0.1043766446575822,0.10526,0.1067,0.19815,0.19091,0.18787,0.18069232644432803,0.1750358588874045,0.16785,0.1606034625816808,0.15479460252499946,0.14852,0.14213,0.13614,0.13,0.12454742341242239,0.11872
12-01-2026 15:25,25801.35,0.13043,0.12173,0.11906845272806749,0.11671226458219872,0.11127,0.10850633168797438,0.10605,0.10462,0.10349,0.10165,0.10145,0.10137,0.10221,0.10465,0.19547,0.19534,0.18691,0.18088,0.17564671011278515,0.16707,0.16224,0.15508,0.14812403423839632,0.14221,0.13697,0.13075,0.1252,0.11944
13-01-2026 09:15,25853.0,0.10138,0.10057,0.10156,0.10190850308483498,0.09955480823625673,0.09894,0.0970431531186477,0.09660558860861518,0.09738,0.09467728177685517,0.09726,0.09771,0.0992,0.10094,0.19934,0.19786,0.19002780259327953,0.1824,0.17542,0.16959,0.16328,0.15746,0.15049,0.14461835190354333,0.13946,0.13333,0.12841,0.12266
13-01-2026 09:20,25825.4,0.1301,0.12038,0.11652,0.11379,0.11063,0.10853,0.10573,0.105,0.10365,0.10229,0.10185,0.10238,0.10336,0.10516,0.20194889314046366,0.19459,0.18813,0.17948,0.17454,0.16867,0.16259,0.15685502950190724,0.14821117295286212,0.14263,0.1390724655737767,0.13143,0.12647,0.12052
13-01-2026 09:25,25818.35,0.07494,0.07263500746915155,0.07843,0.08445940256322279,0.08732,0.09071,0.09192,0.09345,0.09489,0.09538,0.09659,0.09772,0.09926,0.10186,0.19944762725677095,0.19492,0.19107,0.18192,0.17697456589878244,0.17018,0.1648292336924531,0.16014,0.1522802938409297,0.14795,0.1448655695754808,0.13807,0.13444,0.1289
13-01-2026 09:30,25766.85,0.09386,0.09698551471207054,0.09733,0.09606866585544768,0.0985,0.09853180064542846,0.09936,0.09957,0.09889212001697127,0.10013,0.09890364497766735,0.1022,0.10407,0.10676,0.19758,0.18681,0.1874,0.18077,0.17444,0.16772,0.1615,0.15525324249524186,0.14881,0.14315,0.13844,0.133,0.12898,0.12387
13-01-2026 09:35,25737.7,0.11826,0.1188216198178225,0.1101,0.11011,0.109,0.10915425970028761,0.10586939797084671,0.10605,0.10628,0.10556,0.10597,0.1067,0.10811,0.11024,0.19641,0.19402,0.18313961390570768,0.17834,0.17151,0.16504,0.15939,0.15322,0.14657,0.14058,0.13586,0.13051,0.12562887903759454,0.12088
13-01-2026 09:40,25732.1,0.12151129931331484,0.11635,0.11150138577756158,0.11226,0.11208668343074812,0.1094,0.10754,0.10682,0.10672,0.10605,0.10663,0.10736,0.10873,0.11101,0.19531,0.1897,0.1851,0.17854,0.17119,0.16484,0.15903,0.15272,0.14566,0.13996,0.1353,0.12993,0.12517,0.12017
13-01-2026 09:45,25766.4,0.10985,0.10211,0.09959661500764788,0.09765,0.09883,0.09904,0.09920068667270782,0.0975624961405043,0.09968,0.09971,0.10075,0.10208,0.10395,0.10665,0.19782829880575808,0.18954,0.18651,0.17875,0.17198,0.16605,0.15962,0.15467460573963523,0.14721,0.14102,0.13691,0.1316,0.12743,0.12286
13-01-2026 09:50,25750.85,0.11754,0.11262,0.11364,0.10823,0.10611,0.10542,0.10416,0.10457,0.10446,0.10352,0.10426,0.10521020004596905,0.10695,0.10944,0.19685,0.1911639004793641,0.1858,0.17799,0.17208,0.165,0.15952,0.15322452426862335,0.14660503388578966,0.14069,0.13566,0.13018,0.12707886562686396,0.12445257415126315
13-01-2026 09:55,25731.0,0.10362,0.10571,0.10317,0.10456,0.10397808445442647,0.10433,0.10374,0.10378,0.10438,0.10435,0.10535,0.10636,0.10817,0.11081,0.19596,0.19028,0.18489,0.17825431771195122,0.17007682014814993,0.16508329488276746,0.1585,0.15331,0.14657,0.14095866343066488,0.13604,0.13094,0.1269,0.12208
13-01-2026 10:00,25714.65,0.14097,0.13349,0.13009,0.12686,0.12114,0.11849,0.11568,0.11373,0.11286,0.11147,0.1113,0.11089058505036635,0.11276,0.11217842997106253,0.1931,0.18816,0.18229,0.17698,0.16643280354653442,0.16188,0.15581,0.14965,0.14249,0.13684,0.13118,0.12617,0.12153,0.11621
13-01-2026 10:05,25746.85,0.12843,0.12569,0.11961,0.1167,0.11418,0.11206,0.11025,0.10891,0.10827,0.10803,0.10751,0.10817,0.1085853574303116,0.11162,0.19569,0.18741,0.1831948611738823,0.1758,0.17055,0.16428,0.15821,0.15229,0.14503,0.13955,0.13458595423759828,0.12879,0.12451,0.11968
13-01-2026 10:10,25759.95,0.10494,0.10371,0.10288,0.10202,0.10091,0.10211,0.10057754136230429,0.10084,0.10126,0.10178,0.10247,0.1034,0.10505,0.10788,0.19744,0.1923,0.18608,0.179118744585224,0.17358453558534057,0.16615,0.16016,0.15362623496534183,0.1475,0.14146903783233633,0.13695,0.1312,0.12764,0.12604360611222548
13-01-2026 10:15,25754.7,0.10612,0.10838,0.10433,0.10362,0.10244,0.10284,0.10202804990245923,0.10176,0.10236,0.10237,0.10308,0.10428,0.10568,0.10871,0.19659,0.19045,0.18549,0.18043,0.17189,0.16543,0.15933,0.15143263526355977,0.14641,0.14114,0.13600304329306578,0.13092259226439604,0.12656,0.12435304317609991
13-01-2026 10:20,25761.35,0.12196,0.11697141722519513,0.11421,0.10883,0.10757,0.10672358956827013,0.10509,0.1039,0.10396,0.10338,0.10386,0.10477,0.10632,0.10857622556347071,0.19667,0.1905117690664109,0.18512,0.17884138403953712,0.17169,0.16546,0.15956,0.15344,0.14623,0.14073,0.1351,0.12988,0.12551,0.12025
13-01-2026 10:25,25770.15,0.14012,0.13305,0.12665,0.12195,0.11838,0.11610036989322473,0.11211,0.10968,0.10903,0.10803,0.10721,0.10737,0.10855,0.11041,0.19716,0.1907704840848244,0.18548,0.17993,0.17066850842063008,0.16508,0.15866,0.15169386040617241,0.14506,0.13912065758042336,0.13348,0.12756,0.12274,0.11661464352091283
13-01-2026 10:30,25804.6,0.13282,0.1176299174694175,0.10534,0.10765,0.10653,0.10582,0.10306,0.101709945383368,0.10027646365068106,0.09712843903680021,0.10103,0.10169,0.10559641745523624,0.10556,0.2014981455421882,0.19389,0.18871,0.18195,0.17508,0.16807,0.16099461273541213,0.15564,0.14873268252135788,0.14303486564292117,0.13714,0.131043156391951,0.12664,0.12147
13-01-2026 10:35,25783.95,0.12325,0.1098,0.10718,0.10779,0.10526,0.10288,0.10219,0.10221,0.10253247541716662,0.09974510913776075,0.10214,0.10265,0.10405,0.10676,0.20132251080901614,0.19544413608400532,0.18761,0.18025,0.17383,0.16588009155575445,0.16149,0.1552,0.14798959941004683,0.14241,0.13709,0.13144,0.1268311633523754,0.12165
13-01-2026 10:40,25772.4,0.11286,0.10172,0.09986,0.10643,0.10474,0.10468,0.10303,0.10234,0.10255,0.10191,0.10239,0.10153489700621017,0.10494,0.10768,0.19788,0.1913375857268474,0.18516078584997459,0.18052,0.17303,0.16664,0.15969361036625376,0.15416535501168344,0.14816,0.14168,0.13693829961786352,0.13102,0.12613,0.12107
13-01-2026 10:45,25763.45,0.12755621297161845,0.11857,0.10489,0.11266,0.1119944197229562,0.1078,0.10651,0.10655,0.10529,0.10428,0.10453,0.10574,0.10617,0.10849,0.19601,0.19225538174957418,0.18463,0.17979,0.17084,0.16428,0.15841,0.15174,0.14493,0.13907,0.1341,0.12820182963750945,0.12323,0.1189
13-01-2026 10:50,25794.3,0.11933,0.11414,0.11134,0.10716134795464091,0.10636630244434986,0.10239342337164367,0.098,0.09835350529947245,0.09832,0.09864,0.09876,0.09983,0.10165,0.10429,0.197,0.19049,0.18559,0.17919,0.17247,0.1662,0.15938,0.15394,0.14715,0.14127,0.13627,0.1310668478837971,0.12703343107624462,0.12139
13-01-2026 10:55,25765.7,0.1329290716038699,0.1277,0.11839,0.11653,0.11209,0.11007704744806354,0.1084,0.10623,0.10569,0.10431,0.10434,0.10496,0.10643781090347205,0.10846,0.19378,0.18824,0.18328,0.17684,0.16974,0.16318150599391468,0.15692219672290345,0.15101,0.1442,0.13808,0.13279,0.12762,0.12277,0.11766
13-01-2026 11:00,25784.9,0.11114,0.11637,0.1004,0.10533,0.10417,0.10352215042805088,0.10013780029615071,0.10121,0.10136,0.10075,0.10117,0.10206,0.10329754905067297,0.10537,0.19581,0.19012124290387603,0.18426,0.17715,0.17187287810532012,0.16513,0.15832,0.15288,0.14577,0.13983,0.13496,0.12932,0.12424162935014757,0.11948
13-01-2026 11:05,25771.65,0.13216,0.11938,0.12029,0.11747,0.11378,0.11176,0.10935918015453439,0.10724,0.10636,0.10527,0.10501,0.10534,0.10616,0.10809,0.19504,0.18875,0.183,0.1760798221907498,0.16977,0.16355,0.15506,0.15072,0.14357,0.1381,0.13233834337338368,0.12739,0.12263,0.11544779330012284
13-01-2026 11:10,25787.85,0.11856,0.10777,0.11044,0.11006,0.10668,0.10586,0.10409,0.10162732484234416,0.10252,0.10135,0.1017,0.10224,0.10421832174312122,0.10541,0.19507,0.19003542251022323,0.18371,0.178,0.17081,0.1648,0.15819,0.15219,0.14495,0.13945,0.13433385222549096,0.12971245575274612,0.12589955030312924,0.12204927973126906
13-01-2026 11:15,25787.55,0.12614626592418043,0.11597860169436622,0.11131,0.10958,0.10777,0.10559,0.10327,0.10223,0.10211,0.10092,0.10121,0.10247,0.1027,0.10501,0.19481,0.18867,0.1835,0.17724,0.17046,0.16354,0.15748,0.1505011330518993,0.14437,0.13874,0.13399,0.12815,0.12386,0.11912949803882306
13-01-2026 11:20,25784.1,0.12704,0.11694,0.11314,0.10838,0.10646,0.10523,0.10245,0.10227,0.10176,0.10264485620878705,0.10077,0.10144,0.10261,0.10482,0.19456,0.18866,0.18282,0.1764,0.16948,0.16327,0.15648,0.15139,0.14396,0.13843,0.13358,0.12746791105877384,0.12338,0.11825
13-01-2026 11:25,25786.2,0.12557,0.12715,0.11235,0.11523,0.11055277641246442,0.10887,0.10572,0.10391,0.10348570138570122,0.10212,0.09918963301558259,0.10209,0.1017712466066937,0.1054,0.19449,0.18884,0.1822582451495496,0.17621,0.16914,0.1625,0.15639,0.14949658547575587,0.14336,0.13753,0.13310824826822545,0.12729,0.12252,0.11716
13-01-2026 11:30,25793.55,0.12837,0.12356,0.11864,0.11560821159212617,0.11179,0.11038,0.10655066524966733,0.10442552162144736,0.1041,0.1031,0.10283,0.10315,0.10381,0.10564,0.19482,0.18945,0.18277,0.17604,0.16887,0.16281,0.15675,0.15086,0.14333,0.13761,0.13242,0.12697,0.12213,0.11550063733237864
13-01-2026 11:35,25814.5,0.11175,0.10890387534122889,0.10854,0.10642,0.10504,0.10288,0.10123,0.09991,0.10014662519420064,0.09904,0.0994,0.0998993152410501,0.10101,0.10568666742520239,0.19708487829620697,0.19095480074240692,0.18425,0.17672371516928562,0.17099,0.1641,0.15813,0.15207,0.145,0.13937,0.13446,0.12903372388104414,0.12442,0.11932
13-01-2026 11:40,25811.5,0.09832,0.09617367670161628,0.09734778763126478,0.0976,0.09793,0.09766,0.09684,0.0965,0.09714,0.09663,0.09748,0.09813,0.09936,0.10197,0.19462470771557233,0.18823,0.18403,0.17714,0.17076,0.16403,0.15819,0.15181646933649987,0.14487,0.13994,0.13509,0.1298320429731958,0.12525,0.12026
13-01-2026 11:45,25782.05,0.12434,0.11605,0.11488021418592403,0.10915,0.10828,0.10657,0.10286856452663873,0.10265,0.10178,0.10097,0.10441885786466143,0.10390373122140044,0.10607029071528852,0.10543,0.1946204806126553,0.18644,0.18126,0.17477,0.16779,0.16189,0.15566,0.14976,0.14269,0.1372,0.13206,0.12708,0.12259254972468767,0.11725
13-01-2026 11:50,25785.0,0.0963,0.09354,0.09555,0.09782,0.09939,0.09804,0.09687,0.09688,0.09736,0.09746,0.09770974756107859,0.09898848567329746,0.10052,0.103,0.19372,0.18669,0.18183326236075695,0.17483,0.1686,0.16188887206465327,0.15652,0.15081,0.14368,0.13831,0.13315,0.12814,0.124,0.12167194922881691
13-01-2026 11:55,25762.65,0.13302,0.1138,0.11073988547531138,0.10617924555146027,0.10494,0.10345,0.10155,0.1008,0.10116,0.10053,0.10112,0.10179,0.10305,0.10553,0.19174,0.18471,0.17974,0.17282,0.1664,0.15928621108488242,0.15503,0.14909,0.142,0.13661,0.13264072808154542,0.12661,0.12328342392704114,0.11746
13-01-2026 12:00,25747.9,0.11514,0.11089,0.10672,0.10734,0.10493,0.10426,0.10283,0.10131072283371212,0.10193,0.10157,0.10203,0.10267,0.10395,0.10659,0.19166,0.18595,0.179,0.17203,0.16573,0.15969,0.15404,0.1488488717689789,0.14122,0.13581,0.13089,0.12575,0.12099429126765279,0.11652
13-01-2026 12:05,25735.35,0.11577,0.11415177842259558,0.10927,0.10984,0.1081,0.10654,0.10387961088199738,0.10347,0.10359,0.10292,0.10355,0.10403,0.10514,0.10793,0.19049115607654005,0.18497,0.17843,0.17102,0.1647,0.1588,0.15296,0.14781552365085512,0.14019,0.1345802698991329,0.12941,0.12453,0.12017651360424172,0.11497
13-01-2026 12:10,25733.45,0.10322006644529835,0.10744,0.10023,0.10165357144059636,0.09960921358586772,0.09977,0.09999,0.09968,0.10002,0.1002,0.10123,0.10217,0.10362,0.10667,0.19005,0.18343,0.17914,0.17089,0.16596,0.15959,0.15405,0.14933591341461336,0.1421,0.13608,0.13199,0.12692,0.12245441388353104,0.11837
13-01-2026 12:15,25722.55,0.11631,0.11427254650388438,0.11484,0.11267,0.11004,0.10822,0.10663768343991581,0.10475,0.10468,0.10391,0.10394,0.10484,0.10608,0.10728503684344182,0.18896,0.18259,0.17786,0.17174,0.163668679670379,0.15907749756355263,0.1527,0.14666,0.14003,0.13392,0.12907,0.12386,0.11959,0.11474
13-01-2026 12:20,25724.7,0.10816,0.10535,0.10462,0.10356,0.10227,0.10172465198014954,0.1016,0.10069,0.10113,0.10095,0.10163,0.10244,0.10438,0.10734,0.18941,0.1823,0.17826,0.17100136771909946,0.16474,0.15918,0.15358,0.14819,0.14142,0.1359148089776751,0.13122,0.12589,0.12206,0.11887265137194042
13-01-2026 12:25,25714.0,0.11595,0.12216,0.11939,0.11684,0.11278,0.11085403539874925,0.10864,0.10709,0.10658,0.10555,0.10563,0.1062,0.10724,0.10997,0.1856055610232364,0.18147,0.17615,0.17069,0.1618747861684811,0.1576885899509327,0.15143,0.14409072330109554,0.1385,0.13274,0.12767,0.12243,0.11784,0.11295
13-01-2026 12:30,25723.0,0.11512,0.11016,0.10486,0.10314,0.10241,0.10152,0.10044,0.1004,0.10176504951901426,0.10069,0.1015,0.10234,0.10573961709927568,0.10756,0.18932,0.18308897796579743,0.17794920404452938,0.17209728596414617,0.16464,0.15876,0.15349037628807224,0.14783,0.14097,0.13564630411925993,0.13052,0.12560078456036486,0.12144,0.11704
13-01-2026 12:35,25717.45,0.11999,0.11351,0.11092,0.10715,0.10522,0.10404,0.10306,0.10227842228802633,0.10301,0.10090656980707483,0.10282,0.10392,0.10700887772010996,0.10843,0.18786,0.18227,0.17647,0.16908,0.16330181551232686,0.1573904936090081,0.15204,0.14686,0.1397920707580009,0.13433,0.12956706963680836,0.12435,0.12008,0.11531068825374274
13-01-2026 12:40,25710.25,0.11488,0.10683,0.10567,0.1048,0.10327,0.10239,0.10145,0.10102,0.10138,0.10109,0.1021,0.10339,0.10503,0.10629563444046375,0.18732,0.18124,0.17612,0.17115729317839237,0.16325,0.15785122192937917,0.1517,0.14634,0.14134160289572806,0.1359247426969427,0.12958,0.12462,0.12072,0.11943061945046934
13-01-2026 12:45,25702.9,0.09992,0.10320743256696738,0.09852,0.09849,0.09819,0.09857,0.09847,0.09857,0.09981,0.10014,0.09632568609258968,0.10301,0.10528,0.109,0.18883,0.18068,0.1776,0.17041,0.16469,0.15844,0.15306,0.148,0.14121,0.13628,0.13152,0.12642,0.12269,0.11824
13-01-2026 12:50,25667.1,0.10716,0.10802,0.1072013321409237,0.10652457739368379,0.10432,0.10344,0.10262,0.102,0.10292,0.10288,0.10416,0.10557,0.10796,0.11179,0.18652,0.18173459245806303,0.17586,0.16944678014118464,0.16278,0.1572,0.15163,0.14603,0.140102165450125,0.13461,0.12979,0.12499,0.12093,0.11684
13-01-2026 12:55,25659.75,0.11791,0.11402299682924719,0.10762,0.10889415121350773,0.10512,0.10415,0.1032,0.10271,0.10309,0.10316,0.10499483409629806,0.10613,0.10784339867147794,0.11057645357044793,0.18717,0.18133,0.17253284075539632,0.16686,0.16311,0.15671998597846515,0.15135,0.14592394428137426,0.13966,0.13426777937917467,0.12995,0.12522,0.1203817036555099,0.1189275602559064
13-01-2026 13:00,25645.05,0.10976,0.10878,0.1072,0.10506,0.10368,0.10279,0.10217,0.1016,0.10199,0.10237,0.10408,0.10585,0.10940198852976347,0.11306,0.18672,0.18015,0.17535590718701288,0.16881,0.16108,0.15626,0.15003,0.14537,0.139101320068955,0.13422289249517888,0.12849,0.12396,0.12001,0.11595
13-01-2026 13:05,25639.05,0.12057084819193598,0.11676,0.11177,0.11205,0.10962,0.10795387268464082,0.10667,0.10521,0.10519,0.10545,0.10703,0.10849,0.11118,0.11544045398579139,0.18741,0.18135,0.1756762779186599,0.16832,0.16258,0.15642,0.1501,0.14493,0.13839867229496347,0.13266,0.12808,0.12301,0.11891,0.11472
13-01-2026 13:10,25669.25,0.10935,0.10859,0.10366,0.10559,0.10334336595342286,0.10302,0.1022,0.10165,0.10187383760330725,0.10236,0.10422,0.10579,0.10782129812777434,0.11114789060042929,0.18893,0.18344802080855463,0.17783,0.17107,0.16414,0.1583,0.1514262529660829,0.14599071835500047,0.14024,0.13490203257374644,0.13015,0.12503,0.12066758214428905,0.11724
13-01-2026 13:15,25650.75,0.12082,0.11121,0.11372,0.11219,0.10964,0.10786,0.10668932665369091,0.10575,0.10531,0.10625910605413683,0.10908838279975658,0.10777541154831397,0.11088,0.11512,0.1888265675580179,0.18215,0.17675355451813068,0.16986025899410986,0.16408,0.15777,0.15168,0.14627,0.1395,0.13397538555403665,0.12934,0.12428,0.12061133967207957,0.11605
13-01-2026 13:20,25659.9,0.1205,0.11608405958530829,0.11342998784943253,0.11136,0.10866,0.10703,0.10566,0.10399605868767556,0.10456,0.10459,0.10609,0.10748,0.10997,0.11215170429790647,0.18846,0.18292,0.17728,0.17132,0.16353,0.15813275841097904,0.15183618372520444,0.1462,0.13927,0.13374,0.12813683988070063,0.12385,0.11974924524524452,0.11548
13-01-2026 13:25,25660.75,0.12224,0.11729,0.11027,0.10601,0.10472348923191255,0.10322,0.10242,0.10167,0.10215,0.10236,0.10404,0.1057,0.10862704112514183,0.11278,0.18901,0.18301,0.17855874368876942,0.17141,0.1642289225710357,0.15739849742613682,0.15166,0.1463,0.13999913756562044,0.13425,0.12888,0.1242,0.12064,0.11627
13-01-2026 13:30,25661.85,0.11661,0.11306,0.11056,0.1105929815569395,0.10907,0.10743,0.10578,0.10449,0.10434,0.10429,0.10545,0.10696,0.10926,0.11328,0.1888466226942112,0.18271,0.176775232167921,0.17012875218969062,0.16358,0.15744,0.15203,0.14567,0.13872,0.13321,0.12836,0.12335,0.11943,0.11493
13-01-2026 13:35,25679.45,0.11288,0.10962,0.10556,0.1049,0.10328,0.10057967861439951,0.10105,0.1006,0.1008,0.10102,0.10265,0.10423,0.10655,0.11074,0.19079,0.18416,0.17879,0.17237,0.1648,0.15937543276993188,0.1529,0.14733,0.14052,0.13489,0.12968795711063225,0.12491,0.12084,0.11675
13-01-2026 13:40,25665.55,0.11343,0.11269,0.1141,0.11209175161966176,0.1096,0.10792448704332294,0.10591,0.10478550395020109,0.10439,0.10403880922370783,0.10518,0.10639,0.10871,0.11278,0.18817174554448696,0.18305,0.17574,0.17036,0.16171,0.15582,0.14958634901321485,0.14255221435482288,0.13763,0.13215,0.12716,0.12221,0.11834,0.11372
13-01-2026 13:45,25671.3,0.11584,0.11158782917251495,0.10635,0.10582,0.10347,0.10247,0.10167741670788516,0.10104,0.1022930961969401,0.10129,0.10279,0.10425,0.10681,0.11089,0.18758,0.18354,0.17648504301130422,0.1697176223672269,0.16238,0.15706,0.15095,0.1455,0.13879,0.13343,0.12873,0.12374,0.12019,0.1153628886134232
13-01-2026 13:50,25672.15,0.11731,0.11294,0.10877,0.10733,0.10546,0.10394,0.10265,0.10185,0.10403282087211235,0.10238,0.10338,0.10528,0.10765,0.11184,0.18693,0.18363,0.17494,0.16847,0.16187513069246073,0.15629,0.1506001175734413,0.14473254558452742,0.13779,0.1324,0.12742,0.12257,0.11886,0.11428
13-01-2026 13:55,25662.15,0.11435,0.11479,0.1103,0.11120077095804268,0.10766,0.10529,0.10379,0.10312,0.10400788285627587,0.10345,0.10442,0.10618,0.10874,0.11265,0.18616,0.18284,0.17494,0.16855,0.16118406042869776,0.15752116346894135,0.14926,0.14458,0.13805,0.13272,0.12796,0.12314,0.11891516065422045,0.11462
13-01-2026 14:00,25659.5,0.10596,0.1057670425053868,0.10224,0.1033,0.10247,0.10185825358843306,0.1011,0.10064,0.10092,0.10146,0.1032,0.10512,0.10781,0.11198,0.18695,0.18128092612528107,0.1759443516881243,0.16884347867916716,0.16191,0.15622,0.15019,0.14468,0.13812102011003605,0.1334,0.12892,0.12422,0.12043,0.11642
13-01-2026 14:05,25647.55,0.11484,0.1111,0.1089,0.10697,0.1057,0.10457604389302586,0.1034,0.10231,0.10272,0.10298,0.10447,0.10670672543572253,0.10889,0.1130567680981103,0.18578,0.1799824284973104,0.17455,0.16736,0.1605693112954315,0.15533,0.14912,0.1436933267990925,0.13755,0.13214,0.12782,0.12261,0.1193,0.11494
13-01-2026 14:10,25642.55,0.1029169406615843,0.10297,0.10252962139320493,0.10333,0.10191,0.10139,0.1002,0.09978,0.10039,0.10134914055792324,0.10243,0.10455,0.10748,0.11189,0.1854,0.1796,0.17396,0.16696,0.16049,0.15536947886015767,0.14894,0.14389,0.13718,0.1323228234121978,0.12731,0.12244,0.11873,0.11476
13-01-2026 14:15,25631.25,0.11749,0.11278,0.10971,0.10795,0.10585,0.10392,0.10293,0.10226,0.10228,0.10231,0.10453550774362003,0.10586,0.10873,0.113,0.18414384047462212,0.17761,0.17227,0.16603,0.15857,0.1525,0.14705,0.14187,0.13524,0.12995,0.12383012628583934,0.12054,0.11695,0.1122
13-01-2026 14:20,25627.6,0.10964668517621334,0.10613,0.10161,0.10124,0.10023,0.09971,0.09992889166647995,0.09911,0.09991,0.10055,0.10272,0.10495,0.10815,0.11248,0.18352,0.17733,0.17326434763068443,0.16591,0.15892,0.15306,0.14849391750673732,0.14283,0.13634,0.13116,0.12694806335158892,0.12179356829371366,0.11835,0.11427
13-01-2026 14:25,25619.65,0.10956,0.11014,0.1057,0.10475,0.10287876191805478,0.10202,0.10187,0.10119,0.10232329682988775,0.1022,0.1027903560096663,0.10613,0.10918,0.11368,0.18315,0.17736,0.1718409812241425,0.1659091254747232,0.1580346291433683,0.15237,0.14715,0.14071333781009596,0.13522069405028303,0.13005,0.12556,0.12083,0.11741,0.11306
13-01-2026 14:30,25622.55,0.12078,0.12092,0.11681,0.11413,0.10961533771330667,0.10886,0.10725,0.10601,0.10568,0.10572,0.10693,0.10864,0.11153,0.11541,0.18116,0.17762,0.17082,0.16392,0.15739,0.15062,0.14568,0.1393411630545928,0.1334130449402922,0.12828,0.1237,0.11886861877919594,0.11478,0.11027558226573059
13-01-2026 14:35,25644.0,0.12605,0.12063,0.11607394372400875,0.11338,0.11022,0.10835,0.10637,0.10478,0.10446,0.10439,0.10572,0.10688650511524242,0.10998,0.11222310358196358,0.1817521639497009,0.17643,0.17097,0.165,0.1557712094562273,0.15176,0.14553,0.14018,0.13362,0.12835,0.12352,0.11842,0.11481,0.10910699675322305
13-01-2026 14:40,25667.6,0.12795,0.12317113004636879,0.11577,0.11455,0.11022947623361312,0.10854,0.10694646778228278,0.1051,0.10422,0.1038,0.10482,0.10636,0.1087,0.11237,0.18178,0.17905,0.17186,0.16506,0.15835,0.15321,0.14765,0.14207274977161435,0.13500924316411006,0.12977,0.12501727982780525,0.11926,0.1152,0.1102
13-01-2026 14:45,25695.95,0.1173,0.1098,0.10739,0.10562,0.10358,0.10225,0.1008,0.10039,0.10242935671470983,0.1004379391406572,0.10123,0.103,0.10582,0.10970793390723971,0.18457,0.18134,0.17374,0.16742,0.16129,0.15552,0.1492,0.14389,0.13759,0.13227,0.12738,0.12243,0.1183,0.11254071074576227
13-01-2026 14:50,25698.45,0.12994,0.121,0.11481,0.11213,0.10844,0.10629,0.1044,0.10284,0.10209,0.10146,0.10196,0.10374,0.10593,0.10922,0.18423,0.18012,0.17396,0.16765,0.16024,0.15479,0.1477857828467862,0.14226742385114904,0.13573,0.13023,0.12503,0.11963,0.11547,0.10993
13-01-2026 14:55,25717.05,0.10227,0.10131,0.10561,0.103,0.10178,0.10063873559626033,0.09903,0.09854830601696227,0.09788,0.09778,0.09901,0.10052,0.10390280751289807,0.10675,0.1889164273037623,0.18095113799166904,0.17615,0.16912712604418276,0.16292,0.15689,0.14979534535962893,0.1435797201561724,0.13826,0.13281,0.1272438968842932,0.12192043588872367,0.11832,0.1181155734974279
13-01-2026 15:00,25754.0,0.06496,0.08771,0.08152,0.08567,0.08764,0.08997127179924444,0.0891,0.08982,0.09066,0.09105,0.09140977503194242,0.09549,0.09849,0.10247,0.18914,0.18343565254362565,0.17916,0.17245,0.16566,0.15874,0.15333,0.14622507176774252,0.14172642577241976,0.13566,0.13092,0.12594,0.12166,0.12069754600625854
13-01-2026 15:05,25708.75,0.12503,0.11954,0.11577295899697077,0.11152,0.10881,0.10661748219262787,0.10315851509677787,0.10203,0.10404346453237129,0.10329476838116959,0.10117,0.10258,0.1048,0.10973261886257632,0.18537,0.18125,0.17503662572311307,0.16795,0.16079,0.15474,0.14881,0.1427894918680658,0.13604,0.13057,0.12534,0.11964857073878263,0.1153,0.1098
13-01-2026 15:10,25746.05,0.09601,0.09529423842393511,0.09434,0.09443,0.09355319911690962,0.09393,0.09376,0.09323,0.09365,0.09362,0.09568499577105816,0.09684,0.09966,0.1035,0.18712,0.18273,0.1782099417789326,0.17082,0.163125738359111,0.15776,0.15092596800406236,0.14567,0.13924,0.13403,0.12887,0.12312852735383403,0.11912,0.11362
13-01-2026 15:15,25745.9,0.09885,0.09442,0.09401,0.0927,0.09307,0.0931871808910569,0.09227,0.09186,0.09233212204978768,0.09258,0.09434,0.09671100702223247,0.09921,0.10036977407100386,0.1878639024558793,0.18117,0.17744,0.17144,0.16483931435004873,0.15878,0.15193,0.1466,0.14060432211479337,0.13490317063683893,0.12982,0.12433,0.11988,0.11427
13-01-2026 15:20,25730.9,0.10596,0.10425741237220806,0.1016,0.09989,0.0995979701108155,0.09735,0.09655,0.09557,0.0959,0.09549,0.09688840209295191,0.09835,0.10097,0.1047,0.18772,0.1833230795291384,0.17737,0.17104,0.16471,0.15849364142030958,0.15139,0.14642,0.13928,0.13342,0.1273032041037577,0.1228,0.11826,0.11245
13-01-2026 15:25,25730.8,0.10125,0.09819,0.09998,0.09608,0.09512,0.09402,0.09398,0.09364,0.09214815072154676,0.09339,0.09456,0.097,0.09919,0.10305,0.19098,0.18082,0.1789,0.17223,0.16751,0.15719,0.15183,0.14405987618117985,0.14019,0.13368497152105557,0.12995,0.12395163296764503,0.11937,0.11379
14-01-2026 09:15,25671.9,0.14959,0.12757597365230203,0.11174,0.10873,0.10765,0.10444,0.10288,0.10173,0.10139,0.09754251089063083,0.10239,0.10433,0.10685,0.10674319573473012,0.19276,0.18752,0.18191,0.17457,0.16868,0.15988737180249993,0.1551125213844217,0.14939,0.1427,0.13707,0.13117,0.12558,0.12053,0.11497
14-01-2026 09:20,25705.8,0.12363,0.12422,0.11267,0.10689,0.10436,0.10267,0.10126,0.10015,0.09998,0.09974,0.10063,0.10243,0.10524,0.10877,0.19452,0.18877,0.1834,0.17677519673971448,0.17003,0.16326,0.15622,0.15001,0.14306,0.13778,0.13156,0.12589,0.12102,0.11552
14-01-2026 09:25,25717.85,0.13317,0.12613510687130378,0.12118,0.11356,0.11106,0.10716,0.10495,0.10343,0.10229,0.10186,0.10202,0.1036,0.10598,0.10964761206079277,0.19526,0.18932,0.18366687317410083,0.17644,0.17091449968820416,0.16311,0.1565,0.14991,0.14267,0.136547079263727,0.13089,0.1248,0.11955,0.11384
14-01-2026 09:30,25746.8,0.11272,0.10267,0.10078,0.10024,0.09959,0.09806,0.09683,0.09616,0.09616,0.09601,0.09914042085206604,0.09916,0.1019,0.10397049123409619,0.19854002805437038,0.19149,0.18495401406495401,0.17952,0.1719,0.1657,0.15915,0.15275,0.14541587956174,0.13951481367108232,0.13387,0.1279,0.12301,0.11723
14-01-2026 09:35,25737.05,0.1012,0.11807,0.10043,0.10208705812020444,0.10049,0.09946,0.09825,0.09723,0.0971,0.0968,0.09815,0.09997,0.10135377777083379,0.10598,0.19606,0.19023,0.18749094093811375,0.17832,0.17179,0.16502,0.15814,0.15237,0.14522,0.1392,0.13298,0.12733,0.12206,0.11653
14-01-2026 09:40,25712.25,0.12103,0.10667,0.10128,0.09970095760157857,0.09942,0.09791,0.09628624304959427,0.09656,0.09661,0.09664,0.09797,0.09991,0.10275,0.10669,0.19585311327293403,0.18821,0.18467599884749697,0.17641,0.1708776567410691,0.16299,0.15661,0.15045,0.14342,0.13787343455963438,0.13329817035447267,0.126,0.12169623285633177,0.11525
14-01-2026 09:45,25691.85,0.10661,0.10863,0.10412850746412988,0.10313,0.10168,0.10053,0.09893,0.09828,0.09847,0.09854,0.09988,0.10168,0.10453,0.10839,0.19245,0.18703,0.18192,0.17525,0.16891,0.1624076875845462,0.15588021463821536,0.14978650619606765,0.1432536767030346,0.13627,0.13052,0.12473,0.11991,0.11441
14-01-2026 09:50,25701.2,0.14586427156249082,0.1367017584950541,0.1298,0.12353,0.119,0.1145,0.11092,0.10787,0.10619,0.10517,0.10541,0.10623,0.10853088180231098,0.1114,0.1933384847518838,0.1857799994106864,0.18082,0.17434,0.16731,0.16093,0.15422,0.14807,0.14129628824885737,0.13451,0.12822,0.1222,0.11692,0.11055
14-01-2026 09:55,25759.55,0.09956,0.08438,0.08875,0.09669,0.09529,0.09431,0.09485,0.094,0.09525811035327657,0.09393,0.09574,0.0974,0.1,0.10384,0.19687,0.19168,0.1855,0.18003200402270816,0.17221,0.16596,0.15952,0.15273,0.14534,0.13975,0.13392,0.1281,0.12319,0.11744
14-01-2026 10:00,25727.85,0.12568,0.11977,0.10681,0.10464402981841966,0.10037,0.09973,0.09769,0.09675,0.09648,0.09486586742322657,0.09783,0.09918,0.10196,0.10321948859051494,0.19351,0.1891,0.18159456592760082,0.17525,0.16857,0.16202,0.15510057654813428,0.14942,0.14235,0.13666,0.13071,0.12522,0.12026,0.11500718234781376
14-01-2026 10:05,25713.6,0.11955,0.11331093817092017,0.1091123908914397,0.10489,0.1025,0.09999,0.09863,0.09749,0.09764,0.0975,0.0992255839332225,0.10395640203696996,0.10445666080853452,0.10655,0.19239,0.18795,0.1817,0.17426,0.16809,0.16112,0.1554,0.14851,0.1418848607473693,0.13578,0.13085747608741094,0.12439,0.11917498104121446,0.1136
14-01-2026 10:10,25697.45,0.12007,0.11399,0.10941530301085728,0.10673,0.1039181506737169,0.10127,0.09953,0.09863,0.0985,0.09833,0.09982,0.10177,0.10427454814505051,0.10784,0.19167,0.18665,0.18014374290271884,0.17391,0.1676565641577958,0.16068,0.15396,0.147877382768063,0.14126783996629788,0.1349,0.12901,0.12333,0.11843,0.11254
14-01-2026 10:15,25696.35,0.10279570081140099,0.0986,0.10025,0.09845,0.09651749647413521,0.09617,0.09559,0.09437453385690392,0.09583,0.0962,0.09798,0.10004,0.10297,0.10684,0.1927,0.1873,0.18138,0.17415400295321662,0.16823,0.16044,0.15501,0.14858,0.14157,0.13597,0.13009,0.12453,0.11943420444242156,0.11447
14-01-2026 10:20,25678.3,0.10372,0.10513,0.10303,0.10272269338297854,0.10046729641242158,0.09945578003218189,0.09790056726085544,0.09691,0.09739,0.09767,0.09961,0.10116,0.1043,0.10822,0.19099,0.18559,0.17988,0.17309,0.1655934092513739,0.15996,0.15296,0.14653,0.13984,0.13350080506371742,0.12823,0.12243,0.11811975775797065,0.11263
14-01-2026 10:25,25683.35,0.11226,0.1016,0.10787,0.10482,0.10177,0.10035,0.09895,0.09843,0.0983,0.09835703272269394,0.10358539899190972,0.10186,0.10641876225074966,0.10844,0.19361205282004418,0.18579,0.1799,0.17316,0.16608,0.15882053458708154,0.15358,0.14678,0.13968,0.13383,0.12811,0.12257,0.11789895100160594,0.11239
14-01-2026 10:30,25678.05,0.12229891113405966,0.11626,0.10899,0.10656,0.10338,0.10162,0.09964,0.0987,0.09904,0.09899,0.10027,0.10246,0.10523,0.10730448130121736,0.19074,0.18490806456947556,0.17980660489968414,0.17312,0.16651,0.15966,0.15311,0.14679,0.1393,0.13320225895998672,0.12784534010261867,0.12215,0.1173,0.11048479089804836
14-01-2026 10:35,25689.95,0.10832,0.09949,0.10136,0.10068,0.09953034056483234,0.09634893759239663,0.09648,0.09581,0.09623,0.09635,0.09811,0.1003312437438459,0.10299,0.10671,0.19281,0.18678098635135088,0.18115,0.17454,0.16705,0.16122,0.15324992138562601,0.14768,0.1408,0.13481,0.12932,0.12382,0.11923,0.11379
14-01-2026 10:40,25691.8,0.11136,0.10352694772765056,0.10051,0.10065,0.09862684636257724,0.09689,0.09613,0.0955,0.09586,0.09625,0.09803,0.10045882811666415,0.1033,0.1055117732623983,0.19006737228320175,0.18382,0.18047,0.17356959233607108,0.16723,0.15981,0.15412,0.14775,0.14032,0.13492,0.12911,0.12368,0.11915,0.11372
14-01-2026 10:45,25665.9,0.12,0.12893,0.1213951212849615,0.11447,0.11121,0.10756,0.10468,0.10287,0.10243,0.10173,0.10276,0.10481,0.10705,0.11056,0.18956,0.18173,0.17967765496056315,0.17155,0.16428,0.15752,0.15107,0.14471,0.13917339498934703,0.13147,0.12472713360177701,0.11951,0.11485,0.10912
14-01-2026 10:50,25695.5,0.12151698998580873,0.11226,0.10554927870502911,0.10709,0.10433,0.10152,0.10152978918740235,0.09879,0.09854,0.0981,0.09968,0.1015,0.10402,0.10765,0.19225,0.18417,0.18177458516988676,0.17509,0.16724,0.16088337910549366,0.15422,0.14724,0.14014,0.13414,0.1285870553438126,0.12272,0.11782,0.11208
14-01-2026 10:55,25706.35,0.12892662951094025,0.12225,0.1192,0.11476,0.11089,0.10792,0.10453,0.10279,0.10175,0.10116,0.10379191165167684,0.10449759438766927,0.10573615886700843,0.1085144972786258,0.19233,0.18808,0.18066,0.17386,0.16693,0.16001,0.15406,0.14736,0.1404778764905791,0.13401,0.1278,0.12218,0.11743336280160019,0.11133
14-01-2026 11:00,25720.95,0.12452,0.11411,0.11064,0.11044,0.10585,0.10416,0.102,0.10027,0.09959,0.09771286815792486,0.09964,0.10076055430797183,0.1034,0.10674,0.19353,0.1893,0.1819,0.17426225993196398,0.1684,0.16132,0.15525,0.14887,0.14143,0.13526,0.12984,0.12359,0.11881,0.1133
14-01-2026 11:05,25733.0,0.10822,0.10565148743689698,0.10324,0.10313,0.10013,0.09901,0.09724,0.09648,0.0973379646801031,0.097115942857632,0.0972,0.0981450711729731,0.10148,0.10476,0.19424,0.18756,0.1825988896492108,0.17638,0.16928,0.1629,0.15666,0.14987,0.14271,0.13656,0.1312720095741626,0.12527,0.1207,0.11524
14-01-2026 11:10,25729.2,0.11186480932951637,0.11287,0.1085,0.10339,0.10069,0.10064,0.09866,0.09713,0.09661,0.09677,0.09802,0.09974,0.10185,0.10552,0.19367,0.18728,0.18380875580354347,0.17587,0.1686,0.15982147199601063,0.15559,0.14804204186947034,0.14213,0.13557,0.13036,0.1245,0.11983,0.11424
14-01-2026 11:15,25736.25,0.1227,0.11967,0.11314,0.10945496489750559,0.10627,0.104,0.1002795158611759,0.09912,0.09847720710695948,0.09792,0.09883,0.10029,0.10227,0.10531,0.19426,0.18787,0.18279,0.17568457754459468,0.16923,0.16226201033988208,0.15526664982178798,0.14890811875474613,0.1427313864633756,0.13617,0.13027,0.12416,0.11944,0.11401
14-01-2026 11:20,25743.15,0.11527,0.11024170730153196,0.10532,0.10387,0.10140041339494532,0.09925,0.0973696909959923,0.09618,0.09572,0.09558,0.0966,0.09831,0.10072,0.10436,0.1967508118624836,0.18972338452768012,0.18407,0.17689,0.17059,0.16352,0.15673,0.1506,0.14361271056182606,0.13718,0.13179392024256148,0.12569,0.12109,0.11601398379048483
14-01-2026 11:25,25735.0,0.14145,0.13595,0.1253725746041952,0.12083,0.11546,0.11145,0.10785,0.10508,0.10308,0.1017,0.10175783765434798,0.1029,0.10451,0.10766,0.19335,0.18865071256537475,0.18274,0.17581,0.16879,0.16249,0.15525,0.14864,0.14139,0.13470319903584982,0.12887,0.12265296268084427,0.11791,0.11163
14-01-2026 11:30,25773.9,0.10956,0.10771749197478062,0.10518,0.10342,0.10105,0.0986,0.09638596849397563,0.09597,0.0964026128597511,0.09497,0.09599,0.09744,0.09956,0.10308,0.19735,0.19179,0.18553,0.17783,0.1720566635783279,0.165236796804418,0.15834519409019046,0.15251,0.14556,0.13901,0.13326,0.12717,0.12212622897301026,0.11643
14-01-2026 11:35,25764.1,0.11427,0.11474,0.10436,0.1050214525324897,0.1021,0.10047687375216449,0.09823,0.09693,0.09634,0.09566985116583714,0.09686,0.09809,0.10014,0.1038,0.19601,0.1905411591696718,0.18427,0.17768,0.17075,0.16422,0.15668303185200474,0.1505020092068424,0.14378,0.1375287585668421,0.13173,0.12584,0.12078,0.11534669449132967
14-01-2026 11:40,25766.75,0.11206,0.11197,0.10283,0.1026907574349378,0.09914710764548651,0.09738,0.09612,0.0951,0.09438,0.0944,0.09522,0.09699,0.09938,0.10490430027771053,0.19566,0.18756138143035203,0.18452,0.17749,0.1708,0.16376,0.15815,0.15119,0.14392,0.13791,0.13182,0.12638,0.12158,0.11576
14-01-2026 11:45,25761.25,0.11673,0.1271,0.12184,0.11623,0.11043,0.10852,0.10507,0.10246,0.10073,0.0992,0.09968,0.10056,0.10243837691384589,0.10536,0.19642,0.1904769814185408,0.18385,0.17684,0.16996,0.1646663437666603,0.15673,0.14994845355495115,0.14317,0.1364,0.13012,0.12415,0.11887,0.11271
14-01-2026 11:50,25775.3,0.11506,0.114,0.10875,0.10564,0.10242,0.09992632808575372,0.09800351044798628,0.09677,0.09612,0.0951768158476736,0.09608,0.09743,0.09925,0.1031,0.19669,0.19148,0.18503,0.17804,0.17138,0.16455,0.15768,0.15144,0.14437,0.13776,0.13182,0.12587,0.12084,0.11425837267290934
14-01-2026 11:55,25774.6,0.11300208381414512,0.11031,0.10639,0.10405,0.1002471601261743,0.09915,0.09762,0.09612,0.09519,0.09483,0.09565,0.09697,0.099,0.10248,0.19695,0.19145,0.18547,0.17822,0.17193585708924644,0.16469,0.15807304854154727,0.15125,0.14432,0.1376,0.1327869214011889,0.12598,0.12121,0.11488
14-01-2026 12:00,25786.0,0.11914,0.11363,0.10792,0.1031,0.10041,0.09901,0.09688,0.09496,0.09519,0.09431,0.09502,0.09632,0.09834,0.10177,0.2009684674521754,0.19369,0.1862,0.1792,0.17253,0.1657,0.15953547536888088,0.15274,0.14553,0.13882,0.13311,0.1259779024332998,0.12037782366800284,0.1155048041614935
14-01-2026 12:05,25782.1,0.09027,0.09366,0.0915,0.09297,0.09146,0.09081,0.09084,0.09005,0.09074,0.09041,0.09152,0.09303,0.09522,0.10014400168620183,0.19731,0.1934,0.1859,0.1789,0.17183,0.16591,0.15833308025506523,0.15254,0.14513275187114985,0.1388,0.13323,0.12721,0.12212,0.1165
14-01-2026 12:10,25757.05,0.10055,0.10634,0.09609,0.09666,0.09423,0.09342,0.09262,0.09188417005360364,0.09217,0.09183,0.093,0.09550281538809854,0.09712,0.10096,0.19533,0.18983,0.18385,0.17681,0.1701,0.16392,0.156625803568922,0.15027,0.14407876807015382,0.13719,0.13185627567840502,0.12571443409385039,0.12074,0.11737456303519317
14-01-2026 12:15,25735.55,0.13328,0.12758,0.1184,0.11589,0.11096,0.1068,0.10404,0.1013,0.10004,0.09863,0.09886,0.09992,0.10181,0.10502519432731802,0.19479,0.1881,0.18209,0.17545,0.16820986097268611,0.16153,0.15534,0.14846,0.14112,0.13424,0.12847080181314918,0.12224,0.11707,0.11081
14-01-2026 12:20,25771.55,0.1023,0.10015957767895886,0.1001,0.101,0.09756,0.09538,0.09424,0.09268,0.09315,0.09221,0.09321,0.09496,0.09695613041646933,0.10063,0.19840695615594534,0.19318245992528316,0.18486,0.17808,0.17138,0.1647,0.15779,0.15149,0.14413,0.1375,0.13194,0.12591,0.12073,0.1149
14-01-2026 12:25,25768.3,0.1056,0.09486,0.096215690532575,0.09713352479560775,0.09506,0.09382,0.09249,0.08947362866470909,0.09157,0.09139,0.09257,0.0943,0.09665,0.1007,0.19718,0.19055,0.18462,0.17826,0.17113,0.16479,0.15784,0.15141912387988918,0.14397,0.13743,0.13211,0.12609,0.12103,0.11485
14-01-2026 12:30,25761.1,0.11558,0.11165,0.10489,0.103,0.10078,0.09835,0.09603489368729956,0.095,0.09442,0.09373,0.09423,0.09652904443445433,0.09935837042036037,0.10178,0.19663,0.18932852947855283,0.18428,0.17767,0.17053,0.16432944891874884,0.15721,0.15086,0.14382,0.13687,0.13141,0.1246464340847869,0.11991,0.11385
14-01-2026 12:35,25772.4,0.10931,0.10603872342086793,0.10127,0.10111527658436167,0.09876,0.09708,0.09512,0.09252812492662593,0.09361,0.09275,0.09373,0.09505,0.09732,0.10095,0.19727,0.18907603769683617,0.18476,0.17821,0.17132,0.16501,0.1584,0.15149,0.14413,0.13741,0.13187,0.12605,0.12072,0.11455
14-01-2026 12:40,25773.6,0.10821,0.10386,0.09096,0.09282,0.09216,0.09167,0.09025,0.09012,0.09045,0.09024,0.09158,0.09359,0.09584,0.09976,0.1968,0.19185,0.18489,0.17812,0.17105,0.16496,0.15756,0.15147,0.14452,0.13765,0.1325,0.12644,0.12137,0.11562
14-01-2026 12:45,25759.5,0.11368,0.11393,0.09807,0.09706,0.09421536887929882,0.09472823187290538,0.09285,0.09254,0.09219,0.09209,0.09296,0.09488,0.09709,0.10092,0.1954,0.18913,0.18278,0.17652,0.16967,0.16304,0.15649,0.15006,0.14284,0.13609,0.13091,0.1249,0.11999,0.11407
14-01-2026 12:50,25748.9,0.10486,0.10811,0.10082,0.09988,0.097,0.09505,0.09366,0.09266,0.09275,0.09235,0.09354,0.09511444419974983,0.09774,0.10133774175096363,0.19487,0.1883,0.18241,0.17587,0.16858,0.16249,0.15557,0.14939,0.14237,0.13565,0.12996,0.1242628086693092,0.11933,0.11358
14-01-2026 12:55,25745.55,0.11091,0.10232,0.10093,0.1015,0.09815,0.09708,0.09539,0.09436,0.09441,0.09361,0.09441,0.09609,0.09843,0.10213,0.19463,0.18881737348464073,0.18215,0.17539,0.16871,0.16174931112124805,0.15545,0.14925,0.14182,0.13512,0.12983,0.12381,0.11997525215804336,0.11285
14-01-2026 13:00,25748.1,0.09798,0.10045,0.09604699810402412,0.09678,0.09641,0.09545210270372304,0.09136912901302163,0.09184,0.09217,0.09207,0.09215510508973884,0.0943299286993541,0.09743,0.09904632998580049,0.19456,0.18828,0.18215,0.17563,0.16856,0.1621,0.15553,0.1495,0.14233,0.13652870905291886,0.13058,0.12426,0.1192,0.11346
14-01-2026 13:05,25745.45,0.11027,0.10808,0.10248,0.10342,0.10022,0.09776,0.09589308324040274,0.09438,0.09415,0.0935,0.09486868238487628,0.09644408774430004,0.09809,0.1023,0.19438,0.18967,0.1825602918976722,0.17543,0.16875,0.16242,0.15591350193350598,0.14955,0.1421,0.13525,0.12977416550897183,0.12343012175160092,0.11864,0.11245
14-01-2026 13:10,25759.75,0.10591,0.09912594887391704,0.09268,0.09214,0.09087,0.09034,0.08778517225544324,0.08763031255281983,0.08954,0.08952,0.09095,0.09299,0.0960589434001797,0.09952,0.19555,0.18954,0.18343393403577377,0.17643,0.16959,0.16298,0.15629,0.14989,0.14238455278694143,0.13621636903158463,0.13063,0.12393132944912574,0.11923,0.11368
14-01-2026 13:15,25750.25,0.10628539904816747,0.10412,0.09486,0.09505,0.0919970135047532,0.09183,0.09094,0.09045,0.09071,0.09059634428749136,0.09339388698876772,0.09384,0.09639,0.1006,0.19451,0.18906,0.18218711386243347,0.17521,0.168,0.16181,0.15514,0.14846,0.1420313752707182,0.1353,0.13105521696561107,0.1237,0.11871,0.11297
14-01-2026 13:20,25735.95,0.09159760016450902,0.09088,0.09116,0.08927,0.08931,0.08892,0.08832,0.08848247139432794,0.08918,0.08953,0.091,0.09341,0.09618,0.10013,0.19369,0.18739,0.18099,0.17447,0.168,0.16147,0.15464087607880914,0.14818,0.14151,0.1349554670930665,0.1298,0.12338138440475824,0.11922,0.1135
14-01-2026 13:25,25715.5,0.10345409206492528,0.10317,0.09996,0.09726,0.09541373923854968,0.09414,0.0929,0.09245,0.09268,0.09269,0.09386,0.09613,0.09780822928779491,0.1019276264743379,0.19148,0.18548,0.17932,0.1716614742624568,0.16606,0.16005,0.15318,0.14687,0.13997,0.13265126121139742,0.12802,0.12115282350227971,0.11702,0.11145
14-01-2026 13:30,25717.15,0.09471390620090847,0.09475,0.09061,0.09135,0.09055,0.08978111021569998,0.08954,0.08944,0.09027,0.09078,0.09261,0.09503,0.09794,0.10176857096842684,0.19223,0.18563,0.17948,0.17315,0.16645663241119507,0.15901527290142556,0.15304,0.14662,0.14002,0.13347,0.12811,0.12246,0.11762,0.11212
14-01-2026 13:35,25708.2,0.05948,0.07823,0.08042,0.08368119071658772,0.08287,0.08532428491541358,0.08537,0.08643,0.08774,0.08909,0.09137,0.09426,0.09755,0.1022,0.19065,0.18439,0.17908360336264728,0.1692540889074667,0.16508,0.15979,0.15256,0.14732,0.13992,0.13409,0.12937,0.12376,0.11973,0.11814184848321979
14-01-2026 13:40,25665.9,0.10071,0.09837,0.09493,0.09387,0.09312,0.09264,0.09251,0.09227,0.09331,0.09393,0.09605,0.09887,0.10199,0.10378746316171125,0.18757,0.18096,0.17549,0.16884,0.16204,0.1559,0.14907,0.14353,0.13648,0.13084,0.12553,0.12008,0.11569,0.1107
14-01-2026 13:45,25656.25,0.10367,0.10529,0.10260427503806152,0.0999,0.0979,0.09681,0.09591,0.0953,0.09579,0.09621,0.0956504078508515,0.1016116033462133,0.10216619210565409,0.10792,0.18711,0.18019,0.17471,0.16628607069143397,0.1596270796274292,0.15523,0.14843891389711947,0.14238,0.13710350764404242,0.13113824281649786,0.1265725615452609,0.1186,0.11398,0.10875
14-01-2026 13:50,25665.25,0.08603,0.08404,0.0870636305687506,0.08744,0.08906815585351469,0.08812,0.08863,0.08953,0.09086,0.0925,0.095,0.09887903213730312,0.10184,0.10613,0.18786,0.18174,0.17618,0.16967,0.16278,0.15688,0.14995,0.14441,0.13772,0.13229,0.12693,0.12203,0.11809,0.11319
14-01-2026 13:55,25642.0,0.10501167449207693,0.10086,0.09857,0.09824,0.0967,0.09515,0.09469,0.09448,0.09544,0.09621,0.09875914531367719,0.10106,0.10456,0.10902,0.18661311610432924,0.18037,0.17471,0.16832,0.16115,0.15548,0.14814,0.14237,0.13618537010742202,0.12968,0.12442,0.11888983110682436,0.11485,0.10964
14-01-2026 14:00,25653.3,0.09106,0.09305,0.09194,0.09174,0.09191,0.0917,0.09176,0.09207,0.09317,0.09423,0.09663,0.0998,0.10317,0.10783,0.18517729647573095,0.18085861086668736,0.17613,0.16951,0.16215,0.15569,0.1487422299522929,0.14238883583191317,0.13705,0.13132,0.12603,0.12032,0.11666,0.11162
14-01-2026 14:05,25642.2,0.11070735131965048,0.10608,0.10346,0.1008,0.09905,0.09700989117628786,0.09658,0.09523378919742162,0.09667,0.09731,0.09943,0.10212,0.10515,0.10957,0.18748,0.18169,0.1757405897834456,0.16858,0.16157,0.15499522465192556,0.14877,0.14293,0.13565,0.1298708858949496,0.12388620368379327,0.11904,0.11449,0.10944
14-01-2026 14:10,25650.55,0.11123,0.10818,0.10361,0.10363,0.10124,0.09879522082604278,0.09766,0.09692,0.09754,0.09775,0.09953,0.1022,0.10529,0.10937,0.18791,0.18165,0.17572,0.16891,0.1622263402926007,0.15548,0.14853,0.14219,0.13568,0.129,0.12337683047665077,0.11783,0.1132,0.108
14-01-2026 14:15,25666.25,0.09477,0.09311453589036098,0.09021,0.09398,0.09103,0.09079,0.09055,0.08908952558825112,0.0913085153169357,0.09333,0.09585,0.09888,0.10243,0.1073676960017042,0.1892,0.18297,0.17661,0.17028,0.16316,0.15707,0.15028,0.14447,0.1374675160922061,0.13139,0.1261,0.12108,0.11656,0.11181
14-01-2026 14:20,25637.25,0.09594,0.09529,0.09429,0.09333,0.0932,0.09245,0.09228,0.09263,0.09413,0.09507,0.09762,0.10069,0.10407,0.10859,0.18715,0.1816,0.17531,0.16882,0.16174,0.15595,0.14992899937192347,0.14326,0.13611,0.13071,0.12553,0.12018406294892389,0.11614,0.11088154788814458
14-01-2026 14:25,25618.75,0.11219,0.10809,0.10566,0.1036,0.10234325302930825,0.09998,0.09881,0.09824,0.09913,0.1012836436349677,0.102,0.10473,0.10795,0.11216,0.18807336347982312,0.18008,0.17398,0.16744,0.15996,0.15398,0.14712,0.14151,0.13442,0.12884,0.12349,0.11826,0.11355,0.10886
14-01-2026 14:30,25626.9,0.10999,0.11111,0.10601472800467365,0.10374,0.10118,0.09924,0.09838,0.09794,0.09965670724486086,0.10166059341648304,0.10151,0.10444,0.1068285799104873,0.11341852504914629,0.18745,0.1815377696989724,0.17513,0.16836,0.16088,0.1549867085279163,0.14774,0.14121002690164466,0.13513,0.12921,0.12382,0.11804,0.11338436159343743,0.10982813746426895
14-01-2026 14:35,25635.8,0.12229,0.11516,0.11152,0.10851700681957174,0.10454,0.10167,0.10004,0.09826687134128081,0.09944,0.09981,0.1019,0.10451,0.10847685653551478,0.11165,0.1871,0.1813,0.17559640733520027,0.16836,0.1615,0.15582923370802493,0.1483,0.14255,0.13502,0.12908,0.12364,0.11828,0.11329,0.10781
14-01-2026 14:40,25660.55,0.11727,0.10852,0.10487903419723504,0.10285,0.10016,0.09882,0.09794672819912503,0.09656,0.09711,0.09738,0.09949,0.10216,0.10515,0.10935,0.1897,0.18509,0.17715,0.17051,0.16369,0.15767019904322677,0.1514994526440476,0.14464616956240214,0.13687,0.1310313286069374,0.1259317128315889,0.11945,0.11515473164481635,0.10926
14-01-2026 14:45,25696.2,0.10274,0.09888,0.09918313768724879,0.09932807795087115,0.09661,0.09562,0.09441796552580106,0.09361,0.09452,0.09557772658925598,0.09895884477033312,0.09930899375250248,0.10308,0.10702,0.19234,0.18584,0.17971,0.17297,0.16607,0.16036,0.15297,0.14681619745506416,0.13961,0.13304,0.12809483238984487,0.12184,0.11678,0.11011859030824173
14-01-2026 14:50,25697.1,0.10800804688592847,0.10479,0.10023,0.09933,0.09631,0.09443307932076625,0.09383363424537072,0.0936,0.09423,0.09482,0.09688,0.099370218402937,0.10241,0.10623,0.19216,0.18568,0.17935,0.17286,0.1656,0.15962,0.15234720500552557,0.14629,0.13960929125592855,0.13314,0.12776,0.12166332712048519,0.11689,0.11105
14-01-2026 14:55,25696.05,0.09894,0.09719109421000424,0.09251577707015651,0.09216,0.09041861539004026,0.09065,0.09068,0.09041,0.09135,0.09226,0.09483,0.09741,0.09955413523397369,0.10479,0.19065,0.18713,0.17834,0.17064702896218142,0.16565612221811132,0.15886,0.15208,0.14621,0.13900601731743856,0.13274,0.12835452340143208,0.1217,0.11692,0.11137890945591838
14-01-2026 15:00,25666.15,0.10545,0.10721,0.10359,0.10214,0.09894,0.09703,0.09756979525847176,0.09541,0.09563,0.09602,0.09841,0.10077,0.10414,0.10821,0.18941,0.18161,0.17703,0.17046,0.16314,0.15839898426957563,0.15014,0.14397,0.13713,0.13106804119584564,0.12537,0.11968,0.1144,0.10874
14-01-2026 15:05,25690.25,0.07851,0.09021,0.08915,0.09128,0.09116,0.09067,0.09081,0.09139,0.09267,0.09359,0.09631,0.09998098138645403,0.10261,0.10675,0.19082,0.1862843755962072,0.17908,0.17234,0.16507,0.15907,0.1531591017461341,0.14637,0.13923,0.13364,0.12786910297673446,0.12283,0.11837,0.11334
14-01-2026 15:10,25672.65,0.09847,0.09817,0.09722,0.09747697035679301,0.09517,0.0947,0.09444,0.09436,0.09494,0.09609,0.0993104487317929,0.10099,0.10445,0.10834,0.18913,0.18298,0.17669,0.17018797659937998,0.16318,0.15736,0.15017,0.1443515429241302,0.13802,0.13231,0.12719,0.12184986479088991,0.11733,0.11239
14-01-2026 15:15,25654.0,0.11178,0.10719,0.10592,0.10391368841034107,0.10052,0.09908,0.09815,0.09651606433425072,0.09775,0.0991737045151523,0.10062,0.10284,0.10571,0.11003,0.1885,0.18147,0.17584,0.16886,0.16139,0.15588,0.14911119130190661,0.14301,0.13577,0.13025136358130446,0.12509,0.11969,0.11511,0.11016179846936763
14-01-2026 15:20,25659.6,0.11563,0.1131,0.10901,0.10678,0.10388,0.10162,0.10026,0.09934,0.09887,0.0992931713561728,0.10162,0.10311333229719154,0.10581196263288092,0.11045,0.18926,0.18298,0.17657,0.16936,0.16209,0.15706,0.14917,0.14327343984458216,0.13668,0.13113,0.1259730894926534,0.11996,0.1153,0.11002
14-01-2026 15:25,25670.6,0.09494778423155126,0.10381,0.10346,0.10035,0.09914,0.0972,0.09624,0.09617,0.09556,0.09666,0.09979,0.10179,0.10388618956844342,0.1110753129018941,0.19156,0.1838814673748209,0.17797,0.16772,0.1662,0.15985,0.15004,0.145,0.1388562893738324,0.13353,0.12719,0.12262,0.1184,0.1215827415383613
16-01-2026 09:15,25709.45,0.14811,0.13601,0.13172,0.12472,0.11844,0.11432,0.11076,0.10759,0.10897509161217757,0.10826114850887149,0.10516,0.10618,0.10852,0.11261,0.19829,0.19189,0.18628,0.18082595737560642,0.17286566983165633,0.16585163439814196,0.15732,0.15113,0.14345,0.13686,0.12935070664562914,0.12493,0.12012312025066382,0.11341
16-01-2026 09:20,25731.8,0.12125294368171458,0.11626,0.11094939563930878,0.10672,0.10463,0.10183496894697244,0.09945,0.09803,0.09871634111254698,0.09736,0.09879,0.1004,0.10317,0.10711,0.2002,0.19314,0.18643,0.17886202748125668,0.17063,0.16466,0.15828362513781982,0.15158,0.1439263955439377,0.1377,0.13216,0.126,0.12139114486759559,0.11561
16-01-2026 09:25,25713.95,0.13856,0.13438950747302478,0.12231,0.11478,0.11065616468388406,0.10721,0.10394,0.10164,0.09945,0.09887,0.09971,0.10314033729644577,0.1032,0.1075070969570611,0.19718,0.19095,0.183,0.17458,0.16717,0.16118,0.15412,0.14773,0.14003357784048728,0.13424781450097972,0.12856,0.1223,0.11729,0.1114
16-01-2026 09:30,25717.25,0.12074,0.11467,0.10708,0.104948415631364,0.10414,0.10075291748817258,0.09836,0.0976820409461974,0.09788519176238676,0.09457,0.09555,0.09727,0.09987,0.10408,0.19499034778401297,0.18833,0.1813,0.17333,0.16636,0.15905367508287363,0.15288426598625524,0.14636,0.13917,0.13305,0.12774,0.12165926810279218,0.11695,0.10936193192611426
16-01-2026 09:35,25703.5,0.12154,0.12388,0.11176,0.10671,0.10359,0.10087,0.09855,0.0969,0.09574,0.09533,0.09651,0.10043876486291822,0.10104359303042229,0.10491,0.19475,0.1872,0.1815,0.1726400856138794,0.16555361736294402,0.16004,0.15277,0.14565,0.13886,0.13325,0.1284018993103881,0.12168,0.11707,0.1137764410600201
16-01-2026 09:40,25700.0,0.14571,0.13989,0.1281,0.12149,0.11634,0.11163,0.10743,0.10491185219352153,0.10102,0.09973,0.09978,0.10071,0.10264,0.10768176497014068,0.1957,0.18768,0.18089,0.17314,0.1690799824182701,0.1583065670902651,0.15311,0.14438,0.13719,0.13049,0.1244,0.11798,0.11307,0.10711
16-01-2026 09:45,25718.5,0.13848,0.13252,0.1260889673540096,0.12012,0.11514,0.11078,0.1061,0.1033,0.1045244694461452,0.10198740227991149,0.09937,0.10053,0.1021,0.10583,0.19647,0.1900859780669058,0.18317,0.17508,0.16795,0.16145,0.15485,0.14775308482782912,0.13866,0.1313,0.12444102524660289,0.11845162370462028,0.11363,0.1077
16-01-2026 09:50,25745.0,0.13175,0.12499,0.11837,0.1132295397393874,0.1094114010989159,0.1061959332021993,0.10119884225327924,0.09899,0.09827675315509107,0.09574,0.09423696365023965,0.09708,0.09913,0.10256,0.19912,0.19227253212109027,0.18614,0.17893,0.17348898294310522,0.16483,0.15817,0.14905,0.14158,0.13425,0.1278,0.12057104713636893,0.11573,0.10952
16-01-2026 09:55,25750.1,0.12116,0.11304139761444379,0.1073228679794444,0.10442591522599495,0.10247,0.09876677166044731,0.09694,0.09591566206155017,0.09725246053227665,0.09265,0.09316,0.0946,0.09854068783103978,0.09987954383915265,0.19881739850862318,0.19348,0.1862845418844042,0.1794,0.1730944504503181,0.16556,0.15846,0.15186003527587225,0.14261,0.13492,0.1286,0.12329978410436801,0.11898383245614338,0.11059
16-01-2026 10:00,25740.5,0.14949,0.14199,0.12799073836268565,0.12292,0.11662,0.11173,0.10763,0.10638772490455994,0.10499737851730115,0.09937,0.0992,0.10044,0.10375770952440669,0.10294352123317954,0.2,0.19269,0.1832902635609566,0.17918,0.17187,0.16518,0.15801,0.14887,0.14153,0.13353,0.12685,0.12,0.11433,0.10793
16-01-2026 10:05,25754.15,0.14244,0.1307,0.12569,0.11996,0.11346,0.10906709161701975,0.10556,0.10204,0.09952,0.09822,0.09824,0.09963,0.09984436699559895,0.10003916603808521,0.19997,0.19314,0.18676265214578602,0.18069230616858376,0.17338,0.16645,0.15775970233495978,0.15018,0.14269,0.1349,0.12799,0.12135,0.11577,0.11010470245168053
16-01-2026 10:10,25768.1,0.15031,0.14446264536767175,0.13218,0.12358,0.11656066088827166,0.11277,0.10856,0.10474,0.10237,0.10208209464333809,0.0998,0.10087,0.1017124223453151,0.10645,0.20237,0.1947212706013437,0.18954,0.18223,0.17517,0.16822,0.16104,0.1521,0.14493,0.13691,0.13211333049046842,0.12319,0.11695,0.11015
16-01-2026 10:15,25809.45,0.17053,0.15967011749486745,0.14845,0.13976,0.13346,0.12639,0.12041,0.11533,0.11258,0.10915,0.10741,0.10778,0.10879,0.11139,0.20921243297635223,0.20007,0.19377,0.18647,0.17941,0.17247,0.16481091392601277,0.15722203220214245,0.14892,0.14084,0.13404,0.1272,0.12082,0.11367
16-01-2026 10:20,25841.8,0.15819,0.14716,0.13899,0.13187,0.12373,0.11795015733529848,0.11434,0.10934669287809734,0.10763,0.10463,0.10322,0.10351,0.1034948699341556,0.10678,0.2102789358621508,0.2039,0.19723,0.18991,0.1831,0.17574003828291732,0.16939,0.16188537946408063,0.15362,0.14545,0.13897815228517096,0.13178,0.12547,0.11796
16-01-2026 10:25,25852.75,0.16242,0.14949,0.13739875801711837,0.12939,0.12252,0.11715,0.11283,0.1087,0.10721923941735798,0.1027,0.10127,0.10126,0.10209,0.10456,0.2119,0.20486,0.19634070855751504,0.19119,0.18340424547940623,0.1758066348721595,0.17022,0.16149,0.1540063437050947,0.14685,0.14009,0.13271,0.12637,0.11887
16-01-2026 10:30,25857.6,0.15034,0.13945,0.13079,0.12570120604966714,0.11883,0.11293,0.10892,0.1052,0.10288,0.10016,0.0989,0.09916,0.09982,0.10275,0.21194,0.20495,0.19833,0.19135,0.1843180595849472,0.17715,0.16806592771540393,0.16177,0.15466,0.14751,0.1407866645800473,0.13347,0.12712,0.11996
16-01-2026 10:35,25863.75,0.14868946418287077,0.14056,0.13121,0.12583,0.11890506085397567,0.114,0.10955,0.10609,0.10326,0.10069,0.09935,0.10056245552291689,0.10056079310534277,0.10294,0.21288,0.2055,0.1980575886123839,0.19191,0.1858765823635722,0.1782,0.17108,0.16276,0.15562,0.14813,0.14179,0.1342775308246937,0.12811,0.12313445441867449
16-01-2026 10:40,25871.4,0.11897,0.11633,0.10899,0.10727,0.10349,0.10199,0.0993,0.09705,0.09528,0.094,0.09579329305239886,0.09435,0.09576,0.09883,0.21214469674770003,0.20618,0.1999,0.1929,0.1880558951709951,0.17892,0.17202,0.1635,0.15638,0.14680798922826768,0.14258,0.13441257135164278,0.12916,0.12225
16-01-2026 10:45,25855.55,0.14043287625636613,0.13244,0.12971,0.12357,0.11755,0.11201,0.1082,0.1044,0.10165,0.09939,0.09839,0.09844,0.09942,0.10234,0.21340884235191743,0.20522,0.19800918043420437,0.19125,0.18446,0.17775,0.1690959826191971,0.16223,0.15431079628677452,0.14768,0.14126,0.13422040940248717,0.12765,0.12038
16-01-2026 10:50,25847.05,0.14577,0.13897,0.1286694755543965,0.12192,0.11503,0.11031,0.10605,0.10261,0.10005,0.09817,0.09713,0.09873700701187248,0.09873870885691055,0.10168,0.2108,0.20382,0.19754,0.19054,0.18415866396510364,0.17643196417400328,0.16811392804434216,0.16107,0.15398923701378373,0.14671,0.14015,0.13314,0.12674,0.11969
16-01-2026 10:55,25842.9,0.14318,0.1324,0.12688456901973783,0.11551,0.11107,0.10684,0.10114470413756149,0.1000737417922549,0.09825,0.09502598660586686,0.09575,0.09636,0.09761,0.09872831850942287,0.20835365008913337,0.20201840535530136,0.19721,0.18991,0.18287,0.17618,0.16946,0.1609,0.15371,0.14662,0.14015,0.13165443412670466,0.1265,0.1194
16-01-2026 11:00,25831.1,0.14914,0.1362091612562509,0.12683,0.1186,0.11283,0.10897,0.10495,0.10159,0.10074212126103894,0.09748006381573812,0.09635,0.09695,0.09832,0.10148,0.20992,0.20217,0.19686,0.1892,0.1821,0.1756,0.1667869431401989,0.1602,0.15294,0.14593,0.13922,0.131462748864862,0.1255148797901353,0.1189
16-01-2026 11:05,25828.0,0.15898,0.14145,0.13754,0.1275,0.11895,0.11351,0.10883,0.10513,0.10239,0.09930484791350408,0.09879,0.09902,0.09998,0.10281,0.2093,0.2023,0.1963,0.18895,0.18185,0.17382719533269783,0.16614034218753224,0.15993,0.15249,0.14534,0.13853,0.13165,0.12519,0.11371519044825679
16-01-2026 11:10,25825.7,0.13287,0.12163,0.11516,0.11241,0.10781,0.10493,0.10233029852425757,0.09914,0.09930597191286317,0.09583,0.09518,0.09622,0.09783,0.1011,0.20835,0.20105,0.1904361492644349,0.18761,0.18088,0.1747,0.16794,0.15954,0.15263,0.14559,0.13948,0.13255,0.12667,0.12009
16-01-2026 11:15,25823.0,0.1348,0.11791,0.11802,0.11308,0.10815,0.10492,0.1014824886674478,0.09876,0.09692,0.09503,0.09806266830627747,0.09583,0.09765,0.1011,0.20775,0.20112979365803213,0.19365,0.18588,0.17904,0.17256,0.16557,0.15775,0.14810601101657933,0.14429,0.13832,0.13183,0.12611,0.11987
16-01-2026 11:20,25813.0,0.1374,0.12177,0.12075,0.11476,0.10972,0.10533,0.1025,0.10013820197314133,0.10096979392401413,0.0959,0.09462492211685508,0.09673,0.0982,0.1015,0.20266385778076873,0.19854,0.1867388154401112,0.18249687213653437,0.1779,0.17119,0.16423,0.15643,0.14972,0.14286,0.13693,0.12994185368782343,0.12445,0.11825
16-01-2026 11:25,25811.55,0.14089,0.1292,0.12487,0.11889,0.11332,0.10936,0.10597,0.10248,0.1002,0.09808,0.09763,0.09888520383823157,0.09942,0.10261,0.20686,0.19845,0.19273,0.18494,0.1793679391327719,0.17108,0.16435,0.15612,0.14943,0.14258,0.13785250395420842,0.12987,0.1239726631835941,0.11761
16-01-2026 11:30,25823.8,0.15411,0.113,0.11435,0.10898,0.10647404260350113,0.102,0.09995,0.0975,0.09647,0.09487,0.09483,0.09594,0.09743,0.10254793775306226,0.20831,0.19913,0.19347,0.18572,0.17835,0.16360905838317727,0.16483,0.15688,0.15027,0.14366,0.13741,0.13085,0.12501,0.11873
16-01-2026 11:35,25810.0,0.12446,0.12209030348839064,0.11493,0.1117626575012984,0.10626,0.10419,0.10133,0.09905,0.09732,0.09597,0.09757203351331506,0.0965,0.09825,0.10142,0.20388,0.19723,0.19164,0.18424,0.17716,0.17024,0.16336,0.1556858828003669,0.14879,0.14201,0.13726462248961885,0.12997,0.12389,0.11763
16-01-2026 11:40,25806.75,0.1389,0.12465,0.11794,0.11222925468839604,0.10622,0.10315,0.10062,0.09812,0.09705,0.09525705868035704,0.09532,0.09634,0.09806,0.10154,0.2045,0.19813,0.1924,0.1843,0.1769,0.16997,0.1621116330752726,0.15630742704342676,0.14868,0.14202,0.13598,0.12931,0.12373,0.11758
16-01-2026 11:45,25794.7,0.14051,0.13091,0.12805850862915652,0.11682,0.1107,0.10674,0.10367,0.10097,0.09913,0.0973,0.0968,0.09763,0.09919,0.10272,0.20353,0.1979,0.19172,0.18358,0.17642,0.16585420133597584,0.16245,0.15443,0.14754,0.14069,0.13437,0.12782,0.12236552742096493,0.11579
16-01-2026 11:50,25794.65,0.14526,0.13098,0.12389,0.11606524054418219,0.1119,0.10766,0.10416,0.10134,0.09948,0.09772,0.0971,0.09817,0.09991,0.10361,0.20397,0.19574999186753103,0.19142,0.18361,0.17616,0.1658051024337574,0.16225,0.15425,0.14738,0.14055,0.13438,0.12772,0.12185,0.11541
16-01-2026 11:55,25797.25,0.11631,0.11333,0.10804,0.10403,0.10069,0.09881,0.09713,0.09555,0.09487,0.09344,0.09447110275381071,0.09565,0.09765,0.10157,0.20337,0.1978,0.19150633639285597,0.18355,0.17697,0.17019,0.16317,0.1560844263083512,0.14836,0.1416,0.13656845494864206,0.12902,0.12379525120306165,0.11642922223944124
16-01-2026 12:00,25774.5,0.15539905388628783,0.14442,0.13569,0.12757,0.12104,0.11543,0.11063,0.10685,0.1044,0.10161,0.10253971533027473,0.10162,0.10292,0.10615,0.20194,0.1951398893637687,0.1870085504456407,0.18098,0.1720316498577654,0.16691,0.15934739605634193,0.1524,0.14513,0.1386,0.1317373085835572,0.1253000577348943,0.12011,0.11355
16-01-2026 12:05,25790.15,0.1564048329639497,0.14723,0.14572,0.13608,0.12841,0.12167,0.11576,0.1108165616445822,0.10792,0.10457,0.10314,0.10357,0.10446,0.10716,0.20223638987893683,0.19612,0.18942,0.18174,0.17335869025859835,0.16733,0.16055,0.15401980069348567,0.14594,0.13939,0.1318203863366546,0.12604,0.12103110553209548,0.1138
16-01-2026 12:10,25810.95,0.15056,0.14439034937711245,0.14114,0.13138,0.12354,0.11753,0.11114219997096969,0.1085,0.10717901740897409,0.10363303667176532,0.1017,0.10199,0.10283,0.10549,0.20417,0.19712,0.19123,0.18259,0.17569,0.16842,0.16154,0.15399,0.14702,0.1405,0.13385856866143964,0.12742,0.12188,0.11693477592255336
16-01-2026 12:15,25821.3,0.13938,0.13234,0.12675,0.11879,0.11084,0.10838,0.10529801588236615,0.1012,0.10158333634060131,0.09792,0.0971,0.0978,0.09951,0.10262,0.20592,0.19919,0.19110223480849298,0.18384,0.17603,0.16828,0.16178,0.15432,0.1471175099704979,0.1412,0.13515291721971617,0.12946944900715182,0.1234413906623659,0.11702
16-01-2026 12:20,25815.75,0.14513,0.1334,0.12674744134731447,0.11959,0.11349323683931567,0.10954886038220277,0.10576,0.10238,0.1004,0.09856,0.09786,0.09855,0.09994,0.10298,0.20463,0.19589744172379153,0.19134,0.18306,0.17587,0.16796148377516074,0.1613,0.1544829578720043,0.14733,0.14068,0.13489,0.12795605075595642,0.12264,0.11623
16-01-2026 12:25,25811.0,0.07388,0.07556,0.07403,0.08059,0.0818,0.08406,0.08529,0.08605,0.08702,0.08707,0.08859,0.09116,0.09400120125827385,0.0983,0.20355016394606046,0.19641,0.19061,0.18234,0.17548,0.1685,0.16209,0.15516778346318574,0.14875,0.14303892851525404,0.1387129638262811,0.13181,0.12851882150507585,0.12960647778512197
16-01-2026 12:30,25738.6,0.15064,0.14403,0.13703,0.12998,0.12139,0.11635,0.11184,0.10782,0.10574,0.10304,0.10235,0.10337,0.1046,0.10804,0.19703066536246555,0.19115,0.18304,0.17546,0.16765,0.16045,0.15464362044101373,0.1465,0.13930093439504043,0.1333,0.12759,0.12143,0.11626,0.11068
16-01-2026 12:35,25771.0,0.13271,0.11957,0.11999,0.11437,0.12117365032124927,0.11284217726266646,0.11159842514129137,0.10889694729519261,0.10593210603571653,0.09743,0.09787364917473368,0.09898,0.10074,0.10431,0.20640679401897516,0.1928846047730264,0.18619,0.17795,0.1699,0.16309,0.15609,0.14932,0.14276,0.13619,0.13035978039038293,0.12469,0.11993,0.11418
16-01-2026 12:40,25768.5,0.1121588516945603,0.11783,0.11523,0.11094,0.10513,0.10293,0.10049,0.09909119391329532,0.09773,0.09643,0.0967,0.09827,0.10039,0.10439,0.1999919159578049,0.19373,0.18564,0.17742,0.17032,0.16289,0.15638,0.14954,0.14292,0.13661,0.13136,0.12545,0.12058,0.11512
16-01-2026 12:45,25759.4,0.13574,0.12873,0.11727,0.11155,0.1062,0.10293291355340858,0.10183,0.10073380569808338,0.10127563352839579,0.09762,0.09773,0.09901390128797671,0.1015,0.10533,0.19968,0.1918,0.18372725353978056,0.17633,0.16985,0.16292,0.15605,0.14955,0.14262,0.13604,0.13073433896556147,0.1246,0.11957,0.11427
16-01-2026 12:50,25750.05,0.15113,0.1299,0.13151,0.12439,0.11706,0.1124,0.10845,0.10559,0.10202639015163395,0.10154,0.10766531709870836,0.10258,0.10427,0.10777,0.19893,0.19105,0.18448,0.17589,0.16936,0.16146225116175908,0.1545,0.14786,0.14082,0.13403,0.12818,0.12194,0.1167,0.11113
16-01-2026 12:55,25759.95,0.13098,0.11788,0.10878,0.10237294361130808,0.10147,0.10013,0.09683203384653355,0.09701,0.09661,0.09593,0.09607,0.09866,0.10065,0.10459,0.20021,0.18945223609490008,0.18499,0.1771,0.17085,0.16355,0.15686,0.14965,0.14307,0.13568160184825478,0.13093,0.12309288022129958,0.1202,0.11467
16-01-2026 13:00,25740.05,0.11584,0.11504,0.11024344701861216,0.1065,0.10353,0.10136,0.09962,0.09888191297543439,0.09898997942048195,0.09708,0.09784,0.09999,0.1022,0.10614,0.19791395938715978,0.19105,0.18404,0.17607,0.16912,0.16179,0.15459,0.1476,0.14118,0.134655615387424,0.1292567585584311,0.12322,0.11839,0.11323
16-01-2026 13:05,25723.25,0.13718,0.12840261601805567,0.12073,0.11549,0.11086,0.10673,0.10355,0.10198,0.10077,0.0998,0.10027,0.10199,0.10432,0.10812,0.19679,0.18752,0.18262,0.17408874410234912,0.16707,0.15978,0.1526,0.14583,0.13886,0.13222,0.12679,0.12034,0.1158347588307824,0.11048
16-01-2026 13:10,25717.95,0.1255076229750668,0.12359,0.11648,0.11189,0.10762,0.10473,0.10199,0.10044,0.09986,0.09863,0.09951,0.10155,0.10385,0.10775,0.19595,0.18846,0.18113,0.17322,0.16633,0.15906,0.1519,0.14494,0.13801,0.13187,0.12626,0.12043,0.11581,0.11036
16-01-2026 13:15,25715.5,0.12546,0.12116,0.11565,0.1126,0.10896,0.10405,0.10067787123688271,0.09984,0.099,0.0974807283938236,0.09919206314039608,0.10146,0.10356,0.10763,0.19526091469937962,0.18828,0.18058,0.17297970192413184,0.16584,0.15805,0.15146,0.14411,0.13779533678543063,0.13121858924007834,0.12538,0.11965,0.11476,0.10943
16-01-2026 13:20,25705.4,0.12947,0.11802,0.11258,0.10834,0.10543145787016095,0.10232,0.10035,0.09896,0.09863,0.09691564707862346,0.09917,0.10128,0.10405,0.1082,0.19409,0.18625,0.17938,0.17117,0.16438,0.15688291493080858,0.15032,0.14401,0.13719,0.13123502628781825,0.12549,0.11984,0.11567,0.11068697419174739
16-01-2026 13:25,25670.15,0.14248682726076012,0.13518812002283723,0.12849,0.11961359091989207,0.11803,0.11384,0.1081671175778744,0.10745,0.10562,0.10372,0.10444,0.10609,0.10749417169858583,0.10706101264030304,0.19162,0.18054805221387246,0.17675,0.16848,0.16129,0.15415745175255344,0.147843852767974,0.14091,0.13484,0.12774,0.12256,0.11649,0.11182,0.10669
16-01-2026 13:30,25701.15,0.12443960691687928,0.12167,0.11776,0.11068,0.10665,0.10372,0.10152,0.10011,0.09928,0.0984,0.09946,0.10177,0.10453,0.10864,0.19291,0.18635,0.17808576414758945,0.17016,0.1646910031950498,0.15684,0.14910949513650568,0.14324,0.13718,0.13102,0.12596,0.12057791536583815,0.11585595048013428,0.11092
16-01-2026 13:35,25687.3,0.14434,0.13011,0.12208,0.11740293344156957,0.11418,0.11021,0.10674,0.10463,0.10289,0.10046374905599742,0.10239,0.10459,0.10671642970687772,0.11112,0.19179,0.18521,0.17755,0.169,0.16225,0.15562,0.14923202151225176,0.1425666819101585,0.13532,0.1298,0.12427,0.11784245803250312,0.1141,0.10873
16-01-2026 13:40,25701.3,0.12479649638553669,0.11827924411270832,0.11376,0.10739,0.10685,0.10394,0.10172,0.10195693309168416,0.10123283150916768,0.09871,0.10088398788020403,0.10235,0.1049,0.10653561732075295,0.1943,0.1846348162480537,0.17877,0.17057,0.16381,0.1569,0.15027,0.1442101603884034,0.13759,0.13146121046276263,0.12613,0.12059,0.11633,0.1111
16-01-2026 13:45,25699.7,0.1373,0.13042,0.11779,0.11529,0.10943,0.1053,0.10285,0.10143,0.10042,0.09952,0.10051,0.10286,0.10561,0.10982,0.1942,0.18482450837755623,0.17866,0.1716948199253304,0.16244,0.15595,0.14943,0.14280694814827277,0.13674,0.13033,0.12474,0.11878,0.11483,0.10907
16-01-2026 13:50,25712.85,0.096,0.09541,0.09935,0.09913,0.09681,0.09661,0.09558,0.09558337889117507,0.09719116556521895,0.09559,0.09745,0.10022,0.10331,0.10789,0.19489,0.18785,0.18054,0.17231,0.16487,0.15825,0.15232,0.14546,0.13945,0.1336936459853567,0.12872,0.1229,0.1191,0.11438
16-01-2026 13:55,25689.85,0.12024,0.11693,0.11188,0.10916,0.1054,0.10349348525186061,0.1014,0.10011,0.09981,0.09816715434271872,0.10065,0.10302,0.10586,0.11021,0.19343,0.18526536399013815,0.17932,0.17,0.1653167931262537,0.15612425051012566,0.14998,0.1431,0.13705,0.13101,0.12583,0.12037,0.11547347399786276,0.11085
16-01-2026 14:00,25681.95,0.12937,0.1228,0.11186,0.10728,0.10449,0.10222,0.10041,0.09939,0.1005827601520756,0.09873,0.1004,0.10286,0.10605,0.11042,0.1928,0.1849,0.17867,0.16968,0.1625,0.15605,0.14951,0.1438209660784814,0.1363,0.13023,0.12524,0.12069246091324734,0.11817303308507418,0.11490301838527167
16-01-2026 14:05,25682.85,0.11697,0.10862,0.1064,0.10338688344524624,0.10009,0.09877,0.09895676121282881,0.09708,0.0973,0.09650748392507721,0.09919,0.10199,0.10529,0.10988,0.19376,0.18657,0.17982,0.17233916044440614,0.16379,0.15719,0.15029,0.14367,0.13742,0.13134,0.12618,0.1206,0.11655,0.11155
16-01-2026 14:10,25684.7,0.12427,0.11599,0.11313,0.10871967557283477,0.10579,0.10318,0.10086,0.09999,0.09936,0.09903,0.10061,0.10323,0.10402134936890661,0.10730072242751881,0.19436,0.18752,0.18102,0.17225,0.16485,0.15764,0.15094,0.14453665731148,0.13746,0.13112,0.12593,0.12005,0.11561,0.1097107651736437
16-01-2026 14:15,25676.95,0.1296,0.11748,0.11738,0.11131603089914652,0.10781,0.10494,0.10251,0.10111,0.10068,0.1001,0.10156,0.10398,0.10693,0.1114,0.1929,0.18651,0.18004,0.17128,0.16389,0.1563427627943137,0.15001,0.14276,0.13582044241902613,0.13007,0.12489,0.11830597630509745,0.11431,0.10882
16-01-2026 14:20,25689.4,0.13376,0.12117,0.11415,0.11165,0.10693,0.10432,0.10156,0.10039,0.1004891702912657,0.09924,0.10062,0.10372453584440174,0.10594,0.11044,0.19482,0.1876,0.18081,0.17175,0.1663649874265291,0.15734,0.15051,0.14377,0.13728,0.13077,0.12595948356726358,0.11961,0.11523,0.10894443688640515
16-01-2026 14:25,25707.1,0.10563,0.10337,0.09999,0.09946481782912617,0.09989,0.09852,0.09679,0.09635,0.09596,0.09605,0.09786,0.10066,0.10379,0.10797812197642892,0.19591,0.1871594130420851,0.18305,0.17365,0.16691,0.15974,0.15263,0.14607,0.13954,0.13287,0.128,0.12118579046139924,0.11732,0.11417081197447837
16-01-2026 14:30,25688.2,0.1291,0.12584,0.11783,0.11225,0.1086,0.10543,0.10269,0.10131,0.10008,0.0997,0.10106,0.10465915586527265,0.10627,0.11062,0.19381481229963465,0.18678,0.18041,0.1717,0.16468,0.1577284578118451,0.15022,0.1435,0.13669,0.13054,0.12518,0.11931,0.11504,0.10955
16-01-2026 14:35,25708.0,0.0988,0.10492790479915062,0.10769,0.10343,0.10132,0.09913,0.09727,0.09578108350531286,0.09596,0.09353294432717439,0.09415816043140718,0.10016534208285827,0.103,0.10734808652657679,0.19565054074790483,0.18888,0.18215,0.17312,0.16617,0.15883,0.15184,0.14478,0.13916,0.13226,0.12411094113301568,0.11831086108404973,0.11359725314318234,0.11142
16-01-2026 14:40,25706.4,0.13025,0.11776,0.11254,0.10775,0.10445,0.10217,0.09880248120008817,0.09848,0.09765,0.09744,0.09866,0.10081,0.10407,0.10981911301819336,0.19508,0.18877,0.18134,0.17234,0.16662929853957745,0.15791,0.15124,0.14424,0.13696893373817062,0.13152,0.12614,0.11923636169666305,0.11546,0.10992
16-01-2026 14:45,25707.8,0.11305,0.11165334795201778,0.1079,0.1037,0.102725644351785,0.09932,0.09747,0.09656,0.0962,0.096,0.09755,0.10139016541910435,0.10375273784375377,0.10763,0.19566,0.18564052705600598,0.17852271173879058,0.17188542092301504,0.16439,0.15805,0.15116,0.14419,0.13795,0.13183,0.12668,0.12112,0.11605611566514948,0.11095
16-01-2026 14:50,25692.95,0.12547,0.11918,0.10981,0.1093,0.10592,0.10255,0.10015,0.09932,0.09851,0.09818,0.09941,0.10159,0.10482,0.10908,0.19487,0.18570740129314833,0.17988,0.17224217532564626,0.16538245940434615,0.15815039564236844,0.15028,0.14363,0.13705,0.13132465345702823,0.12599,0.12031,0.11583,0.1123852406673223
16-01-2026 14:55,25700.95,0.11948499417215197,0.11766925780559831,0.11405,0.10999,0.10527618863955146,0.10414779804596966,0.09875400158950576,0.09834,0.09736,0.09789,0.09887,0.1009,0.10365,0.1081,0.19471,0.18681,0.18024,0.17093,0.16638053007800932,0.15639,0.15009,0.14316,0.13697,0.13133,0.12612,0.12037014810676835,0.11571,0.11054
16-01-2026 15:00,25706.3,0.11793,0.10192,0.10295,0.10181265422300242,0.09969,0.09792,0.09651,0.09594,0.09545,0.09534,0.09684,0.09922,0.1025,0.10705,0.19519,0.18809,0.1764729028970525,0.17142,0.16433,0.15744,0.15132,0.14473,0.13875,0.13248,0.12809824241471224,0.12116529316724181,0.11743,0.11238
16-01-2026 15:05,25694.05,0.11281,0.1108,0.10746,0.10416,0.1024,0.09971,0.09806,0.09725,0.09693,0.09638,0.09902478996972125,0.10026,0.10341,0.1081,0.19419,0.18556594223217643,0.1797,0.1719133324570593,0.1635376653392321,0.15637,0.15045,0.14318,0.13683076047886553,0.13156,0.12665,0.12128514227760709,0.11665,0.11126
16-01-2026 15:10,25691.6,0.11496,0.11011,0.10436,0.103,0.10001025767504812,0.09867,0.09737,0.09678,0.09653,0.09608,0.09782,0.10012,0.1032,0.10803,0.19358,0.18451060936545943,0.17879,0.16985,0.16215,0.1559,0.14978,0.14276,0.137,0.13245245421842272,0.1283128570882088,0.12112,0.11638,0.11423648578398277
16-01-2026 15:15,25691.75,0.12581,0.1192442182601994,0.11411,0.10920579613729695,0.10641,0.10313,0.10126,0.09949,0.09986967725284257,0.09829691940912802,0.09963,0.10389362592776924,0.10484,0.10931,0.19351088897957563,0.18655,0.17919,0.16989,0.16233576094866842,0.15566,0.15056080472312552,0.14375594600049837,0.13686,0.13164519923485093,0.12668020126357976,0.12036,0.11532714385877249,0.11
16-01-2026 15:20,25695.9,0.12636,0.11841,0.11262,0.10772215894072665,0.10512,0.10249,0.10053,0.09852197133635596,0.09793,0.09629343210959186,0.09946,0.10206,0.10575177493897704,0.10700437363470883,0.19487,0.18490088541037986,0.17732051920234213,0.17096,0.16182409983058899,0.15688,0.15027944184724573,0.14363,0.1361695947632413,0.13107,0.1256748466710122,0.12023,0.11537,0.10972
16-01-2026 15:25,25697.65,0.12031,0.1104,0.1066,0.10453,0.09976,0.09915,0.09722,0.09583,0.09506,0.09531,0.09719,0.10021,0.09929348203759844,0.10492030831843413,0.19461,0.1898,0.18118,0.17114,0.16431,0.1551,0.14895,0.14256,0.13677,0.13126,0.12625,0.11962,0.11517,0.10954
19-01-2026 09:15,25549.65,0.14245,0.13519,0.12817318328156274,0.12361840648025277,0.1214,0.11899,0.11806,0.1176219195136784,0.11852,0.11961,0.12266,0.12817773119505102,0.13213788348558153,0.13657,0.20612,0.19843,0.1915,0.18321,0.17385,0.16623,0.15889,0.15008,0.14249,0.1359376036969699,0.12989,0.12354587304550699,0.1187,0.11346
19-01-2026 09:20,25596.45,0.08441,0.08932,0.09374,0.09633,0.09736,0.10005695059428435,0.1011,0.10234,0.10559,0.1072310937684752,0.11308,0.11716,0.12379567358514387,0.12876,0.21017,0.20166,0.19502,0.18657,0.17775,0.17067,0.16256,0.15405,0.14600591680751593,0.14047,0.13504,0.12996,0.12594,0.12153
19-01-2026 09:25,25570.45,0.1024,0.10142,0.10257,0.10274887239165584,0.10408036968703649,0.10397180208352089,0.10414,0.10522,0.10833,0.11030008174188317,0.1137848721732197,0.12016,0.1263860023888075,0.13211,0.20873,0.20057,0.19328,0.18469,0.17673,0.16852,0.16075,0.15253358940940828,0.14424,0.13812,0.13237,0.12696,0.1231,0.11855
19-01-2026 09:30,25544.4,0.1437,0.13407,0.12965780192109705,0.12442,0.11993,0.11696,0.11557604778337205,0.11492,0.11679,0.1189,0.12285,0.12687,0.13188,0.13623382501528444,0.2065141310711977,0.19894,0.19074596914964986,0.18313,0.1740780580349948,0.16700984517911918,0.15852398979932578,0.1504,0.14143,0.13439,0.12711723049253665,0.12151,0.11662,0.11102
19-01-2026 09:35,25579.4,0.09938,0.09619,0.09934,0.10086156267738963,0.1016470278675824,0.10124,0.102,0.10339,0.10655,0.10958,0.11432879474797164,0.11861,0.12437,0.13093,0.21264,0.20463,0.19773,0.18849,0.18053,0.17254,0.16418,0.15589239072732333,0.14696,0.13985,0.1345325518419614,0.12832,0.12423,0.11922
19-01-2026 09:40,25551.95,0.12474,0.12028,0.11453,0.11254,0.11043,0.10882554731571956,0.10928,0.1094,0.11187,0.11453,0.11838935405093215,0.12393412026347272,0.12803,0.13423611266297855,0.20806,0.20021,0.19271,0.1839450706651611,0.1754065608942892,0.1672,0.15858949752703752,0.15036732225551377,0.1423091916513957,0.13476,0.12888,0.1230784358319508,0.11862,0.11313
19-01-2026 09:45,25560.95,0.11745,0.11174,0.11006,0.10947,0.10771,0.10715,0.10706,0.10726,0.11016,0.11282,0.11727628743406598,0.12107,0.12643,0.13281,0.20898,0.20081907054643816,0.19214226789655126,0.18423,0.17651,0.16847,0.16008,0.15174,0.14344,0.13618,0.13053,0.12461,0.12019,0.1149
19-01-2026 09:50,25558.35,0.09813,0.10079235394869143,0.10203,0.10231,0.10235,0.10252,0.10324,0.10488665618684337,0.10771,0.11077,0.11553863322760338,0.12005,0.12593,0.13257,0.20877,0.20106604772290465,0.19383,0.18471,0.17721,0.16877,0.16055,0.1521,0.14406,0.13690784415517107,0.13160825882596217,0.12572,0.12158,0.11685
19-01-2026 09:55,25558.2,0.10221,0.10014,0.10175916710169325,0.10229,0.10223,0.10274328503297206,0.10338,0.10459,0.10823,0.11146,0.11594,0.1209,0.12665054626803832,0.13321,0.20929,0.20139,0.19461,0.18508,0.17753,0.16879,0.16056,0.15232,0.14407,0.13707547150440813,0.1319,0.12601,0.12211,0.11727
19-01-2026 10:00,25520.6,0.11102,0.10743,0.10734,0.10683,0.10585,0.10563933346380075,0.10601,0.10832899273976912,0.11123,0.1146,0.11929,0.12411,0.13013,0.13675,0.20707,0.19896,0.19193,0.18325,0.17535,0.16608,0.15881742280579506,0.14947,0.14123,0.13504,0.12974,0.1241,0.12058333665902651,0.11506
19-01-2026 10:05,25510.95,0.13001156364098387,0.12154,0.11737,0.11460364103507234,0.1124,0.11138,0.11069,0.11147,0.11459,0.11781202213537992,0.12204903324066746,0.12648,0.13215,0.13871,0.2057,0.19803,0.18988,0.18129,0.17407,0.16455,0.15632,0.14808461060734437,0.13978,0.13291,0.12654751908583722,0.12118,0.11689,0.11165
19-01-2026 10:10,25528.25,0.11377,0.11102,0.10945,0.10865,0.10732,0.1069,0.10676,0.10798,0.11157,0.11463,0.11918,0.12409,0.12999,0.13649,0.2084196241497574,0.20022,0.19168,0.18279,0.1731908761403897,0.1662,0.15804983497371403,0.14982,0.14134,0.13535,0.13002,0.12434,0.12024,0.11569309250843535
19-01-2026 10:15,25530.4,0.12141,0.11548,0.11096,0.10984619798157477,0.1083,0.10821201989007215,0.1075,0.1084,0.11225,0.11533,0.11933483716778198,0.12455,0.13037,0.13760427680516554,0.20674,0.19922,0.19156,0.18271,0.17442823194604465,0.1662,0.1575481311779976,0.14908,0.14128,0.13474379391141433,0.1297372918513392,0.12367,0.11966,0.11399763918476308
19-01-2026 10:20,25543.9,0.10527,0.10863,0.10872,0.10774598382381392,0.10618,0.10562,0.10593,0.10742,0.1109,0.1139,0.11814,0.12420043679986834,0.12856,0.13525,0.20859,0.2021145620892385,0.19336,0.18460938595846382,0.1765,0.16769,0.15962,0.15065,0.14289,0.13678,0.13111,0.1262,0.12128,0.11615
19-01-2026 10:25,25526.15,0.09784,0.10189,0.09908262627952019,0.10252,0.10243,0.10311,0.10435,0.10618,0.11058,0.11421448054650477,0.11839,0.12352,0.1287412896047366,0.13781463916747616,0.20783,0.20095,0.19232,0.18335,0.17583,0.16711,0.15904,0.15084,0.14335,0.13761,0.13253,0.12716,0.12338,0.1189
19-01-2026 10:30,25515.7,0.11207,0.11108,0.10904,0.10873,0.10713,0.107,0.10726,0.10887,0.1126,0.11579,0.12023479268370135,0.12525,0.13067,0.13722,0.20931628836279087,0.19949112071538438,0.19129,0.18263,0.17446,0.16575,0.15768,0.14928,0.14209444677241082,0.13666457754447198,0.13213153315560686,0.1269267535875415,0.12146,0.11627
19-01-2026 10:35,25513.9,0.11003571218764885,0.10845,0.10764,0.10713,0.10687,0.10626,0.10705,0.10863,0.11265,0.11595,0.12018,0.12640539136882684,0.13066,0.137,0.20532525765782977,0.19815,0.19151,0.18248,0.17431,0.16585,0.15774,0.14968,0.14227,0.135778605749065,0.13098655878839105,0.12639,0.12273646766817622,0.11797
19-01-2026 10:40,25500.4,0.12671,0.12105,0.11779500845372343,0.11492,0.11304,0.11239948517853102,0.11166,0.11259,0.11596,0.1186,0.12238,0.12702,0.13226,0.13833,0.20539315857613022,0.1973801553716223,0.1897320183875693,0.18111,0.17319,0.16441,0.15625,0.14777,0.14052,0.13398693455667052,0.12906,0.12365,0.11946,0.11466
19-01-2026 10:45,25525.55,0.11111,0.10924,0.10772,0.1078,0.10577522080596702,0.10635,0.10664,0.1084,0.11199,0.1149,0.11828679663671637,0.12381,0.12913,0.1355,0.20887,0.20024,0.19303761783995824,0.18344,0.17591,0.16744,0.15888,0.15089,0.14323,0.13688283956050648,0.13255,0.12684,0.12298,0.11823
19-01-2026 10:50,25515.9,0.12374862698865619,0.11866,0.1148,0.113,0.11051,0.10984,0.10947,0.11058,0.11388,0.11648,0.11926917812402832,0.12544,0.13063,0.13669,0.20749,0.19889,0.19183,0.1828,0.17492,0.16565,0.15761,0.14864,0.14145,0.13566,0.1298,0.12429,0.11994,0.11792639099470853
19-01-2026 10:55,25526.35,0.13233,0.12637,0.11892735884735589,0.11517595222565943,0.1144,0.1118,0.11078,0.11282706092701805,0.1150947413540819,0.11657,0.12053,0.12501,0.12999,0.13624,0.20857,0.19956,0.19221,0.18171461158517338,0.1747410857365018,0.16603,0.15766,0.14970115276593068,0.14085,0.13438,0.12854,0.12257,0.11808,0.11313
19-01-2026 11:00,25550.1,0.12151,0.11932,0.1166618584232722,0.11367,0.1111064638396142,0.11088472791446205,0.10770866354436592,0.10928,0.11236,0.11481,0.1185,0.12175751876710725,0.12812,0.13324109872392154,0.21143,0.20186427200577528,0.1943,0.18508,0.17745,0.16863,0.15981407020362143,0.15139,0.14332,0.13704,0.13131,0.12541,0.12046,0.1154
19-01-2026 11:05,25561.85,0.10899,0.10138,0.10069,0.10252,0.10267546114744519,0.10169,0.10215,0.10318,0.10665,0.10840953950207988,0.11449,0.11959,0.12517,0.13184,0.21274783970966965,0.20474965940753162,0.19516,0.18634,0.17874980962690287,0.17074,0.16283,0.1557025685131305,0.14716,0.14106,0.13515,0.12992,0.12565041881097191,0.12077
19-01-2026 11:10,25540.3,0.11046,0.11083,0.10827,0.10789,0.10588,0.10491,0.10369670409577392,0.10638,0.10954,0.11268,0.11737,0.1223,0.12767,0.13403,0.20769,0.20022,0.19262,0.18414,0.17678,0.16697077660250853,0.16,0.15135,0.14463,0.138,0.13236,0.12694,0.12227,0.11743
19-01-2026 11:15,25533.8,0.10798,0.10731,0.1053,0.10503,0.1036,0.10349,0.10402,0.10558,0.10894,0.11228,0.11706,0.12214,0.12774,0.13422,0.2066,0.19961,0.19276,0.18385,0.17612,0.16777,0.15963578119024513,0.1525631053618465,0.14548449359928445,0.139112185713424,0.13327,0.12791277559152933,0.12329,0.11912225838846385
19-01-2026 11:20,25513.75,0.12529,0.11862,0.11860827462194751,0.11390420359091144,0.11293754899400188,0.11240270680561212,0.109,0.10982,0.11303,0.11594,0.1200466262203122,0.12464693621370965,0.13082,0.1346708924936605,0.20807858894128733,0.19808,0.19148,0.18214,0.17455309901644825,0.167361692316507,0.15801,0.15071641880714093,0.14218,0.13622,0.13042,0.12479735409326184,0.12023,0.11555
19-01-2026 11:25,25514.95,0.12155,0.11674192354898769,0.11608428875380922,0.11269,0.11016,0.10919,0.10884,0.10989,0.11307,0.11606,0.12056,0.12524,0.13056,0.13686,0.20677,0.19908,0.19201,0.18296,0.17563,0.16681,0.15861,0.1503,0.14252,0.13653,0.13071,0.12528295942661025,0.12058,0.11544
19-01-2026 11:30,25517.75,0.1164,0.11895,0.11447,0.11242945328474138,0.11014,0.11039280720589803,0.10842,0.10934,0.11251,0.11579,0.12019,0.1249,0.13011,0.13720949012765027,0.20709,0.1994,0.19234,0.1826295147404989,0.1754,0.16715,0.15874,0.15046,0.1434309211118908,0.13664,0.131,0.1247185644722871,0.11968563737427815,0.11537
19-01-2026 11:35,25523.55,0.13105,0.12514,0.11925,0.11609,0.11285,0.11088,0.10954263900712718,0.1104,0.1137600570994792,0.11588,0.11668275899908948,0.1227590321712708,0.12513074245860362,0.13157267901809538,0.20675,0.19988995346619318,0.19187,0.18327,0.17488,0.16705,0.15852,0.14979,0.14162044649645436,0.13564,0.12973,0.12382,0.119,0.11349
19-01-2026 11:40,25536.55,0.12496,0.12074,0.11594,0.11329,0.11037,0.10856,0.10765,0.10846,0.11115,0.11382,0.11815,0.12287,0.12793,0.13466,0.20884682518272074,0.20095,0.19398,0.18450794351857727,0.17571939242241258,0.16824,0.15891894616628235,0.15147683130247705,0.14335,0.13701,0.1309,0.12512,0.12048,0.11416690231591148
19-01-2026 11:45,25537.25,0.11701,0.11709,0.11460915462083215,0.11106,0.10883,0.10754,0.10676,0.10777,0.11073,0.11367,0.11808,0.1229,0.12826,0.13492,0.20866,0.20064,0.19372,0.18477,0.177,0.16859710501099787,0.16057,0.15202,0.14431,0.13781,0.13158,0.1257,0.12097,0.11573
19-01-2026 11:50,25541.5,0.12185441829929566,0.11365,0.11364,0.1105,0.10792,0.1068,0.10637,0.1072,0.11035,0.11317,0.11783,0.12162432299707798,0.12762,0.13443,0.20815,0.20067,0.19268,0.18491,0.17719,0.16884,0.16039,0.15234,0.14528642216412774,0.13809,0.13205,0.12577,0.12127,0.11592
19-01-2026 11:55,25540.75,0.10867,0.10743,0.10536,0.10369,0.10266,0.10272,0.10312,0.1052019190586996,0.10829,0.11183,0.1172705639437151,0.12165,0.12697,0.13378,0.2068112565179972,0.2002,0.19379,0.18487,0.17745,0.170045519679484,0.1608,0.15535978173997486,0.1483797053749217,0.14082679414270569,0.1331,0.12732,0.12284,0.11794
19-01-2026 12:00,25527.0,0.10974,0.10841,0.10674,0.10549,0.10385,0.10401,0.10449,0.10618,0.11004,0.11262435739884522,0.11844,0.12351,0.12899,0.13022579714387783,0.2073,0.20016,0.19242,0.18348,0.17821270730499686,0.17050811851702266,0.16243264099304475,0.15456581588747204,0.14449,0.1367970630688732,0.13228,0.12672,0.12185648476565111,0.11728
19-01-2026 12:05,25522.1,0.1157396092716868,0.11073,0.10862690578873263,0.10732736356823522,0.10508,0.10521926940124107,0.10558,0.10727,0.11101,0.11542196777150852,0.11845661638384042,0.1243,0.12738549829012058,0.13451883823572958,0.20782,0.20093597970605565,0.1927,0.18434,0.17697,0.16887,0.1598008664774621,0.15232038779429696,0.14489,0.13817,0.13251,0.12657,0.12221,0.11694
19-01-2026 12:10,25521.0,0.12433,0.11889,0.11494,0.11236,0.10894179731902376,0.10817,0.10804,0.10903,0.1125,0.11537,0.11986,0.1248,0.1291755252977353,0.13657,0.20775,0.20121384986713853,0.19335,0.18459,0.17717,0.16903,0.16024,0.15184,0.14431,0.13714,0.131,0.1247,0.11998,0.11443
19-01-2026 12:15,25533.2,0.13678,0.12256,0.11838,0.11453,0.11132,0.10931,0.10839,0.10893,0.11202,0.1148,0.11916,0.12362,0.12856,0.13528,0.20755,0.20109987849651123,0.19279,0.18466015320443077,0.17679,0.16725101138878606,0.15986,0.15134,0.14366,0.13692,0.13042,0.12428,0.11911,0.11353
19-01-2026 12:20,25542.4,0.11411,0.1089626846692974,0.10266,0.10198,0.10102,0.10115,0.10161,0.10353,0.10747,0.11081,0.11510989752771122,0.12093,0.12651,0.13326,0.210739046433771,0.20187,0.1949,0.18591,0.17898,0.1707,0.16062705455106566,0.15342,0.14596,0.13906,0.13334,0.12723,0.12264,0.11855501501672921
19-01-2026 12:25,25526.05,0.11773,0.11337,0.11022,0.10788,0.1059,0.1056580178626216,0.10506,0.10649,0.10989,0.11301,0.11802,0.12303,0.12859,0.13740366192280715,0.2108952810345372,0.20069,0.19363,0.18491,0.17726,0.16944,0.16091,0.15195,0.14452,0.13732,0.13175,0.12558,0.12117,0.11557
19-01-2026 12:30,25524.6,0.1156,0.11206,0.10833288995114004,0.10649,0.10471,0.10398,0.10478,0.10605,0.10988,0.11311,0.11825,0.12325,0.12894,0.1356871446163227,0.20828,0.2016189065323662,0.19352,0.18479,0.17714,0.16903860772186527,0.16056,0.15264929812918956,0.14437,0.13743,0.13158,0.12566,0.12096601712746055,0.11576
19-01-2026 12:35,25520.4,0.11317,0.11073124192534409,0.10806,0.10634,0.10473,0.10458,0.10512,0.10677,0.11044,0.11385,0.11905,0.12427,0.12963,0.13648,0.2079,0.20021,0.19313,0.18406320392828632,0.17577249421508268,0.16889,0.15912998513812582,0.15193,0.1447,0.13809003070683937,0.13223,0.12613,0.12150752931177453,0.1169
19-01-2026 12:40,25513.2,0.12541,0.11795,0.11543,0.11233,0.10978,0.11018194222763264,0.10730147795099171,0.10951,0.1127,0.11583,0.12062,0.12569,0.1305388805367948,0.13754,0.21001147283191784,0.19952,0.19169,0.18334,0.17599,0.16763,0.15912,0.14958,0.14208,0.13552,0.12947,0.12357,0.11899,0.11338
19-01-2026 12:45,25525.45,0.11245,0.11086,0.10752,0.10625,0.1046,0.10419,0.1049,0.10643,0.1097608675747134,0.11277290737991771,0.1183,0.12333,0.12769334922579806,0.13545,0.20849,0.20163,0.19299,0.18466,0.17734,0.16901,0.15942,0.15063,0.14358,0.13708,0.13145,0.12577,0.12132,0.11637
19-01-2026 12:50,25519.95,0.13225,0.12577,0.11927,0.11491,0.11157,0.10981,0.10898,0.11120186113197256,0.11256,0.11547,0.12006,0.12495,0.13004,0.13521295008113762,0.208120122502999,0.19944,0.19209,0.18312,0.17713897405106593,0.16716,0.15768,0.14943,0.14178,0.13477,0.12875,0.12287,0.11815,0.11251
19-01-2026 12:55,25545.2,0.11676,0.11437,0.11059,0.10847,0.10618,0.10452808519135978,0.10519,0.10619,0.11388229650815891,0.11253,0.11723,0.12192,0.12727,0.13345,0.21005,0.21154513143948356,0.19547,0.1886097089310885,0.17924,0.1743050776815232,0.16831355427347963,0.1591616829251596,0.14532,0.13740887989659087,0.13208,0.12633,0.12177,0.1068495441661041
19-01-2026 13:00,25548.85,0.10962,0.11163,0.10830147858319289,0.10731,0.10443600222569627,0.10433,0.10439,0.10659147485421794,0.10896,0.11199,0.11729832198919005,0.12166,0.12697,0.132033319058032,0.21235,0.20482364198720202,0.19683860910323078,0.18855,0.18082,0.17245,0.16226983129447076,0.15421,0.14696,0.13912994685055366,0.1335,0.1276,0.12278,0.11719
19-01-2026 13:05,25553.0,0.11105,0.1082,0.10615,0.10522,0.10357,0.104129310351633,0.10356,0.10459,0.10837,0.11157,0.11633,0.12113,0.12647,0.13272,0.21327,0.20541,0.19782,0.18902,0.18215,0.17319,0.16354,0.15452,0.1467080183461695,0.1398,0.13362,0.12765,0.12291,0.12009143244216897
19-01-2026 13:10,25544.5,0.10337,0.10265,0.10198,0.1013,0.10012,0.10054,0.10159,0.1032,0.10731,0.11082,0.11434735814929126,0.1220991297137064,0.12627,0.13267,0.21192947874227813,0.20532056360317488,0.19734,0.18881,0.18155,0.17253,0.16231286028887582,0.1540969304628884,0.14702598704316713,0.13947,0.13366,0.12777,0.12327,0.11802
19-01-2026 13:15,25530.5,0.12054,0.11933,0.11433,0.11157,0.1088,0.10705,0.10659534959851968,0.10769,0.11106,0.11411,0.11878,0.12347,0.12873,0.13503,0.21156,0.20401,0.19485,0.18673,0.17924,0.17003,0.16063,0.1516,0.14386,0.13678,0.1306,0.12447,0.11935,0.11371
19-01-2026 13:20,25540.05,0.1156895374413397,0.10854,0.10520164399016191,0.1046,0.10267,0.10224,0.10289,0.10447,0.1084,0.11177,0.1165,0.12158,0.12702,0.13326,0.21433,0.20503,0.1966,0.18842,0.18086,0.17187,0.16213038567026267,0.15391,0.14603,0.13924,0.13278576526481065,0.12682085071223828,0.12127344987386021,0.11691
19-01-2026 13:25,25531.0,0.11509,0.11091128920272733,0.10794787397356126,0.10686,0.10463,0.10398,0.10429,0.10641478572878027,0.10936,0.11284,0.11785178927366119,0.12271,0.12805,0.1329967910856411,0.21303,0.2045516524735446,0.19606,0.18782,0.17992,0.17115,0.16142,0.15289,0.14481,0.13759,0.13151,0.12532,0.11994376001480431,0.11497
19-01-2026 13:30,25535.2,0.12707,0.12045,0.11491,0.11121,0.10838,0.10671,0.10622732998036116,0.10745,0.11038,0.1129475352372389,0.11785,0.1224741004890122,0.12795,0.13308356974380411,0.21217,0.20341,0.19546,0.18734,0.17957,0.17033069464338982,0.16126,0.15263,0.14467,0.1373,0.13107,0.12517514153529982,0.11976,0.11368226332124648
19-01-2026 13:35,25552.1,0.11146,0.11216,0.10796,0.10693,0.10432,0.10337,0.10342,0.1046,0.1082,0.11146,0.11534459848877515,0.1209,0.12627928479603917,0.13269,0.21298,0.20558,0.19688,0.18916,0.18172,0.17305,0.16349205553056914,0.15501,0.14706,0.13943,0.13343,0.12765923870232157,0.12225,0.11648
19-01-2026 13:40,25558.15,0.10084,0.10229168893509175,0.10125591484101532,0.10217,0.10122087833987004,0.10044,0.10020147617689174,0.10296874812266157,0.10605,0.10954,0.11444,0.11938,0.12445,0.1312,0.21455,0.20664,0.19828,0.18984,0.18241,0.17425,0.16413,0.15593,0.14815,0.1405,0.1346983090247182,0.12854,0.12393,0.11829
19-01-2026 13:45,25544.95,0.14487,0.13666,0.12756,0.12201248270936024,0.11614,0.11251,0.11062,0.11052,0.11243,0.11496,0.11903,0.12358,0.12837,0.1338451504030498,0.20948,0.20197,0.19316,0.18546,0.1781,0.16953064441930024,0.16012,0.15118,0.14295,0.13440804919199112,0.12862,0.12181,0.11596,0.10773885541430023
19-01-2026 13:50,25583.5,0.12838,0.12116,0.11711163941494979,0.11228,0.10902,0.10775197704314374,0.10557,0.10556,0.10766,0.11011,0.11450189106796405,0.11876,0.12347,0.12958,0.21282,0.2054473287901764,0.19832,0.18915,0.182285349429924,0.17343,0.16467,0.15624,0.14823,0.14042,0.13434,0.12716,0.12208,0.1151706508272648
19-01-2026 13:55,25602.3,0.1106,0.1098,0.10677,0.104,0.10442824132425466,0.10260615454324953,0.10166828676483641,0.10289671919829962,0.10419,0.10667,0.11224830533069025,0.11533,0.12046,0.12655,0.2172,0.20913,0.20067,0.19324,0.18519,0.17687,0.16751,0.15915482886333185,0.1517187801430349,0.14258,0.136,0.12898,0.12389,0.11756
19-01-2026 14:00,25605.6,0.12322,0.12220708219614915,0.12019,0.11659,0.11217,0.10884,0.10748102707659246,0.10746449390147453,0.10793,0.10968733852676962,0.11282,0.11712,0.12165,0.12738,0.21757,0.20907,0.20144,0.19244457072261237,0.18558,0.17699,0.16718,0.15838,0.15003764965314606,0.14124,0.13488,0.1275,0.12188,0.11534
19-01-2026 14:05,25625.95,0.12169,0.11189,0.10733229512576165,0.10345,0.10222,0.10043,0.09994,0.09999,0.10203,0.10432,0.10822,0.11282,0.11773,0.1216955819080287,0.2206936623071229,0.21071,0.20395,0.19544,0.1877792389592138,0.17924,0.16971,0.1617393594365946,0.15254,0.14421,0.13787,0.13055,0.12514004211785443,0.11896
19-01-2026 14:10,25615.15,0.10214427100502743,0.09995,0.09965,0.09834,0.09748,0.09712,0.09703,0.0976,0.10044,0.1035453473538629,0.10738,0.11256,0.11777,0.12431,0.22004,0.21226,0.20365,0.19573,0.18818,0.17891,0.16966220903028426,0.16036116080247284,0.15187,0.1439,0.13771,0.13078,0.12572,0.12014699070837137
19-01-2026 14:15,25589.9,0.13766,0.13118,0.12342,0.11812,0.11379,0.11051,0.10828,0.10703,0.10803,0.10946,0.11277,0.11743,0.12186013450101522,0.12803,0.21620711185154923,0.20806,0.20148,0.19112953976463012,0.18445422596612795,0.1762,0.16675,0.1588107545034176,0.14877,0.1404970236213209,0.13439629250863738,0.12657,0.12068,0.10995928393998872
19-01-2026 14:20,25610.85,0.11315,0.11321,0.10957,0.10694,0.10476,0.10277,0.10148937737580144,0.10149,0.10390893445493268,0.10535,0.10893,0.1136,0.11863,0.12504,0.21923,0.21064,0.2033,0.19293,0.18582299337676716,0.17771,0.16863,0.1605865509529878,0.15143,0.14296,0.13683,0.1295,0.1243,0.11837
19-01-2026 14:25,25607.6,0.10579,0.10267,0.10032,0.10001,0.09933,0.09809965459252754,0.0982,0.1012021593581644,0.10333544200552416,0.10301,0.10743,0.11224,0.11779,0.1206963756823444,0.21751,0.21036,0.2010104076865637,0.19334,0.18599,0.17685,0.16782,0.15877,0.15127,0.14339,0.13723,0.13016,0.12514,0.12074767230766309
19-01-2026 14:30,25603.8,0.12084,0.11134,0.10881,0.10532,0.10358,0.10147,0.1003,0.10042,0.1026,0.10453,0.10834,0.1135,0.11882,0.12533,0.21718,0.20826,0.20189,0.19260492150951544,0.18532,0.17512877136734523,0.16768,0.15837,0.15067,0.1425992745011297,0.13673979560828786,0.12894,0.12397064590647697,0.11796
19-01-2026 14:35,25599.55,0.12345,0.12152,0.11567,0.11125,0.10814,0.10541,0.10406061856789117,0.10339,0.10504,0.10769688244311204,0.11035,0.11674637441758973,0.11901340678993687,0.12651,0.21604620234251232,0.20833,0.2015,0.19188,0.18429,0.1745610759907315,0.167,0.15792,0.15039,0.142,0.13561,0.1285,0.12309199822378578,0.11684
19-01-2026 14:40,25614.95,0.11147258140009975,0.10885,0.10565,0.10395,0.10221,0.10078,0.09969,0.09987,0.1021,0.10379,0.10764,0.11244,0.11784,0.1245,0.21837,0.20946,0.20173351992280134,0.19316,0.18627,0.1764879956132051,0.16874,0.1597,0.15185,0.14376384147423574,0.13747,0.13037,0.12507,0.1193
19-01-2026 14:45,25620.55,0.11037,0.10708,0.10642,0.10373,0.10236,0.10072,0.0995406830809899,0.10005,0.10302677297445356,0.10383,0.10731,0.11241,0.1174,0.124,0.21897,0.211499286956194,0.20335,0.1934325423350198,0.18659,0.17784,0.16879687091651618,0.16058,0.15190110588702896,0.14412,0.1377491967937941,0.1307,0.12563,0.11969
19-01-2026 14:50,25623.15,0.1085,0.11035,0.10789,0.10536,0.10345,0.10200828666778591,0.1008,0.10025,0.10186,0.10386,0.10726,0.11208,0.11747,0.12387,0.22025,0.21127,0.20418631644750798,0.19481,0.18711950362699653,0.17899,0.16996,0.16187711085929252,0.15287,0.14462,0.1383,0.13097,0.12523,0.11760338952393795
19-01-2026 14:55,25624.2,0.10733,0.10619788700412588,0.10388624059234047,0.10127,0.09954,0.09874,0.09781,0.09807,0.10170412302367049,0.10269076616460218,0.10572,0.11066,0.1161,0.123,0.22186913737455188,0.21316,0.20647,0.19636,0.1889,0.17969,0.17055917750990032,0.16236,0.15414,0.14574,0.13925,0.1319,0.12646,0.11994
19-01-2026 15:00,25629.95,0.07571,0.08335,0.08974,0.09084,0.09224023080765054,0.09157,0.092,0.09314,0.09623998924298255,0.09833,0.10272,0.10864387985626628,0.1141,0.12154,0.22197,0.21378,0.2071,0.197,0.19015,0.1801325421337009,0.17272,0.16368,0.15576,0.14772,0.14142,0.1343,0.1287077731913788,0.12304
19-01-2026 15:05,25604.15,0.09258,0.09554,0.09658,0.09568,0.09561,0.09517494844745664,0.09489,0.09552,0.09932281235511825,0.10054,0.10469,0.11057,0.11521750986827262,0.12372,0.21802,0.21117283832903522,0.20222,0.19224,0.18469,0.17621,0.16796,0.1595,0.15167,0.14429,0.13815,0.13117,0.12627,0.1205
19-01-2026 15:10,25595.95,0.09948,0.10101,0.10084,0.09878,0.09738,0.09655,0.0956388364368716,0.09673,0.09952,0.10168829309123584,0.10649,0.11201,0.11776,0.12506,0.21773,0.20871,0.20256,0.19208247449003255,0.18448,0.1759019719834211,0.16875,0.16006,0.15216,0.14468,0.13963375379979676,0.13201,0.12721,0.12057
19-01-2026 15:15,25590.9,0.07844,0.08553839741513411,0.0891964397951362,0.09114,0.09153,0.09184,0.09221,0.09384,0.09699,0.10038,0.1066402160808908,0.11103,0.11673,0.12435,0.21822,0.20996,0.20319,0.19338,0.1838911610786019,0.17701,0.1671952067724141,0.16036536740070248,0.1527570146707646,0.1458656419774568,0.1394,0.1332,0.12822,0.12252
19-01-2026 15:20,25561.25,0.10066604689403824,0.09787,0.09795,0.09701,0.09614,0.09589,0.09658001272614919,0.097,0.10062,0.10386,0.10847,0.11473,0.11900762180098959,0.12524730202036874,0.21484,0.20616,0.19979,0.18962,0.18234,0.17327,0.16539,0.15768643942439275,0.14912,0.1416,0.13589,0.12968,0.12511,0.11944
19-01-2026 15:25,25558.3,0.09554,0.09861,0.09696,0.09634,0.09561,0.09436,0.09469556949203528,0.09501,0.09899,0.10247,0.10776,0.11696101828497468,0.12024,0.12882,0.21267,0.20797,0.19916,0.18901,0.18177,0.17312366551250238,0.16502337820606683,0.1576,0.14997,0.14330500081826197,0.13666,0.13105,0.12566,0.12062
20-01-2026 09:15,25559.3,0.11340348703976544,0.10782,0.10653,0.10435859622196328,0.10309,0.1019,0.1017,0.10278,0.10608,0.10934,0.11474077941032512,0.12104774843402921,0.12615847917024792,0.13346,0.21699,0.2081868551932513,0.19968151362837933,0.19062001047925994,0.18281,0.17515,0.166339260862162,0.15866,0.15097583648316903,0.14448,0.13891,0.13211,0.12705,0.12128
20-01-2026 09:20,25552.55,0.08007657389306877,0.08687,0.08991892419708575,0.09410309107915957,0.09326,0.09455,0.09744315226961658,0.0986,0.10298,0.10721,0.11258,0.12062843446883115,0.1258,0.13480170278151926,0.212079516011839,0.20639,0.19745117943783427,0.18967,0.18249,0.17475,0.16647,0.15859,0.15205,0.14496054719415086,0.14001,0.13427,0.12977,0.12469
20-01-2026 09:25,25506.85,0.10561,0.10672,0.10498586596200471,0.10338,0.10249,0.10253,0.10265,0.10513,0.10934,0.11327,0.11882,0.1255,0.13235,0.14021,0.2123,0.20228854472023422,0.19446,0.18606,0.17821,0.17054,0.16225,0.1547,0.14799,0.1406,0.13579,0.13023,0.12583558324472985,0.12043
20-01-2026 09:30,25488.8,0.11948,0.11639,0.11324,0.11045,0.10868,0.10559147734479526,0.10704,0.1092,0.11322,0.11642404887115956,0.1223,0.13024510230776007,0.1357,0.14346,0.21217,0.20331777297665438,0.19305,0.18456,0.17625,0.16882,0.15966712352441162,0.15211,0.14485,0.13766,0.1318431309950555,0.12653,0.12177,0.1169
20-01-2026 09:35,25481.8,0.11154767250889186,0.10612,0.10606,0.10502,0.10486,0.10412511026335389,0.10540968182067334,0.10807,0.11262,0.11688,0.12446079772713287,0.12934,0.13647,0.14437,0.21414,0.20424,0.195,0.18618,0.17789,0.16979,0.16114,0.15340827875298754,0.14609,0.13917,0.1344,0.12895,0.12492,0.12093
20-01-2026 09:40,25461.45,0.1239,0.12095,0.1183,0.115,0.11282,0.1114,0.11103,0.11364700813997852,0.11716,0.12286526143200392,0.12975542205281226,0.1328,0.13810157182787786,0.14751,0.2131333350483125,0.20484,0.19571,0.1866952451164263,0.17786,0.1694,0.16066,0.15234,0.14484,0.13754,0.13193,0.12643,0.1221791013643426,0.11715
20-01-2026 09:45,25463.25,0.11886,0.11763,0.11452,0.11196794217946901,0.11093,0.11004,0.10994,0.11251,0.11668,0.12084,0.1276832829687492,0.13335958505452605,0.13976,0.14772,0.21617,0.2068,0.19749,0.18816,0.17992,0.17097,0.16206,0.15357,0.14623,0.13888,0.13336217679953452,0.12791,0.12344,0.11877
20-01-2026 09:50,25462.3,0.100288681070137,0.10359,0.10437,0.1047,0.10478,0.10524,0.10628,0.10976,0.11486,0.11966,0.12551,0.13248,0.13991,0.14806,0.21566,0.20717,0.19781,0.18868651722977722,0.17986,0.17141,0.16265,0.15482,0.14771,0.14109,0.13607260592857506,0.13128,0.12741,0.1244478692092223
20-01-2026 09:55,25459.95,0.12017,0.11734,0.11509,0.11309,0.11168,0.11066,0.11082,0.11301,0.11729,0.12141,0.12645,0.13352,0.13992,0.1482,0.21354,0.20352143652631086,0.19488,0.1845960146596604,0.17719,0.16798,0.15917,0.15126,0.14375,0.13703,0.1318,0.12653,0.12236161317366764,0.1189
20-01-2026 10:00,25467.2,0.1245690083134342,0.11817,0.11474021962651065,0.11298,0.11161,0.10995872691947137,0.11064,0.11255,0.11674282926628245,0.12051,0.12662033454627325,0.13244,0.13902,0.14695,0.21533,0.20626831562676035,0.19651,0.1877,0.1793,0.17022,0.1615,0.15279,0.14497147459719736,0.13807253507582218,0.13245,0.12718,0.12286,0.11927
20-01-2026 10:05,25465.6,0.12575,0.12217,0.11847,0.1155,0.11323,0.11169,0.11138,0.11299,0.11669,0.11913773518697585,0.12424879398626798,0.13143,0.13808,0.1437396478353159,0.21274,0.20373,0.19436,0.1854,0.17664,0.16787,0.15919,0.15038,0.14302,0.13565,0.1304,0.1248,0.1205,0.11612
20-01-2026 10:10,25484.8,0.1074,0.10682,0.10632,0.10583,0.10569,0.10526,0.10616,0.10868,0.11282,0.11673,0.12245,0.12917,0.13582,0.14246912289417205,0.21481,0.20536,0.19732,0.1883,0.18013,0.17126,0.16273,0.15463,0.14738,0.14062,0.13526,0.130216837496733,0.12609,0.12315181077529908
20-01-2026 10:15,25468.6,0.12772,0.12327,0.11949,0.11605,0.11314,0.11173,0.11248250077599659,0.11295,0.11646,0.11995,0.12512,0.13208289772129544,0.13793,0.1461,0.21212,0.20321,0.19506625885026044,0.18619,0.17738,0.16858,0.16035,0.15144,0.14432,0.13723,0.1311,0.12532,0.12078,0.11595
20-01-2026 10:20,25485.6,0.11154,0.10884,0.10774,0.10619,0.10572,0.10459662406489814,0.10573,0.10814,0.11224583081810569,0.11595,0.12138,0.12801,0.13389,0.1418,0.21395,0.20507,0.19666,0.18720761836065045,0.17934,0.1703,0.16192,0.15335,0.14566,0.13856,0.13311,0.1275,0.12343,0.11945
20-01-2026 10:25,25487.25,0.10661,0.10795,0.10761,0.10587,0.10469,0.10423,0.1064054577278295,0.10713,0.11101,0.1149,0.11703054204792868,0.12653,0.13370885016294431,0.14058,0.21321349234174175,0.20576,0.19731,0.18871,0.17989,0.1711,0.16216,0.15401,0.14591,0.13898415304431128,0.13349,0.12787,0.12407559251750852,0.11984
20-01-2026 10:30,25478.75,0.11189,0.11147,0.10921,0.10682651595713419,0.10666,0.1071854503250135,0.10709091135096471,0.10901,0.11309,0.11659,0.12183,0.12783,0.13375,0.14165,0.21488,0.20636191074478688,0.1986515952898862,0.18781,0.17961,0.1705476327016059,0.16191,0.15362,0.1453619981624197,0.13855,0.13287,0.12723,0.12353,0.1192
20-01-2026 10:35,25473.7,0.13324299870371326,0.12579,0.11823055736270832,0.1168,0.11332,0.11134,0.11109,0.11192631157563462,0.11489,0.11793,0.12257,0.12839,0.13405,0.14165,0.21389,0.20442,0.19551,0.18693,0.17812,0.1707413720823536,0.16038,0.152,0.14354,0.136406421182303,0.13003,0.12406,0.11976,0.11477
20-01-2026 10:40,25492.55,0.10672,0.1075,0.10644,0.10503,0.10373,0.10351,0.10377395182352822,0.10662,0.11002410960408918,0.11392,0.11913,0.12533,0.13116,0.13874,0.21694,0.20647,0.1981895767430096,0.18906,0.18062,0.17150661814852156,0.16265,0.1537,0.14615,0.13932,0.1333,0.12777,0.12399,0.11969
20-01-2026 10:45,25480.45,0.11358,0.11198,0.11056,0.10835,0.10654,0.10603,0.10659,0.1082859116334633,0.11211,0.1154,0.12152734419791894,0.12682,0.1339882456712987,0.1398,0.21571,0.2057,0.19716,0.18776,0.17897,0.16961,0.161,0.15226,0.14411,0.13716,0.13185,0.1266812647961024,0.12186,0.11749
20-01-2026 10:50,25478.05,0.10456,0.10630212863826002,0.1052,0.10423,0.10371,0.10367,0.1047,0.10718,0.11123,0.11475,0.11936152959901486,0.12687,0.13248,0.14035,0.21533868277256435,0.20685,0.19856,0.1876539232284729,0.18033,0.17134,0.16222,0.15388,0.14507,0.13858,0.133,0.1275,0.12352,0.11934
20-01-2026 10:55,25465.4,0.11001,0.11015921359946959,0.10802150857177378,0.10717,0.10613,0.10588,0.10683,0.10947051579576061,0.11304,0.11638,0.12194,0.12796,0.13303517863392317,0.14169,0.21569,0.20598,0.19799,0.18832,0.17735443105532647,0.17018,0.16098,0.1532118179002532,0.1466811118762634,0.1395188729187663,0.13252283175238738,0.12627,0.12217,0.11789
20-01-2026 11:00,25459.55,0.10868,0.10766327571421694,0.10691,0.10551,0.10506,0.10499,0.10609,0.10852,0.11267,0.1165,0.12191,0.1283,0.13487,0.14197,0.21483067969985986,0.2054,0.19734504733740316,0.18736,0.17861,0.16953,0.16114702919872428,0.15227,0.14379,0.13738,0.1317,0.12624,0.12208,0.11829
20-01-2026 11:05,25453.55,0.11082,0.10903,0.10521385203486716,0.1043208303516254,0.10513,0.10492,0.10490547514459825,0.10871,0.11321,0.11702,0.12277,0.1287396788246692,0.13604,0.14342,0.21512500475815627,0.20524,0.19601,0.18708,0.17858,0.16914,0.1593126056744473,0.15054522719848654,0.14305,0.1366,0.13097,0.12559,0.12122,0.11696
20-01-2026 11:10,25452.35,0.11701214911926294,0.11093,0.1091,0.10713,0.10666701590623373,0.10565,0.10673,0.10914,0.11382,0.11773,0.12347,0.13009,0.1366,0.14428,0.21249,0.20293,0.19392,0.18522,0.17663,0.1674,0.15857,0.14993762902173693,0.14242,0.13592,0.13029,0.1252698630859305,0.1209,0.1166
20-01-2026 11:15,25445.65,0.12009,0.11624257904579835,0.11068,0.10879,0.10688169294901251,0.10679,0.10767,0.11018,0.11439,0.11865,0.12418,0.13069,0.13729,0.1449,0.21085073186435138,0.20226,0.19364,0.18416,0.17559,0.16670380865985662,0.15732,0.14903,0.14108,0.13431469366879173,0.12892,0.12356,0.11968910460308055,0.11507
20-01-2026 11:20,25449.95,0.11642,0.11418,0.11154,0.10934,0.10777,0.10714414827143806,0.10791,0.11005,0.11411,0.11805,0.12336482726297204,0.13031,0.13678,0.14464,0.21234,0.20231,0.19334,0.18431,0.17548,0.16635,0.15739,0.1484591123449079,0.14115,0.13428,0.12837,0.12298,0.11879,0.11461
20-01-2026 11:25,25447.1,0.12996278005979722,0.12353279308478218,0.11703,0.1135,0.11081,0.10791678163156429,0.10955,0.11127,0.11507,0.11900941362483217,0.12429,0.13025,0.13698,0.14503,0.21107,0.20205,0.19264986677925885,0.18367,0.17454,0.16679612918358636,0.15634,0.14866,0.14012,0.13309,0.12699,0.12152918420804257,0.11676,0.11183
20-01-2026 11:30,25458.7,0.11565043065973046,0.11182,0.10942,0.1076,0.10639,0.10576982214561734,0.10764361454337124,0.10885,0.11359500418967589,0.1172,0.12297,0.12923,0.13594,0.14388,0.21286,0.20406167058433605,0.1952,0.18574,0.1757942697083696,0.16773,0.15875,0.15054,0.14234,0.13524,0.12935,0.12395131197008238,0.11971,0.11532
20-01-2026 11:35,25466.4,0.11355,0.11138,0.10887,0.10647,0.1051,0.10478,0.10551,0.10824919441524833,0.11214,0.11609,0.12192,0.12788737693308444,0.1352,0.140345276479323,0.21352940669023274,0.20421,0.19568,0.18664,0.17681,0.1678,0.15921,0.15068,0.1423,0.13516,0.12912,0.12373,0.11943,0.11498
20-01-2026 11:40,25461.5,0.12097,0.11630523403119183,0.112,0.10852,0.10679,0.10562,0.1063,0.1084,0.11251,0.11636,0.12252,0.12877,0.13566,0.14361,0.21181826069318094,0.20279,0.19374597378902805,0.18411260497588555,0.17596,0.16727,0.1579,0.14947,0.14098,0.13366229562374846,0.1280660980872833,0.12192,0.11721,0.11036171128385847
20-01-2026 11:45,25463.2,0.12048,0.11557,0.11228,0.10909,0.10867329787784419,0.10589,0.10977315714984692,0.11253176649181146,0.11581201469452711,0.11682,0.12256,0.12889,0.13567,0.14366,0.21245,0.20560083291281908,0.19501,0.18563,0.17653,0.16721,0.15814,0.14898295627352628,0.14123,0.13391,0.12791,0.12175,0.11723,0.11238
20-01-2026 11:50,25474.5,0.11774,0.11478,0.1102276005510558,0.10766,0.10586,0.10404215138046438,0.10512,0.10724,0.11143,0.11565,0.12162,0.12833608523038692,0.1352,0.14297,0.21369,0.20379,0.19501,0.18616,0.17629385510230805,0.16797,0.159,0.15025,0.1420048619889396,0.13447527223750788,0.12763,0.12182891322334741,0.11707,0.11218
20-01-2026 11:55,25481.0,0.10771,0.103,0.10276,0.10132,0.10055,0.10028,0.10212578089347923,0.10488064505224781,0.10935,0.11412,0.12074,0.1275,0.13459,0.14305,0.21420500196520248,0.2055061717622822,0.1970948034279686,0.18695078600223283,0.17896,0.16935,0.16058,0.15217,0.14355,0.13664,0.13013,0.12432,0.12024,0.11575
20-01-2026 12:00,25467.5,0.09915,0.09916,0.09962,0.09945,0.09935,0.09996,0.10211229412990713,0.10490286178703967,0.10965,0.11489,0.12143,0.12857,0.13616,0.14475,0.21347946232962972,0.20503,0.19685,0.18735,0.1778,0.1687,0.16017938074970686,0.15162,0.14389513598556145,0.13653013960674945,0.13011,0.1244,0.12066,0.11678
20-01-2026 12:05,25450.2,0.09507,0.09683,0.09809,0.09795,0.09876,0.09977,0.10294437133267087,0.1057,0.1111,0.11635,0.12323,0.13027,0.13801,0.14649,0.21282,0.20368,0.1954,0.18582,0.17652,0.16785,0.1592,0.15096,0.14268,0.13570903083718655,0.12987,0.12489994350530834,0.1211,0.11695
20-01-2026 12:10,25433.1,0.1132,0.11044,0.10853,0.10653,0.10577,0.10538,0.1068,0.10975,0.1145,0.11952,0.12627,0.13302,0.14059,0.14884,0.213,0.20233,0.19356,0.1843,0.173514288335002,0.16616,0.15694,0.14994323452783745,0.14326872657811623,0.13791312611515905,0.13012350997718986,0.12387259910702411,0.11718,0.11337
20-01-2026 12:15,25439.15,0.10619,0.10565,0.10402950192369192,0.10336,0.10326,0.10351,0.10532,0.10852,0.11348,0.11845,0.12495,0.13179,0.1390388997805013,0.14682,0.2137,0.20348,0.19506,0.18538,0.17628,0.16790276926883177,0.1577,0.1496762983065519,0.14148,0.13493,0.12875,0.1233,0.11831141663861697,0.11313457278981826
20-01-2026 12:20,25436.4,0.11271841301790742,0.1082519120572972,0.10402,0.10292,0.10264,0.10372344552193022,0.10551149138352844,0.10817656771703665,0.11297,0.11805,0.12472,0.13187,0.13929,0.14763,0.21345,0.20323867818290153,0.19523303789342653,0.18477750481610908,0.17538,0.16608,0.15717,0.14894,0.14065,0.13405,0.12774,0.12213,0.1182,0.11411
20-01-2026 12:25,25423.6,0.1208,0.11588,0.11273,0.1099,0.10793,0.10731460704358484,0.10829,0.11071,0.1152320813902189,0.12048,0.12691,0.13422,0.14152,0.14968,0.20950712338510064,0.20144,0.19343,0.18337,0.17426,0.16461,0.15543,0.14757,0.13902,0.13232,0.12569,0.11981,0.11442656618462163,0.10473327491013701
20-01-2026 12:30,25431.55,0.10947,0.10756418670670276,0.10553,0.10408,0.10356,0.10387,0.10576,0.1087,0.11490700689893925,0.11914,0.12623,0.13368,0.14167,0.15026,0.21153099938029546,0.20331311848924974,0.19397,0.1843,0.17522,0.16558,0.1569,0.1486,0.14075,0.13438,0.12794,0.12426675007815977,0.12105724040921181,0.11832984882924263
20-01-2026 12:35,25423.05,0.11678061948073026,0.11162,0.10934,0.10555278769653184,0.10628,0.10639146457970636,0.10768038696915694,0.11054,0.11542,0.12063,0.12902313688432093,0.13433017140300374,0.1426,0.15113,0.21080433310853502,0.20148,0.19346,0.18374,0.17161975732886592,0.1649,0.15614,0.14836,0.14033,0.13389,0.12714,0.12128,0.11759349393104454,0.11297
20-01-2026 12:40,25423.5,0.10643,0.10618,0.10456665176883756,0.10452,0.10418,0.1047,0.10697,0.11016,0.11521,0.12107486026826644,0.12754,0.13497,0.14277,0.15133,0.21033855086487013,0.20113,0.1930555155202801,0.18383,0.17468,0.16649635130439586,0.15647,0.14846,0.14093314403754684,0.1341652717201986,0.12806,0.12269,0.11854,0.11481
20-01-2026 12:45,25416.4,0.11852,0.11428,0.11149,0.10896,0.10773,0.10729,0.10892,0.11188,0.1167,0.12145,0.12829,0.13531,0.14295,0.1516,0.20811260003671078,0.19996,0.19164,0.18237,0.17329,0.164893378967806,0.15546084020291126,0.14701,0.13937,0.13277,0.12663,0.12093,0.11667,0.11076377320359304
20-01-2026 12:50,25426.5,0.11311,0.11122,0.10906,0.10681,0.10794773610808184,0.10587,0.10744,0.11062,0.114633970503045,0.11979,0.12739868902522833,0.13337,0.14056,0.14862,0.21124,0.202,0.1928,0.18391,0.17114574561428408,0.16542,0.15643,0.14851,0.14039,0.13381,0.12721,0.12141,0.1171,0.11314
20-01-2026 12:55,25428.95,0.1147,0.11217,0.10143965578638553,0.10689,0.10592,0.10607,0.10751,0.11028,0.11486,0.11946,0.1261,0.13324,0.14029,0.14881,0.21106,0.20141,0.19312,0.18387,0.17481,0.1652,0.15629,0.14784,0.13991,0.13364,0.12696,0.12203536153807118,0.11649,0.11241
20-01-2026 13:00,25428.55,0.11009,0.10856,0.1069,0.10542,0.1045,0.10516,0.10754199846156881,0.10928788142359588,0.11462,0.11955,0.12619,0.13349,0.14042985500844393,0.14912,0.21205,0.204226484671509,0.1943,0.18527,0.17281360542991567,0.16656,0.15769,0.14962,0.14138,0.13494,0.12799,0.12204,0.11751,0.1124972523763636
20-01-2026 13:05,25423.7,0.11124,0.10936378047702264,0.10583303376388536,0.10539,0.10508211335241269,0.1048,0.10666,0.1096,0.11432,0.11944,0.12623,0.13368,0.14102,0.1465788675768142,0.21158,0.20228,0.19419,0.18511,0.1738956921468839,0.16629,0.15714,0.14924,0.14094,0.13456,0.12772,0.12242096251782456,0.11728,0.11361
20-01-2026 13:10,25424.7,0.1078,0.10677,0.10565,0.10431,0.10396,0.1043,0.10644,0.10939,0.1144154599394215,0.11943,0.12599,0.13342,0.14123400066173508,0.14945,0.21222,0.20243,0.19536379218345837,0.18492,0.17599,0.16618,0.15874602933320184,0.14959,0.14143,0.13410846015784683,0.12811,0.12231,0.11833554283444911,0.11415
20-01-2026 13:15,25413.05,0.1191495300624913,0.11396,0.11111,0.10903,0.1073,0.10742,0.10895,0.11184,0.11677746817714232,0.12138,0.1293087988591714,0.13515,0.14205,0.15068,0.2115,0.20337837123231312,0.19348,0.18399,0.17438,0.16511,0.15615,0.14777,0.14032591782320938,0.13339,0.12652,0.12126286241224024,0.11678388764015621,0.11188
20-01-2026 13:20,25432.95,0.10549,0.10521,0.10463,0.10332,0.10306,0.10343254656438991,0.10583,0.10895,0.11362,0.11956454310448324,0.12683574233037836,0.13176,0.13839,0.14622,0.21272,0.20298,0.19458,0.18595,0.17473283159030648,0.16723,0.15861,0.15051,0.14299153587681623,0.13619,0.12938,0.12385,0.1190053298207506,0.11571
20-01-2026 13:25,25422.0,0.11166,0.11031,0.10826,0.10659,0.10591,0.10591,0.10769858393050113,0.11048,0.11505,0.11937,0.12564,0.13239,0.13918,0.14686,0.2112236605122813,0.20228,0.1938,0.18371223048848087,0.17549,0.16598,0.15731,0.14858,0.14068,0.13337444434969625,0.12769,0.12213,0.1179424529861863,0.1139
20-01-2026 13:30,25415.05,0.10348,0.10326,0.10286,0.10234,0.10244,0.10378,0.10643,0.10968,0.11502853108327596,0.11975,0.12607,0.13332,0.14008,0.14774,0.21187,0.20201,0.19422,0.18297004261479408,0.17533,0.16572,0.15696,0.14927,0.14108,0.13424676846838393,0.12852,0.12340075674748721,0.11927,0.11595
20-01-2026 13:35,25392.3,0.10629,0.10578,0.10436,0.10439,0.10435,0.10572,0.10866779730572063,0.11231,0.11748,0.12272,0.12934,0.13666,0.14399,0.15221,0.21263,0.20288,0.19494,0.18565,0.1764,0.1668,0.15868,0.15101,0.14296,0.13658,0.13079,0.12511,0.12114,0.11038971861248476
20-01-2026 13:40,25365.4,0.1195,0.11614,0.11303,0.11111,0.10982,0.11059,0.11295,0.11636,0.12121,0.1265,0.13288,0.14036,0.14718,0.15527,0.21167959633982286,0.20149,0.19393,0.18288,0.17352,0.16381,0.15514,0.14686,0.13903133302301343,0.13282,0.1262,0.12081,0.1160756643066497,0.11217
20-01-2026 13:45,25372.15,0.11362,0.11193,0.10892,0.10755,0.10657,0.10757,0.11044,0.11415,0.11937,0.12474,0.13185,0.13917,0.14658,0.15474,0.21139,0.20267,0.1943362120939513,0.18461,0.17568,0.16583,0.1576078751827582,0.14928,0.14224823157687014,0.13548,0.12896,0.12333,0.1187,0.11453
20-01-2026 13:50,25364.1,0.12078461450507982,0.11542,0.11157277287120088,0.11015,0.10898,0.10929,0.11172,0.1156,0.12142491879537093,0.12720368805636884,0.13298,0.14043,0.14763,0.15575,0.21097,0.20219,0.19247371977623068,0.18377749200493293,0.17409036512468495,0.1666417567735918,0.15701,0.14881501764437874,0.14016,0.13401,0.12738,0.12171,0.11726,0.11303
20-01-2026 13:55,25368.4,0.12203771693897758,0.11596,0.1123149776424453,0.11014,0.10921414310902977,0.10947,0.11184,0.11536,0.12047,0.12582,0.13258,0.13973,0.14713,0.15527,0.21065,0.20234,0.19506,0.18455,0.17557,0.16568,0.15687951402833586,0.14869,0.14079,0.13478,0.12791,0.1224,0.11736,0.11303
20-01-2026 14:00,25369.7,0.11428657708591083,0.11201,0.10893,0.10744,0.10673,0.10818,0.11086,0.11473,0.12021,0.12547654363048763,0.13214,0.1396,0.1468,0.15515,0.21334,0.20365,0.1959,0.18366220660512092,0.17725958985701537,0.16678,0.15798,0.14922,0.14073,0.13489,0.13347000770605583,0.13030865464674865,0.12987858542284733,0.1295157055154747
20-01-2026 14:05,25359.55,0.11419596693441025,0.11154,0.10917,0.10798,0.10734,0.10897,0.11175,0.11592,0.12161,0.12812516161220483,0.13384,0.1413,0.14847123136407142,0.15808,0.21272949844851757,0.20364,0.19509,0.18532,0.17684,0.16732,0.1586,0.14999,0.14228,0.13639,0.12966,0.12411,0.11977,0.11753755193771437
20-01-2026 14:10,25355.15,0.1183,0.11485,0.11245,0.10977187022026744,0.11,0.1103115820059046,0.11373,0.11751,0.12316,0.12815241848593162,0.1361571070916624,0.1420624447843121,0.15054,0.15889,0.21223,0.20319,0.19342766068238884,0.18513,0.17440306708337464,0.16724,0.15862,0.1507048542393935,0.14221,0.13597,0.12932,0.12433028679933186,0.11991404537950498,0.11436
20-01-2026 14:15,25366.45,0.11426133429144347,0.11021,0.10698483905530348,0.10745,0.10704,0.10866,0.11137,0.11521,0.12155204932592545,0.12634,0.13298,0.13991983405432262,0.14814,0.15524030425654894,0.21048209955668368,0.20194,0.19271,0.18543291039570134,0.17576,0.16672,0.15844,0.15000141579161175,0.14307990485991565,0.13675,0.13014,0.1254322792735342,0.12065,0.11665
20-01-2026 14:20,25356.3,0.12201,0.11807,0.11455730250788215,0.11293,0.11176,0.11313799460058196,0.1147,0.11805,0.12277,0.12807,0.13424,0.14166,0.14925,0.15735111089816445,0.21,0.20085,0.1926,0.18335,0.17458,0.16573,0.15718,0.14903,0.14153,0.13538,0.12847,0.12274,0.11845,0.11392
20-01-2026 14:25,25378.65,0.12105,0.117,0.11303938400651897,0.11102,0.10963,0.11063,0.11258,0.11628537707964898,0.121,0.12604,0.13239,0.13931,0.14648,0.15474,0.21293,0.2034,0.19521,0.1857634833503422,0.17705,0.1674,0.15813,0.14975,0.1427212222774095,0.13547,0.12861,0.12265,0.11805,0.11323
20-01-2026 14:30,25385.8,0.11073,0.10874,0.10725880849554176,0.10499116522329041,0.10555,0.10716,0.10923696767545499,0.11346,0.11806076756015325,0.12355,0.13016,0.13685,0.14163683123472182,0.14940930010821046,0.21419,0.20425,0.19665954535517655,0.18659,0.17846,0.169,0.16006,0.15221,0.1450201012169869,0.13853,0.1319,0.12654,0.12214,0.11784
20-01-2026 14:35,25374.45,0.10874,0.10747,0.10589,0.10523,0.10448591012401875,0.10647,0.10924,0.11288,0.11790913026145139,0.1233,0.12981,0.1365700711040725,0.14366,0.1516,0.21543,0.20562,0.19772,0.18902,0.17987,0.1709,0.16238,0.15404,0.14726253324880878,0.14024,0.13396175249842002,0.12795,0.12368,0.11927
20-01-2026 14:40,25356.7,0.10225509894545659,0.10881,0.10683,0.10773429568384027,0.10637,0.1082,0.11121,0.11492,0.12054,0.12572,0.13238,0.1394,0.14656,0.15455,0.21403564069762743,0.20743,0.19928,0.18959,0.18121,0.17213,0.16356,0.1549,0.1474,0.14077,0.13453,0.12876,0.12406,0.11977
20-01-2026 14:45,25345.55,0.11529,0.11294,0.11041,0.10868152493898206,0.10864,0.10987,0.11265,0.11615,0.12148649443761425,0.12585950496313553,0.13376,0.14068,0.14752,0.15514,0.21677,0.20717,0.19801,0.1883,0.17987,0.16997,0.16096,0.15256,0.1455355377941697,0.13852,0.13195,0.12642,0.12178,0.11732
20-01-2026 14:50,25348.5,0.10425,0.10393,0.10305,0.10297704315133546,0.10348,0.10534,0.10893,0.11285477163571758,0.11893,0.12412,0.1315,0.13842,0.14581,0.1543,0.21856,0.20883,0.19849996553418053,0.18946,0.17910470767612274,0.17097,0.16189,0.153,0.14558,0.1391,0.13254,0.1271193303738922,0.12282,0.12213351844352877
20-01-2026 14:55,25335.5,0.09571,0.09742,0.09848,0.09992,0.101,0.10445,0.10817,0.1129,0.11854026100120635,0.12474,0.13244,0.13951,0.14673,0.15479,0.21849,0.2084308938501328,0.20077449243753193,0.18986617751665255,0.18023,0.16993,0.16071,0.15238,0.14526,0.13876,0.13306,0.12801,0.12455,0.12171
20-01-2026 15:00,25288.25,0.1044,0.10407,0.10406,0.10487,0.10757144347705017,0.10966,0.1139,0.11894,0.1255,0.13133162765426423,0.1361405767370107,0.14653,0.15207167784022244,0.16265,0.2131,0.20251,0.19301,0.18224,0.17393,0.1639,0.15496,0.14722,0.14049,0.13464,0.12890626984945702,0.12433,0.12107,0.11819
20-01-2026 15:05,25289.95,0.09729603105911921,0.09853,0.09973,0.10149,0.10418,0.1078,0.11255,0.11733,0.12391,0.12859389497816504,0.13599722684856835,0.14491,0.15284,0.16084,0.21652,0.2051973585457628,0.19639,0.18535,0.17685,0.16739796338226334,0.15847,0.15071,0.14413,0.13867,0.1335,0.12859,0.12418260699767078,0.12319
20-01-2026 15:10,25245.35,0.09945,0.10284762000826106,0.10253849746473281,0.10516,0.1089,0.11311,0.11855,0.12466022172932265,0.13062,0.13574597727864732,0.1442,0.15119,0.15931,0.16759,0.21653,0.2042,0.19461,0.18401,0.17462,0.16669133726524366,0.1576,0.15086,0.14497,0.14046,0.13613,0.13301,0.13092,0.1348727547704463
20-01-2026 15:15,25238.75,0.10515,0.10596,0.10699,0.10871,0.11216,0.11913327123757203,0.12091,0.1269664413943652,0.13246668325921993,0.13918,0.1511218854046768,0.15373,0.16161,0.16897,0.22738,0.21506,0.20669681471120485,0.19277,0.18266575136031107,0.17182,0.16316,0.15585570345809438,0.14824,0.14265,0.13779355721537728,0.13321,0.12952645381432223,0.127719356219182
20-01-2026 15:20,25191.85,0.12125,0.11886,0.11737,0.11820689649495583,0.11975,0.12271883116431634,0.12685,0.13185,0.13761,0.14411,0.15051,0.15709,0.16261779361677414,0.17198,0.2183311035672169,0.20918,0.20017,0.18901,0.17848942605933169,0.16855,0.15906,0.1504606232859855,0.14289,0.13612,0.13026,0.12498,0.12099,0.11734
20-01-2026 15:25,25185.2,0.16403485368879667,0.14143930164383048,0.1297,0.12673,0.12581,0.12786,0.12951,0.13490414298873163,0.13935,0.14396,0.15725530772745983,0.15751,0.16495,0.17189,0.21160332539659682,0.2088,0.19656,0.18717,0.17528,0.16647,0.15823,0.15255,0.14239,0.1339,0.12805,0.12057,0.11524,0.09302220269567313
21-01-2026 09:15,25171.75,0.16156101421928037,0.15294,0.14389291198521864,0.14119,0.13853,0.13825,0.1395,0.14254521327712197,0.14727,0.15271,0.1580563053370589,0.16575,0.17272,0.18004,0.22163,0.21205,0.20214,0.19239,0.18253,0.17277,0.16299,0.15324,0.14406,0.13532,0.12661,0.11838,0.11024,0.10135
21-01-2026 09:20,25204.0,0.14489,0.13684,0.13149,0.12897,0.12792,0.12825,0.13111,0.13522,0.14083,0.14681,0.15371,0.16135,0.16841,0.17651,0.22981,0.21942217383026613,0.20887,0.19878,0.18866,0.17855478919803255,0.16879223902670934,0.15893,0.14964,0.14123,0.13293,0.12507,0.11766,0.11031
21-01-2026 09:25,25249.5,0.11239,0.11136540283370736,0.10841,0.1092,0.11144662568301078,0.11359,0.11748586800746408,0.124,0.13056,0.1378,0.14569,0.15395,0.16214,0.16992,0.23932,0.22872,0.21821732218281123,0.20844,0.19844,0.18894087621225658,0.17700652718831159,0.16883,0.15985,0.15212,0.14385,0.13775,0.1322,0.12996331339899464
21-01-2026 09:30,25231.8,0.13669,0.12895903697648817,0.12412,0.12087,0.12038,0.12219114360828445,0.12475,0.12956,0.13608,0.14246,0.15005,0.15783,0.16532,0.17285,0.23522352094482463,0.22520575683637636,0.2149364925148948,0.20422,0.19388,0.18338,0.17327327084507943,0.16297,0.15255,0.14322,0.13429,0.12583,0.11875,0.11057
21-01-2026 09:35,25229.95,0.10890744978753364,0.10752687133435787,0.10846,0.10857,0.10986493807018272,0.11357,0.11819,0.12409,0.1309,0.13852,0.1475505776041155,0.1555,0.16438,0.17241,0.2393,0.2269338907600178,0.21739,0.20703,0.19838804643859367,0.18647,0.1758,0.16575,0.15633,0.14788,0.13944,0.13261,0.12591,0.12057
21-01-2026 09:40,25195.85,0.12911787788095885,0.12386,0.12034,0.11914,0.11944,0.12178,0.12572,0.13093841771359177,0.13744,0.14442,0.15206,0.15980098166316245,0.16750056572659053,0.17625,0.23126,0.22039,0.20921,0.19894,0.18912,0.17868,0.1675188389804707,0.15788,0.14814,0.13936,0.13038,0.12255,0.11511,0.10723773325835712
21-01-2026 09:45,25195.8,0.1287948631142911,0.12241,0.11905,0.11758,0.11900745502364252,0.12115,0.12508,0.13066,0.13697989352112325,0.14369,0.15164,0.15941743136687042,0.16779,0.17631,0.23032056877163104,0.21955,0.20885,0.19859439002470047,0.18822,0.17803,0.16791443759288646,0.15791,0.14843,0.1399,0.1314,0.12326,0.11657,0.10994
21-01-2026 09:50,25185.15,0.12236,0.11795,0.11453752500255981,0.11528,0.11714283214826082,0.11966,0.12435332879860622,0.1304,0.13697,0.14439,0.15238,0.16083,0.16916,0.17729,0.22539,0.21541,0.20434,0.19499,0.18528,0.17565,0.16525,0.15601,0.1469,0.13814300340571467,0.13028,0.12276998461324459,0.11641,0.11009
21-01-2026 09:55,25177.9,0.11379,0.11152,0.10957983300423996,0.11141,0.11346,0.11718,0.12215,0.1284,0.13477457242647492,0.14091554555368085,0.15089036620482504,0.16066,0.16945,0.17428824028084283,0.22504,0.21521,0.20467,0.19578758057354198,0.18481323980131187,0.17627,0.16709697333925963,0.1575,0.14867,0.14081,0.13346705975997045,0.12667,0.12103,0.1157
21-01-2026 10:00,25151.55,0.12546,0.1256873286996429,0.12103544360933466,0.11892,0.11961,0.12284,0.12739,0.13308,0.13961,0.14673,0.15487,0.16346,0.17209,0.18016440028103048,0.22193,0.21176,0.20041057554933236,0.19167,0.18148,0.1718,0.16211,0.15239,0.14399,0.13558,0.12784,0.12142,0.1150779843045345,0.10876
21-01-2026 10:05,25168.3,0.12234522928612945,0.11538,0.11423,0.11445,0.11676303242176644,0.11910305448717093,0.12439163089304645,0.13075,0.13746,0.14494,0.15349,0.16138,0.16973,0.17714,0.22286,0.21264,0.20243,0.19279,0.18268,0.17313,0.16324,0.1546,0.1458,0.13816,0.13112,0.12476,0.11912,0.11439
21-01-2026 10:10,25142.55,0.12749,0.12315,0.12023,0.12039,0.12189,0.12482,0.12956646602186161,0.13563,0.14202,0.15029327592265093,0.15767,0.16529,0.17225,0.18029,0.21797,0.20761,0.19824629203506033,0.18776,0.17788,0.16848,0.1586821283961524,0.14989,0.14065,0.13289,0.12515,0.11804,0.11153,0.10527
21-01-2026 10:15,25145.8,0.12333,0.11947,0.1175,0.11810112032459316,0.11928,0.12282,0.12764,0.13377,0.1409,0.14923822109293672,0.15653,0.16493,0.1719,0.17995,0.22032,0.21,0.1998204656060069,0.18993,0.18055428051605685,0.17012,0.16051,0.15099977257013714,0.14217178718107418,0.13445,0.12696,0.1204,0.11402,0.1085
21-01-2026 10:20,25143.35,0.1079,0.10745,0.1083,0.11044,0.11423,0.118043961277749,0.1254,0.13227,0.14021,0.14801,0.15664,0.16499,0.17225,0.18071,0.22032,0.21089,0.20145,0.19248,0.18309,0.17442,0.16525,0.15763,0.14974,0.14271,0.13565,0.13077,0.12584,0.12255
21-01-2026 10:25,25100.4,0.12159,0.11908,0.11899,0.1201,0.12283,0.1262045210573365,0.13228,0.13878,0.14571,0.15384,0.16224901480935666,0.17048,0.17831,0.18593,0.21872,0.2089,0.19884,0.18907,0.17952,0.1703245117368527,0.16056,0.15206,0.1438,0.13602,0.12931,0.12317,0.11739433223517856,0.11316
21-01-2026 10:30,25093.35,0.12167282725878359,0.12031,0.11937,0.12075,0.12372,0.1282,0.13354,0.14022026470085466,0.14693,0.15483,0.16325,0.1709487957979933,0.17918952782945302,0.18642,0.21712,0.2065,0.19696,0.18695,0.17708061522485538,0.1679,0.1584,0.14965,0.1415,0.13408246821108902,0.12714812689669266,0.12053,0.11435,0.10948
21-01-2026 10:35,25094.5,0.11848,0.1171,0.11731,0.12012279382956079,0.12362012283668411,0.12727,0.13437673247512882,0.14085387146886133,0.147,0.15472,0.16342,0.17133,0.17914,0.18757,0.2166,0.20606,0.19642,0.18667,0.17674,0.16751,0.15911953031509327,0.15015,0.14241,0.13525,0.12902,0.12337,0.11888,0.11649745832097119
21-01-2026 10:40,25076.8,0.11326693514422648,0.1126,0.1173378107412491,0.11919,0.12378,0.12957,0.13582,0.14283,0.14989,0.15783,0.16683,0.17474243330590117,0.18316,0.19098,0.21921,0.21009,0.20117,0.19196,0.18247786642546968,0.1754,0.16699,0.16,0.15276,0.14706,0.14251768208732538,0.13814,0.13602,0.13435
21-01-2026 10:45,25011.65,0.12991,0.12886,0.12996,0.13271,0.13656,0.14103061763433525,0.1476,0.15431,0.16135,0.16871,0.17751,0.18442,0.19315840571229853,0.20154503319475564,0.2134,0.20348,0.19441,0.18465,0.17497,0.1664,0.15781,0.14998,0.14243,0.13538304933104245,0.12926348287947992,0.1243,0.11945,0.11484
21-01-2026 10:50,25009.05,0.1201,0.12206,0.12451058149122135,0.1298,0.13479,0.14132585080555896,0.14727,0.15278972226695775,0.16232,0.16956,0.17816,0.18631,0.20049339903010047,0.20172,0.22256,0.21319,0.20412,0.20034744827229778,0.18603,0.18275391669938754,0.17488862949017273,0.16582316385772042,0.15621,0.1511,0.1474,0.14463,0.14192,0.14173
21-01-2026 10:55,24957.3,0.14328,0.14340932859711228,0.14171,0.14384,0.14722,0.1518,0.157,0.16290067001378838,0.16965,0.17684,0.18159918761487098,0.19209,0.19924,0.20689,0.22052,0.21030924363819886,0.20088,0.19093,0.18127,0.17233271254835536,0.16314,0.1544,0.14602,0.13843,0.13007417876956684,0.1235,0.11694254867205497,0.1118390353514847
21-01-2026 11:00,24996.3,0.1347,0.13315102841077264,0.13532,0.13812,0.14231,0.14755,0.15363,0.16007,0.16697,0.17401,0.18197,0.18865,0.19583,0.20379,0.22455,0.21423,0.20436021802718393,0.19389,0.18403,0.17515123028160437,0.16654,0.15824,0.15023836772227236,0.14372,0.13720928321044176,0.13204,0.12724,0.1248791149303024
21-01-2026 11:05,24985.75,0.14259841604130197,0.13763,0.13894,0.14137,0.1458,0.15085,0.1568,0.16288,0.16942,0.17636,0.18417,0.19065,0.19721,0.20514,0.2196,0.20915,0.20121763612968518,0.19048484421986378,0.17801,0.16867,0.1615251469811577,0.15128,0.14394,0.13636,0.12993,0.12302,0.11772227139420297,0.11277
21-01-2026 11:10,25017.2,0.14184130499966996,0.1403967057829437,0.14029,0.1412111457518945,0.14317,0.14704,0.15151,0.1575766893836371,0.16355,0.1719174196908709,0.1778,0.18489,0.1916,0.19977,0.22119,0.21052,0.20085,0.19069,0.18073,0.17053,0.1613,0.15209,0.1432,0.13358,0.1250747678032395,0.11749,0.11042,0.10185
21-01-2026 11:15,25046.1,0.14397,0.14016,0.14018849814580242,0.13908,0.14103,0.14436,0.14881,0.15391,0.15965,0.16606,0.17377,0.18004,0.18735,0.1947,0.22158,0.21124,0.20104,0.19101,0.18117,0.17071483020508807,0.16191,0.15273,0.14403,0.13539,0.12731,0.12038,0.11276,0.10317864834139617
21-01-2026 11:20,25060.3,0.13169,0.12981,0.1297,0.13102,0.13391,0.13809,0.14451880789141047,0.14952,0.15221932677698635,0.15876308361346889,0.17068,0.17767,0.1859015523572045,0.18775593540231655,0.22501,0.2141278248709537,0.20584,0.19596,0.18562,0.17611,0.16717,0.1585,0.14967,0.14173,0.13515,0.12908,0.12283,0.11697
21-01-2026 11:25,25041.3,0.12924,0.12753,0.12769,0.12964,0.13366,0.13824,0.14359,0.14983,0.15679,0.16395,0.17192,0.1789,0.18698,0.19456,0.22775,0.21815,0.20868,0.19892,0.18899,0.17966,0.17054,0.1622,0.15370885223847444,0.14682,0.13925278909279765,0.13311,0.12778,0.123
21-01-2026 11:30,25041.05,0.13283,0.13058,0.13002750581397,0.13195,0.13501,0.13941,0.14673804285639913,0.15084,0.15743209219839788,0.16494,0.1728,0.17992,0.18742,0.19608480158122005,0.22611,0.21739811653747454,0.2095848063062471,0.1997767458937317,0.18746,0.17814,0.16939405498411442,0.16022,0.15174,0.1437,0.13617,0.12995,0.12374,0.1176
21-01-2026 11:35,25049.35,0.13118,0.12936,0.12957,0.13118,0.13391,0.13844,0.14389,0.14995,0.15668,0.16423981750064187,0.17176,0.1789603636352705,0.18645,0.19453,0.22696,0.21726326046253655,0.20769,0.19761,0.18773,0.17863,0.16983,0.16134,0.1526412287161816,0.14528,0.13856,0.13231,0.12686,0.12162
21-01-2026 11:40,25042.9,0.13443425256261732,0.13186,0.13145,0.13247,0.13537,0.13940072805939377,0.14483,0.1505,0.15708,0.16411,0.17186,0.17917,0.18658,0.19412,0.22612,0.21626,0.20649,0.19653,0.18629,0.177,0.16772,0.15908,0.15079,0.14328,0.13592684010820638,0.12979,0.12372,0.11926190151865851
21-01-2026 11:45,25045.15,0.1365993996282583,0.13206,0.13212852197443398,0.13236,0.13523,0.13924,0.14427,0.1499,0.15644,0.16362,0.17162,0.1783,0.18635,0.1939,0.22687,0.21664,0.20673,0.19655,0.18659,0.17713,0.16783,0.15919,0.15008110114751508,0.14292,0.13557,0.12887,0.12235,0.11571450406684053
21-01-2026 11:50,25057.75,0.13374,0.13061,0.12978,0.1313,0.13417,0.13801,0.1433,0.14884,0.15563,0.16264,0.17054,0.17769,0.18521,0.19285,0.22699,0.217,0.2097798836000905,0.19942605433893817,0.18704,0.17849668173382272,0.16813,0.15925,0.15112,0.14337,0.13526,0.12839,0.12245,0.11627
21-01-2026 11:55,25064.55,0.13047,0.1286,0.12848,0.12994,0.13295,0.13718,0.14238,0.14817,0.15471,0.16176,0.1697,0.17657,0.18406,0.19166,0.22742,0.21717,0.20756317706030641,0.19738,0.18712,0.17786,0.16849,0.15966,0.15110828167903792,0.14328243092145934,0.13634,0.12979847351719873,0.12378,0.11829
21-01-2026 12:00,25081.9,0.14194,0.13712,0.13497,0.13424,0.13731033006933746,0.13853,0.14254,0.1473928408843759,0.15337,0.15944,0.16694,0.17378,0.18123,0.18878,0.225,0.21461,0.2048,0.1955943366106577,0.1817766537617941,0.17414,0.16427,0.15487,0.14552,0.13760823454179252,0.12787833883304245,0.1206,0.11306,0.10483
21-01-2026 12:05,25117.2,0.12873,0.12563,0.12408,0.125266759404657,0.12718,0.13056,0.1351,0.14051,0.14695,0.15358,0.16141947501247184,0.16809,0.17581,0.18372,0.22917826124297297,0.21847,0.20894,0.19922298408410566,0.18906,0.17998,0.17017,0.16139,0.15266,0.14483,0.13702,0.13023,0.12375,0.11802
21-01-2026 12:10,25113.35,0.13919,0.13376,0.13116,0.13082,0.13145,0.13404,0.13797,0.14316175603669576,0.14912,0.15502,0.16263,0.16926,0.17671,0.18236800314510138,0.22408,0.21377,0.20384,0.19494543126088246,0.18329183962737566,0.17402,0.16463,0.15525,0.14665,0.13796,0.12963,0.12258,0.1155045787240063,0.10767
21-01-2026 12:15,25129.25,0.14212,0.13645,0.13171340404733672,0.13138,0.13217,0.13338498739958773,0.13796,0.14234,0.1479,0.15374,0.16084,0.16697,0.17331,0.18063,0.22684376680084722,0.2158,0.20614,0.19586,0.18414799157839404,0.17534,0.1656,0.15635,0.14722,0.13817,0.13001,0.12186,0.11408,0.10638
21-01-2026 12:20,25163.0,0.13704,0.13153,0.12831992422464494,0.12705,0.12753480807761342,0.1302177947489003,0.13361,0.13822,0.14354,0.14955,0.15667,0.16263295085199675,0.16958,0.17664,0.23038,0.22027,0.21058,0.20048,0.18986925569222887,0.18101,0.17114,0.162,0.15272,0.14432,0.13626,0.1279,0.1207571787634801,0.11349
21-01-2026 12:25,25166.9,0.11646,0.11482,0.11454,0.11565,0.11826,0.12246132191065687,0.12722,0.13303,0.13967,0.14655,0.15443,0.16135,0.16878,0.17469045102485314,0.23888,0.22894,0.21849193716138546,0.20945,0.19993,0.19064,0.18145,0.17128037517718928,0.16159988969709302,0.1541153508621064,0.14943,0.14255,0.13679,0.132
21-01-2026 12:30,25153.65,0.14411,0.1378915574289554,0.13294,0.13066,0.13051,0.13202,0.13583680929805303,0.13924,0.14482,0.1501,0.15725,0.16402,0.17046,0.17743,0.23409,0.22385,0.21446,0.20428252730440571,0.19317633495018313,0.18477,0.17467,0.16519,0.15566,0.14664,0.13804,0.12914,0.12071,0.11267
21-01-2026 12:35,25191.3,0.1472,0.14047,0.13539,0.13212,0.13218657991900384,0.13255,0.13494,0.13883,0.14335,0.14828,0.15471,0.16102,0.16812081384748007,0.17383,0.2341,0.2241,0.2136870413865805,0.20516123368939057,0.19469,0.18542,0.17552,0.16609,0.15689,0.14758,0.13896,0.13075,0.12259,0.11461
21-01-2026 12:40,25225.6,0.13501840556275135,0.1311,0.12689617261319325,0.12561,0.12506,0.1262,0.12875,0.13211684631524911,0.13711,0.14219,0.14804,0.15492,0.16058,0.16847,0.24091,0.23056,0.22149,0.21174,0.20221,0.19333,0.18365,0.17491066600731575,0.16626,0.15764921516731062,0.1499988588263949,0.14166,0.13429,0.1274
21-01-2026 12:45,25260.15,0.14866,0.13978530498310718,0.13502,0.13106,0.12889,0.12878,0.1305424352284817,0.13345,0.13754,0.14228,0.14825713468312923,0.15331,0.15916,0.16562,0.24524585991079434,0.23445,0.22483,0.21557,0.20544,0.19649,0.18607825850263407,0.17763,0.16816,0.15944,0.15062,0.14206,0.13387,0.12606
21-01-2026 12:50,25266.0,0.14755046843830877,0.14299,0.13659,0.13210502184202141,0.131378417093017,0.12986,0.13099,0.13379,0.1377,0.1423,0.14736,0.15339,0.15914,0.16617,0.2509531452138423,0.23813,0.22897,0.21983188403293075,0.2098,0.20057,0.19091,0.182,0.17238,0.16351,0.15473,0.14632,0.13756,0.12958
21-01-2026 12:55,25281.8,0.13917,0.13539753070074748,0.13075544527706567,0.12593,0.12595016670779102,0.1282956150053439,0.1284497863065423,0.12946895480442455,0.13403,0.13891,0.14462,0.15084,0.15753,0.16453895565798565,0.25027,0.24056,0.23144,0.22236,0.2125,0.20318,0.19394,0.18479,0.17522,0.16673,0.15789,0.14926,0.14108,0.13375
21-01-2026 13:00,25281.3,0.13807,0.13319,0.12776,0.12551,0.12366,0.12413,0.12643,0.12955,0.13415,0.13961192933370214,0.14535,0.15225,0.1586,0.16594,0.25099,0.2412,0.23143,0.22218,0.21278,0.20316,0.19335,0.18437,0.1747169399374964,0.1653849848030267,0.15764,0.14886,0.14094,0.13318
21-01-2026 13:05,25288.85,0.12164,0.11875,0.11667,0.11569,0.1175231332469846,0.11798,0.1212,0.12532,0.13069,0.13647,0.14268,0.15210576242541995,0.1564920186004914,0.16431,0.25339593740942995,0.2432527331120545,0.23312,0.22436834873451708,0.21469,0.20515,0.19551,0.18666,0.17799,0.1693,0.16109,0.15329,0.14588,0.13943
21-01-2026 13:10,25221.5,0.14555,0.13388,0.13292,0.12941,0.12723,0.12818,0.13184335677748044,0.13326,0.13677,0.14244,0.159751275820253,0.15601,0.16247,0.17012,0.24334,0.23292,0.22424,0.21525,0.20452,0.19612,0.18546,0.17645,0.16852,0.15804,0.14967,0.14177,0.13249,0.12413
21-01-2026 13:15,25225.05,0.1338,0.12896,0.12560855314142044,0.12326,0.1228,0.12402,0.1271013267271523,0.13065,0.13568,0.14121,0.14793,0.15501,0.16172,0.16931,0.24435,0.23512,0.22589,0.21678,0.20749,0.19819,0.1887258404095946,0.18004,0.1711,0.1628,0.15452,0.14636,0.13888,0.13236
21-01-2026 13:20,25225.7,0.12872,0.12486,0.12168018280172938,0.12081,0.12085,0.12246,0.12556,0.12964,0.13486,0.14077,0.14737921515745683,0.15468,0.16132,0.16885,0.2466605744813924,0.2376835463100553,0.22782,0.21895,0.20902,0.19978,0.19047,0.18129,0.1720805310001963,0.16424,0.15644755248335718,0.14833,0.14156,0.13545
21-01-2026 13:25,25205.25,0.134991095740704,0.1299,0.12663,0.12487,0.12494,0.12525489738164927,0.1291,0.13326,0.1397361982647601,0.14405,0.15016,0.1585332474788763,0.16463,0.17223,0.24316,0.2337,0.22373,0.21445,0.2060896654362467,0.1949229821842431,0.18538,0.17635,0.16764,0.15913,0.1512,0.1447095120178604,0.13753719874838286,0.1304
21-01-2026 13:30,25215.7,0.11963122771116363,0.11730399318657805,0.11384,0.11439,0.11611,0.11898,0.12248258379312693,0.12793,0.13384,0.14041,0.1494739445664126,0.15587464551733837,0.16265,0.17059,0.24707,0.23815,0.22841481405388434,0.21911,0.20948,0.20028,0.18977072677686024,0.18238,0.17411,0.16604,0.15871,0.15219,0.14655,0.14146
21-01-2026 13:35,25182.35,0.14827,0.13934,0.13698,0.1338,0.13289,0.13224,0.13568452296623978,0.1378,0.1423,0.14773,0.15379,0.1623509056569073,0.16719,0.17421,0.23557524335533647,0.22763,0.2164696082418652,0.20869,0.1986,0.18997,0.18004,0.17157,0.16251,0.1524332536009668,0.14382229823422657,0.13646,0.12972,0.12058
21-01-2026 13:40,25193.1,0.13324,0.1280801985155827,0.1257,0.12472,0.12518,0.12695,0.13029797333773085,0.13381,0.13901,0.14486,0.1522446005478682,0.1581,0.16516,0.17297,0.24104,0.23161,0.22252,0.21314,0.20345,0.19387,0.18456,0.17598,0.16698300831846075,0.15902,0.1512709098817897,0.14393,0.13706,0.13075
21-01-2026 13:45,25192.95,0.13211,0.12832,0.12630867063822976,0.12411,0.12448,0.12634,0.12935,0.132723337666226,0.13859,0.14451,0.15095,0.15785,0.16523,0.17348,0.24175,0.23225,0.22274,0.21318,0.20349,0.19378,0.18417,0.17565,0.16677,0.15838,0.15066511731604051,0.14335,0.13649,0.13029
21-01-2026 13:50,25179.95,0.12507,0.1225,0.12106,0.12096,0.12254,0.12493,0.12858,0.13335,0.13902,0.14436312331198245,0.15218,0.15955,0.16688,0.1742,0.2418,0.23224,0.22298,0.21312,0.20354,0.19431,0.18498,0.1767,0.16826,0.1603,0.15311,0.14644,0.14051,0.13639179118638695
21-01-2026 13:55,25164.25,0.12508,0.1227,0.12142,0.12187052724958544,0.12362,0.12715467947990153,0.12986,0.13471,0.14081,0.14683,0.15375,0.16127,0.16886,0.17614,0.24014,0.23066,0.2216,0.21187,0.20207,0.19266816611019175,0.18317233532872443,0.17487,0.16677,0.15894,0.15212,0.14506,0.13935,0.13429
21-01-2026 14:00,25141.15,0.13311787583316337,0.12917,0.12692,0.12689,0.12849,0.1309,0.13466,0.13925,0.14488,0.15069,0.15765,0.16457,0.17215,0.17942,0.23498219059708175,0.2242,0.21511,0.2058,0.19550640093515476,0.18634,0.17715,0.16852,0.16001862915650653,0.15275,0.14567,0.139,0.13270569781303818,0.12701
21-01-2026 14:05,25151.55,0.12298,0.12147,0.11982483950452921,0.11955,0.12101,0.12406,0.12791,0.13284,0.13906,0.14481577641888288,0.15267,0.1606,0.16894,0.1754598328208648,0.23437,0.22453,0.21563,0.20635,0.19667,0.18761,0.17836,0.1699536693316648,0.16148,0.15407,0.14726,0.14125,0.13572405324477851,0.1311
21-01-2026 14:10,25141.05,0.12146607483194771,0.12105,0.12018,0.12055,0.12248,0.12586,0.12964,0.13475,0.14046569411399745,0.14735,0.15495,0.16301,0.1698222495353772,0.1767418471483742,0.23095,0.2211,0.21277886084826111,0.20301865616887044,0.19295,0.18376,0.17418858025304032,0.16579559467494884,0.15815,0.15046,0.14392,0.1377,0.13229143057172962,0.12778
21-01-2026 14:15,25139.05,0.14051,0.13525,0.13090972099624026,0.12945,0.12981,0.13115,0.13326723620976366,0.13773,0.14279,0.1486061183207876,0.15467,0.16227,0.16974,0.17697,0.22544,0.21577,0.20643,0.19658,0.18674,0.17739,0.16786,0.15897,0.15036,0.1421502739524817,0.13421,0.12632,0.11937,0.11216
21-01-2026 14:20,25178.3,0.11232711363193049,0.11156,0.11175,0.11306,0.11635145678876391,0.11962,0.12405,0.12924,0.13577,0.14097229999241648,0.14905,0.15704,0.165,0.1723943365708277,0.23348,0.22449,0.21573689493541398,0.20603,0.1965,0.1875503504564712,0.17844,0.17048,0.16261,0.15535847136087205,0.14925,0.14362,0.13928,0.13574
21-01-2026 14:25,25144.75,0.11203,0.11192,0.1129,0.11453,0.11751,0.12133,0.12644,0.13201,0.13842,0.14552,0.15314,0.16094,0.16956,0.17777124529792554,0.22976,0.22050039728506626,0.21204,0.20324,0.19409,0.18498,0.17631,0.16855,0.16094,0.154,0.1479087966542534,0.1425942553919308,0.13846,0.13561376874358627
21-01-2026 14:30,25130.1,0.13776777434424836,0.13254902868591942,0.13004,0.12881,0.12961,0.13109,0.13442,0.13863,0.14401,0.14972,0.15656,0.163853260000315,0.17098,0.17869,0.22543,0.21582,0.20649,0.19662,0.18686,0.17739,0.16792,0.15841114764271536,0.14975146624279131,0.1418,0.13424129380924685,0.12673,0.11991,0.11289
21-01-2026 14:35,25146.5,0.1283207041257991,0.12594,0.1239,0.12393,0.12532,0.12787,0.1321400136974531,0.13605,0.1419,0.1473929998360026,0.15477,0.16188,0.16945,0.17727,0.22669,0.21725,0.20771,0.19788,0.18774340436027878,0.17837,0.16959,0.1609,0.1526,0.14489863197649064,0.13753088139766242,0.13126,0.12538,0.12080438244099961
21-01-2026 14:40,25152.35,0.11862722490957756,0.11893,0.1184280189228451,0.11882,0.12084,0.12401,0.12844214677695764,0.13315,0.13905,0.14561,0.15310681622291494,0.16013,0.16837,0.17615,0.22728,0.21766,0.2091658152498544,0.1993,0.1907130105108043,0.18086,0.17211,0.16302641150381453,0.15432072909647,0.14772691812514632,0.14301,0.13732,0.13209,0.12667275131205818
21-01-2026 14:45,25149.7,0.12554,0.12304,0.121958519336207,0.12183,0.1233,0.126,0.12989,0.134345191701513,0.14041,0.1465110877740383,0.15357,0.16122,0.16874,0.17748,0.22466,0.21461,0.20589,0.19637,0.187,0.17806,0.16955,0.16148094902794582,0.15405,0.14697,0.14065,0.1347,0.12959,0.12474
21-01-2026 14:50,25153.5,0.12320129453828421,0.12212752626147869,0.1182,0.11996586194260914,0.12042,0.12336,0.12879505130776325,0.13215,0.13819,0.14432,0.15163,0.16135416675503228,0.16705,0.17562,0.22362,0.21447944601023175,0.20483,0.19536,0.18592,0.17725,0.16877,0.16103,0.15363,0.14652,0.1403,0.134944404607491,0.12976,0.12525
21-01-2026 14:55,25147.1,0.12119,0.1207372062514033,0.1192,0.11878,0.12095,0.12313124865031652,0.12738,0.13253,0.13854,0.1450778928183981,0.1525,0.16021,0.16788,0.17644,0.226,0.21577,0.20664,0.19663,0.18708876208728695,0.17788,0.16911,0.16108,0.1528,0.146,0.13932,0.1337,0.12836,0.12385
21-01-2026 15:00,25160.2,0.13814474549119293,0.13079894462333366,0.12599,0.12423,0.12499561403991244,0.12612,0.1293,0.13273,0.13886,0.14424,0.15146,0.15934,0.1666690044637945,0.17493,0.22462,0.2145242665451731,0.20482,0.19537583954756446,0.18445,0.17483,0.16566,0.15662127789948063,0.1482,0.1406,0.13306731034372327,0.1271,0.12137819527295488,0.11472
21-01-2026 15:05,25171.7,0.11706,0.11539,0.1148,0.11552,0.11721,0.12017,0.1241,0.12894,0.13536,0.14201,0.15113873377768677,0.15794,0.16584,0.17458,0.22647,0.21712,0.20732,0.19776,0.18797,0.1792394704644955,0.17025,0.16227,0.15494,0.14792,0.14197,0.13652,0.13194,0.12890201665653284
21-01-2026 15:10,25159.7,0.11404,0.11283,0.11313,0.11384,0.11659,0.11961456710721355,0.12424079361877088,0.13014631109252306,0.1363,0.14291,0.15131,0.1595,0.16735,0.17693527565232858,0.22813,0.21813,0.20858,0.19826,0.18875,0.17962224046178935,0.17086,0.16279077427925712,0.15497990445505896,0.14858,0.14238,0.13678,0.1328,0.12917
21-01-2026 15:15,25148.5,0.1240310673688384,0.12072549973659438,0.11692,0.11701,0.11843296172218787,0.12083992659403317,0.12587,0.13166688020866388,0.13709,0.14341,0.1535843173673454,0.16095,0.16919,0.17746,0.22618,0.21597,0.20606,0.19582,0.18638253924644219,0.17769458520169762,0.16852,0.16038,0.1526,0.14546,0.1399009996440155,0.1336292444595452,0.12898,0.12484
21-01-2026 15:20,25154.25,0.11111,0.11098,0.11055494025808615,0.1123,0.11463407758694999,0.1183,0.12263,0.12762,0.13529,0.14189,0.15119,0.15955,0.16812,0.17634,0.2222530359962604,0.21398,0.20528,0.19525,0.18665,0.17793,0.16939,0.16151,0.15378,0.14632,0.1402953070468725,0.13498,0.1309,0.12834675035744553
21-01-2026 15:25,25150.7,0.12111,0.11857,0.11712,0.11677,0.1183,0.12103,0.12473,0.12919,0.13625,0.14187,0.1498390053407304,0.15893,0.16642,0.17481,0.21950662165540386,0.21134,0.20163,0.19141,0.18068821407393063,0.17105,0.16232,0.15292621757480998,0.14483,0.13698,0.12996790007224523,0.12394,0.11898,0.11238177699209079
22-01-2026 09:15,25332.45,0.10473,0.10894955330104458,0.10454,0.10521,0.10684,0.10947,0.11372,0.11836,0.12544,0.13242,0.14014,0.14997,0.15905,0.16873,0.24909683715626768,0.23565,0.22513,0.21365,0.20268,0.19258,0.1816,0.17114,0.16105,0.15211,0.14424,0.13698,0.13113,0.1296512146617938
22-01-2026 09:20,25329.3,0.11557386904392264,0.11259,0.11074,0.10979,0.11021,0.11218,0.11591,0.12018,0.12695,0.13378,0.14197,0.15103413473811012,0.15953,0.16876,0.24508,0.2330448714947423,0.2219833143453815,0.21083,0.19932,0.18910823886234426,0.17772,0.16712828989545644,0.15679,0.14767,0.13950650534417827,0.13125,0.1246,0.11798
22-01-2026 09:25,25334.05,0.14950527531246294,0.13823,0.13143,0.124555801996685,0.12258749741806607,0.12234,0.12374,0.12643,0.13155,0.13711,0.1453862035780099,0.15203,0.1597,0.16864,0.24449,0.23292,0.22276,0.21093,0.19921,0.18794,0.17635,0.16546,0.15452,0.14380317864705355,0.13472,0.12604,0.11957468166537441,0.10968
22-01-2026 09:30,25400.35,0.1313,0.12552,0.11846,0.11844412521307121,0.11534,0.11588,0.12032037226783526,0.12335,0.1305706977674014,0.13597,0.14327,0.15147581998664256,0.1591,0.1679,0.29877,0.28957,0.27803,0.26802,0.25667,0.24469,0.23145,0.21741,0.20363372046315195,0.18732,0.17472943017078157,0.15874837080256307,0.14582,0.13100662067162733
22-01-2026 09:35,25415.7,0.12572,0.1196,0.11492,0.11249,0.11221,0.11558,0.12023,0.12671,0.13404,0.14122,0.14855,0.15675,0.16402,0.17148,0.30317,0.29661,0.28651,0.27945547664732007,0.26983,0.25848,0.24745,0.23456,0.22072,0.20666,0.19281,0.17783,0.16503,0.1509
22-01-2026 09:40,25405.7,0.12722,0.12223,0.11794,0.11543,0.11462,0.1168,0.12063,0.12524,0.13390320604143174,0.13851,0.1445344544022637,0.15358,0.16068,0.16828,0.29928,0.2891,0.27712,0.2663354839154025,0.25601,0.24365,0.23047,0.21857124165370886,0.20472,0.19126,0.17853,0.16576,0.15406,0.14212
22-01-2026 09:45,25400.1,0.15452,0.14307,0.13348,0.12744,0.12418,0.12365,0.12604,0.12986,0.13537,0.14087,0.14796,0.15554,0.16312,0.1704,0.29,0.2762138160290266,0.26748,0.25775,0.24922023244240318,0.2343,0.22245,0.20936,0.19737,0.18456,0.17194,0.15918,0.14702,0.13419
22-01-2026 09:50,25430.85,0.10962,0.10808,0.10618,0.10596,0.10683397578503129,0.10993,0.1146106801620489,0.12006259534531183,0.12606,0.13221,0.13989,0.14994049228671352,0.15476,0.1617228057867967,0.2845,0.2739897882128582,0.26278,0.2512084201249364,0.24304,0.23201,0.22049,0.20827,0.19722,0.1857,0.17472,0.1602298131336077,0.148486219414215,0.14369
22-01-2026 09:55,25385.65,0.13824062372406598,0.12983,0.12362,0.11917168319647684,0.11901,0.11909,0.12178,0.12571,0.13161,0.13658,0.14401,0.15158,0.15875,0.16661,0.2655,0.25452,0.24299,0.23352,0.22257,0.21122,0.19957,0.18796,0.17596,0.16303600638603244,0.15194144386860567,0.142088740176772,0.1348,0.12521
22-01-2026 10:00,25404.05,0.10776,0.10582,0.10186769379419364,0.10378,0.10459993822614866,0.10659,0.11024,0.11494,0.12111,0.12652629928127057,0.13519,0.14291,0.15032,0.15467159046234924,0.26132,0.24963,0.23888,0.22953,0.2187707061012907,0.20862,0.19673,0.18526,0.17367,0.1623635365557634,0.15416,0.14472,0.13716,0.130327133866101
22-01-2026 10:05,25387.2,0.11719,0.11299,0.10807503324115958,0.10822,0.10842,0.11060265432850716,0.11420860455397264,0.11733,0.12315,0.12856815560792803,0.13748,0.14503,0.15397446165063317,0.16041,0.26225,0.25061,0.23979,0.22998,0.21877,0.20853,0.19724,0.1855941731384315,0.17356,0.16269,0.1538315238981876,0.14351,0.13520483577402861,0.12669
22-01-2026 10:10,25366.75,0.13658,0.12646065974202977,0.12072,0.11713015009771974,0.11568,0.11694,0.11915,0.12345,0.12918,0.13488,0.1446650688355144,0.1472779187319147,0.15688,0.16445,0.2609107119180872,0.24688,0.23518,0.22525,0.21433243164646812,0.20312303413904875,0.19267,0.1810780283499073,0.16968,0.15848,0.1492737261184236,0.13837,0.12908,0.12057
22-01-2026 10:15,25384.2,0.09766,0.09465583627278776,0.09408508949774702,0.09906,0.10208,0.10502,0.10997,0.11552,0.12304,0.12969,0.13847,0.14584,0.1535,0.16136,0.25894,0.2500504747691765,0.23735,0.22862,0.21919,0.20863,0.1973828010926518,0.18719,0.17595,0.16545,0.15665,0.14742,0.1397416743446834,0.13255
22-01-2026 10:20,25330.55,0.13469,0.12744,0.12062959275542912,0.11783835608884294,0.11780097794726019,0.11744,0.12075,0.12511594098009077,0.13132,0.13681,0.14468,0.15186,0.15964,0.16747,0.24705,0.23563,0.22504674838227617,0.21547,0.20534,0.19424,0.18383,0.17305,0.16197,0.15146,0.14198,0.13311,0.12473080933782629,0.11473355770092647
22-01-2026 10:25,25335.0,0.09628,0.09735,0.09889,0.10032,0.10334,0.10665,0.11183,0.11756567406151258,0.12565,0.1329,0.14153,0.15061523836066973,0.15712,0.16553,0.24,0.23073188389827864,0.2204991421897756,0.20926,0.20037618163523643,0.18905,0.17911,0.16988,0.1606,0.15157,0.1443,0.13825,0.13302,0.1300365657451616
22-01-2026 10:30,25273.25,0.13945,0.13166,0.12574,0.12204,0.12132,0.12241,0.12613306655540052,0.12998,0.137,0.1434873443567682,0.15175,0.15956,0.16779,0.17688,0.23624,0.22619,0.21609,0.20399,0.19332,0.18274191716992047,0.17284,0.16271,0.1521,0.14205,0.13349,0.12467,0.1169,0.10937
22-01-2026 10:35,25312.45,0.10615508312703625,0.10824266447118516,0.1052388253863395,0.10439,0.10721,0.11117,0.11703568009877735,0.12258,0.13031,0.13765,0.14618,0.15453,0.16222,0.17138,0.23916,0.22825,0.21796,0.20729,0.1962,0.18687,0.17646,0.16749,0.15827,0.14937,0.14221,0.13534,0.12967,0.12520426791599543
22-01-2026 10:40,25290.35,0.12122,0.11683,0.11428,0.11369,0.11429,0.117,0.12129882172798889,0.12626008378808304,0.13364081656885632,0.1408,0.14941,0.15731,0.16522,0.17431,0.23637,0.22582,0.21577,0.20398,0.19285,0.1832510641563542,0.17255,0.16337,0.15301021199677584,0.1446,0.13703,0.1298,0.12396872452809024,0.11738
22-01-2026 10:45,25288.95,0.1135,0.11212,0.1121319649198303,0.1121749684212727,0.11267,0.11490891506163517,0.12097,0.12592277027716914,0.13415,0.14106,0.14966,0.15788,0.16458856454419418,0.17576443390576763,0.23673,0.22715783045889523,0.21672,0.20513,0.1944,0.18474,0.17462,0.16521,0.15611,0.14677,0.1396,0.13244,0.12670291049196322,0.12065
22-01-2026 10:50,25270.45,0.11997,0.11681098161858788,0.11448,0.11425,0.11599,0.11825035896831307,0.12413,0.12946818606126637,0.13539685466182508,0.1441,0.15263,0.1616647761793573,0.16839,0.17794,0.23618,0.22451702590203795,0.21531,0.20447,0.1937,0.18389,0.1725595177773742,0.16328041074410027,0.15476606493323822,0.14588,0.13804,0.13014107195760435,0.12360123844993018,0.11856
22-01-2026 10:55,25267.3,0.0946,0.09808,0.10061,0.10451,0.10876,0.11403,0.12045,0.12794890839011025,0.13522,0.14329,0.15206,0.16066,0.16887,0.17887,0.23925,0.22912,0.22004238251388006,0.20926,0.20031949119426212,0.19022,0.18099,0.17219,0.163493521918243,0.15599,0.14955,0.1433,0.13964,0.13687
22-01-2026 11:00,25234.85,0.1185,0.11694,0.11547,0.11648,0.11914,0.12277,0.12787,0.13398,0.14143,0.14793,0.15618,0.16286826317586858,0.1716,0.1813,0.23335,0.22333,0.21319,0.20304,0.19266,0.18352,0.17385135864607643,0.16501,0.15589,0.148,0.1405031294439625,0.13366,0.12873,0.12323
22-01-2026 11:05,25223.35,0.12387,0.12094,0.11987,0.12218081041683845,0.12456410702969534,0.12569,0.13042,0.13561185236693293,0.14347,0.15015,0.15827035670689643,0.16614,0.17361,0.18285,0.23148,0.22185,0.21166,0.20118,0.19055,0.18182,0.17225,0.1634909433445033,0.15447,0.14595,0.1387065331556112,0.1321,0.12579,0.12123
22-01-2026 11:10,25234.6,0.11783,0.11612,0.1151604293762481,0.11679,0.11961,0.12341,0.12884317297587922,0.1344,0.14175,0.14881266989090167,0.15632,0.16431,0.17175,0.18097,0.23331353007133188,0.22345,0.21361,0.20313,0.19275,0.18397086689887984,0.1751,0.16645,0.15771917761266813,0.15020567664657825,0.14371,0.13697,0.13186726532288126,0.12863638302766783
22-01-2026 11:15,25230.3,0.11734,0.11619,0.11596,0.11705,0.12171169240710789,0.12398,0.12911077831216622,0.13488,0.14284,0.14689212948275895,0.1513055535432546,0.16565,0.17124594534429996,0.18002142908181468,0.23256,0.22440281766228637,0.21276,0.20203,0.19194,0.18372182182906513,0.1733,0.16454,0.15615,0.14857,0.14203,0.13552,0.13174,0.1269
22-01-2026 11:20,25224.65,0.137,0.13082,0.12749,0.12654,0.12821019576916315,0.12968,0.13375,0.13891148703604023,0.1452,0.15148,0.1587,0.16648,0.17362,0.18287,0.22973,0.21888294706459555,0.20875,0.19782,0.18693,0.17738,0.16773,0.15831,0.14919,0.14098320895571312,0.1333371576187019,0.12592,0.11974,0.11326
22-01-2026 11:25,25274.25,0.11029,0.1095,0.11047,0.1123,0.11503,0.11882,0.12506477503079094,0.1292365875728577,0.1372,0.14366,0.15165,0.1597,0.16749,0.17928446203283527,0.23951299988170122,0.22950965611215562,0.21724838601768884,0.20607,0.19547,0.18598,0.17682,0.16758951051361462,0.1578824139301596,0.15095,0.1442,0.13826,0.13343,0.13062
22-01-2026 11:30,25237.65,0.12721,0.12374,0.12201,0.12194,0.12356,0.12649,0.1307138440432457,0.13617,0.14300977997106804,0.14986,0.15778,0.16548,0.17365,0.18226,0.2316,0.22112,0.21067,0.20008,0.18997,0.1804293331886994,0.16987,0.16085,0.15191,0.1438,0.13708,0.13062,0.1252,0.12044
22-01-2026 11:35,25252.75,0.11588,0.11479,0.11479,0.11517491997770898,0.11857,0.12203,0.12717,0.13402563996456437,0.1402,0.14765,0.15566,0.16411,0.17208,0.18127,0.23498,0.22361,0.2135,0.20258,0.1937343062233506,0.18266,0.17321,0.16413,0.15533,0.14776,0.14132,0.13517,0.13073,0.12644
22-01-2026 11:40,25230.6,0.11062653186739413,0.11095,0.1127,0.11542,0.11893,0.12346,0.12878,0.13507,0.14286,0.15035,0.1589,0.16733160299132335,0.17552,0.18424,0.23382,0.22297,0.21283,0.20268,0.19299052356049892,0.18294,0.1738,0.16513,0.15713,0.14978797360265025,0.14431,0.13938,0.1355,0.13284
22-01-2026 11:45,25200.8,0.13034,0.12707,0.12579,0.12618,0.12794,0.13121,0.13519,0.14066,0.14796,0.15439,0.16295,0.17075,0.17877,0.1872457387146247,0.22867,0.21881578915118727,0.20777,0.19708,0.18627,0.17701,0.16827653156859815,0.1585,0.14969,0.14189,0.13525,0.12864,0.12342012789270626,0.119
22-01-2026 11:50,25218.4,0.1207429363990441,0.11799,0.11825,0.12004,0.12293,0.12612217380178156,0.13162,0.13778,0.14525,0.15228,0.15980307237937613,0.16938212054318966,0.17647,0.18503,0.23193,0.22182,0.21127,0.20134,0.1911,0.18159,0.17246,0.16358518225601273,0.15526,0.14788,0.14139093220519328,0.1358,0.13142,0.12799
22-01-2026 11:55,25201.6,0.12001,0.11932,0.11974,0.12163,0.12481,0.12881,0.13424,0.14034,0.1483,0.15507,0.16351,0.17177,0.1796,0.1887,0.23017,0.2196,0.21173973227681622,0.19954,0.18937,0.18024,0.17079,0.16267,0.15446,0.14755,0.14166,0.1361,0.1318070827030899,0.12873
22-01-2026 12:00,25184.35,0.13758,0.13244,0.12988,0.13034,0.13029978298139644,0.13407524755381847,0.13886,0.14457,0.15216,0.16106233616085516,0.16743,0.17523,0.18150763910152246,0.19241,0.22413465013640815,0.21731,0.20632,0.19602,0.18569,0.17700733604712623,0.16609,0.1571,0.14822,0.14008,0.13273,0.12559,0.12063,0.11536
22-01-2026 12:05,25218.75,0.13087,0.12668,0.12499,0.12484,0.12521770801862353,0.1283121563833983,0.1341,0.13956,0.14620298894381667,0.15396,0.16225,0.16972100562538836,0.17781,0.18703,0.2305,0.21984,0.20922,0.19904,0.18865,0.17993363717862595,0.16943,0.16058,0.15135,0.14328,0.13606,0.12929,0.12342,0.11846
22-01-2026 12:10,25226.35,0.12834,0.12438,0.12308,0.12403992552272644,0.1255,0.12883,0.13348050743521245,0.1386,0.14562,0.15300861186949036,0.16094,0.16851,0.17645,0.18564,0.23027,0.21899,0.20840088167151885,0.1981,0.18752,0.17778,0.16817,0.15880043975680438,0.15021,0.14225,0.13511,0.12849,0.12273,0.11839
22-01-2026 12:15,25221.55,0.13087,0.12662,0.12485,0.12467,0.12612,0.12894,0.13336,0.13905,0.14608,0.15379015088483844,0.16142,0.16924,0.17671511408148607,0.18541162987698956,0.22924050133216395,0.21801,0.20725484582707962,0.19688,0.18636,0.17645,0.16673,0.15719925459276202,0.14855,0.1402,0.13314,0.12629,0.12024,0.11566
22-01-2026 12:20,25272.95,0.10777,0.10918,0.11013,0.11252,0.11574,0.11971,0.12478,0.13029821718584034,0.13800957885777917,0.14593,0.15429,0.16213,0.17068,0.18101510151397027,0.23702,0.22579,0.21552,0.20511,0.19413,0.18511,0.17556,0.16716,0.15828,0.15104,0.14464777849847987,0.13911935894422348,0.13467,0.13125
22-01-2026 12:25,25240.05,0.13081,0.1281005843105301,0.12305,0.12343,0.12401,0.12723,0.13101,0.13657,0.14324,0.15053,0.15886,0.16678,0.17518,0.18403,0.2314,0.22047190164020652,0.21001,0.19899,0.18880650868590224,0.17866,0.16859,0.15934,0.15022,0.14295925318810773,0.13500013221410434,0.12828,0.12165,0.11719
22-01-2026 12:30,25251.1,0.13184,0.12588,0.12274,0.12196,0.12266,0.12491997128958401,0.130250840367804,0.13444844698867436,0.14101,0.14825,0.1565,0.16431,0.17187285095738986,0.18126,0.23153,0.22096,0.20977,0.19965,0.1889738317198524,0.1792,0.16948636072349518,0.16003087768690957,0.15072,0.14231,0.1349,0.12783,0.12144,0.11541186091255279
22-01-2026 12:35,25259.05,0.11375,0.11285,0.11296,0.11425,0.11663,0.12023,0.12509,0.1311,0.13856,0.14635759152849492,0.15486,0.16330573283355845,0.17196,0.1812,0.23451099407780635,0.22293,0.21239,0.2021,0.19122,0.18161,0.1720306340861547,0.16285,0.15423,0.14655,0.14013,0.13408,0.12891,0.12525
22-01-2026 12:40,25236.55,0.12143,0.11888,0.11785,0.11858,0.12061,0.12433,0.1288,0.1348,0.14199,0.14964,0.15873256978225758,0.16577,0.17465,0.18377,0.23071,0.21957,0.20866,0.19836985239897556,0.18749,0.17785,0.16802,0.15876,0.15014,0.14232,0.1357,0.12925,0.12412,0.11937
22-01-2026 12:45,25253.05,0.11614547319916657,0.1137,0.11324,0.11404,0.11663,0.1186339332423599,0.12480110947234535,0.13136,0.13696579845390228,0.14431377786709348,0.15682266320577481,0.16497169248705357,0.17302922013843663,0.18119,0.23296,0.22186,0.21098,0.1998,0.18881,0.17943,0.16946,0.16021,0.15147,0.14279167587713448,0.1361,0.1295700000636549,0.12471,0.12011
22-01-2026 12:50,25254.0,0.10616,0.10634,0.10745,0.11055,0.11341,0.11806,0.12397,0.13049827736018155,0.13861,0.14621,0.15540160778321982,0.16352504231899131,0.17242,0.18251,0.23222,0.22122,0.21044,0.19967,0.18969888766687312,0.1794656958639565,0.16946,0.16058,0.15221,0.14482,0.13801,0.13246928181043635,0.1278,0.12496
22-01-2026 12:55,25215.15,0.11693,0.11559,0.11562,0.11762,0.12057,0.12475,0.13009,0.13645,0.14476,0.15270000007127893,0.16112,0.16993,0.1778008235228619,0.18816,0.22672,0.21609,0.20483,0.1943,0.1832,0.17413,0.1641495439558282,0.15541,0.14757,0.14025,0.13412,0.12866,0.12398,0.12057206855250285
22-01-2026 13:00,25215.7,0.12028,0.11817,0.11746,0.11863,0.12125,0.12419159045234282,0.13016,0.13671,0.14473,0.15251,0.16138,0.17026,0.17891,0.18906,0.2264,0.2154,0.20381463093522378,0.19346,0.1825,0.17286,0.16285920282955793,0.15348,0.14544,0.1378,0.13144,0.12545336239359658,0.1203,0.11621
22-01-2026 13:05,25210.35,0.11631,0.11649104816142161,0.11570971076593378,0.11698,0.12032,0.12400839957472001,0.13022,0.13689,0.14524,0.15312,0.16221,0.17072,0.1797,0.19028,0.2255636669252961,0.21559,0.20467,0.19419352238995413,0.18263,0.17306,0.16381060951708784,0.15394,0.1462,0.13844,0.13297,0.12712,0.12293155269731157,0.11964
22-01-2026 13:10,25206.6,0.11138,0.11275191628247488,0.11223,0.11411014769072711,0.11804,0.12279,0.12887,0.13615,0.14394260212360396,0.15277,0.16252,0.17164,0.18067,0.19032338679950328,0.22767,0.21638,0.20602,0.19486,0.18375365574034824,0.17393,0.16423,0.15523,0.14719,0.13983,0.13354,0.12783,0.12334,0.12059
22-01-2026 13:15,25186.75,0.12795420994273254,0.12416,0.12157,0.12197,0.1239199916147844,0.12712,0.13228,0.13881,0.14705,0.15477,0.16365,0.17236,0.18179,0.19077,0.22374,0.21337,0.20264,0.19149,0.17952202488537225,0.17076,0.16041,0.15123,0.14170555832477652,0.13445768740743447,0.12696,0.1203,0.11439,0.10863
22-01-2026 13:20,25195.0,0.12010698882425574,0.11774,0.117,0.11772912455018611,0.12077,0.12443,0.13025,0.13702,0.14521,0.15384245567592914,0.16253,0.17128,0.18032,0.19023,0.22537,0.21386951583535074,0.20384,0.19303,0.18168,0.17161,0.16195,0.1531,0.14463,0.13768378656698943,0.13042,0.124814321186447,0.11923,0.11484
22-01-2026 13:25,25194.95,0.11545,0.11404,0.11425,0.11633,0.11942,0.12361,0.13077019811904955,0.13692,0.14568,0.1542513910773699,0.16349,0.1732910534850167,0.18163,0.19123,0.22589,0.21543,0.20496,0.19431,0.18359,0.17389,0.16421,0.15583,0.14765,0.14,0.13434,0.12943658214028766,0.12492,0.1207802588364218
22-01-2026 13:30,25171.75,0.1432,0.13615,0.1311,0.12962,0.13031,0.13214,0.13745011035755317,0.14309852797364467,0.14993,0.15715,0.16596,0.17461,0.184,0.19342,0.2218820909539863,0.21074,0.20045401721500908,0.18950594480701738,0.17787,0.16798,0.15783,0.14782,0.13791474790649766,0.12957,0.1217,0.11384,0.10646,0.0950299825403545
22-01-2026 13:35,25225.85,0.10471,0.10657485202779418,0.10754,0.1092867423207999,0.11402,0.11775077668458347,0.12522,0.13245,0.13764735497448619,0.14486258159780638,0.15859,0.1672,0.17790543294505728,0.18541,0.2267283260990905,0.21563879973007682,0.20571,0.19599,0.18523,0.17619,0.16661054355785146,0.15805,0.15094130201673842,0.14340629787833375,0.137,0.13167,0.12773,0.12513
22-01-2026 13:40,25195.9,0.12374,0.12180936784736421,0.12164336189024666,0.11976,0.12210389017078627,0.12616,0.13153,0.1382,0.14467727676222175,0.15395,0.16323,0.1737202914159231,0.18046,0.1899,0.22344,0.21331,0.20584980030300562,0.19152,0.18255386342013094,0.17122340290728097,0.1609839937625708,0.15191,0.14299,0.13503,0.12823,0.12103886740232347,0.11572,0.10931149439640647
22-01-2026 13:45,25188.3,0.13023109753673923,0.12541,0.12318,0.12313,0.12513,0.12814,0.1334476836726547,0.13966,0.14793,0.15618993880376303,0.16408,0.1726815560602249,0.18112,0.19097,0.22203,0.21151,0.19995,0.18986,0.17852,0.16927,0.16001984137237443,0.14961,0.14032,0.13213,0.12488,0.11745,0.11126,0.10524
22-01-2026 13:50,25206.65,0.12509553357754222,0.12637,0.12402,0.12326,0.12433,0.12728,0.13213,0.13825,0.14571,0.15345,0.1624,0.1684576074405608,0.17913,0.18909,0.22778597879422963,0.21404,0.20291,0.19184,0.18065,0.17112,0.16077,0.1507,0.14105,0.13153,0.12403,0.11657,0.10964,0.10354
22-01-2026 13:55,25236.1,0.11656,0.11359,0.11692869243823695,0.11776205423103067,0.11625,0.12045,0.12573,0.12908803669316216,0.1364152991445487,0.14887,0.15822,0.16671,0.17340483434976406,0.18618,0.22795,0.21717,0.20582,0.19499,0.18373,0.17406,0.16392,0.1535807595469743,0.14422980622416806,0.13574,0.12864642685960553,0.12181,0.11645,0.11189
22-01-2026 14:00,25232.35,0.11278,0.11183281590216052,0.11044,0.11167265608618623,0.11507931222243162,0.11889,0.12442,0.13177,0.14082,0.14875,0.15824,0.16729,0.1762,0.18669600930297303,0.22442254639339737,0.2148570161342449,0.20418,0.19241,0.18109,0.17085366999668755,0.16079,0.15092,0.1423,0.13419,0.12787,0.12171,0.11736780175422931,0.11263
22-01-2026 14:05,25228.35,0.10279333791897372,0.10708,0.10712,0.10975,0.11323,0.11804,0.12407,0.13184,0.1409,0.14891,0.1557417531088377,0.16756,0.1761651984368021,0.18734,0.2237568548458176,0.21401,0.2048147762010394,0.19156,0.1822810638686758,0.1713044483770854,0.16046,0.15106,0.14225,0.13464,0.12825,0.12236,0.1183,0.1145
22-01-2026 14:10,25212.7,0.10325,0.10382,0.10594,0.10885,0.11289,0.11798,0.12494,0.13328970116010797,0.14238,0.15053,0.16028,0.16979,0.17899,0.18902,0.22308,0.213806605949746,0.20205,0.19124,0.18165637558510558,0.17176,0.16192,0.15288,0.14506,0.13776,0.13253,0.12725,0.12369,0.12123990342737806
22-01-2026 14:15,25178.75,0.12182,0.1185,0.11731,0.11826,0.12078,0.12452,0.13073,0.13801,0.14683,0.15506,0.16487,0.17383,0.18321,0.19345255812776097,0.21952525056017197,0.20979,0.19827,0.1869,0.17605,0.16626,0.15609,0.14672,0.13743205637000924,0.12978,0.12368,0.11768,0.11260336313726968,0.10526282520884439
22-01-2026 14:20,25194.65,0.11846,0.11485,0.11546345822322573,0.11535,0.11816,0.12318316993056702,0.13015836324891528,0.13744858872027138,0.14569,0.15616603545573984,0.1655327382096235,0.17242,0.18114,0.19248,0.22020346038724586,0.20943754306686804,0.20041788112751258,0.18826375853924435,0.17536,0.16566,0.15576114996182083,0.14546,0.13666,0.12849,0.12242,0.11517143979263281,0.11085,0.10634
22-01-2026 14:25,25206.4,0.13345,0.12568,0.1217,0.11997,0.12155,0.12397,0.12961,0.13628,0.14473,0.15238,0.16165,0.17013,0.17877,0.1888601272222275,0.22143,0.21092,0.19894,0.18769,0.17398695214008972,0.16408940690638885,0.15369,0.14311,0.133782815622879,0.12555536846462395,0.11657,0.10903,0.10235,0.09526
22-01-2026 14:30,25236.6,0.14193,0.13211,0.12578,0.1224,0.12165728744390925,0.12275027310946521,0.12701,0.13272580448939716,0.14065,0.1477,0.15648,0.16456,0.1726,0.1800408737478678,0.2274680214495382,0.21403,0.20264,0.19115,0.1791,0.16794540691389576,0.15779,0.14667,0.1368,0.12692,0.11873,0.11061,0.1026,0.09509
22-01-2026 14:35,25267.55,0.13245,0.12446,0.11907,0.11739191666696366,0.11656,0.11849,0.12255,0.12866,0.13621,0.14339,0.15211,0.15998,0.16808,0.17725,0.22783,0.21768,0.20463260056871535,0.19426,0.18242,0.17251,0.16169,0.15087,0.14137,0.13163,0.12375660791760185,0.11555,0.10842,0.10158
22-01-2026 14:40,25289.0,0.10692220320392554,0.11554,0.11436023519216848,0.11038,0.11062,0.11348,0.11844,0.12494,0.13286,0.1392997777577802,0.14849,0.1556,0.16394,0.17464008378237295,0.23094050335216393,0.21954,0.20935,0.19642,0.18545,0.17533,0.1644,0.15399,0.14452,0.13534,0.12744,0.12046,0.11392,0.10707
22-01-2026 14:45,25289.65,0.1265,0.11898,0.11442,0.11143,0.11179,0.11412,0.11793,0.12328,0.1315,0.13935947642484703,0.14695,0.15481,0.16299,0.17293,0.22661,0.2165,0.2029406061434915,0.19358,0.18106,0.17133,0.15961,0.14912,0.13972,0.13057,0.12292,0.11586,0.10908,0.10263
22-01-2026 14:50,25294.65,0.11257,0.10885,0.10752846431139124,0.10612750909295718,0.10781897933597473,0.10929,0.11406,0.12007,0.12843,0.13603,0.145528896014044,0.15341,0.16192,0.17181,0.22732,0.21666,0.20698,0.19387,0.1822,0.17141,0.161141276116082,0.15111926822737784,0.14075,0.13205,0.12467,0.11794,0.11225,0.1065
22-01-2026 14:55,25290.85,0.12505,0.1183,0.11366,0.11078,0.11049,0.11193,0.11479,0.12027,0.12826,0.13460000597392613,0.144,0.15238,0.16102,0.17078082705156133,0.22431,0.21334,0.20302,0.19065,0.17886,0.16768165399399385,0.15749,0.1469,0.13782,0.12883,0.12193,0.1152,0.11043753236154594,0.10323
22-01-2026 15:00,25269.5,0.11006,0.10676,0.10425,0.10401,0.10526815966782743,0.10865,0.11289,0.11928,0.12814,0.13594,0.14531,0.15404,0.162212460509005,0.17172,0.22366,0.21357,0.20234,0.18974,0.1781,0.1676980049591328,0.15686,0.14672,0.13693594624493852,0.12967,0.12325,0.11708932935667862,0.11208,0.10714
22-01-2026 15:05,25256.3,0.13972,0.13446257862175365,0.1225542016757481,0.11811,0.11707543952491217,0.11644,0.11855,0.12337,0.13109,0.13759,0.14609,0.1536,0.16076,0.17157,0.22269,0.21193,0.20212,0.18893,0.17636,0.16553,0.15355,0.14238,0.13331,0.12411,0.11681,0.1094,0.10242,0.09535
22-01-2026 15:10,25297.3,0.12411,0.11729,0.11174,0.10823,0.10705597340293493,0.10824,0.11119,0.11643,0.12445,0.1316829263969356,0.13938,0.14775,0.15498,0.16581,0.22473311377781907,0.21557,0.20243488321550843,0.19217,0.18117443178242382,0.1699,0.15856,0.14748,0.13834,0.12938,0.12225,0.11514,0.10924,0.10084357385777248
22-01-2026 15:15,25297.45,0.13466,0.12452,0.11649847373351058,0.11152,0.10988,0.10975,0.11408131868417459,0.11775263501202865,0.12425,0.13058,0.13932555996463852,0.14837334989402254,0.15617,0.16649,0.22597187268205593,0.21324,0.20198,0.18929,0.17860163328057338,0.16658,0.1554,0.14371,0.13335352614122667,0.12415,0.11671,0.10891,0.10236,0.09474
22-01-2026 15:20,25308.25,0.12929470571277768,0.12651,0.11843,0.11297,0.11042,0.10944,0.11139,0.11523,0.12287,0.12878,0.13797,0.1464,0.15499492503943868,0.16518,0.22618,0.21531,0.20509,0.19178,0.17973,0.16889,0.1573,0.14589,0.13596,0.12591,0.1177104538282385,0.10996,0.10303,0.09568
22-01-2026 15:25,25314.1,0.12835213486419084,0.12020101176900128,0.11396,0.10975,0.11195890628679728,0.10811,0.1098,0.11730666920377922,0.12508748529131364,0.12859,0.13684,0.14746,0.15783765261778185,0.16634,0.2267797388752178,0.21422,0.20312,0.19107,0.17871,0.16671455463482662,0.15573,0.14379,0.13299,0.12426785915028285,0.11524,0.10856,0.10267,0.09322460186495679
23-01-2026 09:15,25292.15,0.11931,0.11649,0.11509,0.11114509530995795,0.11418,0.11547,0.11955,0.12571,0.13260378676642962,0.13529008847780735,0.1491236262830058,0.16225872286543247,0.17459,0.17952908348573615,0.24477,0.23396,0.22297,0.20938990514012892,0.19750800270044985,0.18572118043648247,0.17365,0.16193,0.15213,0.14322,0.13578,0.13011,0.12536,0.12142
23-01-2026 09:20,25265.75,0.15631,0.14353,0.13315,0.12406446808920155,0.1228,0.12116,0.12231,0.12772,0.13584,0.14465,0.15642956775605132,0.16482,0.1760877135901225,0.18469,0.24396,0.230387356674863,0.22085,0.2079,0.19492,0.18248,0.17037602385724318,0.15744,0.14538,0.13438,0.12516,0.11665,0.10902,0.10073
23-01-2026 09:25,25330.85,0.12813,0.12132,0.11486,0.11163,0.10964,0.10946,0.11183,0.11716,0.12565,0.1361047688698817,0.1475569506109286,0.15603,0.16566638762546523,0.17721,0.25518612688479486,0.24198,0.23026,0.21748,0.2051,0.19247,0.1795,0.16666,0.15364,0.1427,0.13305,0.12516,0.11848,0.11134194219334964
23-01-2026 09:30,25330.3,0.10569300228079903,0.10461,0.10332,0.10229,0.10288,0.10443,0.10828,0.11533,0.12474,0.1352,0.14612,0.15655877831489007,0.16717,0.17867,0.25374,0.24177749583293578,0.22893410898072794,0.21749,0.2051,0.19356,0.18034080202042127,0.16914188381090575,0.15766754082800005,0.14775192485623995,0.13837,0.13156,0.12593,0.12058
23-01-2026 09:35,25299.45,0.12453,0.11639,0.11166,0.10695023656218325,0.10737,0.10758,0.11121,0.11806,0.12835,0.13918247162316394,0.14951,0.16119,0.17159,0.18236,0.25024,0.2379499629341572,0.2256415687204423,0.21401,0.20141,0.18963,0.17715874670014942,0.16441,0.15234,0.14161,0.13315,0.12488,0.1189,0.11226
23-01-2026 09:40,25299.95,0.11211,0.10773,0.1072187043655562,0.10295127808868762,0.10436,0.1056,0.10957,0.11735,0.12893688314829374,0.13748,0.14949,0.16018,0.171,0.1817,0.25295,0.24189,0.22915,0.21597,0.20356,0.19183,0.17915,0.16708,0.15541,0.14557,0.13685,0.12948,0.12378,0.11808
23-01-2026 09:45,25269.0,0.13505,0.12568,0.11863,0.11398,0.11201,0.11176,0.11522,0.12257,0.13271,0.1476421732375164,0.15413,0.16573,0.1698130108013967,0.18534,0.24748,0.23349556009023237,0.22327,0.20658674723632217,0.19701,0.18309540131817423,0.17224,0.15981,0.14748,0.13673,0.1303750547090533,0.11966644824139697,0.11206,0.10445
23-01-2026 09:50,25300.7,0.10995953820970594,0.10417334739811523,0.10102,0.09972,0.10033,0.10282284001159389,0.10898155813120686,0.11544,0.12655,0.13711,0.14907,0.16072,0.16983,0.18175,0.25005,0.2398492243563173,0.22641,0.21445,0.20105400427349834,0.19005,0.17705076533610242,0.16533,0.15422,0.143922973186699,0.13561,0.12812,0.12267,0.11716
23-01-2026 09:55,25284.3,0.12210548932792264,0.11467,0.10997,0.10683,0.10583,0.10701737867744157,0.11068,0.11894,0.1295,0.14041,0.15111,0.16251010710420943,0.17282,0.18339,0.24847081482737582,0.23659,0.22362,0.21121,0.19922820112104397,0.18583,0.17265,0.16037,0.14893,0.13825,0.12950412731384667,0.12193,0.11581555112523387,0.10906
23-01-2026 10:00,25294.9,0.11551,0.10871,0.10436,0.10219,0.10211,0.10379,0.10796,0.11198485180359416,0.12738710281079746,0.13589444809514295,0.14825,0.16158033491533577,0.17017,0.18201,0.24879,0.23819,0.22575,0.21331,0.19948,0.18824,0.17501,0.16269,0.15122,0.1425951576448265,0.13134,0.12581,0.11644,0.11059
23-01-2026 10:05,25293.15,0.10517,0.10167,0.09968,0.0982,0.09925,0.10135,0.10671,0.11611,0.12728,0.13881,0.1494843117294048,0.16201,0.17172,0.18302,0.24978228193443602,0.23745,0.22507,0.21093015658634115,0.19887,0.18769,0.17481,0.16247,0.15013363174852115,0.14012,0.13298157154005388,0.12392,0.11809,0.11261
23-01-2026 10:10,25285.05,0.11052,0.11033241176694566,0.1024,0.10061,0.10086,0.10313,0.10837,0.11749,0.12893,0.13934,0.1512,0.16325,0.17293,0.18352,0.24792547014553185,0.2364,0.2232480300328579,0.2111,0.19732,0.18653,0.17330763209888375,0.16068,0.14965786065357295,0.13838,0.13018785145145967,0.12203,0.11586,0.10975
23-01-2026 10:15,25283.3,0.09813,0.0969,0.09643,0.09644,0.09796,0.10116110826598915,0.10741,0.11530259507256996,0.12782825069855713,0.1408,0.15197,0.16357,0.1711135364614335,0.18454,0.24748,0.23625,0.22383,0.2114,0.19799,0.18669,0.17432,0.16229,0.15133,0.14121981549074655,0.13319,0.12637,0.12096,0.1163
23-01-2026 10:20,25261.25,0.11266,0.10693,0.10368,0.10196,0.10212,0.10583705133364504,0.11355913958676944,0.11993,0.13215,0.14443968855704423,0.15483,0.16683,0.17642,0.1891280701378248,0.24452,0.23264,0.21969,0.20778,0.19476,0.18301,0.16998,0.15745,0.14593,0.13537,0.12714,0.11906,0.11292,0.10675
23-01-2026 10:25,25266.4,0.12923,0.12084,0.11304158018073568,0.10906,0.1068,0.10733,0.11143,0.12046,0.1320411330317199,0.14234,0.15368,0.1651,0.17515,0.18488,0.24465721441329352,0.23405,0.21999,0.20768,0.19478,0.1828,0.16873686800870627,0.15649,0.1437890778552256,0.13273,0.12314,0.1146,0.10689,0.09573003856860313
23-01-2026 10:30,25303.15,0.11532,0.10978,0.10509,0.10165,0.10087,0.10216,0.10624,0.11495,0.12659,0.13721,0.14878,0.15988,0.16944,0.17992,0.24986,0.23875,0.22534,0.21240016253287428,0.20076,0.1885,0.1733400166633323,0.16166,0.1494540924660558,0.13819,0.12852,0.12019,0.11289,0.10395982076131777
23-01-2026 10:35,25313.0,0.10599,0.10186,0.09907,0.09747,0.09871870469691046,0.0994,0.10381,0.11312,0.12386,0.13501,0.14694,0.15955,0.16936,0.18005,0.252,0.24023,0.2263724625749732,0.21213297951626822,0.20190286920597258,0.1897,0.17706,0.1659408511374099,0.15175,0.14111,0.13216,0.12356333119371674,0.11661,0.10721325205024251
23-01-2026 10:40,25297.7,0.11135,0.10380803437596028,0.10164,0.09885,0.09857,0.10014,0.10628974701936134,0.11392,0.12568,0.1366,0.14834,0.16081,0.17098,0.18154,0.24998,0.23817,0.22441847598990364,0.21299,0.20011,0.18782,0.17474,0.16203,0.15038551811060544,0.13919,0.12937616204545757,0.12116,0.11415,0.10767
23-01-2026 10:45,25297.35,0.09821,0.0961,0.09449,0.09374,0.09458,0.09708,0.10329,0.11131005681660194,0.12481,0.13631,0.14691981327629638,0.15986,0.16983,0.18202994264261274,0.25003,0.23822,0.22587,0.21397866180518973,0.20057,0.18858,0.17634,0.16313,0.15174,0.14097,0.13188,0.12401,0.11728,0.112173815577226
23-01-2026 10:50,25284.35,0.10889,0.10308,0.10182454294826987,0.09792,0.09777,0.09848770758089917,0.10539,0.11485,0.12655,0.13792,0.15107332728130635,0.15863460085850323,0.1680010639139733,0.1813,0.24965,0.2382868271107148,0.22462,0.21215,0.19953,0.18702,0.17404,0.16081,0.14871,0.13728,0.12794,0.11977,0.11228,0.10575
23-01-2026 10:55,25278.2,0.11094,0.105,0.10087,0.09864,0.09843,0.10062,0.1063,0.11618,0.12824,0.1389,0.14869685364972568,0.16219,0.172,0.18298,0.24771752465426428,0.23687,0.22382,0.21133,0.19828,0.18614,0.17283,0.15906,0.14691810146942455,0.1357,0.12612,0.11678956189837805,0.1103,0.10344
23-01-2026 11:00,25279.7,0.09949,0.09668,0.09426297241215159,0.09447,0.09556,0.09858,0.10665661465482118,0.11571,0.12772,0.13835110205046294,0.15124,0.16314,0.1738,0.1836,0.24788,0.23718,0.2236,0.21164,0.19899,0.18645,0.17314,0.15991,0.14826,0.13761,0.12834,0.12056,0.11372,0.10966084316464247
23-01-2026 11:05,25270.35,0.11142,0.10533,0.10125,0.09914,0.10069125481815966,0.10286064982891804,0.10775,0.11755,0.12923,0.14062,0.1518270940933234,0.16401,0.17519,0.1844675526619467,0.24668,0.23478,0.22181,0.2094,0.19736641217533618,0.184,0.17078,0.15764,0.14516,0.13386,0.12443,0.1159,0.10893,0.10227
23-01-2026 11:10,25281.6,0.10635,0.10275268100720855,0.09802,0.09604,0.09709,0.09969,0.10605,0.11605,0.12821,0.13898,0.15062,0.1622120457795323,0.17368,0.1835,0.24835,0.23587,0.22155710007326204,0.20996834707730033,0.19733,0.18506,0.17165,0.1587,0.1462,0.13463,0.12497,0.11648,0.10931,0.10249
23-01-2026 11:15,25277.8,0.09535,0.09244651263461431,0.08913361830330563,0.09047749132501967,0.0938,0.09852729384418926,0.10508,0.1156,0.12818,0.1392,0.15124,0.16240913762935977,0.17365,0.18335,0.24587,0.23482,0.22086,0.20872,0.19707879015606275,0.18418,0.17177,0.15952,0.14744,0.13673,0.1278905822081805,0.11969317681681649,0.11301,0.10725
23-01-2026 11:20,25261.05,0.11031,0.10344,0.09958,0.09768,0.09885,0.10159,0.10799,0.11835,0.1300509105655223,0.14178,0.15327,0.1662708215793932,0.17543,0.18648,0.24568,0.23374,0.2202,0.20555757136842936,0.19441,0.18205,0.1686600813293005,0.15658,0.14398,0.13288,0.12462267807821062,0.11444,0.10707,0.09801013772830319
23-01-2026 11:25,25270.95,0.11053869574984676,0.10164,0.09754,0.09611,0.09717,0.10005,0.10852422458796596,0.11709,0.12867,0.14035,0.15238,0.16421,0.17490887480570272,0.18445,0.24726602683809157,0.23388510047523228,0.22117,0.20887,0.19554,0.1829,0.17018,0.15771,0.14458,0.13327,0.12294,0.11419993851420365,0.10649,0.09934
23-01-2026 11:30,25274.7,0.09177,0.08955,0.08944,0.0909122221988323,0.0926,0.09732,0.10682416166131692,0.11568,0.12883045720109354,0.13943,0.1519619542381041,0.16318,0.17376285283878118,0.18476,0.24712,0.23528,0.2218,0.20902,0.19618,0.18467,0.17181,0.15975,0.14731,0.13613117750080528,0.1278,0.12002273453736165,0.11376511546170151,0.10746
23-01-2026 11:35,25252.0,0.0935,0.09162,0.09230677408003835,0.09228,0.09519,0.10037,0.10855,0.11968,0.13282557775955106,0.14375,0.15529,0.16707,0.17758,0.18871,0.24268,0.23094,0.21751,0.20479,0.19155,0.18014,0.16828,0.15635,0.14542,0.13578,0.12799,0.12043138040372123,0.11509,0.11053
23-01-2026 11:40,25221.8,0.10092,0.09778,0.09666,0.09751348245702426,0.10061,0.10582,0.11556,0.12721,0.13961,0.15203,0.16314,0.1728601317743717,0.18383,0.19770031794972637,0.23925,0.2285683576757791,0.21433,0.20188,0.18882,0.1763101879669359,0.16385,0.15167,0.14043,0.13085,0.12271,0.11500770824621318,0.10956,0.10438
23-01-2026 11:45,25210.75,0.09618,0.09433294923559507,0.09747,0.09935,0.10373,0.10955,0.11906,0.13073,0.1424,0.15109897252738894,0.16531,0.17591,0.1849964165664174,0.19675,0.23574,0.22526,0.21174,0.1984,0.18638,0.17499,0.16393,0.15306,0.14354,0.13564,0.12815,0.12247,0.11882,0.11379
23-01-2026 11:50,25193.45,0.11117,0.1073,0.10498038388059988,0.10466969784658328,0.1085,0.11304434985578735,0.12208,0.13307,0.14486,0.1561,0.16703,0.17741,0.18736,0.19852,0.23272,0.22105,0.20822,0.19563675241133666,0.18169,0.16945,0.15821,0.14663786614509666,0.13596,0.12681,0.11883,0.11236,0.10684,0.10173
23-01-2026 11:55,25208.4,0.10773,0.10369,0.1022,0.10292,0.10575,0.11095111669587118,0.11979,0.1304,0.14257,0.15349,0.16443642376792755,0.17532,0.18533,0.19663408645393737,0.23561,0.22389,0.21046,0.19772,0.18489,0.17183,0.16035,0.14834,0.13744,0.12787,0.12005747889134455,0.11298,0.10728,0.10030757755817882
23-01-2026 12:00,25209.75,0.10930807128220577,0.10481,0.10303,0.10346,0.10637,0.11101,0.11957107985826476,0.13030273041563922,0.14275,0.15335,0.16428,0.1752,0.18640426872857155,0.19714,0.23589,0.22355,0.21036297996993283,0.198,0.18517,0.1727951572280458,0.15967,0.1473,0.13627,0.1266,0.11834807064210064,0.11104,0.10492,0.09911
23-01-2026 12:05,25207.8,0.09717,0.0962662705143571,0.09871256197730288,0.09955,0.10375,0.10947,0.11933,0.13061,0.14312,0.1545,0.16511,0.17556,0.18598439559945285,0.1982,0.23501,0.22209,0.20998,0.19729,0.18451,0.17225,0.1607,0.14862,0.13818044551922998,0.12999,0.12296,0.11696,0.11247,0.10886
23-01-2026 12:10,25190.3,0.10602,0.10311,0.10236,0.10405,0.10765,0.11331400201665034,0.12261,0.13353,0.14595,0.15725,0.16769956490440452,0.17872,0.18877,0.20022855262107553,0.23266,0.22005626274304146,0.206367108780084,0.1943,0.18239,0.16962,0.15765,0.14576,0.13523,0.12612,0.11846,0.11226,0.10676672644900773,0.1021
23-01-2026 12:15,25193.1,0.12044,0.11324,0.1091,0.10781614851817253,0.11003,0.1141,0.12241,0.13313,0.14523,0.15625854770618444,0.16696,0.17741181991940425,0.18781,0.199,0.23385,0.22083,0.20803,0.19529,0.18201,0.16936,0.15689,0.14393,0.13247,0.12203,0.11306,0.10491,0.09748,0.09034
23-01-2026 12:20,25216.55,0.10365541417173463,0.10030941410818878,0.09907213159010558,0.09993,0.10351,0.10881,0.11785343504338797,0.12907,0.14159,0.151823124013902,0.16402,0.17452,0.18521,0.19582,0.23652,0.22488,0.2115,0.19831,0.1864375712518495,0.17343,0.16068,0.14839,0.13724,0.12774,0.11932,0.11244,0.10652,0.10192
23-01-2026 12:25,25202.7,0.10902,0.10505,0.10128726145789485,0.10354,0.10694555063039313,0.11111,0.1202,0.13111,0.14351,0.15435,0.1652,0.1766,0.1874559421542895,0.19783,0.23468,0.22237,0.20902,0.19636,0.1836,0.17272620029612298,0.15822,0.14688638615142072,0.13504280493749035,0.12424,0.11559,0.1078021320054541,0.10184,0.09596
23-01-2026 12:30,25205.2,0.10924,0.10449,0.10241,0.10351,0.1062,0.11118,0.12027,0.1299841022496869,0.14318,0.1539740683023513,0.16335853783311555,0.17632,0.18762,0.19829,0.23510410470952353,0.22218,0.20888,0.195815701050175,0.1844067337048544,0.17105,0.15802,0.1454066682714437,0.13319,0.12291,0.11407,0.10656,0.09979,0.09415
23-01-2026 12:35,25205.5,0.11402,0.10852301785500537,0.10454,0.10462,0.10685,0.1115,0.12027,0.13105,0.14285,0.1539626559955876,0.16493,0.17635,0.18638,0.19688,0.23527,0.22295,0.20959,0.19648841133388348,0.18372,0.17078,0.15695003740464716,0.14482,0.13307,0.12233,0.11291,0.10468,0.09735,0.08854275642107151
23-01-2026 12:40,25211.7,0.11514,0.10863280569431846,0.10518,0.10499,0.10666,0.11088,0.11947,0.12981,0.14194,0.15277,0.16456,0.17497,0.18622,0.19683,0.23403,0.22129,0.20819,0.19528,0.18287,0.17019,0.15677,0.14390269303462735,0.13233575196305938,0.12064,0.11144,0.1028035634977241,0.09605,0.08937
23-01-2026 12:45,25238.75,0.09531,0.09296,0.09274,0.09478,0.09861,0.10362,0.11331,0.12367855063164479,0.13567,0.14706,0.15868,0.17112,0.18118,0.19242,0.2370885312059588,0.22547657372231888,0.2115,0.19929,0.18696,0.1748,0.16178,0.14858,0.13684040143477286,0.12777,0.11935,0.1118,0.10566,0.10053
23-01-2026 12:50,25208.05,0.11818,0.11056563950959991,0.10589,0.10503,0.10924638666426456,0.11210459713400642,0.11886,0.12907,0.14070759713733288,0.15177,0.16278,0.17508,0.18750521245689306,0.19678,0.23647115854500017,0.22163,0.20784,0.19651,0.18341,0.17058,0.1559261051841628,0.14308,0.13085,0.11971,0.10922934931793929,0.10129,0.0937,0.0855
23-01-2026 12:55,25226.8,0.09191,0.09074,0.09097768024975733,0.09436,0.09919534245467321,0.10493,0.11479943004089416,0.12694,0.13837,0.15025,0.16205,0.17356,0.1860978507433957,0.19498,0.23641,0.22369,0.21182,0.20039,0.18810740533868767,0.17433,0.16074,0.14707,0.13576,0.12571,0.11721,0.10981,0.10391,0.09895
23-01-2026 13:00,25191.8,0.10732,0.10216,0.10054,0.10197,0.10559,0.1100401959734135,0.12128,0.13301,0.14261543903728252,0.15608,0.16683,0.17872,0.18873,0.19995,0.23239,0.22018,0.20746,0.19582,0.18204,0.16979,0.15628,0.14286,0.13142,0.1209,0.11199,0.10286256121953832,0.09654,0.08989
23-01-2026 13:05,25191.25,0.1076318536083255,0.10077,0.09948,0.10124,0.10514,0.11102,0.12143,0.13072941323921747,0.14478,0.15664,0.16748,0.17944,0.19018,0.20155,0.23224561009642658,0.21953,0.20747,0.19582,0.18203,0.17015,0.15659,0.14283,0.13138,0.12085,0.1118,0.10375,0.0965,0.09041
23-01-2026 13:10,25194.95,0.10157,0.09802,0.09731,0.09991,0.10395,0.1104,0.12273021297476039,0.13232,0.14442752060805453,0.15573,0.167,0.17842,0.18909,0.20112,0.23302,0.22112847947165015,0.20490096341043548,0.19445452588991988,0.18311,0.16964,0.15624,0.14236,0.13117,0.11990043908788017,0.11148,0.1041,0.09747,0.09208975469658504
23-01-2026 13:15,25171.1,0.09416,0.09392617482899276,0.0962,0.101,0.10564877898538039,0.11552,0.12639,0.13495337224379658,0.14744022227119952,0.1611,0.17255,0.18417,0.19448,0.20596,0.2263309563643417,0.21619,0.20472,0.19249,0.17821634907588801,0.16678,0.15381,0.14203,0.13153,0.12279,0.1152,0.10933,0.10496,0.10098
23-01-2026 13:20,25141.7,0.09918,0.10042,0.10271,0.10734,0.11295,0.12195261461844545,0.13196,0.14377,0.1549,0.16568,0.17688682087543728,0.18856,0.19941,0.20712990323673697,0.22429,0.21339,0.2011,0.18918,0.17603,0.16335,0.15068,0.1396,0.12972,0.12127386025631215,0.11370391736882222,0.10861,0.10422,0.09779
23-01-2026 13:25,25138.55,0.09959,0.09975,0.10095083954182954,0.10753,0.1139,0.12191,0.13279,0.14464,0.15683,0.16747,0.179,0.19071,0.20056,0.21212,0.22394,0.21174,0.20072,0.18637043634732922,0.17434,0.1622,0.14993,0.13807375648233783,0.12773,0.11936,0.11245,0.10677,0.10306849044544117,0.09899
23-01-2026 13:30,25095.3,0.10352,0.10563,0.10868340658804115,0.11503,0.12248,0.13202677961738465,0.1424,0.15439,0.16500056958361484,0.1774,0.18879,0.20028,0.21161,0.2223,0.22468,0.21272,0.20148,0.18886,0.17617,0.16462,0.15373,0.1436,0.13495,0.12872470862586327,0.12265074306333179,0.11829,0.1153675968627432,0.11441
23-01-2026 13:35,25072.05,0.10627,0.10742,0.11133,0.11663,0.12491938358227916,0.13282,0.14377,0.15568,0.1646310590909447,0.17828,0.19189468674883275,0.20123,0.21156,0.22237979451188605,0.22141,0.2076542387132378,0.19618,0.18340801739260398,0.1715,0.15941,0.14792,0.13777,0.12862,0.12121,0.11527,0.1108060786966856,0.10719,0.10371
23-01-2026 13:40,25076.35,0.1005,0.10382,0.10953,0.11588,0.12411,0.1333049998867942,0.14494429398143638,0.15623,0.16833,0.17852,0.19002,0.19863540729316514,0.21165,0.2226,0.2251,0.21286125923756763,0.20101,0.18915,0.17594,0.16462,0.15405,0.14446,0.13579546454107447,0.12982,0.12428,0.12204653461982254,0.11991,0.1204
23-01-2026 13:45,25053.0,0.11187,0.1126613628123759,0.11669,0.12201,0.12927,0.13836,0.14889,0.16014,0.17213,0.18415865337014475,0.1941,0.20535940574887387,0.21633,0.22737,0.21884,0.205311490435658,0.19360291798787377,0.18173,0.16826,0.15582,0.14497,0.13278859828105358,0.12459536111973124,0.11786,0.11116,0.10602,0.10071787479172176,0.09759
23-01-2026 13:50,25055.05,0.11105,0.11255,0.11691,0.12263,0.12998,0.13922,0.14982,0.16105,0.17257,0.18399,0.1948,0.20664,0.2171034472389624,0.22849,0.22043,0.20712,0.19671367465887254,0.18212,0.16866,0.15651,0.14516,0.1335994902076502,0.12498,0.11719,0.11063,0.10486,0.10082,0.0973724218148046
23-01-2026 13:55,25054.0,0.11215,0.11334,0.1173,0.1215596370409113,0.12874,0.1369297572897976,0.14857574312696814,0.15952,0.17036,0.18221,0.19365,0.20479,0.21659491758874977,0.2267701123821773,0.21977,0.2081,0.19563,0.18322,0.1706,0.15865,0.14751,0.13711,0.1281,0.12067,0.11411,0.10903,0.1056,0.10223
23-01-2026 14:00,25054.2,0.11441,0.11789995143066254,0.11907114137559988,0.12340617380391247,0.12875,0.13712,0.14610250036511818,0.15833,0.1693,0.18057,0.19126,0.20207,0.21334,0.22331,0.21929,0.20717,0.19529,0.18134,0.1695326422294943,0.15786689463524206,0.14443,0.1335,0.12424,0.1165,0.10991,0.10398,0.09874,0.09436
23-01-2026 14:05,25065.1,0.11171,0.11208,0.11495,0.11976,0.1261,0.13483,0.14508,0.15631,0.16766,0.17854,0.18921,0.20154543430365474,0.21187,0.22187,0.22034,0.20887,0.19703,0.18391,0.16933256994792886,0.15778,0.14614,0.13499,0.12562,0.11815,0.11060701263609862,0.10558,0.10159,0.09656
23-01-2026 14:10,25058.25,0.11362,0.11404,0.11716,0.1215,0.12778,0.13652,0.1479124643404296,0.15781,0.16918,0.1801,0.19032,0.20165,0.2143446578966035,0.22438,0.22067,0.21067956733569318,0.19652,0.18292,0.16945,0.15701,0.14502,0.13361,0.12347,0.11525,0.10969,0.10308,0.09849,0.09298
23-01-2026 14:15,25090.65,0.09978,0.10291,0.10324621337084167,0.11374,0.12098,0.12996,0.1401,0.15103,0.16303,0.17347,0.18454,0.19525,0.2070971446525396,0.21772,0.22608,0.2139,0.20107,0.18844,0.17504,0.16301,0.15186,0.14089,0.13175,0.12436,0.11926,0.11535,0.11347615856210855,0.11247
23-01-2026 14:20,25059.65,0.10638,0.10812,0.11229857127248916,0.11766,0.1266907773492919,0.13389,0.14450198788474355,0.15581,0.16723,0.17783,0.18819,0.19926,0.21051034377769265,0.22242898751393458,0.22341,0.21041,0.19825,0.1850652442941742,0.17186,0.15965,0.14814,0.13705,0.12795,0.12066,0.1151144449416627,0.11106,0.10765,0.10473
23-01-2026 14:25,25049.75,0.11106237903325444,0.11518,0.11749,0.12119,0.12738,0.13461,0.1447,0.15513,0.16647,0.17606,0.18562420280039404,0.1975051687621116,0.20896462247510803,0.22056,0.2197,0.20694,0.19409,0.1802,0.16730000134274894,0.15341,0.14230721863587864,0.12893890465904853,0.11907,0.11017,0.10294,0.09634,0.08975,0.08191
23-01-2026 14:30,25077.85,0.11012,0.11027,0.11321,0.11741,0.12437,0.1320064203824949,0.14348,0.15363,0.16489,0.1743,0.18512,0.19678,0.20853,0.2183,0.22389,0.21011,0.19796,0.1842,0.17068,0.15744,0.14487,0.13241,0.12244942494623866,0.11309,0.10574,0.09974,0.0941,0.08855
23-01-2026 14:35,25087.05,0.1078,0.10743,0.11375655897876708,0.11406,0.11872669283524384,0.129,0.1314185351291315,0.1425398504598531,0.15410938381108719,0.17109,0.18275,0.19100424200390265,0.20595,0.21554,0.22344,0.20580103850071396,0.19846,0.18482,0.17106,0.15737,0.14542,0.13315727820168877,0.12292,0.11526459563071101,0.10799,0.10227,0.09782,0.0929
23-01-2026 14:40,25094.55,0.1022416265224465,0.1053,0.10947,0.11466,0.12255,0.13082779929897784,0.14156846316855198,0.15227,0.16277,0.17191,0.18385,0.19511,0.20874841330164506,0.2169,0.22589,0.21234810632538567,0.20016,0.18735,0.17383,0.16184571801891354,0.14987862211556263,0.13695,0.12586,0.11704,0.11101,0.10538,0.10157858234399528,0.0959649025406924
23-01-2026 14:45,25081.45,0.10176,0.10398,0.10762133504252908,0.11413,0.12429162789568704,0.13217,0.14255,0.15294,0.1624175467101817,0.17305,0.18493418253477545,0.19652,0.20829,0.21885,0.2247,0.20978,0.19875,0.18541,0.17329,0.1604,0.15002899139647333,0.13823,0.12811,0.12064776506239638,0.11468,0.11013,0.10692,0.10331373404784999
23-01-2026 14:50,25059.3,0.11786425611383822,0.11996803111378482,0.11717,0.12320887259599653,0.12789,0.13662,0.14639,0.15629,0.16695,0.17648,0.18874,0.19922,0.21018,0.22051,0.2170421507475609,0.20545,0.19303,0.18035,0.16728,0.15404,0.14196,0.12839128331137192,0.11889,0.10969,0.10266884081624299,0.09703,0.0915,0.08374
23-01-2026 14:55,25096.0,0.10119429121594281,0.10472,0.1084,0.11268,0.11992,0.12927,0.13943,0.14732493028833873,0.16087,0.17099,0.17993258716726068,0.19457,0.20503,0.21545,0.22446,0.2127761644111255,0.19757,0.18516,0.17236,0.15908,0.1495279577153533,0.13503,0.12398,0.11532,0.10926,0.10437,0.10001,0.09741
23-01-2026 15:00,25071.15,0.10632,0.10791,0.11251,0.11727,0.12556,0.13521,0.14652,0.15761,0.16824,0.17934,0.1912,0.20287,0.21389,0.22422,0.22224,0.2098761614009169,0.19792,0.18353202567972624,0.17151,0.15783806191575458,0.14663,0.13499,0.12448724780181612,0.11609,0.11005,0.10618,0.10368,0.1
23-01-2026 15:05,25059.0,0.1009,0.10433,0.10951,0.11488,0.12411,0.13455,0.14715,0.15877,0.17062,0.1813,0.1939649560046698,0.20477,0.21637,0.22744,0.2193,0.20971267443515848,0.19568,0.18348,0.17207,0.16041,0.15012,0.13935,0.13024,0.12326,0.11883381015335766,0.11648,0.11517,0.11593
23-01-2026 15:10,25045.6,0.11068,0.11441143749151358,0.11676,0.1215,0.13029,0.13867135752748191,0.15104,0.16104,0.17246,0.1819799881947269,0.19091007357220435,0.20710563714621566,0.21719,0.22664,0.21666597182451058,0.20548,0.1952400995917574,0.18023,0.16711347819327274,0.15451,0.14377,0.13176,0.1213641511718588,0.11352,0.10779,0.10344,0.10060721669488334,0.09623
23-01-2026 15:15,25061.1,0.10403,0.10756,0.11216,0.11735,0.12658,0.1366,0.14719,0.15763,0.16971,0.18027,0.19149,0.20296,0.21502,0.22596,0.22229,0.20842,0.19569,0.1799440955967878,0.16658914370010905,0.15498,0.14334,0.13215,0.12057,0.11286,0.10961,0.1063,0.10556798014812216,0.1021
23-01-2026 15:20,25040.65,0.1146,0.11616,0.12115980212605787,0.12866381721044948,0.13309,0.13908112023032368,0.15303,0.16064538793226993,0.17486,0.18481,0.19224114080384896,0.20832,0.2181,0.22899,0.21693010644235594,0.2057346737464687,0.19313,0.17961,0.1662,0.15292,0.14013,0.12789,0.11618,0.10749,0.10101647309252762,0.0991,0.09488,0.08909
23-01-2026 15:25,25049.65,0.10887,0.11147,0.11604,0.12176,0.13109,0.1379275028349322,0.15154,0.16182,0.17314,0.18434,0.19727,0.20814,0.2205,0.22986,0.21958,0.20286,0.19008,0.17715,0.16433,0.15096,0.13995,0.12712523300357956,0.11496902183079877,0.10726,0.10175,0.09947,0.09448,0.08977
27-01-2026 09:15,25113.05,0.27499,0.30202,0.32281,0.35058,0.38461,0.42786,0.47824,0.52453,0.57367,0.62043,0.6803019033384803,0.70998,0.7412121389313948,0.8182194244964477,0.80455,0.75263,0.70349,0.64961,0.59775,0.55382,0.51257,0.48379,0.46589,0.46533,0.47357,0.49258,0.51278,0.54893
27-01-2026 09:20,24981.3,0.37173,0.38093,0.374961726810829,0.3959254561462202,0.4236863856355533,0.48833327717633523,0.55918,0.60764,0.6609,0.70752,0.76109,0.80431,0.84893,0.9125173813749591,0.722,0.67056,0.63579,0.57755,0.52942,0.47801,0.43267797109658035,0.39554,0.37825,0.3773,0.38901,0.4000916782062933,0.41378,0.4435940720320006
27-01-2026 09:25,24940.7,0.41215,0.41457,0.42548,0.44913583755503494,0.4958,0.53823,0.58329,0.6409309470657617,0.6864,0.73837,0.78617,0.83239,0.877,0.9198373558658343,0.70051,0.6352082197688903,0.60735,0.55241,0.5018,0.4528,0.40457,0.36324,0.32868774729813865,0.32686,0.31923,0.31138,0.2881,0.2505798732055246
27-01-2026 09:30,24944.4,0.43418,0.43019,0.45014217681936214,0.45789,0.4795645675168845,0.53966,0.5848868399019936,0.63551,0.68635,0.7535550682357784,0.79262,0.83608,0.8654781486872383,0.92433,0.69697,0.65541,0.61709,0.56144,0.51004,0.45156,0.39858096535035825,0.35395,0.31876,0.30027,0.28486277047037384,0.2633474769903159,0.23261,0.15552
27-01-2026 09:35,25018.3,0.4495,0.42747,0.41019,0.42032,0.45178,0.49251094255906824,0.52925,0.57595,0.62223,0.67629,0.7367980587247294,0.77034,0.81264,0.85271,0.7517610552187306,0.69537,0.64737,0.60076,0.54814,0.4962,0.44574,0.4042648011868023,0.35472,0.32039,0.29276,0.26448,0.22211,0.12637
27-01-2026 09:40,25090.85,0.4547,0.4137,0.39014,0.38476,0.40993,0.44455,0.48925,0.53745,0.58193,0.63655,0.68678,0.73576,0.76941,0.81462,0.79603,0.74443,0.69617,0.64951,0.60292,0.55029,0.49947,0.45308,0.40468,0.36501,0.333,0.30009,0.26344,0.2039
27-01-2026 09:45,25142.05,0.36816,0.34955,0.3373,0.34272,0.36462584560436184,0.40126,0.44811,0.49461,0.54701,0.59015,0.6440921490848219,0.6911531059209255,0.74219,0.78754,0.8244364654021408,0.77235,0.7202384059533118,0.6754,0.63383,0.58196,0.52995,0.48266656242660266,0.43571,0.40108,0.3768,0.35236,0.32849870385313407,0.29136
27-01-2026 09:50,25142.45,0.34662,0.32683,0.31992,0.32756,0.35831,0.39611,0.44871,0.50094,0.54737,0.59426,0.65191,0.6984075758206121,0.74216,0.78114,0.8293202072159551,0.77273,0.72082,0.67648,0.6325278684185192,0.58085,0.53176,0.48237,0.4405,0.40779,0.3920745811452085,0.3641627441440638,0.34076,0.30921
27-01-2026 09:55,25130.4,0.32119,0.31184,0.31403,0.32672,0.36179,0.4154654022807701,0.45679,0.51181,0.5536482791330946,0.61344,0.6850467164282099,0.71226,0.75959,0.7934,0.80994,0.7601,0.72919,0.6766860924569835,0.6264,0.56905,0.516,0.46864,0.42882,0.3969480827330576,0.38821942643698876,0.37073,0.36327322337807055,0.33788
27-01-2026 10:00,25139.8,0.32443,0.311352128023069,0.3074323841338836,0.32502,0.3553924205596397,0.40375,0.46238562131537997,0.51008,0.56064,0.6028288525408715,0.66324,0.70756,0.7569193150333188,0.7880869257038686,0.83447,0.78289,0.7231224256001013,0.68513,0.633,0.58504,0.52821,0.47811,0.431,0.39817,0.37604,0.35656,0.33606,0.31098
27-01-2026 10:05,25125.85,0.30215,0.29677,0.30128,0.32297,0.36228,0.40899,0.46656,0.51932,0.57315,0.62148,0.67629,0.72081,0.7607445513256414,0.80129,0.8286337522470917,0.7812943769431206,0.73296,0.686255355824111,0.63328,0.57812,0.52108,0.47288,0.43083,0.40016,0.38385,0.37058,0.35888,0.33865
27-01-2026 10:10,25088.75,0.4075,0.36353168126296953,0.35823,0.36103,0.3735725299706947,0.42782,0.48428,0.53178,0.58393,0.63445,0.68859,0.73067,0.7829,0.82034,0.81291,0.76659,0.71267,0.66199,0.6135850487887824,0.55399,0.49687,0.44858,0.39699,0.36248,0.33467,0.3030205841360949,0.27156,0.21831
27-01-2026 10:15,25129.65,0.43897,0.39066,0.36472,0.36018,0.38258,0.41304,0.46099529777227477,0.51171,0.56872,0.61118,0.66561,0.71362,0.75313,0.79688,0.84848,0.7956,0.74158,0.69533,0.63808,0.58309,0.53429,0.47852,0.43107,0.38655,0.35069,0.31475,0.27834,0.22729
27-01-2026 10:20,25170.2,0.32589,0.30563,0.2966088341364566,0.31025,0.34257,0.38807,0.44586084025032247,0.49493,0.553,0.59737,0.65279,0.69651,0.74989,0.78886,0.87099,0.8257207115115561,0.78094,0.73318,0.67496,0.62221,0.56933,0.5178917878417545,0.4641300731215048,0.42046,0.39020506696074075,0.36053,0.33881225493597167,0.30288
27-01-2026 10:25,25164.05,0.25371,0.26218,0.27617,0.30173,0.34283,0.39283,0.4492,0.50273,0.5558443373748063,0.60586,0.67118,0.7046113782279362,0.7557921917568398,0.79871,0.87468,0.82807,0.77342,0.72691,0.67296,0.61698,0.5619,0.51093,0.4662925024365544,0.42822,0.40896,0.39165394178597435,0.38081,0.37269
27-01-2026 10:30,25123.35,0.3273,0.31534,0.32376041857703336,0.33808,0.37735720014382457,0.42491,0.48153,0.5339981142775863,0.58658,0.63961,0.7013595551872058,0.7464,0.79521,0.83545,0.85189,0.79916,0.75078,0.6982254682765485,0.64601,0.59014,0.54071,0.49048,0.43891,0.39674,0.3670910025733743,0.33773,0.31402,0.28019
27-01-2026 10:35,25122.35,0.2568818858191949,0.2897636135534677,0.3076,0.33586,0.37908,0.43364101122709087,0.48624,0.54057,0.58795,0.64561,0.7025,0.74763,0.79619,0.82755,0.8585,0.80533,0.75652,0.70959,0.65084,0.5989275399666161,0.5427287764368471,0.49179,0.4435,0.40453,0.3792976919650124,0.35626,0.33601,0.31486
27-01-2026 10:40,25095.65,0.2351865092659181,0.27705,0.30858,0.34517,0.39676,0.4625392165482932,0.5135,0.57223,0.62559,0.6751152325117491,0.7277375906994603,0.7755,0.82494,0.87277,0.82604,0.77517,0.73559,0.66826,0.62248,0.56794,0.5108789518892952,0.46905,0.42666,0.41728,0.41798,0.42719,0.44604,0.47381
27-01-2026 10:45,25027.6,0.33335,0.33817,0.35486,0.39150323039953583,0.44222,0.49912,0.5557,0.61343,0.66951,0.72857,0.7769152153006016,0.82268,0.8672686345753171,0.91224,0.81134,0.75038,0.7100627054105804,0.64989,0.59084,0.53037,0.47477,0.42695,0.37786,0.3523287513384148,0.33006,0.3161282350798089,0.2975,0.26889
27-01-2026 10:50,25020.95,0.27243462513674654,0.3311,0.37325451948835636,0.41388,0.46816,0.5244976338363992,0.58347,0.63393,0.67963,0.74791,0.8027,0.8509,0.89024,0.94593,0.82915,0.7622505568314286,0.7136230972926033,0.65159,0.59194,0.5382,0.48057,0.4304,0.3864181684529283,0.36854,0.36669,0.37527,0.385498650346907,0.40869
27-01-2026 10:55,24997.0,0.3272,0.3609053066276716,0.3794328315149336,0.4288,0.4723663840413077,0.53983,0.59563,0.64794,0.70518,0.76982,0.81506,0.8733,0.920961975862848,0.97544,0.80799,0.752365184322381,0.70166,0.64264,0.58219,0.52396,0.48086941544198747,0.41534,0.37268,0.35504,0.35497,0.3502273400944864,0.357313654263819,0.3853
27-01-2026 11:00,24984.95,0.2641779372602385,0.3586866398993066,0.3921959977577741,0.44337,0.49355,0.55304,0.60914,0.66918,0.7194,0.7846,0.83519,0.9044144117211936,0.94099,0.99173,0.8210744830385788,0.7541550602393873,0.70616,0.63595,0.57545,0.5163041389990761,0.45921,0.40189,0.34996,0.32186,0.31013,0.29312,0.26525,0.201
27-01-2026 11:05,25008.55,0.35938,0.3737175157885061,0.39529,0.43643,0.48808,0.5476608118771119,0.60524,0.65624,0.71909,0.77679,0.83301,0.88779,0.93527,0.98664,0.8240990474947227,0.76668,0.72755,0.6560469381833868,0.5963588246590663,0.53754,0.47948,0.42233,0.36786,0.33818,0.32588,0.31607506856651946,0.31009,0.29008
27-01-2026 11:10,25017.35,0.35447,0.3735095881352021,0.3917,0.4360793306666195,0.48639,0.54371,0.5998840849896335,0.66031,0.71616,0.78283,0.83535,0.90092,0.94465,0.9945272489175417,0.84323,0.78659,0.74005,0.66858,0.6199001350988685,0.55235,0.4863713085838044,0.42763,0.37099,0.33704,0.32149,0.30795832113349797,0.29971,0.27694
27-01-2026 11:15,25024.0,0.36044,0.36747,0.38888,0.42815,0.48191,0.53609,0.59681,0.65096,0.70102,0.77263,0.82914,0.88409,0.925864529492745,0.9822,0.84713,0.79103,0.74571,0.67934,0.61259,0.5509056810275371,0.48546,0.42832,0.37381,0.33669,0.31376,0.29753,0.2891983156649397,0.26513313578630465
27-01-2026 11:20,25044.9,0.32104,0.3140433801162251,0.36439,0.41123,0.46217,0.52086,0.58499,0.63522,0.69429,0.7553104604016251,0.81298,0.87951,0.92713,0.96345,0.85907,0.8038,0.75361,0.68763,0.63226,0.56455,0.51188,0.45302,0.39312,0.36313,0.34214,0.33306,0.32606,0.31835
27-01-2026 11:25,25036.65,0.36696,0.36749,0.38782,0.42691,0.46738888809590984,0.52892,0.58582,0.63827,0.6913,0.76463,0.8207,0.88782,0.93488,0.981921767263025,0.8591958194438329,0.80684,0.759098062845489,0.69546,0.6471670151362332,0.57808,0.5149,0.45444,0.39294,0.34485,0.31554,0.2854067118444865,0.26278,0.209
27-01-2026 11:30,25078.55,0.30177,0.31892,0.34583,0.39147,0.44332655316475655,0.50143,0.55908,0.6160643092353297,0.67088,0.73376,0.7969121096062399,0.85717,0.91064,0.95374,0.89745,0.84137,0.79065,0.72989,0.6684128415994828,0.61261,0.54192,0.4866,0.42664,0.38602,0.36245,0.34457,0.33544,0.3034292011029837
27-01-2026 11:35,25074.65,0.3588326739302997,0.34012,0.35804,0.39528,0.436,0.49221,0.55529,0.60544,0.66896,0.73161,0.79348,0.84687,0.91508,0.94711,0.90452,0.83873,0.7792550533816981,0.73505,0.67733,0.61641,0.54493,0.48589,0.42361,0.37293,0.33543,0.31041001670302615,0.28242,0.25141
27-01-2026 11:40,25088.45,0.51292,0.44935,0.42746,0.43359,0.45344,0.48777,0.54722,0.59689,0.6595029331778293,0.70847,0.76042,0.8192523122325372,0.86804,0.91268,0.9192995677060689,0.86574,0.806203293889927,0.75212,0.68852,0.62328,0.56051,0.5012,0.43625,0.38682,0.3401,0.29952,0.25544,0.17427
27-01-2026 11:45,25159.6,0.26014,0.2794,0.30133,0.33437,0.37354,0.43836,0.49435,0.54956,0.60709,0.661863243385152,0.73216,0.78416,0.8316640573963865,0.86457,0.97798,0.9111,0.85324,0.79336,0.7316,0.6657676719898805,0.6014147083676993,0.5400464914385168,0.48941,0.44602,0.42422,0.41054,0.40549,0.41203
27-01-2026 11:50,25103.25,0.3271,0.32609,0.3415,0.37589,0.41313,0.4650642037742837,0.53389,0.59395,0.638361150285695,0.69661,0.77721,0.81837,0.87825,0.92405,0.94209,0.87488,0.81721,0.76497,0.69521,0.63118,0.56521,0.50148,0.44941,0.4108316383190844,0.38774,0.37268893948455606,0.36494,0.34715
27-01-2026 11:55,25084.4,0.42256620763348984,0.37526,0.3857517336751462,0.4052,0.43891,0.49008,0.55875,0.60674,0.66333,0.71693,0.79863,0.85098,0.91214,0.9536874089590767,0.95193,0.8799048374753684,0.8171605700746473,0.76111,0.69042,0.61931,0.5624571168600251,0.49314770886924475,0.43434,0.39001,0.3580658868903185,0.33146,0.30429,0.26015
27-01-2026 12:00,25100.25,0.3932,0.37693,0.37919,0.4031187240576475,0.44151,0.49354,0.5541,0.60307,0.65156,0.7059822145982947,0.77765,0.82725,0.8876719626614915,0.920347618662361,0.9623,0.88186,0.82452,0.77303,0.7031436233824586,0.6415543917986603,0.571,0.5098842549916428,0.45472,0.40448,0.37113,0.34364,0.31813,0.28474698109444824
27-01-2026 12:05,25122.5,0.35913,0.347,0.35271,0.37884,0.42015,0.47865,0.53933,0.5973409769465958,0.65344,0.69809,0.78273,0.82285,0.89728,0.9358869364055903,0.98853,0.90705,0.84928,0.78884,0.72602,0.6541,0.59385,0.5305995758897178,0.47451,0.42794481419492136,0.39439,0.37132,0.3522,0.3296057047860616
27-01-2026 12:10,25117.85,0.37709,0.3605,0.36361,0.38941,0.42902,0.4936694039767343,0.55495,0.59802,0.66477,0.72079,0.78509,0.84864,0.9171742953978514,0.95972,0.98491,0.90182,0.84542,0.79545,0.73937,0.6659,0.6121139926405351,0.54119,0.47988,0.42957,0.39059,0.36109,0.33405,0.3012
27-01-2026 12:15,25117.6,0.30765,0.31365,0.33785,0.38075,0.438,0.49899,0.56222,0.62062,0.6747852972004451,0.73016,0.8062755561471926,0.84696,0.9233,0.97212,1.01025,0.92673,0.85601,0.81432,0.7486,0.67419,0.61091,0.5401801383496545,0.49254838519727717,0.44767,0.41968,0.39999,0.38464,0.37378
27-01-2026 12:20,25109.2,0.39454,0.3724123319893672,0.37656,0.40138,0.4583946691308274,0.51201,0.57587,0.62761,0.68817,0.73425,0.81144,0.8637,0.94107,0.99043,1.00465,0.93314,0.8674635475022543,0.819,0.7484625197501782,0.6835,0.62307,0.55271,0.48838,0.42912,0.37872,0.33881,0.3053661256388026,0.24873
27-01-2026 12:25,25134.2,0.27995,0.29513,0.31481097532955254,0.37419,0.42935,0.4948,0.56462,0.6223793351321725,0.67951,0.73799,0.81575,0.85823,0.94879,0.98686,1.03517,0.94871,0.90214,0.8465662639409114,0.77268,0.72383,0.63977,0.58404,0.51233,0.46825954202014497,0.42482,0.40127,0.38577,0.37778
27-01-2026 12:30,25098.2,0.34532,0.36119771311977866,0.36118,0.4013,0.45691,0.52494,0.59417,0.66049,0.71503,0.76211,0.84146,0.89501,0.98724,1.00813,1.0379,0.95103,0.88906,0.83341,0.76474,0.70024,0.62633,0.56307,0.49249,0.4407,0.39862,0.36573,0.33397,0.29361
27-01-2026 12:35,25099.65,0.32818,0.3356,0.36352,0.41336,0.47017,0.53637,0.6121142871562487,0.66877,0.72412,0.7738141914354763,0.86377,0.92022,1.00022,1.03866,1.04009,0.97827,0.90271,0.8543463752832607,0.77667,0.71739,0.6467045357956128,0.57224,0.51253,0.45385,0.41578,0.3838920473696661,0.3681,0.35022396397515027
27-01-2026 12:40,25084.95,0.3394447343296295,0.35756,0.3851,0.43265,0.48939,0.55081,0.61517,0.6873733961391159,0.7503243767880285,0.81686,0.87549,0.9360255823452817,0.99762,1.04657,1.04478,0.96906,0.90513,0.84759,0.7876883283023177,0.71012,0.62832,0.55539,0.49525,0.4388423679144331,0.3995386039314099,0.367960249898458,0.34137,0.31194751489502187
27-01-2026 12:45,25083.9,0.3056174486532913,0.33588,0.38006,0.43751,0.49765,0.5771122941363344,0.63201,0.7047822238867714,0.76706,0.82994,0.9146287710264263,0.94517,1.0283,1.06306,1.05972,0.98286,0.91795,0.85952,0.78761,0.7134,0.6369,0.56286,0.50176,0.45209,0.42086,0.40056,0.38685,0.38058
27-01-2026 12:50,25065.25,0.3993,0.39715,0.42182,0.46947,0.52555,0.59988,0.66958,0.7249659013651039,0.78377,0.85703,0.9240071303811852,0.98798,1.04271,1.0791551650274394,1.07631,0.96973,0.90591,0.83859,0.75874,0.69506,0.62552,0.54605,0.4706829230272912,0.41217,0.36272,0.31743,0.2800924354299824,0.2587067211136926
27-01-2026 12:55,25094.45,0.33154,0.3502,0.3889,0.45500498747542983,0.5138167437843753,0.58448,0.6528340275820378,0.71484,0.77353,0.84815,0.9363478020534335,0.98176,1.05306,1.10751,1.10123,1.0210374607698354,0.9489214022080559,0.88526,0.80352,0.7374,0.65314,0.57953,0.5093,0.44418,0.40057,0.36528,0.34277,0.3115
27-01-2026 13:00,25087.35,0.32893,0.348,0.3983414025830177,0.45282,0.52299,0.58998,0.66662,0.72416,0.7954667724405626,0.86777,0.94264,1.00345,1.07589,1.13114,1.11403,1.03344,0.95265,0.8924219176549419,0.81111,0.74373,0.66463,0.5879965447930892,0.51132,0.45443,0.408,0.37208,0.33849,0.30072
27-01-2026 13:05,25077.3,0.37491,0.387,0.42388,0.47872,0.5369,0.61433,0.69302,0.74483,0.82368,0.87877,0.93987,1.01338,1.08612,1.13901,1.10891,1.0424448589056,0.96104,0.90142,0.80672,0.74013,0.66738,0.5815552913005002,0.50256,0.44235,0.3892773847837015,0.34786,0.30785,0.25246
27-01-2026 13:10,25078.6,0.38621,0.39523,0.43152,0.48027,0.54075,0.6185,0.6834,0.75694,0.82697,0.90538,0.98283,1.04564,1.12058,1.15819,1.12954,1.0471,0.96446,0.90732,0.8317923421779843,0.76234,0.68031,0.6010755305040182,0.5201119433421167,0.4545339764740457,0.40577,0.35911,0.31882,0.25628
27-01-2026 13:15,25088.55,0.4451294351455167,0.41003,0.44149,0.48748,0.54588,0.62644,0.70165,0.76234,0.83383,0.88793,0.99268,1.0451742628465646,1.13316,1.14869,1.15813,1.07422,0.99013,0.9322,0.83392,0.77672,0.7017605817913963,0.61558,0.53137,0.46989,0.41386,0.36185,0.31503145771920804,0.26639
27-01-2026 13:20,25085.9,0.43553,0.43431,0.45449,0.49675,0.55424,0.6419107541756343,0.71032,0.7761337988413473,0.86254,0.92093,1.00047,1.0453,1.15693,1.19614,1.15829,1.07399,0.9884228902573214,0.94771,0.8505429020950265,0.78017,0.70546,0.61252,0.526359969894991,0.4614,0.39462,0.34915071145830523,0.3026,0.23747
27-01-2026 13:25,25098.05,0.46141,0.45251,0.46505,0.50455,0.56244,0.637404669466222,0.71329,0.78384,0.86895,0.94142,1.01001,1.09028,1.1697,1.21001,1.1896806976128143,1.10515,1.05253,0.97691,0.89784,0.81566,0.73052,0.64864,0.56142,0.47273,0.40676,0.34945,0.30219,0.2296571772081643
27-01-2026 13:30,25112.65,0.36831,0.38375,0.4277835064229539,0.48536,0.55493,0.63535,0.71437,0.79586,0.87378,0.94799,1.03188,1.0834431296308449,1.16419,1.22291,1.22766,1.15967,1.08677,1.006858507512782,0.92938,0.8495943407958201,0.75914,0.68207,0.58743,0.5117,0.44197,0.39028,0.35284,0.288594434553288
27-01-2026 13:35,25095.5,0.28249,0.367317357409103,0.42153,0.49482,0.5530215421684792,0.65956,0.7536,0.8196,0.8891166974655282,0.98382,1.0823501301660805,1.1406467841248176,1.2108052232838786,1.28497,1.21494,1.1556100569733478,1.09508,1.00257,0.93371,0.843753152478242,0.770421634456268,0.68561,0.62546561823908,0.56349,0.5416513894458117,0.52212,0.53098,0.59249
27-01-2026 13:40,25049.05,0.37743,0.42277,0.49073,0.5873203319075848,0.66038,0.74594,0.82367,0.90134,0.97221,1.06132,1.1209,1.1982072960978267,1.27192,1.33216,1.20272,1.13539,1.06165,0.99634,0.92155,0.83142,0.73084,0.64204,0.55651,0.4863,0.42132,0.39112,0.36411,0.33202
27-01-2026 13:45,25044.1,0.42625,0.42657043682607865,0.51533,0.59021,0.40053294695573705,0.5362461080884099,0.6667191661584785,0.6585111324533636,0.8074474242747629,1.06364,1.15186,1.0495827663306028,1.0738859537672167,1.34114,1.1744764635148939,1.2190200141589678,1.0821,1.0444837890611023,0.91634,0.83709,0.73498,0.63898,0.55494,0.43951384030696716,0.39944,0.35232,0.30672,0.22099
27-01-2026 13:50,25054.3,0.37171,0.42344,0.49546,0.57747,0.67696,0.75746,0.85059,0.94007,1.0022,1.08021,1.1621573643093353,1.26015,1.34868,1.39246,1.314,1.2175425410217557,1.15066,1.06292,0.9819,0.88599,0.77972,0.67892,0.58948,0.50801,0.4457179564800801,0.39785,0.370624790831357,0.34367
27-01-2026 13:55,25040.65,0.38421,0.43769,0.5184747687062552,0.6083,0.70442,0.7964356281814507,0.89528,0.97861,1.05464,1.13671,1.21434,1.30604,1.37665,1.44131,1.3130795202562573,1.23488,1.1577573757630513,1.0651212350482593,0.99334,0.8789599211237403,0.7751212309135591,0.68166,0.5867405740072219,0.48888,0.40466,0.3506151689164543,0.29989,0.20917
27-01-2026 14:00,25042.35,0.32664,0.4114,0.50478,0.60881,0.70982,0.80406,0.89113,0.96993,1.0818,1.15066,1.22752,1.3206,1.41273,1.50397,1.354358828591415,1.28946,1.18482,1.0946,1.01173,0.9043800683820424,0.8088,0.7137526004053704,0.6073,0.52322,0.44833,0.41858,0.3813685245530921,0.2877423846838438
27-01-2026 14:05,25010.6,0.39868,0.48123,0.5901826279493514,0.67489,0.78007,0.8996038408195212,0.9737460525389253,1.0674,1.15967,1.254404229517095,1.322610958563784,1.41135,1.5029326611927705,1.57916,1.35802,1.27511,1.2137347731542016,1.10648,0.99522,0.89362,0.78825,0.67908,0.56582,0.47476,0.3958265576252597,0.32586,0.27633,0.12281
27-01-2026 14:10,25041.35,0.37357,0.45821,0.55878,0.6359961717649021,0.77277,0.86212,0.94634,1.05464,1.1456122402005802,1.25296,1.338888858785845,1.40178,1.49949,1.56997,1.40252,1.3012948438812528,1.2313997093809406,1.14421,1.0163,0.91977,0.8388,0.72874,0.6190156653476381,0.51409,0.41328,0.3543,0.31415,0.25836
27-01-2026 14:15,25034.25,0.3695,0.45459,0.56798,0.67166,0.7755495939467245,0.89058,1.0120433360785364,1.08509,1.19427,1.31635,1.37374,1.49623,1.55624,1.62888,1.44116,1.35926,1.2832124183944575,1.18998,1.05823,0.9419,0.85544011450042,0.73568,0.62576,0.52151,0.41642,0.3667606204448062,0.31669,0.27147
27-01-2026 14:20,25028.4,0.40083,0.48493,0.59172,0.6465650616240992,0.79921,0.89922,1.0028,1.10091,1.1550954710588677,1.2526735876793471,1.38358,1.51294,1.61732,1.6258591756789378,1.48547,1.33764,1.3076,1.1886160960827103,1.07166,0.96811,0.8591,0.75421,0.6467,0.5403,0.44549,0.3874,0.34854,0.28994
27-01-2026 14:25,25022.0,0.42522,0.51321,0.62323,0.7317,0.84639,0.9467111216806213,1.04852,1.1661,1.26484,1.37808,1.46805,1.55096,1.65772,1.76347,1.5352906528642865,1.4309693697112484,1.3304561548106157,1.22728,1.1176272545797088,1.001199449570252,0.88354,0.76492,0.64858,0.5281,0.41802055450445547,0.3283650052409224,0.25126820143001083,0.11719
27-01-2026 14:30,25040.85,0.39181,0.50066,0.62518,0.75971,0.88623,0.99624,1.1264,1.2432,1.34177,1.46343,1.56662,1.66481,1.7751851320136605,1.87057,1.57868,1.49654,1.4177385574252106,1.32053,1.1815569836635584,1.07647,0.944,0.8212,0.7127915506776156,0.57136,0.45098,0.36207,0.30341,0.19898472765684277
27-01-2026 14:35,25042.95,0.54896,0.57786,0.66313,0.76466,0.89905,1.00651,1.09641,1.22306,1.34797,1.50913,1.5635375546156656,1.68869,1.77649,1.8546,1.65134,1.52633,1.4850264324714426,1.38194,1.2681601541953829,1.12711,0.98879,0.87119,0.74329,0.60591,0.46679,0.3692762413940447,0.267162100395005,0.10484
27-01-2026 14:40,25097.55,0.33389,0.42508,0.55551,0.67826,0.78645,0.92303,1.03769,1.16763,1.23569,1.42219,1.5650348271906775,1.63715,1.7299519984314407,1.83068,1.7994,1.6687,1.5848672679742264,1.47385,1.33685,1.22119,1.06074,0.93888,0.84334,0.69108,0.5411574242435033,0.40992,0.31756,0.26193
27-01-2026 14:45,25108.1,0.37525,0.42842,0.5701104159006991,0.68849,0.8273,0.97349,1.11692,1.23827,1.32278,1.48454,1.58344,1.71158,1.8075987088634944,1.8613122081165483,1.91042,1.71363,1.652313936904528,1.53578,1.4210597288069344,1.27885,1.15422,1.00505,0.88216,0.72477784275644,0.58912,0.43418,0.30565,0.20319
27-01-2026 14:50,25122.3,0.3670987126875601,0.4328,0.55658,0.70672,0.84021,0.9529,1.12283,1.2413502849361693,1.34638,1.48257,1.61719,1.79522,1.88216,1.94677,2.0691185212389303,1.89989,1.7663992636667827,1.64927,1.5140460983235362,1.37749,1.24586,1.08792,0.94426,0.78047,0.6238993395633532,0.47032,0.31555,0.16639
27-01-2026 14:55,25143.55,0.35345,0.38729,0.52999,0.7161961946804716,0.82563,1.0072,1.1699043506795004,1.2937,1.40702,1.55288,1.69702,1.7779,1.9105793331696692,1.94457,2.2818961113353633,2.06243,1.952303415798613,1.86546,1.7262,1.55776,1.38835,1.2177,1.08865,0.90835,0.74974082168458,0.58392,0.39964,0.24166
27-01-2026 15:00,25118.0,0.22867,0.42577,0.5378179333906103,0.76229,0.93694,1.07719,1.24115,1.40258,1.56178,1.66008,1.71452,2.02809,2.10815,2.13811,2.27781,2.11407,1.9501,1.7992363008052032,1.72376,1.54954,1.37437,1.19798,1.01998,0.8484002397481551,0.6876,0.51939,0.32525,0.10988934078283669
27-01-2026 15:05,25134.65,0.20763,0.42034,0.58577,0.74767,0.96576,1.10655,1.2084,1.45281,1.62229,1.78968,1.85084,2.0512243148744433,2.16189,2.31529,2.60916,2.34411,2.2031522970443134,1.992678250417083,1.8898248023943096,1.68275,1.44213,1.2873571821694525,1.11695,0.95237,0.75249,0.56259,0.35433,0.11644
27-01-2026 15:10,25154.95,0.16803,0.40933,0.5856289129587935,0.82645,0.9464535290426364,1.12661,1.3941904476036058,1.58429,1.772123678289765,1.96159,2.03204,2.3302,2.38021,2.55189,2.71129,2.558511731600361,2.3885534416600906,2.13747,2.13017,1.85502,1.65228,1.44843,1.2431,0.97402,0.82574,0.6041089123712953,0.40968,0.17324
27-01-2026 15:15,25174.85,0.14225,0.42629,0.6745,0.81392,1.03772,1.33488,1.47205,1.7294654725112266,1.9560457539807108,2.22048,2.30421,2.50644,2.6225111968867307,2.90515,3.17201,2.95157,2.88296,2.51011,2.4194,2.06703,1.84445,1.62086,1.39592,1.16917,1.00123,0.75534,0.5763480950049579,0.23712
27-01-2026 15:20,25198.1,0.0168,0.39816,0.69406,1.0967038002075078,1.20671,1.47601,1.84647,2.00071,2.3807364687642676,2.6557,2.76165,3.0891626845739593,3.211299238973114,3.69076,3.93728182229578,3.7811279392966752,3.40433,3.13418,2.86358,2.59234,2.32024,2.04698,1.77218,1.4953,1.21558,0.9701016666899627,0.68798,0.3404
27-01-2026 15:25,25242.4,0.03726,0.35816,0.73157,1.13908,1.53259,1.91634,2.29252,2.66246,3.02705,3.334070963702193,3.74259,4.044472421024736,4.394866667919221,4.743065924334267,5.851212405346459,5.38476,4.97453,4.59339,4.21172,3.82927,3.44575,3.06078,2.6739,2.28444,1.89151,1.4799169988551057,1.08871,0.6184760344767908
