id,value
07-01-2026 09:15||NIFTY27JAN2624100PE,0.1646905355316615
07-01-2026 09:15||NIFTY27JAN2625500CE,0.1137632721682626
07-01-2026 09:15||NIFTY27JAN2625800CE,0.0997015669637742
07-01-2026 09:20||NIFTY27JAN2624000PE,0.1696997873629001
07-01-2026 09:20||NIFTY27JAN2624200PE,0.1584464957393001
07-01-2026 09:20||NIFTY27JAN2624800PE,0.1269847940609204
07-01-2026 09:20||NIFTY27JAN2625000PE,0.1175444618188805
07-01-2026 09:20||NIFTY27JAN2625300CE,0.100879692796925
07-01-2026 09:20||NIFTY27JAN2625400CE,0.1116784790287303
07-01-2026 09:20||NIFTY27JAN2625800CE,0.1061715312674603
07-01-2026 09:20||NIFTY27JAN2625900CE,0.1019685532966972
07-01-2026 09:25||NIFTY27JAN2624300PE,0.1522769631480122
07-01-2026 09:25||NIFTY27JAN2625100PE,0.1144632098993856
07-01-2026 09:25||NIFTY27JAN2625300CE,0.0920380135863466
07-01-2026 09:25||NIFTY27JAN2626500CE,0.090914967590983
07-01-2026 09:30||NIFTY27JAN2623900PE,0.1830225308116357
07-01-2026 09:30||NIFTY27JAN2624300PE,0.1536688555454518
07-01-2026 09:30||NIFTY27JAN2625900CE,0.0969548854994022
07-01-2026 09:30||NIFTY27JAN2626400CE,0.0868879039599483
07-01-2026 09:35||NIFTY27JAN2623900PE,0.1757275756914221
07-01-2026 09:35||NIFTY27JAN2624600PE,0.1363236628394507
07-01-2026 09:35||NIFTY27JAN2625100PE,0.1117924098804702
07-01-2026 09:35||NIFTY27JAN2625900CE,0.100189959368766
07-01-2026 09:35||NIFTY27JAN2626100CE,0.0983973461260561
07-01-2026 09:40||NIFTY27JAN2625100PE,0.1193283219601896
07-01-2026 09:40||NIFTY27JAN2625600CE,0.0852424008172654
07-01-2026 09:40||NIFTY27JAN2625800CE,0.0843935562802751
07-01-2026 09:40||NIFTY27JAN2625900CE,0.0830165577974445
07-01-2026 09:40||NIFTY27JAN2626200CE,0.0850904004182888
07-01-2026 09:45||NIFTY27JAN2625000PE,0.1140873733957116
07-01-2026 09:45||NIFTY27JAN2625200CE,0.1116286377546339
07-01-2026 09:45||NIFTY27JAN2625900CE,0.0991366173366582
07-01-2026 09:45||NIFTY27JAN2626400CE,0.0870101407163671
07-01-2026 09:50||NIFTY27JAN2623800PE,0.1777979235633464
07-01-2026 09:50||NIFTY27JAN2624500PE,0.1419135021723546
07-01-2026 09:50||NIFTY27JAN2624900PE,0.1205968350290615
07-01-2026 09:50||NIFTY27JAN2625200CE,0.1246393106319699
07-01-2026 09:50||NIFTY27JAN2625500CE,0.1092102423093461
07-01-2026 09:50||NIFTY27JAN2625600CE,0.1054559055567728
07-01-2026 09:50||NIFTY27JAN2626400CE,0.0871718837343391
07-01-2026 09:55||NIFTY27JAN2624300PE,0.1522606640871653
07-01-2026 09:55||NIFTY27JAN2624700PE,0.1301749027987467
07-01-2026 09:55||NIFTY27JAN2625000PE,0.1150775916440851
07-01-2026 09:55||NIFTY27JAN2625500CE,0.1253559780531734
07-01-2026 09:55||NIFTY27JAN2625800CE,0.109759716098566
07-01-2026 09:55||NIFTY27JAN2625900CE,0.107674830007142
07-01-2026 10:00||NIFTY27JAN2624600PE,0.1377414416700398
07-01-2026 10:00||NIFTY27JAN2625000PE,0.1174721274620344
07-01-2026 10:00||NIFTY27JAN2625900CE,0.0986388649963556
07-01-2026 10:00||NIFTY27JAN2626100CE,0.0974812883027902
07-01-2026 10:00||NIFTY27JAN2626500CE,0.0925698883655207
07-01-2026 10:05||NIFTY27JAN2625200CE,0.0917704847143908
07-01-2026 10:05||NIFTY27JAN2625500CE,0.1133553026082785
07-01-2026 10:05||NIFTY27JAN2626300CE,0.0921362619052729
07-01-2026 10:10||NIFTY27JAN2623800PE,0.1801666399346945
07-01-2026 10:10||NIFTY27JAN2623900PE,0.1766724326201581
07-01-2026 10:10||NIFTY27JAN2624200PE,0.1627129832847728
07-01-2026 10:10||NIFTY27JAN2625500CE,0.1074412892384475
07-01-2026 10:10||NIFTY27JAN2625600CE,0.1029650049196454
07-01-2026 10:10||NIFTY27JAN2625700CE,0.107068722613933
07-01-2026 10:10||NIFTY27JAN2625900CE,0.1032386159283908
07-01-2026 10:10||NIFTY27JAN2626000CE,0.1019005143357199
07-01-2026 10:15||NIFTY27JAN2623900PE,0.1756644968216951
07-01-2026 10:15||NIFTY27JAN2625700CE,0.0915423147865918
07-01-2026 10:15||NIFTY27JAN2626100CE,0.0854557744431301
07-01-2026 10:15||NIFTY27JAN2626200CE,0.0880238132281035
07-01-2026 10:15||NIFTY27JAN2626500CE,0.0846148261364675
07-01-2026 10:20||NIFTY27JAN2624000PE,0.1732241298527201
07-01-2026 10:20||NIFTY27JAN2624200PE,0.1624556174969521
07-01-2026 10:20||NIFTY27JAN2624300PE,0.1557068320806848
07-01-2026 10:20||NIFTY27JAN2624500PE,0.1455805445821482
07-01-2026 10:20||NIFTY27JAN2625500CE,0.1127790695307935
07-01-2026 10:20||NIFTY27JAN2625700CE,0.1022591669110861
07-01-2026 10:20||NIFTY27JAN2626100CE,0.0914078096238548
07-01-2026 10:25||NIFTY27JAN2624000PE,0.1664595402462076
07-01-2026 10:25||NIFTY27JAN2624100PE,0.1662669069228648
07-01-2026 10:25||NIFTY27JAN2625600CE,0.1001296851161507
07-01-2026 10:25||NIFTY27JAN2625700CE,0.0915069860241993
07-01-2026 10:25||NIFTY27JAN2626100CE,0.086909235422677
07-01-2026 10:30||NIFTY27JAN2624200PE,0.159945053288608
07-01-2026 10:30||NIFTY27JAN2625100PE,0.1109061646728776
07-01-2026 10:30||NIFTY27JAN2625500CE,0.1161428661349128
07-01-2026 10:30||NIFTY27JAN2625600CE,0.1093739317647928
07-01-2026 10:30||NIFTY27JAN2626000CE,0.0970029960366184
07-01-2026 10:30||NIFTY27JAN2626200CE,0.0898561236960416
07-01-2026 10:30||NIFTY27JAN2626300CE,0.0918886589366718
07-01-2026 10:35||NIFTY27JAN2623800PE,0.1801216503616535
07-01-2026 10:35||NIFTY27JAN2624200PE,0.1556949712422256
07-01-2026 10:35||NIFTY27JAN2624500PE,0.1432656517293025
07-01-2026 10:35||NIFTY27JAN2625000PE,0.1140621980433798
07-01-2026 10:35||NIFTY27JAN2625400CE,0.1232851083424177
07-01-2026 10:35||NIFTY27JAN2625500CE,0.1184944890520664
07-01-2026 10:35||NIFTY27JAN2626100CE,0.0954247146689253
07-01-2026 10:35||NIFTY27JAN2626300CE,0.0952186714576561
07-01-2026 10:40||NIFTY27JAN2623900PE,0.176469463780818
07-01-2026 10:40||NIFTY27JAN2624900PE,0.1215555491030913
07-01-2026 10:40||NIFTY27JAN2625100PE,0.1145048837577548
07-01-2026 10:40||NIFTY27JAN2625200CE,0.1328404184220263
07-01-2026 10:40||NIFTY27JAN2625400CE,0.1183187390907861
07-01-2026 10:40||NIFTY27JAN2625600CE,0.1061425307155894
07-01-2026 10:40||NIFTY27JAN2625800CE,0.0981716499444835
07-01-2026 10:40||NIFTY27JAN2626100CE,0.090902137617899
07-01-2026 10:40||NIFTY27JAN2626300CE,0.0875712208090814
07-01-2026 10:45||NIFTY27JAN2624000PE,0.1693840125707157
07-01-2026 10:45||NIFTY27JAN2625100PE,0.1133561698596443
07-01-2026 10:45||NIFTY27JAN2625300CE,0.118006218114188
07-01-2026 10:45||NIFTY27JAN2626000CE,0.094595452797792
07-01-2026 10:45||NIFTY27JAN2626400CE,0.0860872162269902
07-01-2026 10:50||NIFTY27JAN2623900PE,0.174693864320066
07-01-2026 10:50||NIFTY27JAN2624200PE,0.1660497176896083
07-01-2026 10:50||NIFTY27JAN2625600CE,0.1090414135010894
07-01-2026 10:50||NIFTY27JAN2625800CE,0.1028353933338906
07-01-2026 10:55||NIFTY27JAN2624300PE,0.1499550774607552
07-01-2026 10:55||NIFTY27JAN2624900PE,0.1245442768892251
07-01-2026 10:55||NIFTY27JAN2625500CE,0.1028044537733707
07-01-2026 11:00||NIFTY27JAN2624200PE,0.1657992278836667
07-01-2026 11:00||NIFTY27JAN2626500CE,0.0880899214215427
07-01-2026 11:05||NIFTY27JAN2624300PE,0.1594887565916461
07-01-2026 11:05||NIFTY27JAN2624600PE,0.1389266943713863
07-01-2026 11:05||NIFTY27JAN2624800PE,0.1288961647162199
07-01-2026 11:05||NIFTY27JAN2625200CE,0.0537535521224895
07-01-2026 11:05||NIFTY27JAN2626000CE,0.0939743965845362
07-01-2026 11:05||NIFTY27JAN2626200CE,0.0886701672505248
07-01-2026 11:10||NIFTY27JAN2624400PE,0.150691296637802
07-01-2026 11:10||NIFTY27JAN2624800PE,0.1286948219215641
07-01-2026 11:10||NIFTY27JAN2625200CE,0.1087754169412688
07-01-2026 11:10||NIFTY27JAN2625500CE,0.1096931735408967
07-01-2026 11:10||NIFTY27JAN2625700CE,0.1011302990610749
07-01-2026 11:10||NIFTY27JAN2625900CE,0.0931972277304051
07-01-2026 11:10||NIFTY27JAN2626300CE,0.086037330706777
07-01-2026 11:15||NIFTY27JAN2624000PE,0.1682032355287832
07-01-2026 11:15||NIFTY27JAN2624800PE,0.1283041138196413
07-01-2026 11:15||NIFTY27JAN2625400CE,0.1197159994520158
07-01-2026 11:15||NIFTY27JAN2626100CE,0.0933325574866117
07-01-2026 11:15||NIFTY27JAN2626300CE,0.0894533899831362
07-01-2026 11:20||NIFTY27JAN2623800PE,0.1839787801553271
07-01-2026 11:20||NIFTY27JAN2624200PE,0.1569236478451783
07-01-2026 11:20||NIFTY27JAN2624900PE,0.1208964607533793
07-01-2026 11:20||NIFTY27JAN2625300CE,0.1290759394254772
07-01-2026 11:20||NIFTY27JAN2625700CE,0.0988074969574657
07-01-2026 11:20||NIFTY27JAN2626000CE,0.0924885871431796
07-01-2026 11:25||NIFTY27JAN2623800PE,0.1811021066026832
07-01-2026 11:25||NIFTY27JAN2624400PE,0.1497452356118597
07-01-2026 11:25||NIFTY27JAN2624800PE,0.1270318135483053
07-01-2026 11:25||NIFTY27JAN2625300CE,0.1372559993171621
07-01-2026 11:25||NIFTY27JAN2625700CE,0.1070719815118138
07-01-2026 11:25||NIFTY27JAN2625800CE,0.1034560745793947
07-01-2026 11:25||NIFTY27JAN2625900CE,0.0987385904812373
07-01-2026 11:25||NIFTY27JAN2626000CE,0.0982980768890028
07-01-2026 11:25||NIFTY27JAN2626200CE,0.0887549667746462
07-01-2026 11:30||NIFTY27JAN2624300PE,0.1571421581041248
07-01-2026 11:30||NIFTY27JAN2624400PE,0.1492868342462218
07-01-2026 11:35||NIFTY27JAN2624900PE,0.1233826975010683
07-01-2026 11:35||NIFTY27JAN2626300CE,0.0944917862561088
07-01-2026 11:40||NIFTY27JAN2624000PE,0.1734493244963461
07-01-2026 11:40||NIFTY27JAN2624500PE,0.1436028497505147
07-01-2026 11:40||NIFTY27JAN2625200CE,0.1294276615005741
07-01-2026 11:40||NIFTY27JAN2625900CE,0.1037212399405021
07-01-2026 11:45||NIFTY27JAN2624000PE,0.1678318885069056
07-01-2026 11:45||NIFTY27JAN2625000PE,0.1147479948725959
07-01-2026 11:45||NIFTY27JAN2625500CE,0.1201502298136356
07-01-2026 11:45||NIFTY27JAN2625600CE,0.1100231539360656
07-01-2026 11:45||NIFTY27JAN2626400CE,0.088022151949358
07-01-2026 11:50||NIFTY27JAN2624000PE,0.1715780816033507
07-01-2026 11:50||NIFTY27JAN2624600PE,0.1344041537408173
07-01-2026 11:50||NIFTY27JAN2625700CE,0.106530687473152
07-01-2026 11:50||NIFTY27JAN2626400CE,0.0862737411943456
07-01-2026 11:55||NIFTY27JAN2623900PE,0.1730540296532658
07-01-2026 11:55||NIFTY27JAN2625200CE,0.1586897616550869
07-01-2026 11:55||NIFTY27JAN2625400CE,0.1237922624739876
07-01-2026 11:55||NIFTY27JAN2626100CE,0.0910442461087286
07-01-2026 11:55||NIFTY27JAN2626300CE,0.0887607393365458
07-01-2026 12:00||NIFTY27JAN2624300PE,0.1489452518807376
07-01-2026 12:00||NIFTY27JAN2624500PE,0.1419642320619204
07-01-2026 12:00||NIFTY27JAN2625500CE,0.1151551131746399
07-01-2026 12:00||NIFTY27JAN2625600CE,0.1098882514291876
07-01-2026 12:00||NIFTY27JAN2626400CE,0.0853331819344319
07-01-2026 12:05||NIFTY27JAN2624200PE,0.1614261273034705
07-01-2026 12:05||NIFTY27JAN2624300PE,0.1526257656161734
07-01-2026 12:05||NIFTY27JAN2625300CE,0.1448546279970541
07-01-2026 12:05||NIFTY27JAN2625900CE,0.1036062740701095
07-01-2026 12:05||NIFTY27JAN2626000CE,0.1006591144676313
07-01-2026 12:05||NIFTY27JAN2626300CE,0.0961403066842856
07-01-2026 12:05||NIFTY27JAN2626400CE,0.0933934225700819
07-01-2026 12:10||NIFTY27JAN2624000PE,0.1674746647698804
07-01-2026 12:10||NIFTY27JAN2625200CE,0.1663737562258384
07-01-2026 12:10||NIFTY27JAN2625600CE,0.1116780343969032
07-01-2026 12:10||NIFTY27JAN2626500CE,0.09196653410502
07-01-2026 12:15||NIFTY27JAN2624300PE,0.1485262726870169
07-01-2026 12:15||NIFTY27JAN2625000PE,0.1153129260226768
07-01-2026 12:15||NIFTY27JAN2625100PE,0.1126525056729164
07-01-2026 12:15||NIFTY27JAN2625300CE,0.1526372947859878
07-01-2026 12:15||NIFTY27JAN2625500CE,0.1204537108617375
07-01-2026 12:15||NIFTY27JAN2625600CE,0.1143246854122388
07-01-2026 12:20||NIFTY27JAN2624000PE,0.1706133873355784
07-01-2026 12:20||NIFTY27JAN2624400PE,0.1456703474172315
07-01-2026 12:20||NIFTY27JAN2625100PE,0.1119486799180908
07-01-2026 12:20||NIFTY27JAN2626100CE,0.0952822623588721
07-01-2026 12:25||NIFTY27JAN2624400PE,0.1462046692123521
07-01-2026 12:25||NIFTY27JAN2624600PE,0.1347280514721945
07-01-2026 12:25||NIFTY27JAN2624700PE,0.1305003713808167
07-01-2026 12:25||NIFTY27JAN2625300CE,0.1344318692767623
07-01-2026 12:25||NIFTY27JAN2626300CE,0.0893520169570951
07-01-2026 12:30||NIFTY27JAN2623800PE,0.1781601701243939
07-01-2026 12:30||NIFTY27JAN2624000PE,0.1684284617344939
07-01-2026 12:30||NIFTY27JAN2624100PE,0.164782924116874
07-01-2026 12:30||NIFTY27JAN2624500PE,0.1407751194446332
07-01-2026 12:30||NIFTY27JAN2624600PE,0.1355039674889241
07-01-2026 12:30||NIFTY27JAN2625200CE,0.1471668289827364
07-01-2026 12:30||NIFTY27JAN2626300CE,0.0911969320167292
07-01-2026 12:35||NIFTY27JAN2625100PE,0.1103517672567593
07-01-2026 12:35||NIFTY27JAN2625300CE,0.1328126041877477
07-01-2026 12:35||NIFTY27JAN2625400CE,0.1228570414155267
07-01-2026 12:35||NIFTY27JAN2626300CE,0.0918466633547276
07-01-2026 12:35||NIFTY27JAN2626500CE,0.0913098805294624
07-01-2026 12:40||NIFTY27JAN2625100PE,0.1150223490052245
07-01-2026 12:40||NIFTY27JAN2625700CE,0.102306114904349
07-01-2026 12:45||NIFTY27JAN2623800PE,0.177486078942726
07-01-2026 12:45||NIFTY27JAN2624000PE,0.166201055516567
07-01-2026 12:45||NIFTY27JAN2624900PE,0.1194865308801279
07-01-2026 12:45||NIFTY27JAN2625000PE,0.1147836134609046
07-01-2026 12:45||NIFTY27JAN2625800CE,0.0980866548219475
07-01-2026 12:45||NIFTY27JAN2626400CE,0.0875137902153039
07-01-2026 12:50||NIFTY27JAN2624400PE,0.1448483765434652
07-01-2026 12:50||NIFTY27JAN2624700PE,0.1286736008227451
07-01-2026 12:50||NIFTY27JAN2625100PE,0.1111960967992953
07-01-2026 12:50||NIFTY27JAN2626300CE,0.0914700394806927
07-01-2026 12:55||NIFTY27JAN2623800PE,0.1789204849275783
07-01-2026 12:55||NIFTY27JAN2623900PE,0.1711085015606804
07-01-2026 12:55||NIFTY27JAN2625100PE,0.113661486181344
07-01-2026 12:55||NIFTY27JAN2625200CE,0.1335142063142284
07-01-2026 12:55||NIFTY27JAN2625300CE,0.1255636190333927
07-01-2026 13:00||NIFTY27JAN2624000PE,0.1680717113727646
07-01-2026 13:00||NIFTY27JAN2624400PE,0.1458476701144197
07-01-2026 13:00||NIFTY27JAN2624600PE,0.1344071620483951
07-01-2026 13:00||NIFTY27JAN2625300CE,0.12674111098645
07-01-2026 13:00||NIFTY27JAN2625800CE,0.1019878140411402
07-01-2026 13:05||NIFTY27JAN2623900PE,0.1740894297995666
07-01-2026 13:05||NIFTY27JAN2624700PE,0.1289432159503262
07-01-2026 13:05||NIFTY27JAN2625200CE,0.1205877649692414
07-01-2026 13:05||NIFTY27JAN2625400CE,0.1205993572400277
07-01-2026 13:05||NIFTY27JAN2626100CE,0.0923188346555771
07-01-2026 13:10||NIFTY27JAN2624400PE,0.1446244106454818
07-01-2026 13:10||NIFTY27JAN2624700PE,0.1302714517739387
07-01-2026 13:10||NIFTY27JAN2625400CE,0.1189298155013722
07-01-2026 13:10||NIFTY27JAN2625900CE,0.0961912585884079
07-01-2026 13:10||NIFTY27JAN2626400CE,0.0855027259548514
07-01-2026 13:15||NIFTY27JAN2624600PE,0.1344249452881778
07-01-2026 13:15||NIFTY27JAN2625400CE,0.1213942787091861
07-01-2026 13:15||NIFTY27JAN2625500CE,0.1171952506060573
07-01-2026 13:15||NIFTY27JAN2625700CE,0.1079081823893124
07-01-2026 13:15||NIFTY27JAN2625800CE,0.1016612220598162
07-01-2026 13:15||NIFTY27JAN2626400CE,0.0877032026967391
07-01-2026 13:20||NIFTY27JAN2624000PE,0.169656776349114
07-01-2026 13:20||NIFTY27JAN2624500PE,0.1415776478527431
07-01-2026 13:20||NIFTY27JAN2624800PE,0.1269905652799708
07-01-2026 13:20||NIFTY27JAN2624900PE,0.1224856551051804
07-01-2026 13:20||NIFTY27JAN2625000PE,0.1192990228131574
07-01-2026 13:20||NIFTY27JAN2626300CE,0.0874686756857514
07-01-2026 13:25||NIFTY27JAN2624200PE,0.1519257819304447
07-01-2026 13:25||NIFTY27JAN2624600PE,0.1334275894502402
07-01-2026 13:25||NIFTY27JAN2624700PE,0.1282243629471829
07-01-2026 13:25||NIFTY27JAN2625100PE,0.1058811676584348
07-01-2026 13:25||NIFTY27JAN2626300CE,0.0941675644254175
07-01-2026 13:25||NIFTY27JAN2626400CE,0.093784470849729
07-01-2026 13:25||NIFTY27JAN2626500CE,0.0950199685381561
07-01-2026 13:30||NIFTY27JAN2624000PE,0.169359599396733
07-01-2026 13:30||NIFTY27JAN2624400PE,0.1439646416269558
07-01-2026 13:30||NIFTY27JAN2624600PE,0.1333468769130869
07-01-2026 13:30||NIFTY27JAN2624900PE,0.1172147105705956
07-01-2026 13:30||NIFTY27JAN2625300CE,0.137172170570478
07-01-2026 13:30||NIFTY27JAN2625700CE,0.1095209062002903
07-01-2026 13:30||NIFTY27JAN2625800CE,0.1030299812474784
07-01-2026 13:30||NIFTY27JAN2626500CE,0.0883649499868666
07-01-2026 13:35||NIFTY27JAN2623900PE,0.1714070844478016
07-01-2026 13:35||NIFTY27JAN2624200PE,0.1550229438031354
07-01-2026 13:35||NIFTY27JAN2624300PE,0.1481274844869308
07-01-2026 13:35||NIFTY27JAN2625100PE,0.1054501686813947
07-01-2026 13:35||NIFTY27JAN2625200CE,0.1543277256928475
07-01-2026 13:35||NIFTY27JAN2625300CE,0.1399821138971883
07-01-2026 13:40||NIFTY27JAN2624300PE,0.1499891826305164
07-01-2026 13:40||NIFTY27JAN2625000PE,0.1128728646698308
07-01-2026 13:40||NIFTY27JAN2625700CE,0.1090139576458848
07-01-2026 13:40||NIFTY27JAN2626100CE,0.0951248448035326
07-01-2026 13:45||NIFTY27JAN2623900PE,0.1716909406857352
07-01-2026 13:45||NIFTY27JAN2624200PE,0.1535658654434861
07-01-2026 13:45||NIFTY27JAN2624600PE,0.1324344548942792
07-01-2026 13:45||NIFTY27JAN2625200CE,0.153466996197482
07-01-2026 13:45||NIFTY27JAN2625400CE,0.1300642534293566
07-01-2026 13:50||NIFTY27JAN2623800PE,0.1769208400769402
07-01-2026 13:50||NIFTY27JAN2623900PE,0.1701799453327721
07-01-2026 13:50||NIFTY27JAN2624100PE,0.1591661455958968
07-01-2026 13:55||NIFTY27JAN2624400PE,0.1460115711540313
07-01-2026 13:55||NIFTY27JAN2625100PE,0.1104666250961814
07-01-2026 13:55||NIFTY27JAN2625300CE,0.1288438826693336
07-01-2026 13:55||NIFTY27JAN2625800CE,0.1099595343517721
07-01-2026 13:55||NIFTY27JAN2626400CE,0.0906386129605753
07-01-2026 14:00||NIFTY27JAN2623800PE,0.1739182728483887
07-01-2026 14:00||NIFTY27JAN2623900PE,0.1711231533517901
07-01-2026 14:00||NIFTY27JAN2625400CE,0.1215781286760398
07-01-2026 14:00||NIFTY27JAN2625500CE,0.1170443886148792
07-01-2026 14:00||NIFTY27JAN2625900CE,0.1012830544468633
07-01-2026 14:00||NIFTY27JAN2626200CE,0.0912327850447815
07-01-2026 14:05||NIFTY27JAN2624000PE,0.1657261417236762
07-01-2026 14:05||NIFTY27JAN2624200PE,0.1534346775927195
07-01-2026 14:05||NIFTY27JAN2624400PE,0.1452551102485338
07-01-2026 14:05||NIFTY27JAN2625900CE,0.0971869582063719
07-01-2026 14:05||NIFTY27JAN2626000CE,0.0949388635370681
07-01-2026 14:05||NIFTY27JAN2626300CE,0.0859720031937638
07-01-2026 14:10||NIFTY27JAN2623800PE,0.1739561463999792
07-01-2026 14:10||NIFTY27JAN2624000PE,0.1687741323502702
07-01-2026 14:10||NIFTY27JAN2624700PE,0.1305376470162682
07-01-2026 14:10||NIFTY27JAN2626100CE,0.0935418811113098
07-01-2026 14:10||NIFTY27JAN2626200CE,0.0853307304474481
07-01-2026 14:10||NIFTY27JAN2626400CE,0.0837315209722273
07-01-2026 14:15||NIFTY27JAN2625200CE,0.125104015349699
07-01-2026 14:15||NIFTY27JAN2625600CE,0.1078858149191406
07-01-2026 14:15||NIFTY27JAN2625900CE,0.0958335714216222
07-01-2026 14:15||NIFTY27JAN2626200CE,0.0884855059777681
07-01-2026 14:20||NIFTY27JAN2623800PE,0.1739078463108556
07-01-2026 14:20||NIFTY27JAN2624500PE,0.1395072546106286
07-01-2026 14:20||NIFTY27JAN2625400CE,0.1171844535433027
07-01-2026 14:20||NIFTY27JAN2625700CE,0.1085322763310041
07-01-2026 14:20||NIFTY27JAN2626300CE,0.0872952843980348
07-01-2026 14:25||NIFTY27JAN2623900PE,0.1703619604825773
07-01-2026 14:25||NIFTY27JAN2625400CE,0.115949430660135
07-01-2026 14:25||NIFTY27JAN2625700CE,0.1088633343378166
07-01-2026 14:25||NIFTY27JAN2625900CE,0.1013344687978397
07-01-2026 14:25||NIFTY27JAN2626300CE,0.085839075538008
07-01-2026 14:30||NIFTY27JAN2624800PE,0.1234663333522707
07-01-2026 14:30||NIFTY27JAN2625100PE,0.1077423215262796
07-01-2026 14:30||NIFTY27JAN2625300CE,0.1140474569757546
07-01-2026 14:30||NIFTY27JAN2626300CE,0.0854323546779659
07-01-2026 14:35||NIFTY27JAN2624000PE,0.1638001054060971
07-01-2026 14:35||NIFTY27JAN2624100PE,0.1589462959648466
07-01-2026 14:35||NIFTY27JAN2624400PE,0.1468114225491696
07-01-2026 14:35||NIFTY27JAN2624700PE,0.1270909846009055
07-01-2026 14:35||NIFTY27JAN2625000PE,0.1119724212597866
07-01-2026 14:35||NIFTY27JAN2626400CE,0.0908198306842672
07-01-2026 14:35||NIFTY27JAN2626500CE,0.0947745311920728
07-01-2026 14:40||NIFTY27JAN2623800PE,0.1716273304654575
07-01-2026 14:40||NIFTY27JAN2624100PE,0.160828948012999
07-01-2026 14:40||NIFTY27JAN2625100PE,0.1022571001934682
07-01-2026 14:40||NIFTY27JAN2625400CE,0.1199398745106207
07-01-2026 14:40||NIFTY27JAN2626200CE,0.0936782318857219
07-01-2026 14:45||NIFTY27JAN2623800PE,0.1797400958560133
07-01-2026 14:45||NIFTY27JAN2624000PE,0.1756334095236723
07-01-2026 14:45||NIFTY27JAN2624200PE,0.1593593305149203
07-01-2026 14:45||NIFTY27JAN2624500PE,0.1402088604029159
07-01-2026 14:45||NIFTY27JAN2624900PE,0.1179997428502376
07-01-2026 14:50||NIFTY27JAN2623900PE,0.1727568164388451
07-01-2026 14:50||NIFTY27JAN2624900PE,0.1202716281032235
07-01-2026 14:50||NIFTY27JAN2625600CE,0.1152012324436748
07-01-2026 14:50||NIFTY27JAN2626400CE,0.0932976354922968
07-01-2026 14:50||NIFTY27JAN2626500CE,0.0872822314894322
07-01-2026 14:55||NIFTY27JAN2624100PE,0.1637961623609677
07-01-2026 14:55||NIFTY27JAN2624300PE,0.1532680022995242
07-01-2026 14:55||NIFTY27JAN2624600PE,0.1356994722509183
07-01-2026 14:55||NIFTY27JAN2625900CE,0.0987579114725057
07-01-2026 14:55||NIFTY27JAN2626300CE,0.0885935136399552
07-01-2026 15:00||NIFTY27JAN2623900PE,0.173212367183787
07-01-2026 15:00||NIFTY27JAN2625100PE,0.1119462187949457
07-01-2026 15:00||NIFTY27JAN2625700CE,0.1005137899132212
07-01-2026 15:00||NIFTY27JAN2626000CE,0.0914531921337495
07-01-2026 15:00||NIFTY27JAN2626400CE,0.0855966392089695
07-01-2026 15:05||NIFTY27JAN2624200PE,0.1581247366674658
07-01-2026 15:05||NIFTY27JAN2624500PE,0.1405232963426018
07-01-2026 15:05||NIFTY27JAN2625400CE,0.1106252636489544
07-01-2026 15:05||NIFTY27JAN2626000CE,0.0916836511214941
07-01-2026 15:05||NIFTY27JAN2626400CE,0.0853089851485532
07-01-2026 15:10||NIFTY27JAN2623800PE,0.1743905080100488
07-01-2026 15:10||NIFTY27JAN2624000PE,0.1715521294330559
07-01-2026 15:10||NIFTY27JAN2624400PE,0.1473656023061768
07-01-2026 15:10||NIFTY27JAN2624500PE,0.1408896730635646
07-01-2026 15:10||NIFTY27JAN2626500CE,0.0897954492156423
07-01-2026 15:15||NIFTY27JAN2624200PE,0.1578542362873806
07-01-2026 15:15||NIFTY27JAN2624900PE,0.1221270369425699
07-01-2026 15:15||NIFTY27JAN2625100PE,0.1127997966490884
07-01-2026 15:15||NIFTY27JAN2625600CE,0.0897410499008684
07-01-2026 15:20||NIFTY27JAN2624100PE,0.1654826308829308
07-01-2026 15:20||NIFTY27JAN2625900CE,0.091855680389812
07-01-2026 15:20||NIFTY27JAN2626300CE,0.0854930114155398
07-01-2026 15:25||NIFTY27JAN2624700PE,0.1301755735193407
07-01-2026 15:25||NIFTY27JAN2625500CE,0.1063124016617553
07-01-2026 15:25||NIFTY27JAN2626100CE,0.0934977430866369
07-01-2026 15:25||NIFTY27JAN2626400CE,0.0851226365374605
07-01-2026 15:25||NIFTY27JAN2626500CE,0.0920304194872883
08-01-2026 09:15||NIFTY27JAN2624100PE,0.1684570285717564
08-01-2026 09:15||NIFTY27JAN2624300PE,0.1563252200602015
08-01-2026 09:15||NIFTY27JAN2625100PE,0.1135405794169145
08-01-2026 09:15||NIFTY27JAN2625300CE,0.112798403810623
08-01-2026 09:15||NIFTY27JAN2626300CE,0.0846416100608223
08-01-2026 09:20||NIFTY27JAN2623800PE,0.1813892612470557
08-01-2026 09:20||NIFTY27JAN2624100PE,0.167446350974157
08-01-2026 09:20||NIFTY27JAN2624800PE,0.1246695477721857
08-01-2026 09:20||NIFTY27JAN2624900PE,0.1195627331956369
08-01-2026 09:20||NIFTY27JAN2625300CE,0.0953631924112257
08-01-2026 09:20||NIFTY27JAN2625900CE,0.0849349423320486
08-01-2026 09:20||NIFTY27JAN2626000CE,0.0866706270199332
08-01-2026 09:20||NIFTY27JAN2626400CE,0.085903859610422
08-01-2026 09:20||NIFTY27JAN2626500CE,0.0902223708431027
08-01-2026 09:25||NIFTY27JAN2623900PE,0.1730105509442651
08-01-2026 09:25||NIFTY27JAN2624100PE,0.1623970791668625
08-01-2026 09:25||NIFTY27JAN2624200PE,0.1597483629905348
08-01-2026 09:25||NIFTY27JAN2625300CE,0.1076429839852057
08-01-2026 09:25||NIFTY27JAN2626200CE,0.0832776258821644
08-01-2026 09:25||NIFTY27JAN2626400CE,0.0844039395451739
08-01-2026 09:30||NIFTY27JAN2624100PE,0.1653885378271871
08-01-2026 09:30||NIFTY27JAN2624700PE,0.1314071141684842
08-01-2026 09:30||NIFTY27JAN2624800PE,0.1258240845509157
08-01-2026 09:30||NIFTY27JAN2624900PE,0.1213270080727964
08-01-2026 09:30||NIFTY27JAN2625000PE,0.1153134295975118
08-01-2026 09:30||NIFTY27JAN2626200CE,0.0904964853132778
08-01-2026 09:30||NIFTY27JAN2626300CE,0.083229197764939
08-01-2026 09:35||NIFTY27JAN2623900PE,0.1744155769975811
08-01-2026 09:35||NIFTY27JAN2624100PE,0.1664318500167501
08-01-2026 09:35||NIFTY27JAN2624400PE,0.144682409475601
08-01-2026 09:35||NIFTY27JAN2625300CE,0.1277409167183651
08-01-2026 09:35||NIFTY27JAN2625400CE,0.1272257388678101
08-01-2026 09:35||NIFTY27JAN2626100CE,0.1106297578048372
08-01-2026 09:35||NIFTY27JAN2626200CE,0.1121357537164552
08-01-2026 09:35||NIFTY27JAN2626500CE,0.0978791948679276
08-01-2026 09:40||NIFTY27JAN2623800PE,0.1814579018042018
08-01-2026 09:40||NIFTY27JAN2624800PE,0.1184207520517148
08-01-2026 09:40||NIFTY27JAN2624900PE,0.1146933482181788
08-01-2026 09:40||NIFTY27JAN2625000PE,0.1092809708190003
08-01-2026 09:40||NIFTY27JAN2625200CE,0.072546715552339
08-01-2026 09:40||NIFTY27JAN2625700CE,0.0928208584710476
08-01-2026 09:40||NIFTY27JAN2626200CE,0.0836869914737497
08-01-2026 09:40||NIFTY27JAN2626400CE,0.0849153979961853
08-01-2026 09:45||NIFTY27JAN2624200PE,0.1568485802103561
08-01-2026 09:45||NIFTY27JAN2624600PE,0.1355197673073445
08-01-2026 09:45||NIFTY27JAN2625400CE,0.1018609727642267
08-01-2026 09:45||NIFTY27JAN2625900CE,0.0897111347121819
08-01-2026 09:45||NIFTY27JAN2626500CE,0.0815200938117387
08-01-2026 09:50||NIFTY27JAN2624400PE,0.1481634252476959
08-01-2026 09:50||NIFTY27JAN2625100PE,0.1103033332937787
08-01-2026 09:50||NIFTY27JAN2625500CE,0.1162483867559178
08-01-2026 09:50||NIFTY27JAN2625600CE,0.110344062581254
08-01-2026 09:50||NIFTY27JAN2626400CE,0.08954261910656
08-01-2026 09:55||NIFTY27JAN2624200PE,0.1599840985452818
08-01-2026 09:55||NIFTY27JAN2624600PE,0.1364144213982103
08-01-2026 09:55||NIFTY27JAN2625000PE,0.1138418959908571
08-01-2026 09:55||NIFTY27JAN2625100PE,0.1037603499346142
08-01-2026 09:55||NIFTY27JAN2625300CE,0.1150774080523032
08-01-2026 09:55||NIFTY27JAN2626000CE,0.0910225792952022
08-01-2026 09:55||NIFTY27JAN2626200CE,0.0852462491131566
08-01-2026 10:00||NIFTY27JAN2624600PE,0.137619383289174
08-01-2026 10:00||NIFTY27JAN2625900CE,0.0880349007882549
08-01-2026 10:00||NIFTY27JAN2626100CE,0.0868329525181664
08-01-2026 10:00||NIFTY27JAN2626200CE,0.0879870035873545
08-01-2026 10:05||NIFTY27JAN2624800PE,0.125423822881237
08-01-2026 10:05||NIFTY27JAN2625500CE,0.1016031436917496
08-01-2026 10:05||NIFTY27JAN2625800CE,0.0893276901420153
08-01-2026 10:05||NIFTY27JAN2626000CE,0.0874557103733117
08-01-2026 10:05||NIFTY27JAN2626500CE,0.0859168791897384
08-01-2026 10:10||NIFTY27JAN2624100PE,0.1643242183250367
08-01-2026 10:10||NIFTY27JAN2625000PE,0.1126920831971403
08-01-2026 10:10||NIFTY27JAN2625100PE,0.1069228742792225
08-01-2026 10:10||NIFTY27JAN2625200CE,0.1498693697847003
08-01-2026 10:10||NIFTY27JAN2625600CE,0.1075059310323186
08-01-2026 10:10||NIFTY27JAN2625800CE,0.0982244226325214
08-01-2026 10:10||NIFTY27JAN2626400CE,0.0865544751608499
08-01-2026 10:15||NIFTY27JAN2625100PE,0.1052408734308698
08-01-2026 10:15||NIFTY27JAN2625700CE,0.0943616887863178
08-01-2026 10:15||NIFTY27JAN2625800CE,0.0871988873553316
08-01-2026 10:15||NIFTY27JAN2626500CE,0.0842272032372195
08-01-2026 10:20||NIFTY27JAN2625200CE,0.1210860317589558
08-01-2026 10:20||NIFTY27JAN2626400CE,0.0880646412845933
08-01-2026 10:25||NIFTY27JAN2623900PE,0.1733463744338255
08-01-2026 10:25||NIFTY27JAN2624000PE,0.1709028524841728
08-01-2026 10:25||NIFTY27JAN2624400PE,0.1457182630005053
08-01-2026 10:25||NIFTY27JAN2624800PE,0.1241401123014381
08-01-2026 10:25||NIFTY27JAN2625000PE,0.1140833809707526
08-01-2026 10:25||NIFTY27JAN2625100PE,0.1097559410775438
08-01-2026 10:25||NIFTY27JAN2625200CE,0.1256461484988947
08-01-2026 10:25||NIFTY27JAN2625500CE,0.1109447079679874
08-01-2026 10:25||NIFTY27JAN2625600CE,0.1058459562645349
08-01-2026 10:25||NIFTY27JAN2625700CE,0.1043762389945005
08-01-2026 10:25||NIFTY27JAN2626100CE,0.0936879646380621
08-01-2026 10:25||NIFTY27JAN2626500CE,0.0902583164281003
08-01-2026 10:30||NIFTY27JAN2623800PE,0.1792554491495847
08-01-2026 10:30||NIFTY27JAN2624000PE,0.168589607495175
08-01-2026 10:30||NIFTY27JAN2624400PE,0.1452389388000544
08-01-2026 10:30||NIFTY27JAN2624500PE,0.1396063183989914
08-01-2026 10:30||NIFTY27JAN2626000CE,0.0950273880263469
08-01-2026 10:30||NIFTY27JAN2626400CE,0.0906968831367956
08-01-2026 10:30||NIFTY27JAN2626500CE,0.0916602985505855
08-01-2026 10:35||NIFTY27JAN2624000PE,0.1726357917742945
08-01-2026 10:35||NIFTY27JAN2624200PE,0.1575903869001952
08-01-2026 10:35||NIFTY27JAN2625800CE,0.0926663337048454
08-01-2026 10:35||NIFTY27JAN2626300CE,0.0844440670648978
08-01-2026 10:35||NIFTY27JAN2626500CE,0.085757450995146
08-01-2026 10:40||NIFTY27JAN2624000PE,0.1684940643238672
08-01-2026 10:40||NIFTY27JAN2624300PE,0.1519778304467073
08-01-2026 10:40||NIFTY27JAN2625000PE,0.1117957649046584
08-01-2026 10:40||NIFTY27JAN2625500CE,0.1131672979209789
08-01-2026 10:40||NIFTY27JAN2625900CE,0.0969755688920751
08-01-2026 10:40||NIFTY27JAN2626100CE,0.0919656508957203
08-01-2026 10:40||NIFTY27JAN2626300CE,0.0907394969269934
08-01-2026 10:40||NIFTY27JAN2626400CE,0.089165637359523
08-01-2026 10:45||NIFTY27JAN2623900PE,0.17001465891632
08-01-2026 10:45||NIFTY27JAN2624200PE,0.1558425875356372
08-01-2026 10:45||NIFTY27JAN2625200CE,0.1349547169387571
08-01-2026 10:45||NIFTY27JAN2625300CE,0.1249304598684395
08-01-2026 10:45||NIFTY27JAN2625600CE,0.1040066283464201
08-01-2026 10:45||NIFTY27JAN2626400CE,0.091753841510707
08-01-2026 10:45||NIFTY27JAN2626500CE,0.0885945468967255
08-01-2026 10:50||NIFTY27JAN2623900PE,0.1751631758438873
08-01-2026 10:50||NIFTY27JAN2625500CE,0.1043024632424904
08-01-2026 10:50||NIFTY27JAN2625800CE,0.0953204239049071
08-01-2026 10:50||NIFTY27JAN2626100CE,0.0917978377945942
08-01-2026 10:50||NIFTY27JAN2626500CE,0.0906270792628969
08-01-2026 10:55||NIFTY27JAN2624000PE,0.1700335255375702
08-01-2026 10:55||NIFTY27JAN2624700PE,0.1272838461311079
08-01-2026 10:55||NIFTY27JAN2624800PE,0.1225774784844317
08-01-2026 10:55||NIFTY27JAN2625100PE,0.1130067597926975
08-01-2026 10:55||NIFTY27JAN2625400CE,0.1160677074423896
08-01-2026 10:55||NIFTY27JAN2625600CE,0.1012949170712498
08-01-2026 11:00||NIFTY27JAN2623800PE,0.1734025638884478
08-01-2026 11:00||NIFTY27JAN2623900PE,0.1714331532691827
08-01-2026 11:00||NIFTY27JAN2624000PE,0.1659355925573956
08-01-2026 11:00||NIFTY27JAN2624300PE,0.1515680338608449
08-01-2026 11:00||NIFTY27JAN2624600PE,0.1341799440507089
08-01-2026 11:00||NIFTY27JAN2625000PE,0.1132171022975919
08-01-2026 11:00||NIFTY27JAN2625100PE,0.1059440812791946
08-01-2026 11:00||NIFTY27JAN2626200CE,0.090958266116738
08-01-2026 11:00||NIFTY27JAN2626500CE,0.0837883742941133
08-01-2026 11:05||NIFTY27JAN2623800PE,0.174605253807531
08-01-2026 11:05||NIFTY27JAN2624200PE,0.1567966121543788
08-01-2026 11:05||NIFTY27JAN2624400PE,0.1456863559871983
08-01-2026 11:05||NIFTY27JAN2624800PE,0.1243582210951165
08-01-2026 11:05||NIFTY27JAN2625400CE,0.1210147965472824
08-01-2026 11:05||NIFTY27JAN2626000CE,0.0963500717904387
08-01-2026 11:05||NIFTY27JAN2626200CE,0.0855514977795058
08-01-2026 11:05||NIFTY27JAN2626300CE,0.0974804467258311
08-01-2026 11:10||NIFTY27JAN2624000PE,0.1675490034935971
08-01-2026 11:10||NIFTY27JAN2624200PE,0.1554890618366002
08-01-2026 11:10||NIFTY27JAN2624400PE,0.1448598348779594
08-01-2026 11:10||NIFTY27JAN2624600PE,0.1335714742994992
08-01-2026 11:10||NIFTY27JAN2624700PE,0.1285822278827376
08-01-2026 11:10||NIFTY27JAN2625200CE,0.1414745008172907
08-01-2026 11:10||NIFTY27JAN2625600CE,0.1016004822459247
08-01-2026 11:10||NIFTY27JAN2625900CE,0.0961470907068797
08-01-2026 11:10||NIFTY27JAN2626000CE,0.0949738378598489
08-01-2026 11:15||NIFTY27JAN2624100PE,0.1664743700197239
08-01-2026 11:15||NIFTY27JAN2624200PE,0.1599987904642449
08-01-2026 11:15||NIFTY27JAN2624900PE,0.1212552431133676
08-01-2026 11:15||NIFTY27JAN2625200CE,0.1347496568544911
08-01-2026 11:15||NIFTY27JAN2626200CE,0.0896051794314895
08-01-2026 11:15||NIFTY27JAN2626400CE,0.0885643129118516
08-01-2026 11:20||NIFTY27JAN2624300PE,0.1492021238392422
08-01-2026 11:20||NIFTY27JAN2625700CE,0.0967462061813692
08-01-2026 11:20||NIFTY27JAN2626400CE,0.0890245933617837
08-01-2026 11:20||NIFTY27JAN2626500CE,0.0968392061433862
08-01-2026 11:25||NIFTY27JAN2623800PE,0.1764358589946157
08-01-2026 11:25||NIFTY27JAN2624300PE,0.1540856934567839
08-01-2026 11:25||NIFTY27JAN2624400PE,0.1474006703566838
08-01-2026 11:25||NIFTY27JAN2624700PE,0.1287066732468421
08-01-2026 11:25||NIFTY27JAN2625400CE,0.1274501238988775
08-01-2026 11:25||NIFTY27JAN2626200CE,0.0905381359327738
08-01-2026 11:30||NIFTY27JAN2623800PE,0.1801186141540793
08-01-2026 11:30||NIFTY27JAN2624100PE,0.1648434326011603
08-01-2026 11:30||NIFTY27JAN2624200PE,0.1587361612563612
08-01-2026 11:30||NIFTY27JAN2625200CE,0.1623245986744509
08-01-2026 11:30||NIFTY27JAN2625400CE,0.128683022915461
08-01-2026 11:30||NIFTY27JAN2625500CE,0.117627137461238
08-01-2026 11:30||NIFTY27JAN2625800CE,0.1005049392449716
08-01-2026 11:30||NIFTY27JAN2626000CE,0.0984353067173114
08-01-2026 11:30||NIFTY27JAN2626100CE,0.0971296059086625
08-01-2026 11:35||NIFTY27JAN2623800PE,0.1805228883100351
08-01-2026 11:35||NIFTY27JAN2624100PE,0.1641890157715038
08-01-2026 11:35||NIFTY27JAN2624400PE,0.1457782446936297
08-01-2026 11:35||NIFTY27JAN2624500PE,0.1404718758113846
08-01-2026 11:35||NIFTY27JAN2624700PE,0.1300205318341974
08-01-2026 11:35||NIFTY27JAN2624900PE,0.1198573252981813
08-01-2026 11:35||NIFTY27JAN2625200CE,0.1325564402871427
08-01-2026 11:35||NIFTY27JAN2625300CE,0.1247231163275091
08-01-2026 11:35||NIFTY27JAN2626500CE,0.0929190289174687
08-01-2026 11:40||NIFTY27JAN2624100PE,0.1662364850092277
08-01-2026 11:40||NIFTY27JAN2624200PE,0.1602958594172444
08-01-2026 11:40||NIFTY27JAN2624400PE,0.1477081815615648
08-01-2026 11:40||NIFTY27JAN2624900PE,0.1197894562567363
08-01-2026 11:40||NIFTY27JAN2625600CE,0.1038531412405542
08-01-2026 11:40||NIFTY27JAN2625800CE,0.1002990169168635
08-01-2026 11:45||NIFTY27JAN2624200PE,0.158729558963461
08-01-2026 11:45||NIFTY27JAN2625500CE,0.1085979380531312
08-01-2026 11:45||NIFTY27JAN2625900CE,0.098557312941927
08-01-2026 11:45||NIFTY27JAN2626100CE,0.0888849992769977
08-01-2026 11:50||NIFTY27JAN2623800PE,0.1741119875708158
08-01-2026 11:50||NIFTY27JAN2625700CE,0.1054069390400659
08-01-2026 11:50||NIFTY27JAN2625800CE,0.103515088041532
08-01-2026 11:50||NIFTY27JAN2626500CE,0.0880852589216729
08-01-2026 11:55||NIFTY27JAN2624200PE,0.1588784904715648
08-01-2026 11:55||NIFTY27JAN2624700PE,0.1306493243175567
08-01-2026 11:55||NIFTY27JAN2625100PE,0.1116947004443766
08-01-2026 11:55||NIFTY27JAN2625400CE,0.1056085775857797
08-01-2026 11:55||NIFTY27JAN2625600CE,0.1001243493708932
08-01-2026 11:55||NIFTY27JAN2625800CE,0.0942244090011855
08-01-2026 12:00||NIFTY27JAN2624500PE,0.1418535725568694
08-01-2026 12:00||NIFTY27JAN2624700PE,0.1333913610364879
08-01-2026 12:00||NIFTY27JAN2625000PE,0.1164616527201075
08-01-2026 12:00||NIFTY27JAN2625500CE,0.1050826843268337
08-01-2026 12:00||NIFTY27JAN2626300CE,0.0933447867644622
08-01-2026 12:05||NIFTY27JAN2624000PE,0.1706499424868
08-01-2026 12:05||NIFTY27JAN2624200PE,0.1547944835818205
08-01-2026 12:05||NIFTY27JAN2624500PE,0.1368394786569677
08-01-2026 12:05||NIFTY27JAN2624900PE,0.1203050632729283
08-01-2026 12:05||NIFTY27JAN2625300CE,0.1363550877283966
08-01-2026 12:05||NIFTY27JAN2625800CE,0.109522635561325
08-01-2026 12:05||NIFTY27JAN2625900CE,0.1062270053106453
08-01-2026 12:05||NIFTY27JAN2626400CE,0.0959870965349973
08-01-2026 12:10||NIFTY27JAN2624000PE,0.1709278263978018
08-01-2026 12:10||NIFTY27JAN2624400PE,0.1484403186411261
08-01-2026 12:15||NIFTY27JAN2624100PE,0.1667681639459091
08-01-2026 12:15||NIFTY27JAN2624400PE,0.1495892285657211
08-01-2026 12:15||NIFTY27JAN2625200CE,0.1249313009401221
08-01-2026 12:15||NIFTY27JAN2625400CE,0.1188595430125317
08-01-2026 12:15||NIFTY27JAN2625500CE,0.1135802891203052
08-01-2026 12:15||NIFTY27JAN2625700CE,0.1049238312940682
08-01-2026 12:20||NIFTY27JAN2624800PE,0.1275243569549572
08-01-2026 12:20||NIFTY27JAN2625800CE,0.1033731243928006
08-01-2026 12:20||NIFTY27JAN2626300CE,0.0959086529840676
08-01-2026 12:25||NIFTY27JAN2624100PE,0.1696208322350136
08-01-2026 12:25||NIFTY27JAN2624400PE,0.1499331863512529
08-01-2026 12:25||NIFTY27JAN2624900PE,0.122878716216362
08-01-2026 12:25||NIFTY27JAN2625700CE,0.1073513155795677
08-01-2026 12:25||NIFTY27JAN2626000CE,0.0979792000989794
08-01-2026 12:30||NIFTY27JAN2624200PE,0.1611190206967635
08-01-2026 12:30||NIFTY27JAN2624300PE,0.1586072620178222
08-01-2026 12:30||NIFTY27JAN2625100PE,0.1098930029550087
08-01-2026 12:30||NIFTY27JAN2625700CE,0.1007712612890709
08-01-2026 12:30||NIFTY27JAN2626000CE,0.0955242347652442
08-01-2026 12:35||NIFTY27JAN2624800PE,0.1276685129530826
08-01-2026 12:35||NIFTY27JAN2625000PE,0.1168149861173929
08-01-2026 12:35||NIFTY27JAN2625400CE,0.1286051859690521
08-01-2026 12:35||NIFTY27JAN2625500CE,0.1229838566185703
08-01-2026 12:35||NIFTY27JAN2625800CE,0.1082008705844881
08-01-2026 12:35||NIFTY27JAN2626100CE,0.0967770465518705
08-01-2026 12:35||NIFTY27JAN2626200CE,0.0942932082820687
08-01-2026 12:40||NIFTY27JAN2624100PE,0.1684837286841427
08-01-2026 12:40||NIFTY27JAN2624400PE,0.1494143162491853
08-01-2026 12:40||NIFTY27JAN2624800PE,0.1271421040522113
08-01-2026 12:40||NIFTY27JAN2625000PE,0.1180575367484003
08-01-2026 12:40||NIFTY27JAN2625200CE,0.1348318065730821
08-01-2026 12:40||NIFTY27JAN2626000CE,0.1007477849607548
08-01-2026 12:45||NIFTY27JAN2624400PE,0.1490004559742017
08-01-2026 12:45||NIFTY27JAN2624600PE,0.137247026969927
08-01-2026 12:45||NIFTY27JAN2625000PE,0.1193239940365987
08-01-2026 12:45||NIFTY27JAN2625300CE,0.1264621087434426
08-01-2026 12:45||NIFTY27JAN2625800CE,0.1019502211545002
08-01-2026 12:45||NIFTY27JAN2626200CE,0.0957702197105415
08-01-2026 12:45||NIFTY27JAN2626300CE,0.0942059569098969
08-01-2026 12:50||NIFTY27JAN2623800PE,0.1761855151825693
08-01-2026 12:50||NIFTY27JAN2624900PE,0.1212434202509009
08-01-2026 12:50||NIFTY27JAN2625600CE,0.112832056560708
08-01-2026 12:50||NIFTY27JAN2626300CE,0.0997154579601102
08-01-2026 12:50||NIFTY27JAN2626400CE,0.0943262788983365
08-01-2026 12:55||NIFTY27JAN2624200PE,0.1598429751565124
08-01-2026 12:55||NIFTY27JAN2624300PE,0.15697434507147
08-01-2026 12:55||NIFTY27JAN2624400PE,0.1496363537439054
08-01-2026 12:55||NIFTY27JAN2626100CE,0.0971887715902491
08-01-2026 13:00||NIFTY27JAN2624200PE,0.1626181842389632
08-01-2026 13:00||NIFTY27JAN2624500PE,0.1441804750924974
08-01-2026 13:00||NIFTY27JAN2624600PE,0.1395568498645474
08-01-2026 13:00||NIFTY27JAN2624700PE,0.1322742171707759
08-01-2026 13:00||NIFTY27JAN2625000PE,0.1148506739158644
08-01-2026 13:00||NIFTY27JAN2625100PE,0.1138025263990472
08-01-2026 13:00||NIFTY27JAN2625400CE,0.1287083192964412
08-01-2026 13:00||NIFTY27JAN2625800CE,0.1132552617050308
08-01-2026 13:05||NIFTY27JAN2623800PE,0.1807826386713469
08-01-2026 13:05||NIFTY27JAN2624600PE,0.1376837730810673
08-01-2026 13:05||NIFTY27JAN2625700CE,0.110416039384334
08-01-2026 13:05||NIFTY27JAN2625800CE,0.1063355315432355
08-01-2026 13:05||NIFTY27JAN2626000CE,0.1033038117809216
08-01-2026 13:05||NIFTY27JAN2626100CE,0.1002077230377918
08-01-2026 13:05||NIFTY27JAN2626200CE,0.0921860743645397
08-01-2026 13:05||NIFTY27JAN2626300CE,0.0952960287391906
08-01-2026 13:10||NIFTY27JAN2624100PE,0.1684545772103187
08-01-2026 13:10||NIFTY27JAN2624900PE,0.121573417623227
08-01-2026 13:10||NIFTY27JAN2625400CE,0.1225853522011123
08-01-2026 13:10||NIFTY27JAN2625700CE,0.1091637164604058
08-01-2026 13:10||NIFTY27JAN2625800CE,0.1072987819266428
08-01-2026 13:10||NIFTY27JAN2626100CE,0.10131091873409
08-01-2026 13:10||NIFTY27JAN2626200CE,0.1010813675149677
08-01-2026 13:15||NIFTY27JAN2624300PE,0.1559992019166902
08-01-2026 13:15||NIFTY27JAN2625000PE,0.1171956418741437
08-01-2026 13:15||NIFTY27JAN2625900CE,0.1000270625531332
08-01-2026 13:15||NIFTY27JAN2626300CE,0.093679864227109
08-01-2026 13:20||NIFTY27JAN2623800PE,0.1842596619679334
08-01-2026 13:20||NIFTY27JAN2624000PE,0.1743684574020454
08-01-2026 13:20||NIFTY27JAN2624400PE,0.1504623418345723
08-01-2026 13:20||NIFTY27JAN2625000PE,0.1169726892021596
08-01-2026 13:20||NIFTY27JAN2625300CE,0.1304606447693354
08-01-2026 13:20||NIFTY27JAN2625400CE,0.1221257557682672
08-01-2026 13:20||NIFTY27JAN2626200CE,0.096100325607984
08-01-2026 13:25||NIFTY27JAN2624600PE,0.1390640771464753
08-01-2026 13:25||NIFTY27JAN2624900PE,0.1221657445464551
08-01-2026 13:25||NIFTY27JAN2625400CE,0.1135423258107643
08-01-2026 13:25||NIFTY27JAN2625500CE,0.1072189876595215
08-01-2026 13:25||NIFTY27JAN2625900CE,0.0966375855213746
08-01-2026 13:25||NIFTY27JAN2626000CE,0.0949587733030167
08-01-2026 13:25||NIFTY27JAN2626100CE,0.0949473324840537
08-01-2026 13:30||NIFTY27JAN2624300PE,0.1522514343351189
08-01-2026 13:30||NIFTY27JAN2624400PE,0.1468481385959086
08-01-2026 13:30||NIFTY27JAN2625600CE,0.1135713374155618
08-01-2026 13:30||NIFTY27JAN2625700CE,0.1082610238926783
08-01-2026 13:30||NIFTY27JAN2626100CE,0.0999144294513015
08-01-2026 13:30||NIFTY27JAN2626500CE,0.0951723990732247
08-01-2026 13:35||NIFTY27JAN2624600PE,0.1372223725326096
08-01-2026 13:35||NIFTY27JAN2624700PE,0.1317320416595321
08-01-2026 13:35||NIFTY27JAN2624800PE,0.1280830163653728
08-01-2026 13:35||NIFTY27JAN2624900PE,0.1207083057280896
08-01-2026 13:40||NIFTY27JAN2624100PE,0.166048543920859
08-01-2026 13:40||NIFTY27JAN2624800PE,0.1258882662939879
08-01-2026 13:40||NIFTY27JAN2624900PE,0.1200435396678143
08-01-2026 13:40||NIFTY27JAN2625300CE,0.1258914752250084
08-01-2026 13:40||NIFTY27JAN2625600CE,0.1141848258590977
08-01-2026 13:40||NIFTY27JAN2625700CE,0.1098817907981117
08-01-2026 13:40||NIFTY27JAN2626000CE,0.1002991786850331
08-01-2026 13:40||NIFTY27JAN2626200CE,0.0956439800414499
08-01-2026 13:40||NIFTY27JAN2626300CE,0.0962117323765137
08-01-2026 13:45||NIFTY27JAN2624600PE,0.1378551336176385
08-01-2026 13:45||NIFTY27JAN2624700PE,0.1312197380398445
08-01-2026 13:45||NIFTY27JAN2625100PE,0.1113122734955113
08-01-2026 13:45||NIFTY27JAN2625600CE,0.1133505609803897
08-01-2026 13:45||NIFTY27JAN2625700CE,0.1078906474273958
08-01-2026 13:50||NIFTY27JAN2624600PE,0.1384753831888143
08-01-2026 13:50||NIFTY27JAN2625500CE,0.1175032718683666
08-01-2026 13:55||NIFTY27JAN2624200PE,0.1629646900942528
08-01-2026 13:55||NIFTY27JAN2624600PE,0.135455577853963
08-01-2026 13:55||NIFTY27JAN2625000PE,0.1142691614711361
08-01-2026 13:55||NIFTY27JAN2625200CE,0.1341715859395965
08-01-2026 13:55||NIFTY27JAN2625700CE,0.1083607967013585
08-01-2026 14:00||NIFTY27JAN2623800PE,0.1837457557734255
08-01-2026 14:00||NIFTY27JAN2623900PE,0.1812430121108754
08-01-2026 14:00||NIFTY27JAN2625300CE,0.1106869084519039
08-01-2026 14:00||NIFTY27JAN2625400CE,0.109331974721917
08-01-2026 14:00||NIFTY27JAN2625900CE,0.1005001686626126
08-01-2026 14:00||NIFTY27JAN2626000CE,0.1015473122376784
08-01-2026 14:00||NIFTY27JAN2626100CE,0.0984640605918822
08-01-2026 14:00||NIFTY27JAN2626200CE,0.0931184365512369
08-01-2026 14:00||NIFTY27JAN2626300CE,0.0930079743547234
08-01-2026 14:05||NIFTY27JAN2623900PE,0.1771991852513476
08-01-2026 14:05||NIFTY27JAN2624500PE,0.1417606714226083
08-01-2026 14:05||NIFTY27JAN2625300CE,0.1106439535770153
08-01-2026 14:05||NIFTY27JAN2626000CE,0.0953727309079419
08-01-2026 14:05||NIFTY27JAN2626200CE,0.093517679678979
08-01-2026 14:05||NIFTY27JAN2626300CE,0.0894711762190908
08-01-2026 14:05||NIFTY27JAN2626500CE,0.0911112824244578
08-01-2026 14:10||NIFTY27JAN2624800PE,0.1233814493432853
08-01-2026 14:10||NIFTY27JAN2625000PE,0.114904346522714
08-01-2026 14:10||NIFTY27JAN2625200CE,0.1323159808313941
08-01-2026 14:10||NIFTY27JAN2625300CE,0.1235667763823903
08-01-2026 14:10||NIFTY27JAN2625700CE,0.1107562593342271
08-01-2026 14:15||NIFTY27JAN2623800PE,0.1807998599907206
08-01-2026 14:15||NIFTY27JAN2624200PE,0.1629686080061371
08-01-2026 14:15||NIFTY27JAN2624300PE,0.1568003663046754
08-01-2026 14:15||NIFTY27JAN2625000PE,0.1127360367023808
08-01-2026 14:15||NIFTY27JAN2625200CE,0.1235924347426914
08-01-2026 14:15||NIFTY27JAN2625600CE,0.1111746974655388
08-01-2026 14:15||NIFTY27JAN2626100CE,0.0989993083721376
08-01-2026 14:15||NIFTY27JAN2626400CE,0.0908828026147735
08-01-2026 14:20||NIFTY27JAN2624500PE,0.1426846721582385
08-01-2026 14:20||NIFTY27JAN2625000PE,0.1146443214123424
08-01-2026 14:20||NIFTY27JAN2625700CE,0.1052470554793506
08-01-2026 14:20||NIFTY27JAN2626400CE,0.0899696750229707
08-01-2026 14:25||NIFTY27JAN2624600PE,0.1365026957722074
08-01-2026 14:25||NIFTY27JAN2624800PE,0.1257136511566269
08-01-2026 14:25||NIFTY27JAN2625200CE,0.1316058150071798
08-01-2026 14:25||NIFTY27JAN2625600CE,0.1037228134250265
08-01-2026 14:25||NIFTY27JAN2625900CE,0.097018468465371
08-01-2026 14:25||NIFTY27JAN2626000CE,0.0948705293053354
08-01-2026 14:30||NIFTY27JAN2624500PE,0.1392830489649614
08-01-2026 14:30||NIFTY27JAN2626200CE,0.0957497633239183
08-01-2026 14:30||NIFTY27JAN2626400CE,0.0941463943587003
08-01-2026 14:30||NIFTY27JAN2626500CE,0.0955106535409889
08-01-2026 14:35||NIFTY27JAN2624200PE,0.159712045060463
08-01-2026 14:35||NIFTY27JAN2624800PE,0.1233211664060245
08-01-2026 14:35||NIFTY27JAN2625100PE,0.1059386875623842
08-01-2026 14:35||NIFTY27JAN2626100CE,0.0960248028361235
08-01-2026 14:40||NIFTY27JAN2624200PE,0.158286407649396
08-01-2026 14:40||NIFTY27JAN2624600PE,0.135079974449456
08-01-2026 14:40||NIFTY27JAN2625000PE,0.1134561052612197
08-01-2026 14:40||NIFTY27JAN2625300CE,0.1202509284883185
08-01-2026 14:40||NIFTY27JAN2625400CE,0.1159241484746908
08-01-2026 14:40||NIFTY27JAN2625500CE,0.1131894046491963
08-01-2026 14:40||NIFTY27JAN2626200CE,0.0930202859347468
08-01-2026 14:40||NIFTY27JAN2626300CE,0.0900716378263846
08-01-2026 14:45||NIFTY27JAN2624000PE,0.1701810942828105
08-01-2026 14:45||NIFTY27JAN2624700PE,0.1279553938166269
08-01-2026 14:45||NIFTY27JAN2625000PE,0.1121681949291793
08-01-2026 14:45||NIFTY27JAN2625300CE,0.1215993999081575
08-01-2026 14:45||NIFTY27JAN2625700CE,0.1079101296485345
08-01-2026 14:50||NIFTY27JAN2624100PE,0.16396726979127
08-01-2026 14:50||NIFTY27JAN2624300PE,0.1530616590716676
08-01-2026 14:50||NIFTY27JAN2625100PE,0.1097537856656862
08-01-2026 14:50||NIFTY27JAN2625400CE,0.1133786673666425
08-01-2026 14:50||NIFTY27JAN2625500CE,0.1074813673579792
08-01-2026 14:50||NIFTY27JAN2626000CE,0.0941567607667579
08-01-2026 14:50||NIFTY27JAN2626200CE,0.0878571396738899
08-01-2026 14:55||NIFTY27JAN2626300CE,0.0865463648804777
08-01-2026 15:00||NIFTY27JAN2623900PE,0.1705149545981829
08-01-2026 15:00||NIFTY27JAN2624000PE,0.1682651898939161
08-01-2026 15:00||NIFTY27JAN2624900PE,0.1169604104635686
08-01-2026 15:00||NIFTY27JAN2625100PE,0.1148667315599767
08-01-2026 15:00||NIFTY27JAN2625200CE,0.1297360076519683
08-01-2026 15:00||NIFTY27JAN2625600CE,0.0985171103744686
08-01-2026 15:00||NIFTY27JAN2625700CE,0.0974281403739104
08-01-2026 15:00||NIFTY27JAN2626300CE,0.0907683789515512
08-01-2026 15:00||NIFTY27JAN2626400CE,0.0916996088790254
08-01-2026 15:05||NIFTY27JAN2624400PE,0.1426862614102114
08-01-2026 15:05||NIFTY27JAN2624800PE,0.1199710184877855
08-01-2026 15:05||NIFTY27JAN2624900PE,0.1143280689255378
08-01-2026 15:05||NIFTY27JAN2626000CE,0.0985187288682757
08-01-2026 15:05||NIFTY27JAN2626100CE,0.0958384366985082
08-01-2026 15:05||NIFTY27JAN2626200CE,0.0921225237448513
08-01-2026 15:10||NIFTY27JAN2624000PE,0.1682558280422113
08-01-2026 15:10||NIFTY27JAN2624200PE,0.1568207781996983
08-01-2026 15:10||NIFTY27JAN2624600PE,0.130841117343376
08-01-2026 15:10||NIFTY27JAN2625100PE,0.1049810748101751
08-01-2026 15:10||NIFTY27JAN2625700CE,0.1052020982612231
08-01-2026 15:10||NIFTY27JAN2626100CE,0.0958373770355521
08-01-2026 15:10||NIFTY27JAN2626300CE,0.0928476664868112
08-01-2026 15:10||NIFTY27JAN2626500CE,0.0920000895832783
08-01-2026 15:15||NIFTY27JAN2624800PE,0.1210733221432394
08-01-2026 15:15||NIFTY27JAN2625100PE,0.104748063706211
08-01-2026 15:15||NIFTY27JAN2625500CE,0.1106773054370204
08-01-2026 15:15||NIFTY27JAN2626100CE,0.0940227578482906
08-01-2026 15:20||NIFTY27JAN2624000PE,0.1687669203467556
08-01-2026 15:20||NIFTY27JAN2624500PE,0.1369323297728478
08-01-2026 15:20||NIFTY27JAN2624800PE,0.120796620885048
08-01-2026 15:20||NIFTY27JAN2625000PE,0.1124739707129141
08-01-2026 15:20||NIFTY27JAN2625600CE,0.1035413575344621
08-01-2026 15:20||NIFTY27JAN2626100CE,0.0928793652821071
08-01-2026 15:20||NIFTY27JAN2626400CE,0.0916665582961237
08-01-2026 15:20||NIFTY27JAN2626500CE,0.0931308098315616
08-01-2026 15:25||NIFTY27JAN2623800PE,0.1784105420242339
08-01-2026 15:25||NIFTY27JAN2624100PE,0.160690544606718
08-01-2026 15:25||NIFTY27JAN2624300PE,0.1458142320717545
08-01-2026 15:25||NIFTY27JAN2624600PE,0.1302492691149994
08-01-2026 15:25||NIFTY27JAN2625100PE,0.1065993896422963
08-01-2026 15:25||NIFTY27JAN2625800CE,0.0983400082775928
08-01-2026 15:25||NIFTY27JAN2626100CE,0.0900327281242051
09-01-2026 09:15||NIFTY27JAN2624400PE,0.1441359477404412
09-01-2026 09:15||NIFTY27JAN2625000PE,0.1140030592249969
09-01-2026 09:15||NIFTY27JAN2625400CE,0.1273671000397484
09-01-2026 09:15||NIFTY27JAN2625500CE,0.1222848237394795
09-01-2026 09:15||NIFTY27JAN2625800CE,0.1065835970121172
09-01-2026 09:15||NIFTY27JAN2626300CE,0.0952608031893489
09-01-2026 09:20||NIFTY27JAN2624100PE,0.1635213859249839
09-01-2026 09:20||NIFTY27JAN2624200PE,0.1607889469628705
09-01-2026 09:20||NIFTY27JAN2624800PE,0.1273913237739163
09-01-2026 09:20||NIFTY27JAN2625000PE,0.116359340501413
09-01-2026 09:20||NIFTY27JAN2625300CE,0.1112081261945956
09-01-2026 09:25||NIFTY27JAN2624100PE,0.1614890129929176
09-01-2026 09:25||NIFTY27JAN2625000PE,0.1126092809296717
09-01-2026 09:25||NIFTY27JAN2625400CE,0.1201896172026169
09-01-2026 09:25||NIFTY27JAN2626100CE,0.0948480983920327
09-01-2026 09:30||NIFTY27JAN2624300PE,0.1486934722117927
09-01-2026 09:30||NIFTY27JAN2624500PE,0.1379161287840029
09-01-2026 09:30||NIFTY27JAN2624600PE,0.1321328272337629
09-01-2026 09:30||NIFTY27JAN2625300CE,0.108855573958385
09-01-2026 09:30||NIFTY27JAN2625400CE,0.1131275929197387
09-01-2026 09:30||NIFTY27JAN2626100CE,0.0925812136187571
09-01-2026 09:30||NIFTY27JAN2626400CE,0.088667006308561
09-01-2026 09:35||NIFTY27JAN2624800PE,0.1198966153838338
09-01-2026 09:35||NIFTY27JAN2626000CE,0.0980592641996396
09-01-2026 09:35||NIFTY27JAN2626200CE,0.0935988107526002
09-01-2026 09:40||NIFTY27JAN2625500CE,0.1336302558807944
09-01-2026 09:40||NIFTY27JAN2625600CE,0.1252954072923771
09-01-2026 09:40||NIFTY27JAN2625700CE,0.1223558453790256
09-01-2026 09:40||NIFTY27JAN2625900CE,0.1175495023227677
09-01-2026 09:45||NIFTY27JAN2624000PE,0.1687868647906799
09-01-2026 09:45||NIFTY27JAN2624300PE,0.148961085335128
09-01-2026 09:45||NIFTY27JAN2624400PE,0.1429630990597583
09-01-2026 09:45||NIFTY27JAN2624700PE,0.1231118573326752
09-01-2026 09:45||NIFTY27JAN2624900PE,0.1143248566987168
09-01-2026 09:45||NIFTY27JAN2625600CE,0.1232801184735494
09-01-2026 09:45||NIFTY27JAN2625900CE,0.1086615640784035
09-01-2026 09:50||NIFTY27JAN2624100PE,0.1646012796758847
09-01-2026 09:50||NIFTY27JAN2624400PE,0.1418209933399843
09-01-2026 09:50||NIFTY27JAN2624600PE,0.1315314023401301
09-01-2026 09:50||NIFTY27JAN2624700PE,0.1269497231612159
09-01-2026 09:50||NIFTY27JAN2624900PE,0.115894857804545
09-01-2026 09:50||NIFTY27JAN2625300CE,0.1352393533200973
09-01-2026 09:50||NIFTY27JAN2625600CE,0.118605828477683
09-01-2026 09:50||NIFTY27JAN2626000CE,0.1041901686626434
09-01-2026 09:50||NIFTY27JAN2626100CE,0.1017392859856986
09-01-2026 09:50||NIFTY27JAN2626400CE,0.0960025504370681
09-01-2026 09:55||NIFTY27JAN2623800PE,0.1778214903147335
09-01-2026 09:55||NIFTY27JAN2624800PE,0.1218702098915843
09-01-2026 09:55||NIFTY27JAN2624900PE,0.1159215255807538
09-01-2026 09:55||NIFTY27JAN2625000PE,0.1113260538324088
09-01-2026 09:55||NIFTY27JAN2625200CE,0.1346198066988696
09-01-2026 10:00||NIFTY27JAN2624100PE,0.161174336952822
09-01-2026 10:00||NIFTY27JAN2624300PE,0.1480145481887922
09-01-2026 10:00||NIFTY27JAN2625100PE,0.1069654353861132
09-01-2026 10:00||NIFTY27JAN2625500CE,0.1057660330929954
09-01-2026 10:00||NIFTY27JAN2626100CE,0.0921706741685048
09-01-2026 10:05||NIFTY27JAN2624500PE,0.1364281378077866
09-01-2026 10:05||NIFTY27JAN2624800PE,0.1200273256482819
09-01-2026 10:05||NIFTY27JAN2625600CE,0.1188725980256779
09-01-2026 10:05||NIFTY27JAN2626100CE,0.0987027490532492
09-01-2026 10:10||NIFTY27JAN2624400PE,0.1428277743963305
09-01-2026 10:10||NIFTY27JAN2626300CE,0.0936725706109641
09-01-2026 10:10||NIFTY27JAN2626400CE,0.0903889290260167
09-01-2026 10:15||NIFTY27JAN2625100PE,0.1089904871490024
09-01-2026 10:15||NIFTY27JAN2625600CE,0.1058677304770756
09-01-2026 10:15||NIFTY27JAN2626200CE,0.0915018373791895
09-01-2026 10:15||NIFTY27JAN2626300CE,0.091957914181277
09-01-2026 10:20||NIFTY27JAN2623900PE,0.1716777863235078
09-01-2026 10:20||NIFTY27JAN2624000PE,0.1682204709911233
09-01-2026 10:20||NIFTY27JAN2625200CE,0.1534835076005763
09-01-2026 10:20||NIFTY27JAN2625700CE,0.1124740487458431
09-01-2026 10:25||NIFTY27JAN2624200PE,0.1522462859667554
09-01-2026 10:25||NIFTY27JAN2625000PE,0.1104414259804629
09-01-2026 10:25||NIFTY27JAN2625600CE,0.1195065921286302
09-01-2026 10:25||NIFTY27JAN2626200CE,0.0965810001990424
09-01-2026 10:25||NIFTY27JAN2626500CE,0.0949572312626784
09-01-2026 10:30||NIFTY27JAN2624300PE,0.1496435344164652
09-01-2026 10:30||NIFTY27JAN2624900PE,0.1156512464387841
09-01-2026 10:35||NIFTY27JAN2624300PE,0.1478459148979993
09-01-2026 10:35||NIFTY27JAN2624800PE,0.1201013860437219
09-01-2026 10:35||NIFTY27JAN2626300CE,0.0950062505787106
09-01-2026 10:40||NIFTY27JAN2624000PE,0.1660764563510441
09-01-2026 10:40||NIFTY27JAN2624700PE,0.1249045242450943
09-01-2026 10:40||NIFTY27JAN2625000PE,0.1091745807955252
09-01-2026 10:40||NIFTY27JAN2625500CE,0.1196267002837047
09-01-2026 10:40||NIFTY27JAN2626000CE,0.1003147705784335
09-01-2026 10:40||NIFTY27JAN2626100CE,0.1010677509612805
09-01-2026 10:40||NIFTY27JAN2626400CE,0.0918906290387547
09-01-2026 10:40||NIFTY27JAN2626500CE,0.1014607343953268
09-01-2026 10:45||NIFTY27JAN2624400PE,0.1431107097596098
09-01-2026 10:45||NIFTY27JAN2625000PE,0.1094042723006936
09-01-2026 10:45||NIFTY27JAN2625200CE,0.1396752773615462
09-01-2026 10:45||NIFTY27JAN2625400CE,0.1214600264773934
09-01-2026 10:45||NIFTY27JAN2625500CE,0.1154071267498133
09-01-2026 10:45||NIFTY27JAN2626300CE,0.0902402561580119
09-01-2026 10:50||NIFTY27JAN2624100PE,0.1603560464262058
09-01-2026 10:50||NIFTY27JAN2625800CE,0.0935413174207789
09-01-2026 10:50||NIFTY27JAN2625900CE,0.0933830561370034
09-01-2026 10:50||NIFTY27JAN2626000CE,0.0940467287940454
09-01-2026 10:50||NIFTY27JAN2626400CE,0.0938048190509352
09-01-2026 10:50||NIFTY27JAN2626500CE,0.0967053200830488
09-01-2026 10:55||NIFTY27JAN2623800PE,0.1751558942777447
09-01-2026 10:55||NIFTY27JAN2624700PE,0.1229759437924262
09-01-2026 10:55||NIFTY27JAN2624900PE,0.1158069797798582
09-01-2026 10:55||NIFTY27JAN2626300CE,0.0915243375304559
09-01-2026 11:00||NIFTY27JAN2624900PE,0.1124719011451973
09-01-2026 11:00||NIFTY27JAN2625000PE,0.1088344515097887
09-01-2026 11:00||NIFTY27JAN2625200CE,0.1529980715339075
09-01-2026 11:00||NIFTY27JAN2625700CE,0.1013100628470618
09-01-2026 11:00||NIFTY27JAN2625800CE,0.0967078228392406
09-01-2026 11:05||NIFTY27JAN2624000PE,0.1672679849771187
09-01-2026 11:05||NIFTY27JAN2624400PE,0.1404910650924207
09-01-2026 11:05||NIFTY27JAN2625100PE,0.1010964313044036
09-01-2026 11:05||NIFTY27JAN2625300CE,0.1195088965613069
09-01-2026 11:05||NIFTY27JAN2625500CE,0.1124264704372716
09-01-2026 11:05||NIFTY27JAN2625700CE,0.1081711761383799
09-01-2026 11:10||NIFTY27JAN2623900PE,0.1714508173952292
09-01-2026 11:10||NIFTY27JAN2624700PE,0.1230302894346861
09-01-2026 11:10||NIFTY27JAN2625100PE,0.1081482384465865
09-01-2026 11:10||NIFTY27JAN2625200CE,0.1182903010452506
09-01-2026 11:10||NIFTY27JAN2625500CE,0.107016757701035
09-01-2026 11:10||NIFTY27JAN2625800CE,0.0937050254805863
09-01-2026 11:15||NIFTY27JAN2624200PE,0.1527810427853461
09-01-2026 11:15||NIFTY27JAN2624600PE,0.1273288805615202
09-01-2026 11:15||NIFTY27JAN2625700CE,0.104251571215587
09-01-2026 11:15||NIFTY27JAN2626400CE,0.0919923316973929
09-01-2026 11:20||NIFTY27JAN2625200CE,0.1170331532808267
09-01-2026 11:20||NIFTY27JAN2625500CE,0.1155933419843331
09-01-2026 11:25||NIFTY27JAN2624600PE,0.1261570680910913
09-01-2026 11:25||NIFTY27JAN2625100PE,0.1023142646783645
09-01-2026 11:25||NIFTY27JAN2625600CE,0.1076825695869124
09-01-2026 11:30||NIFTY27JAN2624000PE,0.1669509666252435
09-01-2026 11:30||NIFTY27JAN2624100PE,0.1591811825992868
09-01-2026 11:30||NIFTY27JAN2624500PE,0.1366691513955448
09-01-2026 11:30||NIFTY27JAN2624600PE,0.1288938131927983
09-01-2026 11:30||NIFTY27JAN2624900PE,0.1149970916811309
09-01-2026 11:30||NIFTY27JAN2625000PE,0.1129541061395832
09-01-2026 11:30||NIFTY27JAN2625300CE,0.1184197268304811
09-01-2026 11:30||NIFTY27JAN2626200CE,0.0894243409020173
09-01-2026 11:35||NIFTY27JAN2624100PE,0.1571034861834142
09-01-2026 11:35||NIFTY27JAN2624600PE,0.1278098202794393
09-01-2026 11:35||NIFTY27JAN2625200CE,0.1195964889242356
09-01-2026 11:35||NIFTY27JAN2625300CE,0.1156595595308504
09-01-2026 11:35||NIFTY27JAN2625700CE,0.1006367398978333
09-01-2026 11:35||NIFTY27JAN2625800CE,0.0973827788194087
09-01-2026 11:40||NIFTY27JAN2624600PE,0.1276399869176933
09-01-2026 11:40||NIFTY27JAN2624700PE,0.1223119684543907
09-01-2026 11:40||NIFTY27JAN2625000PE,0.1085591114615146
09-01-2026 11:40||NIFTY27JAN2625300CE,0.1159599012968761
09-01-2026 11:40||NIFTY27JAN2625800CE,0.0972840736623514
09-01-2026 11:40||NIFTY27JAN2625900CE,0.0960024000596597
09-01-2026 11:45||NIFTY27JAN2625900CE,0.097407771518214
09-01-2026 11:45||NIFTY27JAN2626000CE,0.0936547464889867
09-01-2026 11:45||NIFTY27JAN2626200CE,0.0902317491634651
09-01-2026 11:45||NIFTY27JAN2626500CE,0.092845820444167
09-01-2026 11:50||NIFTY27JAN2625000PE,0.1089083013636666
09-01-2026 11:50||NIFTY27JAN2625200CE,0.1250134098922036
09-01-2026 11:50||NIFTY27JAN2625400CE,0.1144266663735807
09-01-2026 11:50||NIFTY27JAN2625500CE,0.1102109609735093
09-01-2026 11:50||NIFTY27JAN2626000CE,0.0962123209157029
09-01-2026 11:50||NIFTY27JAN2626500CE,0.0960963466343652
09-01-2026 11:55||NIFTY27JAN2624200PE,0.1526009872642266
09-01-2026 11:55||NIFTY27JAN2624300PE,0.1468376434167321
09-01-2026 11:55||NIFTY27JAN2624500PE,0.1322278141423247
09-01-2026 11:55||NIFTY27JAN2624900PE,0.1126456545524322
09-01-2026 11:55||NIFTY27JAN2625400CE,0.113253762180187
09-01-2026 11:55||NIFTY27JAN2625600CE,0.1052119408978949
09-01-2026 11:55||NIFTY27JAN2625800CE,0.0969771529806324
09-01-2026 11:55||NIFTY27JAN2626300CE,0.0904387140348065
09-01-2026 12:00||NIFTY27JAN2623800PE,0.1735771560213996
09-01-2026 12:00||NIFTY27JAN2624400PE,0.1390088499471304
09-01-2026 12:00||NIFTY27JAN2624800PE,0.1146607174262984
09-01-2026 12:00||NIFTY27JAN2625600CE,0.1106101882235973
09-01-2026 12:00||NIFTY27JAN2625800CE,0.1043034604036052
09-01-2026 12:00||NIFTY27JAN2626300CE,0.0932074428327041
09-01-2026 12:05||NIFTY27JAN2624600PE,0.1291524641515554
09-01-2026 12:05||NIFTY27JAN2625500CE,0.1082879276096044
09-01-2026 12:05||NIFTY27JAN2626000CE,0.0943746677978582
09-01-2026 12:05||NIFTY27JAN2626500CE,0.0943953680396362
09-01-2026 12:10||NIFTY27JAN2624200PE,0.1489710315641213
09-01-2026 12:10||NIFTY27JAN2624300PE,0.1472044275269607
09-01-2026 12:10||NIFTY27JAN2625500CE,0.107540470114906
09-01-2026 12:10||NIFTY27JAN2625900CE,0.0953617768722464
09-01-2026 12:10||NIFTY27JAN2626300CE,0.0905608393461138
09-01-2026 12:15||NIFTY27JAN2623800PE,0.1812419908328775
09-01-2026 12:15||NIFTY27JAN2624100PE,0.1587142384528796
09-01-2026 12:15||NIFTY27JAN2624200PE,0.1504714516431326
09-01-2026 12:15||NIFTY27JAN2624300PE,0.1469531076952843
09-01-2026 12:15||NIFTY27JAN2625400CE,0.1093331403797803
09-01-2026 12:15||NIFTY27JAN2625500CE,0.1032278262204757
09-01-2026 12:15||NIFTY27JAN2625800CE,0.0949989172802182
09-01-2026 12:15||NIFTY27JAN2625900CE,0.0985932171416165
09-01-2026 12:15||NIFTY27JAN2626200CE,0.1043272505748537
09-01-2026 12:15||NIFTY27JAN2626300CE,0.1002742984257365
09-01-2026 12:15||NIFTY27JAN2626400CE,0.1083335591816884
09-01-2026 12:15||NIFTY27JAN2626500CE,0.1013603994843595
09-01-2026 12:20||NIFTY27JAN2624000PE,0.1616239973413671
09-01-2026 12:20||NIFTY27JAN2624700PE,0.1200116470939048
09-01-2026 12:20||NIFTY27JAN2624800PE,0.1157693089222892
09-01-2026 12:20||NIFTY27JAN2625000PE,0.1072479692731603
09-01-2026 12:25||NIFTY27JAN2624200PE,0.1505666891734402
09-01-2026 12:25||NIFTY27JAN2624400PE,0.139093707043147
09-01-2026 12:25||NIFTY27JAN2624600PE,0.1278179237332282
09-01-2026 12:25||NIFTY27JAN2625000PE,0.1103743776578251
09-01-2026 12:30||NIFTY27JAN2623800PE,0.1711430367472042
09-01-2026 12:30||NIFTY27JAN2624400PE,0.1377142582597634
09-01-2026 12:30||NIFTY27JAN2624900PE,0.1119681253586193
09-01-2026 12:30||NIFTY27JAN2626400CE,0.0954004237773157
09-01-2026 12:35||NIFTY27JAN2624100PE,0.1576524362691595
09-01-2026 12:35||NIFTY27JAN2624300PE,0.1461329211475122
09-01-2026 12:35||NIFTY27JAN2624700PE,0.1237418443123578
09-01-2026 12:35||NIFTY27JAN2624900PE,0.115459665816006
09-01-2026 12:35||NIFTY27JAN2625700CE,0.0988646384297038
09-01-2026 12:35||NIFTY27JAN2626400CE,0.0961380275066187
09-01-2026 12:40||NIFTY27JAN2624100PE,0.1569162048553707
09-01-2026 12:40||NIFTY27JAN2625800CE,0.0984909146734567
09-01-2026 12:40||NIFTY27JAN2626100CE,0.0955447731050513
09-01-2026 12:45||NIFTY27JAN2623900PE,0.1699610156294455
09-01-2026 12:45||NIFTY27JAN2624100PE,0.1570630732196749
09-01-2026 12:45||NIFTY27JAN2624200PE,0.1518822604989519
09-01-2026 12:45||NIFTY27JAN2625100PE,0.1063575626760707
09-01-2026 12:45||NIFTY27JAN2625300CE,0.1054088859226574
09-01-2026 12:45||NIFTY27JAN2625800CE,0.0955938269119486
09-01-2026 12:45||NIFTY27JAN2625900CE,0.0960645139602876
09-01-2026 12:45||NIFTY27JAN2626000CE,0.0957412854016041
09-01-2026 12:45||NIFTY27JAN2626400CE,0.0981780135034551
09-01-2026 12:50||NIFTY27JAN2623800PE,0.1759976328244776
09-01-2026 12:50||NIFTY27JAN2624100PE,0.1545858446874832
09-01-2026 12:50||NIFTY27JAN2625300CE,0.1173797226688326
09-01-2026 12:50||NIFTY27JAN2625500CE,0.1125989200608259
09-01-2026 12:50||NIFTY27JAN2626200CE,0.0971009004018958
09-01-2026 12:55||NIFTY27JAN2624100PE,0.1581383697797485
09-01-2026 12:55||NIFTY27JAN2624500PE,0.132823156781654
09-01-2026 12:55||NIFTY27JAN2624800PE,0.1173749609769361
09-01-2026 12:55||NIFTY27JAN2625600CE,0.10262027861645
09-01-2026 12:55||NIFTY27JAN2625700CE,0.1008871492718111
09-01-2026 13:00||NIFTY27JAN2624200PE,0.151469425026219
09-01-2026 13:00||NIFTY27JAN2624900PE,0.1131592598081475
09-01-2026 13:00||NIFTY27JAN2625200CE,0.114565944703101
09-01-2026 13:00||NIFTY27JAN2625600CE,0.1037886512453563
09-01-2026 13:00||NIFTY27JAN2625800CE,0.0978176172338934
09-01-2026 13:00||NIFTY27JAN2626400CE,0.0966879128720548
09-01-2026 13:05||NIFTY27JAN2623900PE,0.1739285936062026
09-01-2026 13:05||NIFTY27JAN2624100PE,0.1638997873787708
09-01-2026 13:05||NIFTY27JAN2624300PE,0.1459114869772898
09-01-2026 13:05||NIFTY27JAN2624400PE,0.1405294597652837
09-01-2026 13:05||NIFTY27JAN2624700PE,0.1268567155623319
09-01-2026 13:05||NIFTY27JAN2624800PE,0.1239766587020849
09-01-2026 13:05||NIFTY27JAN2624900PE,0.1248462535369328
09-01-2026 13:05||NIFTY27JAN2625000PE,0.1211560340240223
09-01-2026 13:05||NIFTY27JAN2626000CE,0.1048589346854664
09-01-2026 13:05||NIFTY27JAN2626400CE,0.1083243535251309
09-01-2026 13:05||NIFTY27JAN2626500CE,0.1126560923115236
09-01-2026 13:10||NIFTY27JAN2624000PE,0.165126469932909
09-01-2026 13:10||NIFTY27JAN2624100PE,0.1572668850907276
09-01-2026 13:10||NIFTY27JAN2624300PE,0.1454788259173509
09-01-2026 13:10||NIFTY27JAN2625200CE,0.126100911201472
09-01-2026 13:10||NIFTY27JAN2625900CE,0.0996837828935302
09-01-2026 13:10||NIFTY27JAN2626100CE,0.095841268326852
09-01-2026 13:10||NIFTY27JAN2626400CE,0.1000321788965744
09-01-2026 13:15||NIFTY27JAN2624100PE,0.156011593656695
09-01-2026 13:15||NIFTY27JAN2624400PE,0.1398051359653015
09-01-2026 13:15||NIFTY27JAN2625000PE,0.1091568171571607
09-01-2026 13:15||NIFTY27JAN2625300CE,0.1161546987215005
09-01-2026 13:15||NIFTY27JAN2625700CE,0.1030391751457937
09-01-2026 13:15||NIFTY27JAN2625800CE,0.1000533263393139
09-01-2026 13:15||NIFTY27JAN2625900CE,0.099171111805196
09-01-2026 13:15||NIFTY27JAN2626100CE,0.0957732425842413
09-01-2026 13:15||NIFTY27JAN2626200CE,0.0945783273503439
09-01-2026 13:20||NIFTY27JAN2624100PE,0.156355134704986
09-01-2026 13:20||NIFTY27JAN2625000PE,0.109032693130109
09-01-2026 13:20||NIFTY27JAN2625200CE,0.1247098250543018
09-01-2026 13:20||NIFTY27JAN2625600CE,0.1034157763047072
09-01-2026 13:25||NIFTY27JAN2624500PE,0.134044871662808
09-01-2026 13:25||NIFTY27JAN2625100PE,0.1062842826961671
09-01-2026 13:25||NIFTY27JAN2625300CE,0.1159772610291947
09-01-2026 13:25||NIFTY27JAN2626200CE,0.095360785654839
09-01-2026 13:30||NIFTY27JAN2624300PE,0.1446409356834568
09-01-2026 13:30||NIFTY27JAN2624900PE,0.1147207620843816
09-01-2026 13:30||NIFTY27JAN2625900CE,0.09606673516849
09-01-2026 13:30||NIFTY27JAN2626400CE,0.0950097996191292
09-01-2026 13:35||NIFTY27JAN2623900PE,0.1682142895449305
09-01-2026 13:35||NIFTY27JAN2624100PE,0.1578663159967616
09-01-2026 13:35||NIFTY27JAN2624400PE,0.1385199393322635
09-01-2026 13:35||NIFTY27JAN2624600PE,0.1266821216089239
09-01-2026 13:35||NIFTY27JAN2625100PE,0.1048396352074252
09-01-2026 13:35||NIFTY27JAN2625300CE,0.1211442725256035
09-01-2026 13:35||NIFTY27JAN2625400CE,0.1156584372235657
09-01-2026 13:35||NIFTY27JAN2625900CE,0.1001901779431468
09-01-2026 13:35||NIFTY27JAN2626100CE,0.0992688405482257
09-01-2026 13:40||NIFTY27JAN2624500PE,0.1348544764646084
09-01-2026 13:40||NIFTY27JAN2624800PE,0.1200542196662892
09-01-2026 13:40||NIFTY27JAN2625100PE,0.1087660337193219
09-01-2026 13:40||NIFTY27JAN2625300CE,0.1042961755866188
09-01-2026 13:40||NIFTY27JAN2625500CE,0.1013028991375162
09-01-2026 13:40||NIFTY27JAN2626500CE,0.0994601247495236
09-01-2026 13:45||NIFTY27JAN2623900PE,0.1678417292160164
09-01-2026 13:45||NIFTY27JAN2624100PE,0.1563350638735858
09-01-2026 13:45||NIFTY27JAN2624300PE,0.144408608455079
09-01-2026 13:45||NIFTY27JAN2624400PE,0.1386334101681423
09-01-2026 13:45||NIFTY27JAN2625200CE,0.1190747256407863
09-01-2026 13:45||NIFTY27JAN2626000CE,0.0964362554913922
09-01-2026 13:50||NIFTY27JAN2623800PE,0.1726381712805519
09-01-2026 13:50||NIFTY27JAN2624600PE,0.1262259582003063
09-01-2026 13:50||NIFTY27JAN2624700PE,0.1212433027373578
09-01-2026 13:50||NIFTY27JAN2625400CE,0.1107425488871389
09-01-2026 13:50||NIFTY27JAN2625800CE,0.0968066545064811
09-01-2026 13:50||NIFTY27JAN2626100CE,0.0957389095264001
09-01-2026 13:55||NIFTY27JAN2624000PE,0.1621958631566846
09-01-2026 13:55||NIFTY27JAN2625400CE,0.1134170335701686
09-01-2026 13:55||NIFTY27JAN2625500CE,0.1114728622773859
09-01-2026 13:55||NIFTY27JAN2626400CE,0.102630448589374
09-01-2026 14:00||NIFTY27JAN2624200PE,0.1508041084725421
09-01-2026 14:00||NIFTY27JAN2624300PE,0.1455159342080444
09-01-2026 14:00||NIFTY27JAN2624400PE,0.13997271823955
09-01-2026 14:00||NIFTY27JAN2625500CE,0.1053185236394677
09-01-2026 14:00||NIFTY27JAN2625800CE,0.0977248150504731
09-01-2026 14:00||NIFTY27JAN2626000CE,0.0961753947447489
09-01-2026 14:05||NIFTY27JAN2624100PE,0.1567132944016618
09-01-2026 14:05||NIFTY27JAN2624300PE,0.1443116582147115
09-01-2026 14:05||NIFTY27JAN2624400PE,0.1390015299919239
09-01-2026 14:05||NIFTY27JAN2625200CE,0.1271620519129962
09-01-2026 14:05||NIFTY27JAN2625400CE,0.1147138584004077
09-01-2026 14:10||NIFTY27JAN2624300PE,0.143641958457426
09-01-2026 14:10||NIFTY27JAN2624700PE,0.1220805280400176
09-01-2026 14:10||NIFTY27JAN2625300CE,0.1135190644017566
09-01-2026 14:10||NIFTY27JAN2626300CE,0.100461396652221
09-01-2026 14:10||NIFTY27JAN2626400CE,0.1008523618385254
09-01-2026 14:10||NIFTY27JAN2626500CE,0.1034861674849271
09-01-2026 14:15||NIFTY27JAN2625500CE,0.0909226052548708
09-01-2026 14:20||NIFTY27JAN2624100PE,0.1567263979219713
09-01-2026 14:20||NIFTY27JAN2624300PE,0.1448269655422493
09-01-2026 14:20||NIFTY27JAN2624400PE,0.1392772766130038
09-01-2026 14:20||NIFTY27JAN2625000PE,0.1093324618893456
09-01-2026 14:20||NIFTY27JAN2625200CE,0.1160045284691718
09-01-2026 14:20||NIFTY27JAN2625400CE,0.1084373948778948
09-01-2026 14:20||NIFTY27JAN2625900CE,0.0972741468963948
09-01-2026 14:25||NIFTY27JAN2624100PE,0.1559639601234269
09-01-2026 14:25||NIFTY27JAN2624200PE,0.1511170321182758
09-01-2026 14:25||NIFTY27JAN2624300PE,0.1447577287452008
09-01-2026 14:25||NIFTY27JAN2625100PE,0.1060359139026945
09-01-2026 14:25||NIFTY27JAN2625300CE,0.1112459102299858
09-01-2026 14:25||NIFTY27JAN2625600CE,0.0987983231923316
09-01-2026 14:30||NIFTY27JAN2624000PE,0.1631045202976804
09-01-2026 14:30||NIFTY27JAN2624200PE,0.1483155220601829
09-01-2026 14:30||NIFTY27JAN2625900CE,0.1007186173506398
09-01-2026 14:30||NIFTY27JAN2626300CE,0.1005714513680393
09-01-2026 14:35||NIFTY27JAN2624200PE,0.1487386260713973
09-01-2026 14:35||NIFTY27JAN2624300PE,0.1439276129524869
09-01-2026 14:35||NIFTY27JAN2624600PE,0.1270628441036436
09-01-2026 14:35||NIFTY27JAN2625800CE,0.1004872983817739
09-01-2026 14:40||NIFTY27JAN2623800PE,0.1766084724737281
09-01-2026 14:40||NIFTY27JAN2625200CE,0.1427876205810204
09-01-2026 14:40||NIFTY27JAN2625600CE,0.1061080811789412
09-01-2026 14:40||NIFTY27JAN2625900CE,0.0991217830264357
09-01-2026 14:40||NIFTY27JAN2626100CE,0.0994980525751483
09-01-2026 14:40||NIFTY27JAN2626400CE,0.1019271236568225
09-01-2026 14:45||NIFTY27JAN2624500PE,0.1320467710201514
09-01-2026 14:45||NIFTY27JAN2624600PE,0.1269201984241896
09-01-2026 14:45||NIFTY27JAN2625300CE,0.1110117619733738
09-01-2026 14:45||NIFTY27JAN2625600CE,0.1036094833206275
09-01-2026 14:50||NIFTY27JAN2623900PE,0.167107735009323
09-01-2026 14:50||NIFTY27JAN2626000CE,0.0946588483825497
09-01-2026 14:50||NIFTY27JAN2626300CE,0.0968007011569742
09-01-2026 14:55||NIFTY27JAN2623900PE,0.1688889606958337
09-01-2026 14:55||NIFTY27JAN2624000PE,0.1646129583956638
09-01-2026 14:55||NIFTY27JAN2624800PE,0.1174689621858842
09-01-2026 14:55||NIFTY27JAN2625600CE,0.1025384438001085
09-01-2026 14:55||NIFTY27JAN2625900CE,0.0969646913682027
09-01-2026 15:00||NIFTY27JAN2624000PE,0.1642008092214217
09-01-2026 15:00||NIFTY27JAN2624300PE,0.1456580839247045
09-01-2026 15:00||NIFTY27JAN2625400CE,0.1111035914985524
09-01-2026 15:00||NIFTY27JAN2625600CE,0.1061798324820988
09-01-2026 15:00||NIFTY27JAN2625700CE,0.1029677292430146
09-01-2026 15:00||NIFTY27JAN2625800CE,0.0989325553834498
09-01-2026 15:00||NIFTY27JAN2626500CE,0.0982074180801423
09-01-2026 15:05||NIFTY27JAN2624200PE,0.1482757029018767
09-01-2026 15:05||NIFTY27JAN2624300PE,0.1444281028988233
09-01-2026 15:05||NIFTY27JAN2625000PE,0.1085657839101243
09-01-2026 15:05||NIFTY27JAN2625100PE,0.1033429405825297
09-01-2026 15:05||NIFTY27JAN2625600CE,0.1052921121370565
09-01-2026 15:05||NIFTY27JAN2626500CE,0.1013173028534246
09-01-2026 15:10||NIFTY27JAN2623800PE,0.1724992807317083
09-01-2026 15:10||NIFTY27JAN2624000PE,0.1638923566219657
09-01-2026 15:10||NIFTY27JAN2624600PE,0.1266489942564966
09-01-2026 15:10||NIFTY27JAN2625000PE,0.1092335022764541
09-01-2026 15:10||NIFTY27JAN2625100PE,0.1022433105072659
09-01-2026 15:10||NIFTY27JAN2625200CE,0.1251953238482327
09-01-2026 15:10||NIFTY27JAN2626200CE,0.0975638698540921
09-01-2026 15:15||NIFTY27JAN2624200PE,0.1493999886264741
09-01-2026 15:15||NIFTY27JAN2624300PE,0.1448526023052432
09-01-2026 15:15||NIFTY27JAN2624500PE,0.1336754064575435
09-01-2026 15:15||NIFTY27JAN2624700PE,0.1238702666189398
09-01-2026 15:15||NIFTY27JAN2624900PE,0.1145194152035815
09-01-2026 15:15||NIFTY27JAN2625200CE,0.1168157887124675
09-01-2026 15:15||NIFTY27JAN2625900CE,0.0949281416439127
09-01-2026 15:15||NIFTY27JAN2626000CE,0.0949306744815953
09-01-2026 15:20||NIFTY27JAN2623800PE,0.1749263496422839
09-01-2026 15:20||NIFTY27JAN2624700PE,0.1233212892679366
09-01-2026 15:20||NIFTY27JAN2625100PE,0.1053800064905548
09-01-2026 15:20||NIFTY27JAN2625200CE,0.119571977564837
09-01-2026 15:20||NIFTY27JAN2625300CE,0.1176834886261403
09-01-2026 15:20||NIFTY27JAN2625600CE,0.1055646523400473
09-01-2026 15:20||NIFTY27JAN2625800CE,0.0985430515683242
09-01-2026 15:20||NIFTY27JAN2626100CE,0.0967139979514743
09-01-2026 15:25||NIFTY27JAN2624100PE,0.1598140785872905
09-01-2026 15:25||NIFTY27JAN2624200PE,0.1503988845162374
09-01-2026 15:25||NIFTY27JAN2624400PE,0.1422604517217085
09-01-2026 15:25||NIFTY27JAN2625500CE,0.1151278606862295
09-01-2026 15:25||NIFTY27JAN2626000CE,0.1011664500882087
09-01-2026 15:25||NIFTY27JAN2626100CE,0.1004244062107159
12-01-2026 09:15||NIFTY27JAN2624000PE,0.1755710973726969
12-01-2026 09:15||NIFTY27JAN2624900PE,0.1250013411757437
12-01-2026 09:15||NIFTY27JAN2625200CE,0.1182241275787422
12-01-2026 09:15||NIFTY27JAN2626000CE,0.1027078060910957
12-01-2026 09:15||NIFTY27JAN2626100CE,0.0999569071613878
12-01-2026 09:20||NIFTY27JAN2624200PE,0.1614972282202645
12-01-2026 09:20||NIFTY27JAN2624600PE,0.1382765893670482
12-01-2026 09:20||NIFTY27JAN2624800PE,0.1271793811861081
12-01-2026 09:20||NIFTY27JAN2625000PE,0.1204892819683047
12-01-2026 09:20||NIFTY27JAN2625100PE,0.1178335474408462
12-01-2026 09:20||NIFTY27JAN2625200CE,0.1270804093872396
12-01-2026 09:20||NIFTY27JAN2625600CE,0.1139361923215114
12-01-2026 09:20||NIFTY27JAN2625800CE,0.1103897871400829
12-01-2026 09:25||NIFTY27JAN2624700PE,0.1328425592523054
12-01-2026 09:25||NIFTY27JAN2625800CE,0.114787395820822
12-01-2026 09:25||NIFTY27JAN2626200CE,0.1095759039895404
12-01-2026 09:30||NIFTY27JAN2623900PE,0.1809918530323624
12-01-2026 09:30||NIFTY27JAN2624000PE,0.1751852229681822
12-01-2026 09:30||NIFTY27JAN2624400PE,0.1503074145802261
12-01-2026 09:30||NIFTY27JAN2625200CE,0.1443095372101229
12-01-2026 09:30||NIFTY27JAN2625600CE,0.1221464500867453
12-01-2026 09:30||NIFTY27JAN2625800CE,0.1190022682083704
12-01-2026 09:30||NIFTY27JAN2626000CE,0.1144649996148645
12-01-2026 09:35||NIFTY27JAN2623900PE,0.1768799722288274
12-01-2026 09:35||NIFTY27JAN2624500PE,0.1438128894551756
12-01-2026 09:35||NIFTY27JAN2624600PE,0.1388133979798162
12-01-2026 09:35||NIFTY27JAN2624700PE,0.1335615774834477
12-01-2026 09:35||NIFTY27JAN2625000PE,0.1157424799558088
12-01-2026 09:35||NIFTY27JAN2625700CE,0.1188275070464554
12-01-2026 09:35||NIFTY27JAN2625800CE,0.1158287429710984
12-01-2026 09:35||NIFTY27JAN2625900CE,0.113980434331165
12-01-2026 09:35||NIFTY27JAN2626200CE,0.1133656338146857
12-01-2026 09:35||NIFTY27JAN2626500CE,0.1177954628989592
12-01-2026 09:40||NIFTY27JAN2623900PE,0.1800738939010085
12-01-2026 09:40||NIFTY27JAN2624600PE,0.1390697217140261
12-01-2026 09:40||NIFTY27JAN2624700PE,0.1337940957708987
12-01-2026 09:40||NIFTY27JAN2625200CE,0.1344522411734455
12-01-2026 09:40||NIFTY27JAN2625400CE,0.1231585897476804
12-01-2026 09:45||NIFTY27JAN2623900PE,0.1820955622967345
12-01-2026 09:45||NIFTY27JAN2624800PE,0.1237318750615608
12-01-2026 09:45||NIFTY27JAN2625000PE,0.1153754480065069
12-01-2026 09:45||NIFTY27JAN2626400CE,0.1167470657298528
12-01-2026 09:45||NIFTY27JAN2626500CE,0.1184643534662937
12-01-2026 09:50||NIFTY27JAN2625000PE,0.1198899118199761
12-01-2026 09:50||NIFTY27JAN2625400CE,0.1213203262212312
12-01-2026 09:50||NIFTY27JAN2625900CE,0.1113848681087366
12-01-2026 09:50||NIFTY27JAN2626000CE,0.1084502314137828
12-01-2026 09:55||NIFTY27JAN2623800PE,0.1869038652055966
12-01-2026 09:55||NIFTY27JAN2625000PE,0.122660118254687
12-01-2026 09:55||NIFTY27JAN2625100PE,0.1194045688124793
12-01-2026 09:55||NIFTY27JAN2625400CE,0.1140333131807845
12-01-2026 09:55||NIFTY27JAN2625700CE,0.10881404915144
12-01-2026 09:55||NIFTY27JAN2625900CE,0.1076645175388412
12-01-2026 09:55||NIFTY27JAN2626200CE,0.1085214698897658
12-01-2026 09:55||NIFTY27JAN2626400CE,0.1133551283412843
12-01-2026 10:00||NIFTY27JAN2624800PE,0.1235298513080601
12-01-2026 10:00||NIFTY27JAN2625200CE,0.1441886690458019
12-01-2026 10:00||NIFTY27JAN2625700CE,0.1196818356096972
12-01-2026 10:00||NIFTY27JAN2626100CE,0.1131579590263207
12-01-2026 10:00||NIFTY27JAN2626200CE,0.1141015984478689
12-01-2026 10:05||NIFTY27JAN2623900PE,0.1820315740735766
12-01-2026 10:05||NIFTY27JAN2624300PE,0.1579719873922121
12-01-2026 10:05||NIFTY27JAN2624600PE,0.1394149660211215
12-01-2026 10:05||NIFTY27JAN2624700PE,0.1334945992031748
12-01-2026 10:05||NIFTY27JAN2624800PE,0.1280433348278288
12-01-2026 10:05||NIFTY27JAN2625100PE,0.113178041866841
12-01-2026 10:10||NIFTY27JAN2624000PE,0.1765400738817139
12-01-2026 10:10||NIFTY27JAN2624100PE,0.1686012956577527
12-01-2026 10:10||NIFTY27JAN2624900PE,0.1222961128703501
12-01-2026 10:10||NIFTY27JAN2625600CE,0.1161526613518578
12-01-2026 10:10||NIFTY27JAN2626300CE,0.1137069518170245
12-01-2026 10:10||NIFTY27JAN2626400CE,0.1164066354491409
12-01-2026 10:15||NIFTY27JAN2623800PE,0.1853906997474613
12-01-2026 10:15||NIFTY27JAN2624500PE,0.1420326139208847
12-01-2026 10:15||NIFTY27JAN2624800PE,0.1242659160076028
12-01-2026 10:15||NIFTY27JAN2625000PE,0.1151140087989248
12-01-2026 10:15||NIFTY27JAN2625100PE,0.1097892760431627
12-01-2026 10:15||NIFTY27JAN2626200CE,0.1117846335948808
12-01-2026 10:15||NIFTY27JAN2626400CE,0.1144549106663208
12-01-2026 10:15||NIFTY27JAN2626500CE,0.1174486423332167
12-01-2026 10:20||NIFTY27JAN2624200PE,0.163041240159563
12-01-2026 10:20||NIFTY27JAN2624800PE,0.1263515365339528
12-01-2026 10:20||NIFTY27JAN2624900PE,0.1218789720963288
12-01-2026 10:20||NIFTY27JAN2625200CE,0.1343594892598528
12-01-2026 10:20||NIFTY27JAN2626500CE,0.114484285011631
12-01-2026 10:25||NIFTY27JAN2623800PE,0.1873098553674084
12-01-2026 10:25||NIFTY27JAN2624300PE,0.1554590872966596
12-01-2026 10:25||NIFTY27JAN2624400PE,0.1508624089753949
12-01-2026 10:25||NIFTY27JAN2624900PE,0.1207161675671622
12-01-2026 10:25||NIFTY27JAN2625200CE,0.1454857029039885
12-01-2026 10:25||NIFTY27JAN2625800CE,0.1151870420901706
12-01-2026 10:25||NIFTY27JAN2625900CE,0.112095033546648
12-01-2026 10:25||NIFTY27JAN2626000CE,0.1109713416230255
12-01-2026 10:30||NIFTY27JAN2624500PE,0.1451376026834504
12-01-2026 10:30||NIFTY27JAN2625200CE,0.1287311122755446
12-01-2026 10:30||NIFTY27JAN2625800CE,0.1085463981010353
12-01-2026 10:30||NIFTY27JAN2626200CE,0.1089113166003631
12-01-2026 10:35||NIFTY27JAN2624600PE,0.1382414624450508
12-01-2026 10:35||NIFTY27JAN2625400CE,0.1233605768570219
12-01-2026 10:35||NIFTY27JAN2625700CE,0.112111651967388
12-01-2026 10:35||NIFTY27JAN2626400CE,0.1131617494089085
12-01-2026 10:40||NIFTY27JAN2625000PE,0.118871533461369
12-01-2026 10:40||NIFTY27JAN2625100PE,0.1127975374828227
12-01-2026 10:40||NIFTY27JAN2625300CE,0.1244698547212048
12-01-2026 10:40||NIFTY27JAN2625400CE,0.1190771015902077
12-01-2026 10:40||NIFTY27JAN2625500CE,0.1160790726490108
12-01-2026 10:40||NIFTY27JAN2626400CE,0.1132583543830062
12-01-2026 10:45||NIFTY27JAN2624400PE,0.1499443150980192
12-01-2026 10:45||NIFTY27JAN2625000PE,0.1159663897801216
12-01-2026 10:45||NIFTY27JAN2626000CE,0.1102972564333547
12-01-2026 10:45||NIFTY27JAN2626200CE,0.110167009436146
12-01-2026 10:45||NIFTY27JAN2626300CE,0.1125413093069656
12-01-2026 10:50||NIFTY27JAN2623900PE,0.1848116153268814
12-01-2026 10:50||NIFTY27JAN2624900PE,0.1233061816082238
12-01-2026 10:50||NIFTY27JAN2625500CE,0.1138393482573662
12-01-2026 10:50||NIFTY27JAN2625600CE,0.1105416329094682
12-01-2026 10:50||NIFTY27JAN2626200CE,0.1063124702697839
12-01-2026 10:55||NIFTY27JAN2624000PE,0.1755685800461992
12-01-2026 10:55||NIFTY27JAN2624300PE,0.1565633809100993
12-01-2026 10:55||NIFTY27JAN2624400PE,0.1498242698413078
12-01-2026 10:55||NIFTY27JAN2624900PE,0.1218214750167747
12-01-2026 10:55||NIFTY27JAN2625100PE,0.1104923508086361
12-01-2026 10:55||NIFTY27JAN2625500CE,0.1173829273527753
12-01-2026 10:55||NIFTY27JAN2626200CE,0.1085707740986506
12-01-2026 10:55||NIFTY27JAN2626400CE,0.1134487878612972
12-01-2026 11:00||NIFTY27JAN2623800PE,0.1842209119968177
12-01-2026 11:00||NIFTY27JAN2624000PE,0.1753624895765043
12-01-2026 11:00||NIFTY27JAN2624500PE,0.1429746611164879
12-01-2026 11:00||NIFTY27JAN2624800PE,0.1291897820102895
12-01-2026 11:00||NIFTY27JAN2624900PE,0.1261696113326701
12-01-2026 11:00||NIFTY27JAN2625000PE,0.1235680474877995
12-01-2026 11:00||NIFTY27JAN2625200CE,0.1288490377360115
12-01-2026 11:00||NIFTY27JAN2625400CE,0.1224716257878844
12-01-2026 11:00||NIFTY27JAN2625600CE,0.1155487297653489
12-01-2026 11:00||NIFTY27JAN2626000CE,0.1097874036790664
12-01-2026 11:00||NIFTY27JAN2626300CE,0.1113399780024475
12-01-2026 11:05||NIFTY27JAN2624100PE,0.1658045857878061
12-01-2026 11:05||NIFTY27JAN2624700PE,0.1292886776265414
12-01-2026 11:05||NIFTY27JAN2625200CE,0.1332220513483043
12-01-2026 11:05||NIFTY27JAN2625500CE,0.119515253823148
12-01-2026 11:05||NIFTY27JAN2625600CE,0.113636320079502
12-01-2026 11:05||NIFTY27JAN2625700CE,0.1113271155796785
12-01-2026 11:10||NIFTY27JAN2624400PE,0.1486623165561392
12-01-2026 11:10||NIFTY27JAN2624500PE,0.1419547987064875
12-01-2026 11:10||NIFTY27JAN2625200CE,0.1279537132477534
12-01-2026 11:10||NIFTY27JAN2625800CE,0.1085092008248517
12-01-2026 11:10||NIFTY27JAN2626000CE,0.1066347979023839
12-01-2026 11:15||NIFTY27JAN2625400CE,0.1128953489421554
12-01-2026 11:15||NIFTY27JAN2625700CE,0.1085017383245962
12-01-2026 11:15||NIFTY27JAN2625800CE,0.1092372252883971
12-01-2026 11:20||NIFTY27JAN2624800PE,0.1238481912807807
12-01-2026 11:20||NIFTY27JAN2626400CE,0.1165298018331784
12-01-2026 11:25||NIFTY27JAN2623800PE,0.1830796095135873
12-01-2026 11:25||NIFTY27JAN2624200PE,0.1570530134290876
12-01-2026 11:25||NIFTY27JAN2624300PE,0.1511023829278076
12-01-2026 11:25||NIFTY27JAN2624700PE,0.1282399033455685
12-01-2026 11:25||NIFTY27JAN2625400CE,0.1214743936927592
12-01-2026 11:30||NIFTY27JAN2623900PE,0.1776483710786781
12-01-2026 11:30||NIFTY27JAN2624000PE,0.1731277882493166
12-01-2026 11:35||NIFTY27JAN2624200PE,0.1560026372058245
12-01-2026 11:35||NIFTY27JAN2624400PE,0.1447386382370404
12-01-2026 11:35||NIFTY27JAN2624700PE,0.1285955080404662
12-01-2026 11:35||NIFTY27JAN2624900PE,0.1187238867744999
12-01-2026 11:35||NIFTY27JAN2625300CE,0.124643903017921
12-01-2026 11:35||NIFTY27JAN2625600CE,0.1153006028770544
12-01-2026 11:35||NIFTY27JAN2625800CE,0.1111426583434146
12-01-2026 11:40||NIFTY27JAN2624300PE,0.1519552010546788
12-01-2026 11:40||NIFTY27JAN2624400PE,0.1460347059208923
12-01-2026 11:40||NIFTY27JAN2625000PE,0.1165230398318761
12-01-2026 11:40||NIFTY27JAN2625200CE,0.1312488196642448
12-01-2026 11:40||NIFTY27JAN2625300CE,0.1246464713749848
12-01-2026 11:50||NIFTY27JAN2624700PE,0.1282812053332959
12-01-2026 11:50||NIFTY27JAN2625600CE,0.1155810479023206
12-01-2026 11:50||NIFTY27JAN2625800CE,0.112910313284457
12-01-2026 11:50||NIFTY27JAN2625900CE,0.1111258516192183
12-01-2026 11:55||NIFTY27JAN2624000PE,0.1700785137911171
12-01-2026 11:55||NIFTY27JAN2624900PE,0.1190797696620504
12-01-2026 11:55||NIFTY27JAN2625100PE,0.1085049375642836
12-01-2026 11:55||NIFTY27JAN2625700CE,0.1139282439449394
12-01-2026 11:55||NIFTY27JAN2626000CE,0.1112377830530379
12-01-2026 11:55||NIFTY27JAN2626500CE,0.1203859116041041
12-01-2026 12:00||NIFTY27JAN2624100PE,0.1634466530339994
12-01-2026 12:00||NIFTY27JAN2624900PE,0.1187565132154557
12-01-2026 12:00||NIFTY27JAN2625100PE,0.1098149104314742
12-01-2026 12:00||NIFTY27JAN2625900CE,0.1094242892030687
12-01-2026 12:05||NIFTY27JAN2624000PE,0.1712339866920432
12-01-2026 12:05||NIFTY27JAN2624900PE,0.1173623166863156
12-01-2026 12:05||NIFTY27JAN2625500CE,0.119880354680959
12-01-2026 12:05||NIFTY27JAN2625800CE,0.1128857520168694
12-01-2026 12:05||NIFTY27JAN2626000CE,0.1105219172873046
12-01-2026 12:10||NIFTY27JAN2623800PE,0.1808166348588279
12-01-2026 12:10||NIFTY27JAN2624200PE,0.1528248384482455
12-01-2026 12:10||NIFTY27JAN2624700PE,0.1244200634750378
12-01-2026 12:10||NIFTY27JAN2624800PE,0.1178298492391931
12-01-2026 12:10||NIFTY27JAN2625000PE,0.1099101720939264
12-01-2026 12:10||NIFTY27JAN2625800CE,0.120478048829242
12-01-2026 12:15||NIFTY27JAN2625100PE,0.1056562833208554
12-01-2026 12:15||NIFTY27JAN2625900CE,0.1138245990588009
12-01-2026 12:15||NIFTY27JAN2626200CE,0.1134762097445346
12-01-2026 12:20||NIFTY27JAN2624400PE,0.1499043432244154
12-01-2026 12:20||NIFTY27JAN2624700PE,0.1294311928263935
12-01-2026 12:20||NIFTY27JAN2625100PE,0.1086490310156766
12-01-2026 12:20||NIFTY27JAN2625300CE,0.1409361459828114
12-01-2026 12:20||NIFTY27JAN2625500CE,0.1321538847313445
12-01-2026 12:20||NIFTY27JAN2626400CE,0.117854784179827
12-01-2026 12:25||NIFTY27JAN2624800PE,0.1286340097723898
12-01-2026 12:25||NIFTY27JAN2625200CE,0.1326070618152951
12-01-2026 12:25||NIFTY27JAN2626300CE,0.1123206209876279
12-01-2026 12:30||NIFTY27JAN2623800PE,0.1883468855075898
12-01-2026 12:30||NIFTY27JAN2624800PE,0.1285454373776917
12-01-2026 12:30||NIFTY27JAN2624900PE,0.1247554536654752
12-01-2026 12:30||NIFTY27JAN2625500CE,0.1328830652487569
12-01-2026 12:30||NIFTY27JAN2625700CE,0.1252001629182373
12-01-2026 12:30||NIFTY27JAN2626500CE,0.1173405257075827
12-01-2026 12:35||NIFTY27JAN2624300PE,0.1623648615900922
12-01-2026 12:35||NIFTY27JAN2624600PE,0.1443564212994706
12-01-2026 12:35||NIFTY27JAN2624900PE,0.1285125469630052
12-01-2026 12:35||NIFTY27JAN2625100PE,0.1162621076264705
12-01-2026 12:35||NIFTY27JAN2626000CE,0.1103607087289358
12-01-2026 12:35||NIFTY27JAN2626300CE,0.1091505844837713
12-01-2026 12:40||NIFTY27JAN2624300PE,0.159240934002761
12-01-2026 12:40||NIFTY27JAN2624400PE,0.1539327585202848
12-01-2026 12:40||NIFTY27JAN2624500PE,0.1467663303315758
12-01-2026 12:40||NIFTY27JAN2625000PE,0.1191450212566787
12-01-2026 12:40||NIFTY27JAN2625300CE,0.1457711314703047
12-01-2026 12:40||NIFTY27JAN2625500CE,0.1392456038162532
12-01-2026 12:40||NIFTY27JAN2626000CE,0.1205532526643424
12-01-2026 12:40||NIFTY27JAN2626200CE,0.1168363845431731
12-01-2026 12:45||NIFTY27JAN2624300PE,0.1635564696314011
12-01-2026 12:45||NIFTY27JAN2624500PE,0.1519989029719043
12-01-2026 12:45||NIFTY27JAN2624800PE,0.1346220453186715
12-01-2026 12:45||NIFTY27JAN2625000PE,0.1262914411609188
12-01-2026 12:45||NIFTY27JAN2625300CE,0.1282176521247111
12-01-2026 12:45||NIFTY27JAN2625700CE,0.1130924615173496
12-01-2026 12:45||NIFTY27JAN2625800CE,0.1118043656888772
12-01-2026 12:45||NIFTY27JAN2626000CE,0.1107929486444026
12-01-2026 12:45||NIFTY27JAN2626200CE,0.1068075187899864
12-01-2026 12:45||NIFTY27JAN2626400CE,0.1091564845559837
12-01-2026 12:50||NIFTY27JAN2624500PE,0.1503460710490652
12-01-2026 12:50||NIFTY27JAN2625300CE,0.1360754607765192
12-01-2026 12:50||NIFTY27JAN2625800CE,0.1180258350581063
12-01-2026 12:55||NIFTY27JAN2624500PE,0.1508092989661268
12-01-2026 12:55||NIFTY27JAN2624600PE,0.1445987964529179
12-01-2026 12:55||NIFTY27JAN2624700PE,0.1381697373172029
12-01-2026 12:55||NIFTY27JAN2625000PE,0.1245753406730134
12-01-2026 12:55||NIFTY27JAN2625400CE,0.1300555125821033
12-01-2026 12:55||NIFTY27JAN2625900CE,0.1138090282616095
12-01-2026 12:55||NIFTY27JAN2626200CE,0.1127055908027375
12-01-2026 13:00||NIFTY27JAN2624200PE,0.1673122123615553
12-01-2026 13:00||NIFTY27JAN2624500PE,0.148863768739842
12-01-2026 13:00||NIFTY27JAN2624600PE,0.1427269667885701
12-01-2026 13:00||NIFTY27JAN2625500CE,0.1294038801632415
12-01-2026 13:00||NIFTY27JAN2626000CE,0.1183364294996403
12-01-2026 13:00||NIFTY27JAN2626100CE,0.1201252305559943
12-01-2026 13:00||NIFTY27JAN2626300CE,0.1159261499060287
12-01-2026 13:00||NIFTY27JAN2626500CE,0.1216068449775631
12-01-2026 13:05||NIFTY27JAN2623900PE,0.1857039933878041
12-01-2026 13:05||NIFTY27JAN2624200PE,0.1675670583337334
12-01-2026 13:05||NIFTY27JAN2624500PE,0.1493203821802468
12-01-2026 13:05||NIFTY27JAN2624900PE,0.1278917443022508
12-01-2026 13:05||NIFTY27JAN2625300CE,0.1397875908395471
12-01-2026 13:05||NIFTY27JAN2625500CE,0.1308848366038608
12-01-2026 13:05||NIFTY27JAN2626400CE,0.1147068366241061
12-01-2026 13:10||NIFTY27JAN2624700PE,0.1378633975027298
12-01-2026 13:10||NIFTY27JAN2624800PE,0.1324459188751968
12-01-2026 13:10||NIFTY27JAN2626400CE,0.1135404886156965
12-01-2026 13:15||NIFTY27JAN2623800PE,0.1909677043724099
12-01-2026 13:15||NIFTY27JAN2624500PE,0.1511002602135635
12-01-2026 13:15||NIFTY27JAN2624700PE,0.139168873629834
12-01-2026 13:15||NIFTY27JAN2624800PE,0.1344145279025312
12-01-2026 13:15||NIFTY27JAN2625100PE,0.125563656156025
12-01-2026 13:15||NIFTY27JAN2625500CE,0.1163073860066319
12-01-2026 13:15||NIFTY27JAN2625800CE,0.1098935982138519
12-01-2026 13:15||NIFTY27JAN2626100CE,0.1068458569382224
12-01-2026 13:15||NIFTY27JAN2626300CE,0.1101101302051875
12-01-2026 13:15||NIFTY27JAN2626400CE,0.1114220602192928
12-01-2026 13:20||NIFTY27JAN2624200PE,0.167919452092738
12-01-2026 13:20||NIFTY27JAN2624300PE,0.1628203670040852
12-01-2026 13:20||NIFTY27JAN2625000PE,0.1227181976699398
12-01-2026 13:20||NIFTY27JAN2625200CE,0.1428614435551939
12-01-2026 13:20||NIFTY27JAN2625500CE,0.1265381861096692
12-01-2026 13:20||NIFTY27JAN2626200CE,0.1111371563526394
12-01-2026 13:20||NIFTY27JAN2626500CE,0.1146265091719643
12-01-2026 13:25||NIFTY27JAN2624300PE,0.1610865526172901
12-01-2026 13:25||NIFTY27JAN2624500PE,0.1502232448594048
12-01-2026 13:25||NIFTY27JAN2624600PE,0.1446505474189197
12-01-2026 13:25||NIFTY27JAN2624800PE,0.1349357365988479
12-01-2026 13:25||NIFTY27JAN2625500CE,0.1166083438276581
12-01-2026 13:25||NIFTY27JAN2625800CE,0.1089282895085031
12-01-2026 13:25||NIFTY27JAN2626000CE,0.1083099742382887
12-01-2026 13:25||NIFTY27JAN2626400CE,0.1112434428417185
12-01-2026 13:25||NIFTY27JAN2626500CE,0.1148992097397059
12-01-2026 13:30||NIFTY27JAN2623900PE,0.1848083012627007
12-01-2026 13:30||NIFTY27JAN2624400PE,0.1550748786114419
12-01-2026 13:30||NIFTY27JAN2624800PE,0.1309943544567856
12-01-2026 13:30||NIFTY27JAN2624900PE,0.125461270971677
12-01-2026 13:30||NIFTY27JAN2625100PE,0.1157579622281673
12-01-2026 13:30||NIFTY27JAN2625300CE,0.1489072385114475
12-01-2026 13:30||NIFTY27JAN2625500CE,0.1349271684812334
12-01-2026 13:30||NIFTY27JAN2625600CE,0.1248359553574117
12-01-2026 13:30||NIFTY27JAN2625700CE,0.1231813819752098
12-01-2026 13:35||NIFTY27JAN2624700PE,0.1389736114123437
12-01-2026 13:35||NIFTY27JAN2624900PE,0.1291630470108568
12-01-2026 13:35||NIFTY27JAN2625500CE,0.1204710263252301
12-01-2026 13:35||NIFTY27JAN2625600CE,0.1158772944374272
12-01-2026 13:35||NIFTY27JAN2625900CE,0.110366974655164
12-01-2026 13:40||NIFTY27JAN2623900PE,0.1877428573981641
12-01-2026 13:40||NIFTY27JAN2624000PE,0.1845616276352822
12-01-2026 13:40||NIFTY27JAN2624100PE,0.177284652422916
12-01-2026 13:40||NIFTY27JAN2624800PE,0.1337287734427548
12-01-2026 13:40||NIFTY27JAN2624900PE,0.1282907132387064
12-01-2026 13:40||NIFTY27JAN2625200CE,0.1427779284293561
12-01-2026 13:40||NIFTY27JAN2625400CE,0.1258555011168989
12-01-2026 13:40||NIFTY27JAN2626100CE,0.1063540396452339
12-01-2026 13:40||NIFTY27JAN2626200CE,0.106732799243379
12-01-2026 13:45||NIFTY27JAN2623800PE,0.1914999286768742
12-01-2026 13:45||NIFTY27JAN2623900PE,0.1861080834849754
12-01-2026 13:45||NIFTY27JAN2624600PE,0.1443831692061738
12-01-2026 13:45||NIFTY27JAN2625100PE,0.1173058953813356
12-01-2026 13:50||NIFTY27JAN2624200PE,0.1691668610957532
12-01-2026 13:50||NIFTY27JAN2625200CE,0.1466615132391396
12-01-2026 13:50||NIFTY27JAN2625300CE,0.1384554539197135
12-01-2026 13:50||NIFTY27JAN2625400CE,0.1284320648134942
12-01-2026 13:50||NIFTY27JAN2626200CE,0.1087841390481749
12-01-2026 13:55||NIFTY27JAN2623800PE,0.194822351085216
12-01-2026 13:55||NIFTY27JAN2624000PE,0.1850812932291899
12-01-2026 13:55||NIFTY27JAN2624100PE,0.1777619961341136
12-01-2026 13:55||NIFTY27JAN2624700PE,0.1403219933510887
12-01-2026 13:55||NIFTY27JAN2624900PE,0.128674089445486
12-01-2026 13:55||NIFTY27JAN2626100CE,0.1082475646223875
12-01-2026 13:55||NIFTY27JAN2626400CE,0.1091124908832615
12-01-2026 14:00||NIFTY27JAN2624000PE,0.1815797554428643
12-01-2026 14:00||NIFTY27JAN2624400PE,0.1562347987578001
12-01-2026 14:00||NIFTY27JAN2624500PE,0.1499063189971705
12-01-2026 14:00||NIFTY27JAN2624600PE,0.1448165039781145
12-01-2026 14:00||NIFTY27JAN2625000PE,0.1240069382404922
12-01-2026 14:00||NIFTY27JAN2625400CE,0.1213829721026931
12-01-2026 14:00||NIFTY27JAN2625600CE,0.1156810022642477
12-01-2026 14:00||NIFTY27JAN2625700CE,0.1132472201365242
12-01-2026 14:00||NIFTY27JAN2626300CE,0.1087161232710355
12-01-2026 14:00||NIFTY27JAN2626400CE,0.110084874678197
12-01-2026 14:05||NIFTY27JAN2624400PE,0.1568166936427048
12-01-2026 14:05||NIFTY27JAN2624600PE,0.1442448425330632
12-01-2026 14:05||NIFTY27JAN2624800PE,0.132146005119783
12-01-2026 14:05||NIFTY27JAN2625800CE,0.1159901926646649
12-01-2026 14:05||NIFTY27JAN2626000CE,0.1107494267141854
12-01-2026 14:05||NIFTY27JAN2626200CE,0.1069073056429955
12-01-2026 14:05||NIFTY27JAN2626400CE,0.1087459043565624
12-01-2026 14:05||NIFTY27JAN2626500CE,0.111810035722627
12-01-2026 14:10||NIFTY27JAN2624100PE,0.1774968363663101
12-01-2026 14:10||NIFTY27JAN2624600PE,0.145581487488105
12-01-2026 14:10||NIFTY27JAN2624800PE,0.1350353395897149
12-01-2026 14:10||NIFTY27JAN2625200CE,0.1384956991832765
12-01-2026 14:10||NIFTY27JAN2625500CE,0.1175709561830246
12-01-2026 14:10||NIFTY27JAN2626400CE,0.1076672453073228
12-01-2026 14:15||NIFTY27JAN2624100PE,0.1759640518039088
12-01-2026 14:15||NIFTY27JAN2624200PE,0.1690951955453765
12-01-2026 14:15||NIFTY27JAN2624900PE,0.128188797882613
12-01-2026 14:15||NIFTY27JAN2625800CE,0.1117979765879711
12-01-2026 14:20||NIFTY27JAN2624400PE,0.1560446869039876
12-01-2026 14:20||NIFTY27JAN2624500PE,0.1483585625115728
12-01-2026 14:20||NIFTY27JAN2624600PE,0.143282777974945
12-01-2026 14:20||NIFTY27JAN2625000PE,0.1215772655450961
12-01-2026 14:20||NIFTY27JAN2625200CE,0.1576081702115258
12-01-2026 14:20||NIFTY27JAN2625700CE,0.1236492856760868
12-01-2026 14:20||NIFTY27JAN2626200CE,0.1103474731806226
12-01-2026 14:20||NIFTY27JAN2626500CE,0.1140151821860989
12-01-2026 14:25||NIFTY27JAN2623900PE,0.1881082096703869
12-01-2026 14:25||NIFTY27JAN2624200PE,0.1708947381531641
12-01-2026 14:25||NIFTY27JAN2624500PE,0.1526712126537892
12-01-2026 14:25||NIFTY27JAN2624600PE,0.1464025882116697
12-01-2026 14:25||NIFTY27JAN2626300CE,0.1062566489437492
12-01-2026 14:25||NIFTY27JAN2626500CE,0.1091625396875574
12-01-2026 14:30||NIFTY27JAN2623900PE,0.1880389972175806
12-01-2026 14:30||NIFTY27JAN2624200PE,0.1705419655068952
12-01-2026 14:30||NIFTY27JAN2625200CE,0.1246702201397237
12-01-2026 14:30||NIFTY27JAN2625700CE,0.1087716333105258
12-01-2026 14:30||NIFTY27JAN2626200CE,0.1044865427770403
12-01-2026 14:35||NIFTY27JAN2624500PE,0.1492046786375348
12-01-2026 14:35||NIFTY27JAN2625100PE,0.1141274963547414
12-01-2026 14:35||NIFTY27JAN2625900CE,0.1183479080908994
12-01-2026 14:35||NIFTY27JAN2626000CE,0.1234549938388874
12-01-2026 14:35||NIFTY27JAN2626100CE,0.125203266644563
12-01-2026 14:35||NIFTY27JAN2626400CE,0.1103954928227324
12-01-2026 14:35||NIFTY27JAN2626500CE,0.122173736860947
12-01-2026 14:40||NIFTY27JAN2624100PE,0.1770221391990378
12-01-2026 14:40||NIFTY27JAN2624300PE,0.164420481739517
12-01-2026 14:40||NIFTY27JAN2624500PE,0.1515007865359729
12-01-2026 14:40||NIFTY27JAN2625100PE,0.1195290683077008
12-01-2026 14:40||NIFTY27JAN2625300CE,0.1324256253934881
12-01-2026 14:40||NIFTY27JAN2625600CE,0.1177133464768337
12-01-2026 14:40||NIFTY27JAN2626400CE,0.1093979984942863
12-01-2026 14:45||NIFTY27JAN2624000PE,0.1820990249333962
12-01-2026 14:45||NIFTY27JAN2624600PE,0.14659564908247
12-01-2026 14:45||NIFTY27JAN2625000PE,0.1237623053115606
12-01-2026 14:45||NIFTY27JAN2625300CE,0.1253047716503428
12-01-2026 14:45||NIFTY27JAN2625500CE,0.1214174815465589
12-01-2026 14:45||NIFTY27JAN2626000CE,0.1120774531560294
12-01-2026 14:45||NIFTY27JAN2626100CE,0.1149945354540246
12-01-2026 14:45||NIFTY27JAN2626200CE,0.1089761743593573
12-01-2026 14:45||NIFTY27JAN2626500CE,0.1157812625677899
12-01-2026 14:50||NIFTY27JAN2624000PE,0.1833807363532845
12-01-2026 14:50||NIFTY27JAN2624400PE,0.1587088473082337
12-01-2026 14:50||NIFTY27JAN2624800PE,0.1340315491716249
12-01-2026 14:50||NIFTY27JAN2625100PE,0.1169870102279322
12-01-2026 14:50||NIFTY27JAN2625600CE,0.1211008965079509
12-01-2026 14:50||NIFTY27JAN2626000CE,0.1099214838339554
12-01-2026 14:50||NIFTY27JAN2626300CE,0.1074097004473304
12-01-2026 14:50||NIFTY27JAN2626400CE,0.1078595295930693
12-01-2026 14:55||NIFTY27JAN2624300PE,0.1646661119399106
12-01-2026 14:55||NIFTY27JAN2624500PE,0.1524234584814426
12-01-2026 14:55||NIFTY27JAN2624700PE,0.1392869878291676
12-01-2026 14:55||NIFTY27JAN2624900PE,0.1292159497527273
12-01-2026 14:55||NIFTY27JAN2625100PE,0.1190004760122944
12-01-2026 14:55||NIFTY27JAN2626200CE,0.1066438547100968
12-01-2026 15:00||NIFTY27JAN2623800PE,0.1935939237137949
12-01-2026 15:00||NIFTY27JAN2623900PE,0.1881906251468042
12-01-2026 15:00||NIFTY27JAN2624300PE,0.1644472988758053
12-01-2026 15:00||NIFTY27JAN2624700PE,0.1384818269620844
12-01-2026 15:00||NIFTY27JAN2624800PE,0.1337323642029002
12-01-2026 15:00||NIFTY27JAN2626000CE,0.1091327890711342
12-01-2026 15:00||NIFTY27JAN2626100CE,0.1069743533755566
12-01-2026 15:05||NIFTY27JAN2623800PE,0.1937497799033518
12-01-2026 15:05||NIFTY27JAN2624200PE,0.1705871505471305
12-01-2026 15:05||NIFTY27JAN2624300PE,0.165979972398012
12-01-2026 15:05||NIFTY27JAN2624900PE,0.1294907514213604
12-01-2026 15:05||NIFTY27JAN2625900CE,0.1060110914709847
12-01-2026 15:05||NIFTY27JAN2626200CE,0.1031357629768432
12-01-2026 15:10||NIFTY27JAN2624000PE,0.1825699776086361
12-01-2026 15:10||NIFTY27JAN2624500PE,0.1524374130462794
12-01-2026 15:10||NIFTY27JAN2624600PE,0.1459855226328245
12-01-2026 15:10||NIFTY27JAN2625200CE,0.1419960298214212
12-01-2026 15:10||NIFTY27JAN2625600CE,0.1125183685397464
12-01-2026 15:10||NIFTY27JAN2625900CE,0.1067252950421998
12-01-2026 15:10||NIFTY27JAN2626200CE,0.1054606110846426
12-01-2026 15:10||NIFTY27JAN2626300CE,0.1060985263225134
12-01-2026 15:10||NIFTY27JAN2626400CE,0.1081065554242353
12-01-2026 15:15||NIFTY27JAN2623900PE,0.1907796818826916
12-01-2026 15:15||NIFTY27JAN2624000PE,0.1854332845794134
12-01-2026 15:15||NIFTY27JAN2624500PE,0.1537529826767664
12-01-2026 15:15||NIFTY27JAN2624900PE,0.1295319544727773
12-01-2026 15:15||NIFTY27JAN2625200CE,0.1438363274439232
12-01-2026 15:15||NIFTY27JAN2625400CE,0.1281360157854459
12-01-2026 15:15||NIFTY27JAN2625500CE,0.1226675345477188
12-01-2026 15:20||NIFTY27JAN2624100PE,0.180692326444328
12-01-2026 15:20||NIFTY27JAN2624200PE,0.1750358588874045
12-01-2026 15:20||NIFTY27JAN2624400PE,0.1606034625816808
12-01-2026 15:20||NIFTY27JAN2624500PE,0.1547946025249994
12-01-2026 15:20||NIFTY27JAN2625000PE,0.1245474234124223
12-01-2026 15:20||NIFTY27JAN2625200CE,0.1412538932997401
12-01-2026 15:20||NIFTY27JAN2625300CE,0.1331747248075011
12-01-2026 15:20||NIFTY27JAN2626200CE,0.1038810201921899
12-01-2026 15:20||NIFTY27JAN2626300CE,0.1043766446575822
12-01-2026 15:25||NIFTY27JAN2624200PE,0.1756467101127851
12-01-2026 15:25||NIFTY27JAN2624600PE,0.1481240342383963
12-01-2026 15:25||NIFTY27JAN2625400CE,0.1190684527280674
12-01-2026 15:25||NIFTY27JAN2625500CE,0.1167122645821987
12-01-2026 15:25||NIFTY27JAN2625700CE,0.1085063316879743
13-01-2026 09:15||NIFTY27JAN2624000PE,0.1900278025932795
13-01-2026 09:15||NIFTY27JAN2624700PE,0.1446183519035433
13-01-2026 09:15||NIFTY27JAN2625500CE,0.1019085030848349
13-01-2026 09:15||NIFTY27JAN2625600CE,0.0995548082362567
13-01-2026 09:15||NIFTY27JAN2625800CE,0.0970431531186477
13-01-2026 09:15||NIFTY27JAN2625900CE,0.0966055886086151
13-01-2026 09:15||NIFTY27JAN2626100CE,0.0946772817768551
13-01-2026 09:20||NIFTY27JAN2623800PE,0.2019488931404636
13-01-2026 09:20||NIFTY27JAN2624500PE,0.1568550295019072
13-01-2026 09:20||NIFTY27JAN2624600PE,0.1482111729528621
13-01-2026 09:20||NIFTY27JAN2624800PE,0.1390724655737767
13-01-2026 09:25||NIFTY27JAN2623800PE,0.1994476272567709
13-01-2026 09:25||NIFTY27JAN2624200PE,0.1769745658987824
13-01-2026 09:25||NIFTY27JAN2624400PE,0.1648292336924531
13-01-2026 09:25||NIFTY27JAN2624600PE,0.1522802938409297
13-01-2026 09:25||NIFTY27JAN2624800PE,0.1448655695754808
13-01-2026 09:25||NIFTY27JAN2625300CE,0.0726350074691515
13-01-2026 09:25||NIFTY27JAN2625500CE,0.0844594025632227
13-01-2026 09:30||NIFTY27JAN2624500PE,0.1552532424952418
13-01-2026 09:30||NIFTY27JAN2625300CE,0.0969855147120705
13-01-2026 09:30||NIFTY27JAN2625500CE,0.0960686658554476
13-01-2026 09:30||NIFTY27JAN2625700CE,0.0985318006454284
13-01-2026 09:30||NIFTY27JAN2626000CE,0.0988921200169712
13-01-2026 09:30||NIFTY27JAN2626200CE,0.0989036449776673
13-01-2026 09:35||NIFTY27JAN2624000PE,0.1831396139057076
13-01-2026 09:35||NIFTY27JAN2625000PE,0.1256288790375945
13-01-2026 09:35||NIFTY27JAN2625300CE,0.1188216198178225
13-01-2026 09:35||NIFTY27JAN2625700CE,0.1091542597002876
13-01-2026 09:35||NIFTY27JAN2625800CE,0.1058693979708467
13-01-2026 09:40||NIFTY27JAN2625200CE,0.1215112993133148
13-01-2026 09:40||NIFTY27JAN2625400CE,0.1115013857775615
13-01-2026 09:40||NIFTY27JAN2625600CE,0.1120866834307481
13-01-2026 09:45||NIFTY27JAN2623800PE,0.197828298805758
13-01-2026 09:45||NIFTY27JAN2624500PE,0.1546746057396352
13-01-2026 09:45||NIFTY27JAN2625400CE,0.0995966150076478
13-01-2026 09:45||NIFTY27JAN2625800CE,0.0992006866727078
13-01-2026 09:45||NIFTY27JAN2625900CE,0.0975624961405043
13-01-2026 09:50||NIFTY27JAN2623900PE,0.1911639004793641
13-01-2026 09:50||NIFTY27JAN2624500PE,0.1532245242686233
13-01-2026 09:50||NIFTY27JAN2624600PE,0.1466050338857896
13-01-2026 09:50||NIFTY27JAN2625000PE,0.1270788656268639
13-01-2026 09:50||NIFTY27JAN2625100PE,0.1244525741512631
13-01-2026 09:50||NIFTY27JAN2626300CE,0.105210200045969
13-01-2026 09:55||NIFTY27JAN2624100PE,0.1782543177119512
13-01-2026 09:55||NIFTY27JAN2624200PE,0.1700768201481499
13-01-2026 09:55||NIFTY27JAN2624300PE,0.1650832948827674
13-01-2026 09:55||NIFTY27JAN2624700PE,0.1409586634306648
13-01-2026 09:55||NIFTY27JAN2625600CE,0.1039780844544264
13-01-2026 10:00||NIFTY27JAN2624200PE,0.1664328035465344
13-01-2026 10:00||NIFTY27JAN2626300CE,0.1108905850503663
13-01-2026 10:00||NIFTY27JAN2626500CE,0.1121784299710625
13-01-2026 10:05||NIFTY27JAN2624000PE,0.1831948611738823
13-01-2026 10:05||NIFTY27JAN2624800PE,0.1345859542375982
13-01-2026 10:05||NIFTY27JAN2626400CE,0.1085853574303116
13-01-2026 10:10||NIFTY27JAN2624100PE,0.179118744585224
13-01-2026 10:10||NIFTY27JAN2624200PE,0.1735845355853405
13-01-2026 10:10||NIFTY27JAN2624500PE,0.1536262349653418
13-01-2026 10:10||NIFTY27JAN2624700PE,0.1414690378323363
13-01-2026 10:10||NIFTY27JAN2625100PE,0.1260436061122254
13-01-2026 10:10||NIFTY27JAN2625800CE,0.1005775413623042
13-01-2026 10:15||NIFTY27JAN2624500PE,0.1514326352635597
13-01-2026 10:15||NIFTY27JAN2624800PE,0.1360030432930657
13-01-2026 10:15||NIFTY27JAN2624900PE,0.130922592264396
13-01-2026 10:15||NIFTY27JAN2625100PE,0.1243530431760999
13-01-2026 10:15||NIFTY27JAN2625800CE,0.1020280499024592
13-01-2026 10:20||NIFTY27JAN2623900PE,0.1905117690664109
13-01-2026 10:20||NIFTY27JAN2624100PE,0.1788413840395371
13-01-2026 10:20||NIFTY27JAN2625300CE,0.1169714172251951
13-01-2026 10:20||NIFTY27JAN2625700CE,0.1067235895682701
13-01-2026 10:20||NIFTY27JAN2626500CE,0.1085762255634707
13-01-2026 10:25||NIFTY27JAN2623900PE,0.1907704840848244
13-01-2026 10:25||NIFTY27JAN2624200PE,0.17066850842063
13-01-2026 10:25||NIFTY27JAN2624500PE,0.1516938604061724
13-01-2026 10:25||NIFTY27JAN2624700PE,0.1391206575804233
13-01-2026 10:25||NIFTY27JAN2625100PE,0.1166146435209128
13-01-2026 10:25||NIFTY27JAN2625700CE,0.1161003698932247
13-01-2026 10:30||NIFTY27JAN2623800PE,0.2014981455421882
13-01-2026 10:30||NIFTY27JAN2624400PE,0.1609946127354121
13-01-2026 10:30||NIFTY27JAN2624600PE,0.1487326825213578
13-01-2026 10:30||NIFTY27JAN2624700PE,0.1430348656429211
13-01-2026 10:30||NIFTY27JAN2624900PE,0.131043156391951
13-01-2026 10:30||NIFTY27JAN2625300CE,0.1176299174694175
13-01-2026 10:30||NIFTY27JAN2625900CE,0.101709945383368
13-01-2026 10:30||NIFTY27JAN2626000CE,0.100276463650681
13-01-2026 10:30||NIFTY27JAN2626100CE,0.0971284390368002
13-01-2026 10:30||NIFTY27JAN2626400CE,0.1055964174552362
13-01-2026 10:35||NIFTY27JAN2623800PE,0.2013225108090161
13-01-2026 10:35||NIFTY27JAN2623900PE,0.1954441360840053
13-01-2026 10:35||NIFTY27JAN2624300PE,0.1658800915557544
13-01-2026 10:35||NIFTY27JAN2624600PE,0.1479895994100468
13-01-2026 10:35||NIFTY27JAN2625000PE,0.1268311633523754
13-01-2026 10:35||NIFTY27JAN2626000CE,0.1025324754171666
13-01-2026 10:35||NIFTY27JAN2626100CE,0.0997451091377607
13-01-2026 10:40||NIFTY27JAN2623900PE,0.1913375857268474
13-01-2026 10:40||NIFTY27JAN2624000PE,0.1851607858499745
13-01-2026 10:40||NIFTY27JAN2624400PE,0.1596936103662537
13-01-2026 10:40||NIFTY27JAN2624500PE,0.1541653550116834
13-01-2026 10:40||NIFTY27JAN2624800PE,0.1369382996178635
13-01-2026 10:40||NIFTY27JAN2626300CE,0.1015348970062101
13-01-2026 10:45||NIFTY27JAN2623900PE,0.1922553817495741
13-01-2026 10:45||NIFTY27JAN2624900PE,0.1282018296375094
13-01-2026 10:45||NIFTY27JAN2625200CE,0.1275562129716184
13-01-2026 10:45||NIFTY27JAN2625600CE,0.1119944197229562
13-01-2026 10:50||NIFTY27JAN2624900PE,0.1310668478837971
13-01-2026 10:50||NIFTY27JAN2625000PE,0.1270334310762446
13-01-2026 10:50||NIFTY27JAN2625500CE,0.1071613479546409
13-01-2026 10:50||NIFTY27JAN2625600CE,0.1063663024443498
13-01-2026 10:50||NIFTY27JAN2625700CE,0.1023934233716436
13-01-2026 10:50||NIFTY27JAN2625900CE,0.0983535052994724
13-01-2026 10:55||NIFTY27JAN2624300PE,0.1631815059939146
13-01-2026 10:55||NIFTY27JAN2624400PE,0.1569221967229034
13-01-2026 10:55||NIFTY27JAN2625200CE,0.1329290716038699
13-01-2026 10:55||NIFTY27JAN2625700CE,0.1100770474480635
13-01-2026 10:55||NIFTY27JAN2626400CE,0.106437810903472
13-01-2026 11:00||NIFTY27JAN2623900PE,0.190121242903876
13-01-2026 11:00||NIFTY27JAN2624200PE,0.1718728781053201
13-01-2026 11:00||NIFTY27JAN2625000PE,0.1242416293501475
13-01-2026 11:00||NIFTY27JAN2625700CE,0.1035221504280508
13-01-2026 11:00||NIFTY27JAN2625800CE,0.1001378002961507
13-01-2026 11:00||NIFTY27JAN2626400CE,0.1032975490506729
13-01-2026 11:05||NIFTY27JAN2624100PE,0.1760798221907498
13-01-2026 11:05||NIFTY27JAN2624800PE,0.1323383433733836
13-01-2026 11:05||NIFTY27JAN2625100PE,0.1154477933001228
13-01-2026 11:05||NIFTY27JAN2625800CE,0.1093591801545343
13-01-2026 11:10||NIFTY27JAN2623900PE,0.1900354225102232
13-01-2026 11:10||NIFTY27JAN2624800PE,0.1343338522254909
13-01-2026 11:10||NIFTY27JAN2624900PE,0.1297124557527461
13-01-2026 11:10||NIFTY27JAN2625000PE,0.1258995503031292
13-01-2026 11:10||NIFTY27JAN2625100PE,0.122049279731269
13-01-2026 11:10||NIFTY27JAN2625900CE,0.1016273248423441
13-01-2026 11:10||NIFTY27JAN2626400CE,0.1042183217431212
13-01-2026 11:15||NIFTY27JAN2624500PE,0.1505011330518993
13-01-2026 11:15||NIFTY27JAN2625100PE,0.119129498038823
13-01-2026 11:15||NIFTY27JAN2625200CE,0.1261462659241804
13-01-2026 11:15||NIFTY27JAN2625300CE,0.1159786016943662
13-01-2026 11:20||NIFTY27JAN2624900PE,0.1274679110587738
13-01-2026 11:20||NIFTY27JAN2626100CE,0.102644856208787
13-01-2026 11:25||NIFTY27JAN2624000PE,0.1822582451495496
13-01-2026 11:25||NIFTY27JAN2624500PE,0.1494965854757558
13-01-2026 11:25||NIFTY27JAN2624800PE,0.1331082482682254
13-01-2026 11:25||NIFTY27JAN2625600CE,0.1105527764124644
13-01-2026 11:25||NIFTY27JAN2626000CE,0.1034857013857012
13-01-2026 11:25||NIFTY27JAN2626200CE,0.0991896330155825
13-01-2026 11:25||NIFTY27JAN2626400CE,0.1017712466066937
13-01-2026 11:30||NIFTY27JAN2625100PE,0.1155006373323786
13-01-2026 11:30||NIFTY27JAN2625500CE,0.1156082115921261
13-01-2026 11:30||NIFTY27JAN2625800CE,0.1065506652496673
13-01-2026 11:30||NIFTY27JAN2625900CE,0.1044255216214473
13-01-2026 11:35||NIFTY27JAN2623800PE,0.1970848782962069
13-01-2026 11:35||NIFTY27JAN2623900PE,0.1909548007424069
13-01-2026 11:35||NIFTY27JAN2624100PE,0.1767237151692856
13-01-2026 11:35||NIFTY27JAN2624900PE,0.1290337238810441
13-01-2026 11:35||NIFTY27JAN2625300CE,0.1089038753412288
13-01-2026 11:35||NIFTY27JAN2626000CE,0.1001466251942006
13-01-2026 11:35||NIFTY27JAN2626300CE,0.0998993152410501
13-01-2026 11:35||NIFTY27JAN2626500CE,0.1056866674252023
13-01-2026 11:40||NIFTY27JAN2623800PE,0.1946247077155723
13-01-2026 11:40||NIFTY27JAN2624500PE,0.1518164693364998
13-01-2026 11:40||NIFTY27JAN2624900PE,0.1298320429731958
13-01-2026 11:40||NIFTY27JAN2625300CE,0.0961736767016162
13-01-2026 11:40||NIFTY27JAN2625400CE,0.0973477876312647
13-01-2026 11:45||NIFTY27JAN2623800PE,0.1946204806126553
13-01-2026 11:45||NIFTY27JAN2625000PE,0.1225925497246876
13-01-2026 11:45||NIFTY27JAN2625400CE,0.114880214185924
13-01-2026 11:45||NIFTY27JAN2625800CE,0.1028685645266387
13-01-2026 11:45||NIFTY27JAN2626200CE,0.1044188578646614
13-01-2026 11:45||NIFTY27JAN2626300CE,0.1039037312214004
13-01-2026 11:45||NIFTY27JAN2626400CE,0.1060702907152885
13-01-2026 11:50||NIFTY27JAN2624000PE,0.1818332623607569
13-01-2026 11:50||NIFTY27JAN2624300PE,0.1618888720646532
13-01-2026 11:50||NIFTY27JAN2625100PE,0.1216719492288169
13-01-2026 11:50||NIFTY27JAN2626200CE,0.0977097475610785
13-01-2026 11:50||NIFTY27JAN2626300CE,0.0989884856732974
13-01-2026 11:55||NIFTY27JAN2624300PE,0.1592862110848824
13-01-2026 11:55||NIFTY27JAN2624800PE,0.1326407280815454
13-01-2026 11:55||NIFTY27JAN2625000PE,0.1232834239270411
13-01-2026 11:55||NIFTY27JAN2625400CE,0.1107398854753113
13-01-2026 11:55||NIFTY27JAN2625500CE,0.1061792455514602
13-01-2026 12:00||NIFTY27JAN2624500PE,0.1488488717689789
13-01-2026 12:00||NIFTY27JAN2625000PE,0.1209942912676527
13-01-2026 12:00||NIFTY27JAN2625900CE,0.1013107228337121
13-01-2026 12:05||NIFTY27JAN2623800PE,0.19049115607654
13-01-2026 12:05||NIFTY27JAN2624500PE,0.1478155236508551
13-01-2026 12:05||NIFTY27JAN2624700PE,0.1345802698991329
13-01-2026 12:05||NIFTY27JAN2625000PE,0.1201765136042417
13-01-2026 12:05||NIFTY27JAN2625300CE,0.1141517784225955
13-01-2026 12:05||NIFTY27JAN2625800CE,0.1038796108819973
13-01-2026 12:10||NIFTY27JAN2624500PE,0.1493359134146133
13-01-2026 12:10||NIFTY27JAN2625000PE,0.122454413883531
13-01-2026 12:10||NIFTY27JAN2625200CE,0.1032200664452983
13-01-2026 12:10||NIFTY27JAN2625500CE,0.1016535714405963
13-01-2026 12:10||NIFTY27JAN2625600CE,0.0996092135858677
13-01-2026 12:15||NIFTY27JAN2624200PE,0.163668679670379
13-01-2026 12:15||NIFTY27JAN2624300PE,0.1590774975635526
13-01-2026 12:15||NIFTY27JAN2625300CE,0.1142725465038843
13-01-2026 12:15||NIFTY27JAN2625800CE,0.1066376834399158
13-01-2026 12:15||NIFTY27JAN2626500CE,0.1072850368434418
13-01-2026 12:20||NIFTY27JAN2624100PE,0.1710013677190994
13-01-2026 12:20||NIFTY27JAN2624700PE,0.1359148089776751
13-01-2026 12:20||NIFTY27JAN2625100PE,0.1188726513719404
13-01-2026 12:20||NIFTY27JAN2625700CE,0.1017246519801495
13-01-2026 12:25||NIFTY27JAN2623800PE,0.1856055610232364
13-01-2026 12:25||NIFTY27JAN2624200PE,0.1618747861684811
13-01-2026 12:25||NIFTY27JAN2624300PE,0.1576885899509327
13-01-2026 12:25||NIFTY27JAN2624500PE,0.1440907233010955
13-01-2026 12:25||NIFTY27JAN2625700CE,0.1108540353987492
13-01-2026 12:30||NIFTY27JAN2623900PE,0.1830889779657974
13-01-2026 12:30||NIFTY27JAN2624000PE,0.1779492040445293
13-01-2026 12:30||NIFTY27JAN2624100PE,0.1720972859641461
13-01-2026 12:30||NIFTY27JAN2624400PE,0.1534903762880722
13-01-2026 12:30||NIFTY27JAN2624700PE,0.1356463041192599
13-01-2026 12:30||NIFTY27JAN2624900PE,0.1256007845603648
13-01-2026 12:30||NIFTY27JAN2626000CE,0.1017650495190142
13-01-2026 12:30||NIFTY27JAN2626400CE,0.1057396170992756
13-01-2026 12:35||NIFTY27JAN2624200PE,0.1633018155123268
13-01-2026 12:35||NIFTY27JAN2624300PE,0.1573904936090081
13-01-2026 12:35||NIFTY27JAN2624600PE,0.1397920707580009
13-01-2026 12:35||NIFTY27JAN2624800PE,0.1295670696368083
13-01-2026 12:35||NIFTY27JAN2625100PE,0.1153106882537427
13-01-2026 12:35||NIFTY27JAN2625900CE,0.1022784222880263
13-01-2026 12:35||NIFTY27JAN2626100CE,0.1009065698070748
13-01-2026 12:35||NIFTY27JAN2626400CE,0.1070088777201099
13-01-2026 12:40||NIFTY27JAN2624100PE,0.1711572931783923
13-01-2026 12:40||NIFTY27JAN2624300PE,0.1578512219293791
13-01-2026 12:40||NIFTY27JAN2624600PE,0.141341602895728
13-01-2026 12:40||NIFTY27JAN2624700PE,0.1359247426969427
13-01-2026 12:40||NIFTY27JAN2625100PE,0.1194306194504693
13-01-2026 12:40||NIFTY27JAN2626500CE,0.1062956344404637
13-01-2026 12:45||NIFTY27JAN2625300CE,0.1032074325669673
13-01-2026 12:45||NIFTY27JAN2626200CE,0.0963256860925896
13-01-2026 12:50||NIFTY27JAN2623900PE,0.181734592458063
13-01-2026 12:50||NIFTY27JAN2624100PE,0.1694467801411846
13-01-2026 12:50||NIFTY27JAN2624600PE,0.140102165450125
13-01-2026 12:50||NIFTY27JAN2625400CE,0.1072013321409237
13-01-2026 12:50||NIFTY27JAN2625500CE,0.1065245773936837
13-01-2026 12:55||NIFTY27JAN2624000PE,0.1725328407553963
13-01-2026 12:55||NIFTY27JAN2624300PE,0.1567199859784651
13-01-2026 12:55||NIFTY27JAN2624500PE,0.1459239442813742
13-01-2026 12:55||NIFTY27JAN2624700PE,0.1342677793791746
13-01-2026 12:55||NIFTY27JAN2625000PE,0.1203817036555099
13-01-2026 12:55||NIFTY27JAN2625100PE,0.1189275602559064
13-01-2026 12:55||NIFTY27JAN2625300CE,0.1140229968292471
13-01-2026 12:55||NIFTY27JAN2625500CE,0.1088941512135077
13-01-2026 12:55||NIFTY27JAN2626200CE,0.104994834096298
13-01-2026 12:55||NIFTY27JAN2626400CE,0.1078433986714779
13-01-2026 12:55||NIFTY27JAN2626500CE,0.1105764535704479
13-01-2026 13:00||NIFTY27JAN2624000PE,0.1753559071870128
13-01-2026 13:00||NIFTY27JAN2624600PE,0.139101320068955
13-01-2026 13:00||NIFTY27JAN2624700PE,0.1342228924951788
13-01-2026 13:00||NIFTY27JAN2626400CE,0.1094019885297634
13-01-2026 13:05||NIFTY27JAN2624000PE,0.1756762779186599
13-01-2026 13:05||NIFTY27JAN2624600PE,0.1383986722949634
13-01-2026 13:05||NIFTY27JAN2625200CE,0.1205708481919359
13-01-2026 13:05||NIFTY27JAN2625700CE,0.1079538726846408
13-01-2026 13:05||NIFTY27JAN2626500CE,0.1154404539857913
13-01-2026 13:10||NIFTY27JAN2623900PE,0.1834480208085546
13-01-2026 13:10||NIFTY27JAN2624400PE,0.1514262529660829
13-01-2026 13:10||NIFTY27JAN2624500PE,0.1459907183550004
13-01-2026 13:10||NIFTY27JAN2624700PE,0.1349020325737464
13-01-2026 13:10||NIFTY27JAN2625000PE,0.120667582144289
13-01-2026 13:10||NIFTY27JAN2625600CE,0.1033433659534228
13-01-2026 13:10||NIFTY27JAN2626000CE,0.1018738376033072
13-01-2026 13:10||NIFTY27JAN2626400CE,0.1078212981277743
13-01-2026 13:10||NIFTY27JAN2626500CE,0.1111478906004292
13-01-2026 13:15||NIFTY27JAN2623800PE,0.1888265675580179
13-01-2026 13:15||NIFTY27JAN2624000PE,0.1767535545181306
13-01-2026 13:15||NIFTY27JAN2624100PE,0.1698602589941098
13-01-2026 13:15||NIFTY27JAN2624700PE,0.1339753855540366
13-01-2026 13:15||NIFTY27JAN2625000PE,0.1206113396720795
13-01-2026 13:15||NIFTY27JAN2625800CE,0.1066893266536909
13-01-2026 13:15||NIFTY27JAN2626100CE,0.1062591060541368
13-01-2026 13:15||NIFTY27JAN2626200CE,0.1090883827997565
13-01-2026 13:15||NIFTY27JAN2626300CE,0.1077754115483139
13-01-2026 13:20||NIFTY27JAN2624300PE,0.158132758410979
13-01-2026 13:20||NIFTY27JAN2624400PE,0.1518361837252044
13-01-2026 13:20||NIFTY27JAN2624800PE,0.1281368398807006
13-01-2026 13:20||NIFTY27JAN2625000PE,0.1197492452452445
13-01-2026 13:20||NIFTY27JAN2625300CE,0.1160840595853082
13-01-2026 13:20||NIFTY27JAN2625400CE,0.1134299878494325
13-01-2026 13:20||NIFTY27JAN2625900CE,0.1039960586876755
13-01-2026 13:20||NIFTY27JAN2626500CE,0.1121517042979064
13-01-2026 13:25||NIFTY27JAN2624000PE,0.1785587436887694
13-01-2026 13:25||NIFTY27JAN2624200PE,0.1642289225710357
13-01-2026 13:25||NIFTY27JAN2624300PE,0.1573984974261368
13-01-2026 13:25||NIFTY27JAN2624600PE,0.1399991375656204
13-01-2026 13:25||NIFTY27JAN2625600CE,0.1047234892319125
13-01-2026 13:25||NIFTY27JAN2626400CE,0.1086270411251418
13-01-2026 13:30||NIFTY27JAN2623800PE,0.1888466226942112
13-01-2026 13:30||NIFTY27JAN2624000PE,0.176775232167921
13-01-2026 13:30||NIFTY27JAN2624100PE,0.1701287521896906
13-01-2026 13:30||NIFTY27JAN2625500CE,0.1105929815569395
13-01-2026 13:35||NIFTY27JAN2624300PE,0.1593754327699318
13-01-2026 13:35||NIFTY27JAN2624800PE,0.1296879571106322
13-01-2026 13:35||NIFTY27JAN2625700CE,0.1005796786143995
13-01-2026 13:40||NIFTY27JAN2623800PE,0.1881717455444869
13-01-2026 13:40||NIFTY27JAN2624400PE,0.1495863490132148
13-01-2026 13:40||NIFTY27JAN2624500PE,0.1425522143548228
13-01-2026 13:40||NIFTY27JAN2625500CE,0.1120917516196617
13-01-2026 13:40||NIFTY27JAN2625700CE,0.1079244870433229
13-01-2026 13:40||NIFTY27JAN2625900CE,0.104785503950201
13-01-2026 13:40||NIFTY27JAN2626100CE,0.1040388092237078
13-01-2026 13:45||NIFTY27JAN2624000PE,0.1764850430113042
13-01-2026 13:45||NIFTY27JAN2624100PE,0.1697176223672269
13-01-2026 13:45||NIFTY27JAN2625100PE,0.1153628886134232
13-01-2026 13:45||NIFTY27JAN2625300CE,0.1115878291725149
13-01-2026 13:45||NIFTY27JAN2625800CE,0.1016774167078851
13-01-2026 13:45||NIFTY27JAN2626000CE,0.1022930961969401
13-01-2026 13:50||NIFTY27JAN2624200PE,0.1618751306924607
13-01-2026 13:50||NIFTY27JAN2624400PE,0.1506001175734413
13-01-2026 13:50||NIFTY27JAN2624500PE,0.1447325455845274
13-01-2026 13:50||NIFTY27JAN2626000CE,0.1040328208721123
13-01-2026 13:55||NIFTY27JAN2624200PE,0.1611840604286977
13-01-2026 13:55||NIFTY27JAN2624300PE,0.1575211634689413
13-01-2026 13:55||NIFTY27JAN2625000PE,0.1189151606542204
13-01-2026 13:55||NIFTY27JAN2625500CE,0.1112007709580426
13-01-2026 13:55||NIFTY27JAN2626000CE,0.1040078828562758
13-01-2026 14:00||NIFTY27JAN2623900PE,0.181280926125281
13-01-2026 14:00||NIFTY27JAN2624000PE,0.1759443516881243
13-01-2026 14:00||NIFTY27JAN2624100PE,0.1688434786791671
13-01-2026 14:00||NIFTY27JAN2624600PE,0.138121020110036
13-01-2026 14:00||NIFTY27JAN2625300CE,0.1057670425053868
13-01-2026 14:00||NIFTY27JAN2625700CE,0.101858253588433
13-01-2026 14:05||NIFTY27JAN2623900PE,0.1799824284973104
13-01-2026 14:05||NIFTY27JAN2624200PE,0.1605693112954315
13-01-2026 14:05||NIFTY27JAN2624500PE,0.1436933267990925
13-01-2026 14:05||NIFTY27JAN2625700CE,0.1045760438930258
13-01-2026 14:05||NIFTY27JAN2626300CE,0.1067067254357225
13-01-2026 14:05||NIFTY27JAN2626500CE,0.1130567680981103
13-01-2026 14:10||NIFTY27JAN2624300PE,0.1553694788601576
13-01-2026 14:10||NIFTY27JAN2624700PE,0.1323228234121978
13-01-2026 14:10||NIFTY27JAN2625200CE,0.1029169406615843
13-01-2026 14:10||NIFTY27JAN2625400CE,0.1025296213932049
13-01-2026 14:10||NIFTY27JAN2626100CE,0.1013491405579232
13-01-2026 14:15||NIFTY27JAN2623800PE,0.1841438404746221
13-01-2026 14:15||NIFTY27JAN2624800PE,0.1238301262858393
13-01-2026 14:15||NIFTY27JAN2626200CE,0.10453550774362
13-01-2026 14:20||NIFTY27JAN2624000PE,0.1732643476306844
13-01-2026 14:20||NIFTY27JAN2624400PE,0.1484939175067373
13-01-2026 14:20||NIFTY27JAN2624800PE,0.1269480633515889
13-01-2026 14:20||NIFTY27JAN2624900PE,0.1217935682937136
13-01-2026 14:20||NIFTY27JAN2625200CE,0.1096466851762133
13-01-2026 14:20||NIFTY27JAN2625800CE,0.0999288916664799
13-01-2026 14:25||NIFTY27JAN2624000PE,0.1718409812241425
13-01-2026 14:25||NIFTY27JAN2624100PE,0.1659091254747232
13-01-2026 14:25||NIFTY27JAN2624200PE,0.1580346291433683
13-01-2026 14:25||NIFTY27JAN2624500PE,0.1407133378100959
13-01-2026 14:25||NIFTY27JAN2624600PE,0.135220694050283
13-01-2026 14:25||NIFTY27JAN2625600CE,0.1028787619180547
13-01-2026 14:25||NIFTY27JAN2626000CE,0.1023232968298877
13-01-2026 14:25||NIFTY27JAN2626200CE,0.1027903560096663
13-01-2026 14:30||NIFTY27JAN2624500PE,0.1393411630545928
13-01-2026 14:30||NIFTY27JAN2624600PE,0.1334130449402922
13-01-2026 14:30||NIFTY27JAN2624900PE,0.1188686187791959
13-01-2026 14:30||NIFTY27JAN2625100PE,0.1102755822657305
13-01-2026 14:30||NIFTY27JAN2625600CE,0.1096153377133066
13-01-2026 14:35||NIFTY27JAN2623800PE,0.1817521639497009
13-01-2026 14:35||NIFTY27JAN2624200PE,0.1557712094562273
13-01-2026 14:35||NIFTY27JAN2625100PE,0.109106996753223
13-01-2026 14:35||NIFTY27JAN2625400CE,0.1160739437240087
13-01-2026 14:35||NIFTY27JAN2626300CE,0.1068865051152424
13-01-2026 14:35||NIFTY27JAN2626500CE,0.1122231035819635
13-01-2026 14:40||NIFTY27JAN2624500PE,0.1420727497716143
13-01-2026 14:40||NIFTY27JAN2624600PE,0.13500924316411
13-01-2026 14:40||NIFTY27JAN2624800PE,0.1250172798278052
13-01-2026 14:40||NIFTY27JAN2625300CE,0.1231711300463687
13-01-2026 14:40||NIFTY27JAN2625600CE,0.1102294762336131
13-01-2026 14:40||NIFTY27JAN2625800CE,0.1069464677822827
13-01-2026 14:45||NIFTY27JAN2625100PE,0.1125407107457622
13-01-2026 14:45||NIFTY27JAN2626000CE,0.1024293567147098
13-01-2026 14:45||NIFTY27JAN2626100CE,0.1004379391406572
13-01-2026 14:45||NIFTY27JAN2626500CE,0.1097079339072397
13-01-2026 14:50||NIFTY27JAN2624400PE,0.1477857828467862
13-01-2026 14:50||NIFTY27JAN2624500PE,0.142267423851149
13-01-2026 14:55||NIFTY27JAN2623800PE,0.1889164273037623
13-01-2026 14:55||NIFTY27JAN2623900PE,0.180951137991669
13-01-2026 14:55||NIFTY27JAN2624100PE,0.1691271260441827
13-01-2026 14:55||NIFTY27JAN2624400PE,0.1497953453596289
13-01-2026 14:55||NIFTY27JAN2624500PE,0.1435797201561724
13-01-2026 14:55||NIFTY27JAN2624800PE,0.1272438968842932
13-01-2026 14:55||NIFTY27JAN2624900PE,0.1219204358887236
13-01-2026 14:55||NIFTY27JAN2625100PE,0.1181155734974279
13-01-2026 14:55||NIFTY27JAN2625700CE,0.1006387355962603
13-01-2026 14:55||NIFTY27JAN2625900CE,0.0985483060169622
13-01-2026 14:55||NIFTY27JAN2626400CE,0.103902807512898
13-01-2026 15:00||NIFTY27JAN2623900PE,0.1834356525436256
13-01-2026 15:00||NIFTY27JAN2624500PE,0.1462250717677425
13-01-2026 15:00||NIFTY27JAN2624600PE,0.1417264257724197
13-01-2026 15:00||NIFTY27JAN2625100PE,0.1206975460062585
13-01-2026 15:00||NIFTY27JAN2625700CE,0.0899712717992444
13-01-2026 15:00||NIFTY27JAN2626200CE,0.0914097750319424
13-01-2026 15:05||NIFTY27JAN2624000PE,0.175036625723113
13-01-2026 15:05||NIFTY27JAN2624500PE,0.1427894918680658
13-01-2026 15:05||NIFTY27JAN2624900PE,0.1196485707387826
13-01-2026 15:05||NIFTY27JAN2625400CE,0.1157729589969707
13-01-2026 15:05||NIFTY27JAN2625700CE,0.1066174821926278
13-01-2026 15:05||NIFTY27JAN2625800CE,0.1031585150967778
13-01-2026 15:05||NIFTY27JAN2626000CE,0.1040434645323712
13-01-2026 15:05||NIFTY27JAN2626100CE,0.1032947683811695
13-01-2026 15:05||NIFTY27JAN2626500CE,0.1097326188625763
13-01-2026 15:10||NIFTY27JAN2624000PE,0.1782099417789326
13-01-2026 15:10||NIFTY27JAN2624200PE,0.163125738359111
13-01-2026 15:10||NIFTY27JAN2624400PE,0.1509259680040623
13-01-2026 15:10||NIFTY27JAN2624900PE,0.123128527353834
13-01-2026 15:10||NIFTY27JAN2625300CE,0.0952942384239351
13-01-2026 15:10||NIFTY27JAN2625600CE,0.0935531991169096
13-01-2026 15:10||NIFTY27JAN2626200CE,0.0956849957710581
13-01-2026 15:15||NIFTY27JAN2623800PE,0.1878639024558793
13-01-2026 15:15||NIFTY27JAN2624200PE,0.1648393143500487
13-01-2026 15:15||NIFTY27JAN2624600PE,0.1406043221147933
13-01-2026 15:15||NIFTY27JAN2624700PE,0.1349031706368389
13-01-2026 15:15||NIFTY27JAN2625700CE,0.0931871808910569
13-01-2026 15:15||NIFTY27JAN2626000CE,0.0923321220497876
13-01-2026 15:15||NIFTY27JAN2626300CE,0.0967110070222324
13-01-2026 15:15||NIFTY27JAN2626500CE,0.1003697740710038
13-01-2026 15:20||NIFTY27JAN2623900PE,0.1833230795291384
13-01-2026 15:20||NIFTY27JAN2624300PE,0.1584936414203095
13-01-2026 15:20||NIFTY27JAN2624800PE,0.1273032041037577
13-01-2026 15:20||NIFTY27JAN2625300CE,0.104257412372208
13-01-2026 15:20||NIFTY27JAN2625600CE,0.0995979701108155
13-01-2026 15:20||NIFTY27JAN2626200CE,0.0968884020929519
13-01-2026 15:25||NIFTY27JAN2624500PE,0.1440598761811798
13-01-2026 15:25||NIFTY27JAN2624700PE,0.1336849715210555
13-01-2026 15:25||NIFTY27JAN2624900PE,0.123951632967645
13-01-2026 15:25||NIFTY27JAN2626000CE,0.0921481507215467
14-01-2026 09:15||NIFTY27JAN2624300PE,0.1598873718024999
14-01-2026 09:15||NIFTY27JAN2624400PE,0.1551125213844217
14-01-2026 09:15||NIFTY27JAN2625300CE,0.127575973652302
14-01-2026 09:15||NIFTY27JAN2626100CE,0.0975425108906308
14-01-2026 09:15||NIFTY27JAN2626500CE,0.1067431957347301
14-01-2026 09:20||NIFTY27JAN2624100PE,0.1767751967397144
14-01-2026 09:25||NIFTY27JAN2624000PE,0.1836668731741008
14-01-2026 09:25||NIFTY27JAN2624200PE,0.1709144996882041
14-01-2026 09:25||NIFTY27JAN2624700PE,0.136547079263727
14-01-2026 09:25||NIFTY27JAN2625300CE,0.1261351068713037
14-01-2026 09:25||NIFTY27JAN2626500CE,0.1096476120607927
14-01-2026 09:30||NIFTY27JAN2623800PE,0.1985400280543703
14-01-2026 09:30||NIFTY27JAN2624000PE,0.184954014064954
14-01-2026 09:30||NIFTY27JAN2624600PE,0.14541587956174
14-01-2026 09:30||NIFTY27JAN2624700PE,0.1395148136710823
14-01-2026 09:30||NIFTY27JAN2626200CE,0.099140420852066
14-01-2026 09:30||NIFTY27JAN2626500CE,0.1039704912340961
14-01-2026 09:35||NIFTY27JAN2624000PE,0.1874909409381137
14-01-2026 09:35||NIFTY27JAN2625500CE,0.1020870581202044
14-01-2026 09:35||NIFTY27JAN2626400CE,0.1013537777708337
14-01-2026 09:40||NIFTY27JAN2623800PE,0.195853113272934
14-01-2026 09:40||NIFTY27JAN2624000PE,0.1846759988474969
14-01-2026 09:40||NIFTY27JAN2624200PE,0.1708776567410691
14-01-2026 09:40||NIFTY27JAN2624700PE,0.1378734345596343
14-01-2026 09:40||NIFTY27JAN2624800PE,0.1332981703544726
14-01-2026 09:40||NIFTY27JAN2625000PE,0.1216962328563317
14-01-2026 09:40||NIFTY27JAN2625500CE,0.0997009576015785
14-01-2026 09:40||NIFTY27JAN2625800CE,0.0962862430495942
14-01-2026 09:45||NIFTY27JAN2624300PE,0.1624076875845462
14-01-2026 09:45||NIFTY27JAN2624400PE,0.1558802146382153
14-01-2026 09:45||NIFTY27JAN2624500PE,0.1497865061960676
14-01-2026 09:45||NIFTY27JAN2624600PE,0.1432536767030346
14-01-2026 09:45||NIFTY27JAN2625400CE,0.1041285074641298
14-01-2026 09:50||NIFTY27JAN2623800PE,0.1933384847518838
14-01-2026 09:50||NIFTY27JAN2623900PE,0.1857799994106864
14-01-2026 09:50||NIFTY27JAN2624600PE,0.1412962882488573
14-01-2026 09:50||NIFTY27JAN2625200CE,0.1458642715624908
14-01-2026 09:50||NIFTY27JAN2625300CE,0.1367017584950541
14-01-2026 09:50||NIFTY27JAN2626400CE,0.1085308818023109
14-01-2026 09:55||NIFTY27JAN2624100PE,0.1800320040227081
14-01-2026 09:55||NIFTY27JAN2626000CE,0.0952581103532765
14-01-2026 10:00||NIFTY27JAN2624000PE,0.1815945659276008
14-01-2026 10:00||NIFTY27JAN2624400PE,0.1551005765481342
14-01-2026 10:00||NIFTY27JAN2625100PE,0.1150071823478137
14-01-2026 10:00||NIFTY27JAN2625500CE,0.1046440298184196
14-01-2026 10:00||NIFTY27JAN2626100CE,0.0948658674232265
14-01-2026 10:00||NIFTY27JAN2626500CE,0.1032194885905149
14-01-2026 10:05||NIFTY27JAN2624600PE,0.1418848607473693
14-01-2026 10:05||NIFTY27JAN2624800PE,0.1308574760874109
14-01-2026 10:05||NIFTY27JAN2625000PE,0.1191749810412144
14-01-2026 10:05||NIFTY27JAN2625300CE,0.1133109381709201
14-01-2026 10:05||NIFTY27JAN2625400CE,0.1091123908914397
14-01-2026 10:05||NIFTY27JAN2626200CE,0.0992255839332225
14-01-2026 10:05||NIFTY27JAN2626300CE,0.1039564020369699
14-01-2026 10:05||NIFTY27JAN2626400CE,0.1044566608085345
14-01-2026 10:10||NIFTY27JAN2624000PE,0.1801437429027188
14-01-2026 10:10||NIFTY27JAN2624200PE,0.1676565641577958
14-01-2026 10:10||NIFTY27JAN2624500PE,0.147877382768063
14-01-2026 10:10||NIFTY27JAN2624600PE,0.1412678399662978
14-01-2026 10:10||NIFTY27JAN2625400CE,0.1094153030108572
14-01-2026 10:10||NIFTY27JAN2625600CE,0.1039181506737169
14-01-2026 10:10||NIFTY27JAN2626400CE,0.1042745481450505
14-01-2026 10:15||NIFTY27JAN2624100PE,0.1741540029532166
14-01-2026 10:15||NIFTY27JAN2625000PE,0.1194342044424215
14-01-2026 10:15||NIFTY27JAN2625200CE,0.1027957008114009
14-01-2026 10:15||NIFTY27JAN2625600CE,0.0965174964741352
14-01-2026 10:15||NIFTY27JAN2625900CE,0.0943745338569039
14-01-2026 10:20||NIFTY27JAN2624200PE,0.1655934092513739
14-01-2026 10:20||NIFTY27JAN2624700PE,0.1335008050637174
14-01-2026 10:20||NIFTY27JAN2625000PE,0.1181197577579706
14-01-2026 10:20||NIFTY27JAN2625500CE,0.1027226933829785
14-01-2026 10:20||NIFTY27JAN2625600CE,0.1004672964124215
14-01-2026 10:20||NIFTY27JAN2625700CE,0.0994557800321818
14-01-2026 10:20||NIFTY27JAN2625800CE,0.0979005672608554
14-01-2026 10:25||NIFTY27JAN2623800PE,0.1936120528200441
14-01-2026 10:25||NIFTY27JAN2624300PE,0.1588205345870815
14-01-2026 10:25||NIFTY27JAN2625000PE,0.1178989510016059
14-01-2026 10:25||NIFTY27JAN2626100CE,0.0983570327226939
14-01-2026 10:25||NIFTY27JAN2626200CE,0.1035853989919097
14-01-2026 10:25||NIFTY27JAN2626400CE,0.1064187622507496
14-01-2026 10:30||NIFTY27JAN2623900PE,0.1849080645694755
14-01-2026 10:30||NIFTY27JAN2624000PE,0.1798066048996841
14-01-2026 10:30||NIFTY27JAN2624700PE,0.1332022589599867
14-01-2026 10:30||NIFTY27JAN2624800PE,0.1278453401026186
14-01-2026 10:30||NIFTY27JAN2625100PE,0.1104847908980483
14-01-2026 10:30||NIFTY27JAN2625200CE,0.1222989111340596
14-01-2026 10:30||NIFTY27JAN2626500CE,0.1073044813012173
14-01-2026 10:35||NIFTY27JAN2623900PE,0.1867809863513508
14-01-2026 10:35||NIFTY27JAN2624400PE,0.153249921385626
14-01-2026 10:35||NIFTY27JAN2625600CE,0.0995303405648323
14-01-2026 10:35||NIFTY27JAN2625700CE,0.0963489375923966
14-01-2026 10:35||NIFTY27JAN2626300CE,0.1003312437438459
14-01-2026 10:40||NIFTY27JAN2623800PE,0.1900673722832017
14-01-2026 10:40||NIFTY27JAN2624100PE,0.173569592336071
14-01-2026 10:40||NIFTY27JAN2625300CE,0.1035269477276505
14-01-2026 10:40||NIFTY27JAN2625600CE,0.0986268463625772
14-01-2026 10:40||NIFTY27JAN2626300CE,0.1004588281166641
14-01-2026 10:40||NIFTY27JAN2626500CE,0.1055117732623983
14-01-2026 10:45||NIFTY27JAN2624000PE,0.1796776549605631
14-01-2026 10:45||NIFTY27JAN2624600PE,0.139173394989347
14-01-2026 10:45||NIFTY27JAN2624800PE,0.124727133601777
14-01-2026 10:45||NIFTY27JAN2625400CE,0.1213951212849615
14-01-2026 10:50||NIFTY27JAN2624000PE,0.1817745851698867
14-01-2026 10:50||NIFTY27JAN2624300PE,0.1608833791054936
14-01-2026 10:50||NIFTY27JAN2624800PE,0.1285870553438126
14-01-2026 10:50||NIFTY27JAN2625200CE,0.1215169899858087
14-01-2026 10:50||NIFTY27JAN2625400CE,0.1055492787050291
14-01-2026 10:50||NIFTY27JAN2625800CE,0.1015297891874023
14-01-2026 10:55||NIFTY27JAN2624600PE,0.1404778764905791
14-01-2026 10:55||NIFTY27JAN2625000PE,0.1174333628016001
14-01-2026 10:55||NIFTY27JAN2625200CE,0.1289266295109402
14-01-2026 10:55||NIFTY27JAN2626200CE,0.1037919116516768
14-01-2026 10:55||NIFTY27JAN2626300CE,0.1044975943876692
14-01-2026 10:55||NIFTY27JAN2626400CE,0.1057361588670084
14-01-2026 10:55||NIFTY27JAN2626500CE,0.1085144972786258
14-01-2026 11:00||NIFTY27JAN2624100PE,0.1742622599319639
14-01-2026 11:00||NIFTY27JAN2626100CE,0.0977128681579248
14-01-2026 11:00||NIFTY27JAN2626300CE,0.1007605543079718
14-01-2026 11:05||NIFTY27JAN2624000PE,0.1825988896492108
14-01-2026 11:05||NIFTY27JAN2624800PE,0.1312720095741626
14-01-2026 11:05||NIFTY27JAN2625300CE,0.1056514874368969
14-01-2026 11:05||NIFTY27JAN2626000CE,0.0973379646801031
14-01-2026 11:05||NIFTY27JAN2626100CE,0.097115942857632
14-01-2026 11:05||NIFTY27JAN2626300CE,0.0981450711729731
14-01-2026 11:10||NIFTY27JAN2624000PE,0.1838087558035434
14-01-2026 11:10||NIFTY27JAN2624300PE,0.1598214719960106
14-01-2026 11:10||NIFTY27JAN2624500PE,0.1480420418694703
14-01-2026 11:10||NIFTY27JAN2625200CE,0.1118648093295163
14-01-2026 11:15||NIFTY27JAN2624100PE,0.1756845775445946
14-01-2026 11:15||NIFTY27JAN2624300PE,0.162262010339882
14-01-2026 11:15||NIFTY27JAN2624400PE,0.1552666498217879
14-01-2026 11:15||NIFTY27JAN2624500PE,0.1489081187547461
14-01-2026 11:15||NIFTY27JAN2624600PE,0.1427313864633756
14-01-2026 11:15||NIFTY27JAN2625500CE,0.1094549648975055
14-01-2026 11:15||NIFTY27JAN2625800CE,0.1002795158611759
14-01-2026 11:15||NIFTY27JAN2626000CE,0.0984772071069594
14-01-2026 11:20||NIFTY27JAN2623800PE,0.1967508118624836
14-01-2026 11:20||NIFTY27JAN2623900PE,0.1897233845276801
14-01-2026 11:20||NIFTY27JAN2624600PE,0.143612710561826
14-01-2026 11:20||NIFTY27JAN2624800PE,0.1317939202425614
14-01-2026 11:20||NIFTY27JAN2625100PE,0.1160139837904848
14-01-2026 11:20||NIFTY27JAN2625300CE,0.1102417073015319
14-01-2026 11:20||NIFTY27JAN2625600CE,0.1014004133949453
14-01-2026 11:20||NIFTY27JAN2625800CE,0.0973696909959923
14-01-2026 11:25||NIFTY27JAN2623900PE,0.1886507125653747
14-01-2026 11:25||NIFTY27JAN2624700PE,0.1347031990358498
14-01-2026 11:25||NIFTY27JAN2624900PE,0.1226529626808442
14-01-2026 11:25||NIFTY27JAN2625400CE,0.1253725746041952
14-01-2026 11:25||NIFTY27JAN2626200CE,0.1017578376543479
14-01-2026 11:30||NIFTY27JAN2624200PE,0.1720566635783279
14-01-2026 11:30||NIFTY27JAN2624300PE,0.165236796804418
14-01-2026 11:30||NIFTY27JAN2624400PE,0.1583451940901904
14-01-2026 11:30||NIFTY27JAN2625000PE,0.1221262289730102
14-01-2026 11:30||NIFTY27JAN2625300CE,0.1077174919747806
14-01-2026 11:30||NIFTY27JAN2625800CE,0.0963859684939756
14-01-2026 11:30||NIFTY27JAN2626000CE,0.0964026128597511
14-01-2026 11:35||NIFTY27JAN2623900PE,0.1905411591696718
14-01-2026 11:35||NIFTY27JAN2624400PE,0.1566830318520047
14-01-2026 11:35||NIFTY27JAN2624500PE,0.1505020092068424
14-01-2026 11:35||NIFTY27JAN2624700PE,0.1375287585668421
14-01-2026 11:35||NIFTY27JAN2625100PE,0.1153466944913296
14-01-2026 11:35||NIFTY27JAN2625500CE,0.1050214525324897
14-01-2026 11:35||NIFTY27JAN2625700CE,0.1004768737521644
14-01-2026 11:35||NIFTY27JAN2626100CE,0.0956698511658371
14-01-2026 11:40||NIFTY27JAN2623900PE,0.187561381430352
14-01-2026 11:40||NIFTY27JAN2625500CE,0.1026907574349378
14-01-2026 11:40||NIFTY27JAN2625600CE,0.0991471076454865
14-01-2026 11:40||NIFTY27JAN2626500CE,0.1049043002777105
14-01-2026 11:45||NIFTY27JAN2623900PE,0.1904769814185408
14-01-2026 11:45||NIFTY27JAN2624300PE,0.1646663437666603
14-01-2026 11:45||NIFTY27JAN2624500PE,0.1499484535549511
14-01-2026 11:45||NIFTY27JAN2626400CE,0.1024383769138458
14-01-2026 11:50||NIFTY27JAN2625100PE,0.1142583726729093
14-01-2026 11:50||NIFTY27JAN2625700CE,0.0999263280857537
14-01-2026 11:50||NIFTY27JAN2625800CE,0.0980035104479862
14-01-2026 11:50||NIFTY27JAN2626100CE,0.0951768158476736
14-01-2026 11:55||NIFTY27JAN2624200PE,0.1719358570892464
14-01-2026 11:55||NIFTY27JAN2624400PE,0.1580730485415472
14-01-2026 11:55||NIFTY27JAN2624800PE,0.1327869214011889
14-01-2026 11:55||NIFTY27JAN2625200CE,0.1130020838141451
14-01-2026 11:55||NIFTY27JAN2625600CE,0.1002471601261743
14-01-2026 12:00||NIFTY27JAN2623800PE,0.2009684674521754
14-01-2026 12:00||NIFTY27JAN2624400PE,0.1595354753688808
14-01-2026 12:00||NIFTY27JAN2624900PE,0.1259779024332998
14-01-2026 12:00||NIFTY27JAN2625000PE,0.1203778236680028
14-01-2026 12:00||NIFTY27JAN2625100PE,0.1155048041614935
14-01-2026 12:05||NIFTY27JAN2624400PE,0.1583330802550652
14-01-2026 12:05||NIFTY27JAN2624600PE,0.1451327518711498
14-01-2026 12:05||NIFTY27JAN2626500CE,0.1001440016862018
14-01-2026 12:10||NIFTY27JAN2624400PE,0.156625803568922
14-01-2026 12:10||NIFTY27JAN2624600PE,0.1440787680701538
14-01-2026 12:10||NIFTY27JAN2624800PE,0.131856275678405
14-01-2026 12:10||NIFTY27JAN2624900PE,0.1257144340938503
14-01-2026 12:10||NIFTY27JAN2625100PE,0.1173745630351931
14-01-2026 12:10||NIFTY27JAN2625900CE,0.0918841700536036
14-01-2026 12:10||NIFTY27JAN2626300CE,0.0955028153880985
14-01-2026 12:15||NIFTY27JAN2624200PE,0.1682098609726861
14-01-2026 12:15||NIFTY27JAN2624800PE,0.1284708018131491
14-01-2026 12:15||NIFTY27JAN2626500CE,0.105025194327318
14-01-2026 12:20||NIFTY27JAN2623800PE,0.1984069561559453
14-01-2026 12:20||NIFTY27JAN2623900PE,0.1931824599252831
14-01-2026 12:20||NIFTY27JAN2625300CE,0.1001595776789588
14-01-2026 12:20||NIFTY27JAN2626400CE,0.0969561304164693
14-01-2026 12:25||NIFTY27JAN2624500PE,0.1514191238798891
14-01-2026 12:25||NIFTY27JAN2625400CE,0.096215690532575
14-01-2026 12:25||NIFTY27JAN2625500CE,0.0971335247956077
14-01-2026 12:25||NIFTY27JAN2625900CE,0.089473628664709
14-01-2026 12:30||NIFTY27JAN2623900PE,0.1893285294785528
14-01-2026 12:30||NIFTY27JAN2624300PE,0.1643294489187488
14-01-2026 12:30||NIFTY27JAN2624900PE,0.1246464340847869
14-01-2026 12:30||NIFTY27JAN2625800CE,0.0960348936872995
14-01-2026 12:30||NIFTY27JAN2626300CE,0.0965290444344543
14-01-2026 12:30||NIFTY27JAN2626400CE,0.0993583704203603
14-01-2026 12:35||NIFTY27JAN2623900PE,0.1890760376968361
14-01-2026 12:35||NIFTY27JAN2625300CE,0.1060387234208679
14-01-2026 12:35||NIFTY27JAN2625500CE,0.1011152765843616
14-01-2026 12:35||NIFTY27JAN2625900CE,0.0925281249266259
14-01-2026 12:45||NIFTY27JAN2625600CE,0.0942153688792988
14-01-2026 12:45||NIFTY27JAN2625700CE,0.0947282318729053
14-01-2026 12:50||NIFTY27JAN2624900PE,0.1242628086693092
14-01-2026 12:50||NIFTY27JAN2626300CE,0.0951144441997498
14-01-2026 12:50||NIFTY27JAN2626500CE,0.1013377417509636
14-01-2026 12:55||NIFTY27JAN2623900PE,0.1888173734846407
14-01-2026 12:55||NIFTY27JAN2624300PE,0.161749311121248
14-01-2026 12:55||NIFTY27JAN2625000PE,0.1199752521580433
14-01-2026 13:00||NIFTY27JAN2624700PE,0.1365287090529188
14-01-2026 13:00||NIFTY27JAN2625400CE,0.0960469981040241
14-01-2026 13:00||NIFTY27JAN2625700CE,0.095452102703723
14-01-2026 13:00||NIFTY27JAN2625800CE,0.0913691290130216
14-01-2026 13:00||NIFTY27JAN2626200CE,0.0921551050897388
14-01-2026 13:00||NIFTY27JAN2626300CE,0.0943299286993541
14-01-2026 13:00||NIFTY27JAN2626500CE,0.0990463299858004
14-01-2026 13:05||NIFTY27JAN2624000PE,0.1825602918976722
14-01-2026 13:05||NIFTY27JAN2624400PE,0.1559135019335059
14-01-2026 13:05||NIFTY27JAN2624800PE,0.1297741655089718
14-01-2026 13:05||NIFTY27JAN2624900PE,0.1234301217516009
14-01-2026 13:05||NIFTY27JAN2625800CE,0.0958930832404027
14-01-2026 13:05||NIFTY27JAN2626200CE,0.0948686823848762
14-01-2026 13:05||NIFTY27JAN2626300CE,0.0964440877443
14-01-2026 13:10||NIFTY27JAN2624000PE,0.1834339340357737
14-01-2026 13:10||NIFTY27JAN2624600PE,0.1423845527869414
14-01-2026 13:10||NIFTY27JAN2624700PE,0.1362163690315846
14-01-2026 13:10||NIFTY27JAN2624900PE,0.1239313294491257
14-01-2026 13:10||NIFTY27JAN2625300CE,0.099125948873917
14-01-2026 13:10||NIFTY27JAN2625800CE,0.0877851722554432
14-01-2026 13:10||NIFTY27JAN2625900CE,0.0876303125528198
14-01-2026 13:10||NIFTY27JAN2626400CE,0.0960589434001797
14-01-2026 13:15||NIFTY27JAN2624000PE,0.1821871138624334
14-01-2026 13:15||NIFTY27JAN2624600PE,0.1420313752707182
14-01-2026 13:15||NIFTY27JAN2624800PE,0.131055216965611
14-01-2026 13:15||NIFTY27JAN2625200CE,0.1062853990481674
14-01-2026 13:15||NIFTY27JAN2625600CE,0.0919970135047532
14-01-2026 13:15||NIFTY27JAN2626100CE,0.0905963442874913
14-01-2026 13:15||NIFTY27JAN2626200CE,0.0933938869887677
14-01-2026 13:20||NIFTY27JAN2624400PE,0.1546408760788091
14-01-2026 13:20||NIFTY27JAN2624700PE,0.1349554670930665
14-01-2026 13:20||NIFTY27JAN2624900PE,0.1233813844047582
14-01-2026 13:20||NIFTY27JAN2625200CE,0.091597600164509
14-01-2026 13:20||NIFTY27JAN2625900CE,0.0884824713943279
14-01-2026 13:25||NIFTY27JAN2624100PE,0.1716614742624568
14-01-2026 13:25||NIFTY27JAN2624700PE,0.1326512612113974
14-01-2026 13:25||NIFTY27JAN2624900PE,0.1211528235022797
14-01-2026 13:25||NIFTY27JAN2625200CE,0.1034540920649252
14-01-2026 13:25||NIFTY27JAN2625600CE,0.0954137392385496
14-01-2026 13:25||NIFTY27JAN2626400CE,0.0978082292877949
14-01-2026 13:25||NIFTY27JAN2626500CE,0.1019276264743379
14-01-2026 13:30||NIFTY27JAN2624200PE,0.166456632411195
14-01-2026 13:30||NIFTY27JAN2624300PE,0.1590152729014255
14-01-2026 13:30||NIFTY27JAN2625200CE,0.0947139062009084
14-01-2026 13:30||NIFTY27JAN2625700CE,0.0897811102156999
14-01-2026 13:30||NIFTY27JAN2626500CE,0.1017685709684268
14-01-2026 13:35||NIFTY27JAN2624000PE,0.1790836033626472
14-01-2026 13:35||NIFTY27JAN2624100PE,0.1692540889074667
14-01-2026 13:35||NIFTY27JAN2625100PE,0.1181418484832197
14-01-2026 13:35||NIFTY27JAN2625500CE,0.0836811907165877
14-01-2026 13:35||NIFTY27JAN2625700CE,0.0853242849154135
14-01-2026 13:40||NIFTY27JAN2626500CE,0.1037874631617112
14-01-2026 13:45||NIFTY27JAN2624100PE,0.1662860706914339
14-01-2026 13:45||NIFTY27JAN2624200PE,0.1596270796274292
14-01-2026 13:45||NIFTY27JAN2624400PE,0.1484389138971194
14-01-2026 13:45||NIFTY27JAN2624600PE,0.1371035076440424
14-01-2026 13:45||NIFTY27JAN2624700PE,0.1311382428164978
14-01-2026 13:45||NIFTY27JAN2624800PE,0.1265725615452609
14-01-2026 13:45||NIFTY27JAN2625400CE,0.1026042750380615
14-01-2026 13:45||NIFTY27JAN2626200CE,0.0956504078508515
14-01-2026 13:45||NIFTY27JAN2626300CE,0.1016116033462133
14-01-2026 13:45||NIFTY27JAN2626400CE,0.102166192105654
14-01-2026 13:50||NIFTY27JAN2625400CE,0.0870636305687506
14-01-2026 13:50||NIFTY27JAN2625600CE,0.0890681558535146
14-01-2026 13:50||NIFTY27JAN2626300CE,0.0988790321373031
14-01-2026 13:55||NIFTY27JAN2623800PE,0.1866131161043292
14-01-2026 13:55||NIFTY27JAN2624600PE,0.136185370107422
14-01-2026 13:55||NIFTY27JAN2624900PE,0.1188898311068243
14-01-2026 13:55||NIFTY27JAN2625200CE,0.1050116744920769
14-01-2026 13:55||NIFTY27JAN2626200CE,0.0987591453136771
14-01-2026 14:00||NIFTY27JAN2623800PE,0.1851772964757309
14-01-2026 14:00||NIFTY27JAN2623900PE,0.1808586108666873
14-01-2026 14:00||NIFTY27JAN2624400PE,0.1487422299522929
14-01-2026 14:00||NIFTY27JAN2624500PE,0.1423888358319131
14-01-2026 14:05||NIFTY27JAN2624000PE,0.1757405897834456
14-01-2026 14:05||NIFTY27JAN2624300PE,0.1549952246519255
14-01-2026 14:05||NIFTY27JAN2624700PE,0.1298708858949496
14-01-2026 14:05||NIFTY27JAN2624800PE,0.1238862036837932
14-01-2026 14:05||NIFTY27JAN2625200CE,0.1107073513196504
14-01-2026 14:05||NIFTY27JAN2625700CE,0.0970098911762878
14-01-2026 14:05||NIFTY27JAN2625900CE,0.0952337891974216
14-01-2026 14:10||NIFTY27JAN2624200PE,0.1622263402926007
14-01-2026 14:10||NIFTY27JAN2624800PE,0.1233768304766507
14-01-2026 14:10||NIFTY27JAN2625700CE,0.0987952208260427
14-01-2026 14:15||NIFTY27JAN2624600PE,0.1374675160922061
14-01-2026 14:15||NIFTY27JAN2625300CE,0.0931145358903609
14-01-2026 14:15||NIFTY27JAN2625900CE,0.0890895255882511
14-01-2026 14:15||NIFTY27JAN2626000CE,0.0913085153169357
14-01-2026 14:15||NIFTY27JAN2626500CE,0.1073676960017042
14-01-2026 14:20||NIFTY27JAN2624400PE,0.1499289993719234
14-01-2026 14:20||NIFTY27JAN2624900PE,0.1201840629489238
14-01-2026 14:20||NIFTY27JAN2625100PE,0.1108815478881445
14-01-2026 14:25||NIFTY27JAN2623800PE,0.1880733634798231
14-01-2026 14:25||NIFTY27JAN2625600CE,0.1023432530293082
14-01-2026 14:25||NIFTY27JAN2626100CE,0.1012836436349677
14-01-2026 14:30||NIFTY27JAN2623900PE,0.1815377696989724
14-01-2026 14:30||NIFTY27JAN2624300PE,0.1549867085279163
14-01-2026 14:30||NIFTY27JAN2624500PE,0.1412100269016446
14-01-2026 14:30||NIFTY27JAN2625000PE,0.1133843615934374
14-01-2026 14:30||NIFTY27JAN2625100PE,0.1098281374642689
14-01-2026 14:30||NIFTY27JAN2625400CE,0.1060147280046736
14-01-2026 14:30||NIFTY27JAN2626000CE,0.0996567072448608
14-01-2026 14:30||NIFTY27JAN2626100CE,0.101660593416483
14-01-2026 14:30||NIFTY27JAN2626400CE,0.1068285799104873
14-01-2026 14:30||NIFTY27JAN2626500CE,0.1134185250491462
14-01-2026 14:35||NIFTY27JAN2624000PE,0.1755964073352002
14-01-2026 14:35||NIFTY27JAN2624300PE,0.1558292337080249
14-01-2026 14:35||NIFTY27JAN2625500CE,0.1085170068195717
14-01-2026 14:35||NIFTY27JAN2625900CE,0.0982668713412808
14-01-2026 14:35||NIFTY27JAN2626400CE,0.1084768565355147
14-01-2026 14:40||NIFTY27JAN2624300PE,0.1576701990432267
14-01-2026 14:40||NIFTY27JAN2624400PE,0.1514994526440476
14-01-2026 14:40||NIFTY27JAN2624500PE,0.1446461695624021
14-01-2026 14:40||NIFTY27JAN2624700PE,0.1310313286069374
14-01-2026 14:40||NIFTY27JAN2624800PE,0.1259317128315889
14-01-2026 14:40||NIFTY27JAN2625000PE,0.1151547316448163
14-01-2026 14:40||NIFTY27JAN2625400CE,0.104879034197235
14-01-2026 14:40||NIFTY27JAN2625800CE,0.097946728199125
14-01-2026 14:45||NIFTY27JAN2624500PE,0.1468161974550641
14-01-2026 14:45||NIFTY27JAN2624800PE,0.1280948323898448
14-01-2026 14:45||NIFTY27JAN2625100PE,0.1101185903082417
14-01-2026 14:45||NIFTY27JAN2625400CE,0.0991831376872487
14-01-2026 14:45||NIFTY27JAN2625500CE,0.0993280779508711
14-01-2026 14:45||NIFTY27JAN2625800CE,0.094417965525801
14-01-2026 14:45||NIFTY27JAN2626100CE,0.0955777265892559
14-01-2026 14:45||NIFTY27JAN2626200CE,0.0989588447703331
14-01-2026 14:45||NIFTY27JAN2626300CE,0.0993089937525024
14-01-2026 14:50||NIFTY27JAN2624400PE,0.1523472050055255
14-01-2026 14:50||NIFTY27JAN2624600PE,0.1396092912559285
14-01-2026 14:50||NIFTY27JAN2624900PE,0.1216633271204851
14-01-2026 14:50||NIFTY27JAN2625200CE,0.1080080468859284
14-01-2026 14:50||NIFTY27JAN2625700CE,0.0944330793207662
14-01-2026 14:50||NIFTY27JAN2625800CE,0.0938336342453707
14-01-2026 14:50||NIFTY27JAN2626300CE,0.099370218402937
14-01-2026 14:55||NIFTY27JAN2624100PE,0.1706470289621814
14-01-2026 14:55||NIFTY27JAN2624200PE,0.1656561222181113
14-01-2026 14:55||NIFTY27JAN2624600PE,0.1390060173174385
14-01-2026 14:55||NIFTY27JAN2624800PE,0.128354523401432
14-01-2026 14:55||NIFTY27JAN2625100PE,0.1113789094559183
14-01-2026 14:55||NIFTY27JAN2625300CE,0.0971910942100042
14-01-2026 14:55||NIFTY27JAN2625400CE,0.0925157770701565
14-01-2026 14:55||NIFTY27JAN2625600CE,0.0904186153900402
14-01-2026 14:55||NIFTY27JAN2626400CE,0.0995541352339736
14-01-2026 15:00||NIFTY27JAN2624300PE,0.1583989842695756
14-01-2026 15:00||NIFTY27JAN2624700PE,0.1310680411958456
14-01-2026 15:00||NIFTY27JAN2625800CE,0.0975697952584717
14-01-2026 15:05||NIFTY27JAN2623900PE,0.1862843755962072
14-01-2026 15:05||NIFTY27JAN2624400PE,0.1531591017461341
14-01-2026 15:05||NIFTY27JAN2624800PE,0.1278691029767344
14-01-2026 15:05||NIFTY27JAN2626300CE,0.099980981386454
14-01-2026 15:10||NIFTY27JAN2624100PE,0.1701879765993799
14-01-2026 15:10||NIFTY27JAN2624500PE,0.1443515429241302
14-01-2026 15:10||NIFTY27JAN2624900PE,0.1218498647908899
14-01-2026 15:10||NIFTY27JAN2625500CE,0.097476970356793
14-01-2026 15:10||NIFTY27JAN2626200CE,0.0993104487317929
14-01-2026 15:15||NIFTY27JAN2624400PE,0.1491111913019066
14-01-2026 15:15||NIFTY27JAN2624700PE,0.1302513635813044
14-01-2026 15:15||NIFTY27JAN2625100PE,0.1101617984693676
14-01-2026 15:15||NIFTY27JAN2625500CE,0.103913688410341
14-01-2026 15:15||NIFTY27JAN2625900CE,0.0965160643342507
14-01-2026 15:15||NIFTY27JAN2626100CE,0.0991737045151523
14-01-2026 15:20||NIFTY27JAN2624500PE,0.1432734398445821
14-01-2026 15:20||NIFTY27JAN2624800PE,0.1259730894926534
14-01-2026 15:20||NIFTY27JAN2626100CE,0.0992931713561728
14-01-2026 15:20||NIFTY27JAN2626300CE,0.1031133322971915
14-01-2026 15:20||NIFTY27JAN2626400CE,0.1058119626328809
14-01-2026 15:25||NIFTY27JAN2623900PE,0.1838814673748209
14-01-2026 15:25||NIFTY27JAN2624600PE,0.1388562893738324
14-01-2026 15:25||NIFTY27JAN2625100PE,0.1215827415383613
14-01-2026 15:25||NIFTY27JAN2625200CE,0.0949477842315512
14-01-2026 15:25||NIFTY27JAN2626400CE,0.1038861895684434
14-01-2026 15:25||NIFTY27JAN2626500CE,0.1110753129018941
16-01-2026 09:15||NIFTY27JAN2624100PE,0.1808259573756064
16-01-2026 09:15||NIFTY27JAN2624200PE,0.1728656698316563
16-01-2026 09:15||NIFTY27JAN2624300PE,0.1658516343981419
16-01-2026 09:15||NIFTY27JAN2624800PE,0.1293507066456291
16-01-2026 09:15||NIFTY27JAN2625000PE,0.1201231202506638
16-01-2026 09:15||NIFTY27JAN2626000CE,0.1089750916121775
16-01-2026 09:15||NIFTY27JAN2626100CE,0.1082611485088714
16-01-2026 09:20||NIFTY27JAN2624100PE,0.1788620274812566
16-01-2026 09:20||NIFTY27JAN2624400PE,0.1582836251378198
16-01-2026 09:20||NIFTY27JAN2624600PE,0.1439263955439377
16-01-2026 09:20||NIFTY27JAN2625000PE,0.1213911448675955
16-01-2026 09:20||NIFTY27JAN2625200CE,0.1212529436817145
16-01-2026 09:20||NIFTY27JAN2625400CE,0.1109493956393087
16-01-2026 09:20||NIFTY27JAN2625700CE,0.1018349689469724
16-01-2026 09:20||NIFTY27JAN2626000CE,0.0987163411125469
16-01-2026 09:25||NIFTY27JAN2624600PE,0.1400335778404872
16-01-2026 09:25||NIFTY27JAN2624700PE,0.1342478145009797
16-01-2026 09:25||NIFTY27JAN2625300CE,0.1343895074730247
16-01-2026 09:25||NIFTY27JAN2625600CE,0.110656164683884
16-01-2026 09:25||NIFTY27JAN2626300CE,0.1031403372964457
16-01-2026 09:25||NIFTY27JAN2626500CE,0.1075070969570611
16-01-2026 09:30||NIFTY27JAN2623800PE,0.1949903477840129
16-01-2026 09:30||NIFTY27JAN2624300PE,0.1590536750828736
16-01-2026 09:30||NIFTY27JAN2624400PE,0.1528842659862552
16-01-2026 09:30||NIFTY27JAN2624900PE,0.1216592681027921
16-01-2026 09:30||NIFTY27JAN2625100PE,0.1093619319261142
16-01-2026 09:30||NIFTY27JAN2625500CE,0.104948415631364
16-01-2026 09:30||NIFTY27JAN2625700CE,0.1007529174881725
16-01-2026 09:30||NIFTY27JAN2625900CE,0.0976820409461974
16-01-2026 09:30||NIFTY27JAN2626000CE,0.0978851917623867
16-01-2026 09:35||NIFTY27JAN2624100PE,0.1726400856138794
16-01-2026 09:35||NIFTY27JAN2624200PE,0.165553617362944
16-01-2026 09:35||NIFTY27JAN2624800PE,0.1284018993103881
16-01-2026 09:35||NIFTY27JAN2625100PE,0.1137764410600201
16-01-2026 09:35||NIFTY27JAN2626300CE,0.1004387648629182
16-01-2026 09:35||NIFTY27JAN2626400CE,0.1010435930304222
16-01-2026 09:40||NIFTY27JAN2624200PE,0.1690799824182701
16-01-2026 09:40||NIFTY27JAN2624300PE,0.1583065670902651
16-01-2026 09:40||NIFTY27JAN2625900CE,0.1049118521935215
16-01-2026 09:40||NIFTY27JAN2626500CE,0.1076817649701406
16-01-2026 09:45||NIFTY27JAN2623900PE,0.1900859780669058
16-01-2026 09:45||NIFTY27JAN2624500PE,0.1477530848278291
16-01-2026 09:45||NIFTY27JAN2624800PE,0.1244410252466028
16-01-2026 09:45||NIFTY27JAN2624900PE,0.1184516237046202
16-01-2026 09:45||NIFTY27JAN2625400CE,0.1260889673540096
16-01-2026 09:45||NIFTY27JAN2626000CE,0.1045244694461452
16-01-2026 09:45||NIFTY27JAN2626100CE,0.1019874022799114
16-01-2026 09:50||NIFTY27JAN2623900PE,0.1922725321210902
16-01-2026 09:50||NIFTY27JAN2624200PE,0.1734889829431052
16-01-2026 09:50||NIFTY27JAN2624900PE,0.1205710471363689
16-01-2026 09:50||NIFTY27JAN2625500CE,0.1132295397393874
16-01-2026 09:50||NIFTY27JAN2625600CE,0.1094114010989159
16-01-2026 09:50||NIFTY27JAN2625700CE,0.1061959332021993
16-01-2026 09:50||NIFTY27JAN2625800CE,0.1011988422532792
16-01-2026 09:50||NIFTY27JAN2626000CE,0.098276753155091
16-01-2026 09:50||NIFTY27JAN2626200CE,0.0942369636502396
16-01-2026 09:55||NIFTY27JAN2623800PE,0.1988173985086231
16-01-2026 09:55||NIFTY27JAN2624000PE,0.1862845418844042
16-01-2026 09:55||NIFTY27JAN2624200PE,0.1730944504503181
16-01-2026 09:55||NIFTY27JAN2624500PE,0.1518600352758722
16-01-2026 09:55||NIFTY27JAN2624900PE,0.123299784104368
16-01-2026 09:55||NIFTY27JAN2625000PE,0.1189838324561433
16-01-2026 09:55||NIFTY27JAN2625300CE,0.1130413976144437
16-01-2026 09:55||NIFTY27JAN2625400CE,0.1073228679794444
16-01-2026 09:55||NIFTY27JAN2625500CE,0.1044259152259949
16-01-2026 09:55||NIFTY27JAN2625700CE,0.0987667716604473
16-01-2026 09:55||NIFTY27JAN2625900CE,0.0959156620615501
16-01-2026 09:55||NIFTY27JAN2626000CE,0.0972524605322766
16-01-2026 09:55||NIFTY27JAN2626400CE,0.0985406878310397
16-01-2026 09:55||NIFTY27JAN2626500CE,0.0998795438391526
16-01-2026 10:00||NIFTY27JAN2624000PE,0.1832902635609566
16-01-2026 10:00||NIFTY27JAN2625400CE,0.1279907383626856
16-01-2026 10:00||NIFTY27JAN2625900CE,0.1063877249045599
16-01-2026 10:00||NIFTY27JAN2626000CE,0.1049973785173011
16-01-2026 10:00||NIFTY27JAN2626400CE,0.1037577095244066
16-01-2026 10:00||NIFTY27JAN2626500CE,0.1029435212331795
16-01-2026 10:05||NIFTY27JAN2624000PE,0.186762652145786
16-01-2026 10:05||NIFTY27JAN2624100PE,0.1806923061685837
16-01-2026 10:05||NIFTY27JAN2624400PE,0.1577597023349597
16-01-2026 10:05||NIFTY27JAN2625100PE,0.1101047024516805
16-01-2026 10:05||NIFTY27JAN2625700CE,0.1090670916170197
16-01-2026 10:05||NIFTY27JAN2626400CE,0.0998443669955989
16-01-2026 10:05||NIFTY27JAN2626500CE,0.1000391660380852
16-01-2026 10:10||NIFTY27JAN2623900PE,0.1947212706013437
16-01-2026 10:10||NIFTY27JAN2624800PE,0.1321133304904684
16-01-2026 10:10||NIFTY27JAN2625300CE,0.1444626453676717
16-01-2026 10:10||NIFTY27JAN2625600CE,0.1165606608882716
16-01-2026 10:10||NIFTY27JAN2626100CE,0.102082094643338
16-01-2026 10:10||NIFTY27JAN2626400CE,0.1017124223453151
16-01-2026 10:15||NIFTY27JAN2623800PE,0.2092124329763522
16-01-2026 10:15||NIFTY27JAN2624400PE,0.1648109139260127
16-01-2026 10:15||NIFTY27JAN2624500PE,0.1572220322021424
16-01-2026 10:15||NIFTY27JAN2625300CE,0.1596701174948674
16-01-2026 10:20||NIFTY27JAN2623800PE,0.2102789358621508
16-01-2026 10:20||NIFTY27JAN2624300PE,0.1757400382829173
16-01-2026 10:20||NIFTY27JAN2624500PE,0.1618853794640806
16-01-2026 10:20||NIFTY27JAN2624800PE,0.1389781522851709
16-01-2026 10:20||NIFTY27JAN2625700CE,0.1179501573352984
16-01-2026 10:20||NIFTY27JAN2625900CE,0.1093466928780973
16-01-2026 10:20||NIFTY27JAN2626400CE,0.1034948699341556
16-01-2026 10:25||NIFTY27JAN2624000PE,0.196340708557515
16-01-2026 10:25||NIFTY27JAN2624200PE,0.1834042454794062
16-01-2026 10:25||NIFTY27JAN2624300PE,0.1758066348721595
16-01-2026 10:25||NIFTY27JAN2624600PE,0.1540063437050947
16-01-2026 10:25||NIFTY27JAN2625400CE,0.1373987580171183
16-01-2026 10:25||NIFTY27JAN2626000CE,0.1072192394173579
16-01-2026 10:30||NIFTY27JAN2624200PE,0.1843180595849472
16-01-2026 10:30||NIFTY27JAN2624400PE,0.1680659277154039
16-01-2026 10:30||NIFTY27JAN2624800PE,0.1407866645800473
16-01-2026 10:30||NIFTY27JAN2625500CE,0.1257012060496671
16-01-2026 10:35||NIFTY27JAN2624000PE,0.1980575886123839
16-01-2026 10:35||NIFTY27JAN2624200PE,0.1858765823635722
16-01-2026 10:35||NIFTY27JAN2624900PE,0.1342775308246937
16-01-2026 10:35||NIFTY27JAN2625100PE,0.1231344544186744
16-01-2026 10:35||NIFTY27JAN2625200CE,0.1486894641828707
16-01-2026 10:35||NIFTY27JAN2625600CE,0.1189050608539756
16-01-2026 10:35||NIFTY27JAN2626300CE,0.1005624555229168
16-01-2026 10:35||NIFTY27JAN2626400CE,0.1005607931053427
16-01-2026 10:40||NIFTY27JAN2623800PE,0.2121446967477
16-01-2026 10:40||NIFTY27JAN2624200PE,0.1880558951709951
16-01-2026 10:40||NIFTY27JAN2624700PE,0.1468079892282676
16-01-2026 10:40||NIFTY27JAN2624900PE,0.1344125713516427
16-01-2026 10:40||NIFTY27JAN2626200CE,0.0957932930523988
16-01-2026 10:45||NIFTY27JAN2623800PE,0.2134088423519174
16-01-2026 10:45||NIFTY27JAN2624000PE,0.1980091804342043
16-01-2026 10:45||NIFTY27JAN2624400PE,0.1690959826191971
16-01-2026 10:45||NIFTY27JAN2624600PE,0.1543107962867745
16-01-2026 10:45||NIFTY27JAN2624900PE,0.1342204094024871
16-01-2026 10:45||NIFTY27JAN2625200CE,0.1404328762563661
16-01-2026 10:50||NIFTY27JAN2624200PE,0.1841586639651036
16-01-2026 10:50||NIFTY27JAN2624300PE,0.1764319641740032
16-01-2026 10:50||NIFTY27JAN2624400PE,0.1681139280443421
16-01-2026 10:50||NIFTY27JAN2624600PE,0.1539892370137837
16-01-2026 10:50||NIFTY27JAN2625400CE,0.1286694755543965
16-01-2026 10:50||NIFTY27JAN2626300CE,0.0987370070118724
16-01-2026 10:50||NIFTY27JAN2626400CE,0.0987387088569105
16-01-2026 10:55||NIFTY27JAN2623800PE,0.2083536500891333
16-01-2026 10:55||NIFTY27JAN2623900PE,0.2020184053553013
16-01-2026 10:55||NIFTY27JAN2624900PE,0.1316544341267046
16-01-2026 10:55||NIFTY27JAN2625400CE,0.1268845690197378
16-01-2026 10:55||NIFTY27JAN2625800CE,0.1011447041375614
16-01-2026 10:55||NIFTY27JAN2625900CE,0.1000737417922549
16-01-2026 10:55||NIFTY27JAN2626100CE,0.0950259866058668
16-01-2026 10:55||NIFTY27JAN2626500CE,0.0987283185094228
16-01-2026 11:00||NIFTY27JAN2624400PE,0.1667869431401989
16-01-2026 11:00||NIFTY27JAN2624900PE,0.131462748864862
16-01-2026 11:00||NIFTY27JAN2625000PE,0.1255148797901353
16-01-2026 11:00||NIFTY27JAN2625300CE,0.1362091612562509
16-01-2026 11:00||NIFTY27JAN2626000CE,0.1007421212610389
16-01-2026 11:00||NIFTY27JAN2626100CE,0.0974800638157381
16-01-2026 11:05||NIFTY27JAN2624300PE,0.1738271953326978
16-01-2026 11:05||NIFTY27JAN2624400PE,0.1661403421875322
16-01-2026 11:05||NIFTY27JAN2625100PE,0.1137151904482567
16-01-2026 11:05||NIFTY27JAN2626100CE,0.099304847913504
16-01-2026 11:10||NIFTY27JAN2624000PE,0.1904361492644349
16-01-2026 11:10||NIFTY27JAN2625800CE,0.1023302985242575
16-01-2026 11:10||NIFTY27JAN2626000CE,0.0993059719128631
16-01-2026 11:15||NIFTY27JAN2623900PE,0.2011297936580321
16-01-2026 11:15||NIFTY27JAN2624600PE,0.1481060110165793
16-01-2026 11:15||NIFTY27JAN2625800CE,0.1014824886674478
16-01-2026 11:15||NIFTY27JAN2626200CE,0.0980626683062774
16-01-2026 11:20||NIFTY27JAN2623800PE,0.2026638577807687
16-01-2026 11:20||NIFTY27JAN2624000PE,0.1867388154401112
16-01-2026 11:20||NIFTY27JAN2624100PE,0.1824968721365343
16-01-2026 11:20||NIFTY27JAN2624900PE,0.1299418536878234
16-01-2026 11:20||NIFTY27JAN2625900CE,0.1001382019731413
16-01-2026 11:20||NIFTY27JAN2626000CE,0.1009697939240141
16-01-2026 11:20||NIFTY27JAN2626200CE,0.094624922116855
16-01-2026 11:25||NIFTY27JAN2624200PE,0.1793679391327719
16-01-2026 11:25||NIFTY27JAN2624800PE,0.1378525039542084
16-01-2026 11:25||NIFTY27JAN2625000PE,0.1239726631835941
16-01-2026 11:25||NIFTY27JAN2626300CE,0.0988852038382315
16-01-2026 11:30||NIFTY27JAN2624300PE,0.1636090583831772
16-01-2026 11:30||NIFTY27JAN2625600CE,0.1064740426035011
16-01-2026 11:30||NIFTY27JAN2626500CE,0.1025479377530622
16-01-2026 11:35||NIFTY27JAN2624500PE,0.1556858828003669
16-01-2026 11:35||NIFTY27JAN2624800PE,0.1372646224896188
16-01-2026 11:35||NIFTY27JAN2625300CE,0.1220903034883906
16-01-2026 11:35||NIFTY27JAN2625500CE,0.1117626575012984
16-01-2026 11:35||NIFTY27JAN2626200CE,0.097572033513315
16-01-2026 11:40||NIFTY27JAN2624400PE,0.1621116330752726
16-01-2026 11:40||NIFTY27JAN2624500PE,0.1563074270434267
16-01-2026 11:40||NIFTY27JAN2625500CE,0.112229254688396
16-01-2026 11:40||NIFTY27JAN2626100CE,0.095257058680357
16-01-2026 11:45||NIFTY27JAN2624300PE,0.1658542013359758
16-01-2026 11:45||NIFTY27JAN2625000PE,0.1223655274209649
16-01-2026 11:45||NIFTY27JAN2625400CE,0.1280585086291565
16-01-2026 11:50||NIFTY27JAN2623900PE,0.195749991867531
16-01-2026 11:50||NIFTY27JAN2624300PE,0.1658051024337574
16-01-2026 11:50||NIFTY27JAN2625500CE,0.1160652405441821
16-01-2026 11:55||NIFTY27JAN2624000PE,0.1915063363928559
16-01-2026 11:55||NIFTY27JAN2624500PE,0.1560844263083512
16-01-2026 11:55||NIFTY27JAN2624800PE,0.136568454948642
16-01-2026 11:55||NIFTY27JAN2625000PE,0.1237952512030616
16-01-2026 11:55||NIFTY27JAN2625100PE,0.1164292222394412
16-01-2026 11:55||NIFTY27JAN2626200CE,0.0944711027538107
16-01-2026 12:00||NIFTY27JAN2623900PE,0.1951398893637687
16-01-2026 12:00||NIFTY27JAN2624000PE,0.1870085504456407
16-01-2026 12:00||NIFTY27JAN2624200PE,0.1720316498577654
16-01-2026 12:00||NIFTY27JAN2624400PE,0.1593473960563419
16-01-2026 12:00||NIFTY27JAN2624800PE,0.1317373085835572
16-01-2026 12:00||NIFTY27JAN2624900PE,0.1253000577348943
16-01-2026 12:00||NIFTY27JAN2625200CE,0.1553990538862878
16-01-2026 12:00||NIFTY27JAN2626200CE,0.1025397153302747
16-01-2026 12:05||NIFTY27JAN2623800PE,0.2022363898789368
16-01-2026 12:05||NIFTY27JAN2624200PE,0.1733586902585983
16-01-2026 12:05||NIFTY27JAN2624500PE,0.1540198006934856
16-01-2026 12:05||NIFTY27JAN2624800PE,0.1318203863366546
16-01-2026 12:05||NIFTY27JAN2625000PE,0.1210311055320954
16-01-2026 12:05||NIFTY27JAN2625200CE,0.1564048329639497
16-01-2026 12:05||NIFTY27JAN2625900CE,0.1108165616445822
16-01-2026 12:10||NIFTY27JAN2624800PE,0.1338585686614396
16-01-2026 12:10||NIFTY27JAN2625100PE,0.1169347759225533
16-01-2026 12:10||NIFTY27JAN2625300CE,0.1443903493771124
16-01-2026 12:10||NIFTY27JAN2625800CE,0.1111421999709696
16-01-2026 12:10||NIFTY27JAN2626000CE,0.107179017408974
16-01-2026 12:10||NIFTY27JAN2626100CE,0.1036330366717653
16-01-2026 12:15||NIFTY27JAN2624000PE,0.1911022348084929
16-01-2026 12:15||NIFTY27JAN2624600PE,0.1471175099704979
16-01-2026 12:15||NIFTY27JAN2624800PE,0.1351529172197161
16-01-2026 12:15||NIFTY27JAN2624900PE,0.1294694490071518
16-01-2026 12:15||NIFTY27JAN2625000PE,0.1234413906623659
16-01-2026 12:15||NIFTY27JAN2625800CE,0.1052980158823661
16-01-2026 12:15||NIFTY27JAN2626000CE,0.1015833363406013
16-01-2026 12:20||NIFTY27JAN2623900PE,0.1958974417237915
16-01-2026 12:20||NIFTY27JAN2624300PE,0.1679614837751607
16-01-2026 12:20||NIFTY27JAN2624500PE,0.1544829578720043
16-01-2026 12:20||NIFTY27JAN2624900PE,0.1279560507559564
16-01-2026 12:20||NIFTY27JAN2625400CE,0.1267474413473144
16-01-2026 12:20||NIFTY27JAN2625600CE,0.1134932368393156
16-01-2026 12:20||NIFTY27JAN2625700CE,0.1095488603822027
16-01-2026 12:25||NIFTY27JAN2623800PE,0.2035501639460604
16-01-2026 12:25||NIFTY27JAN2624500PE,0.1551677834631857
16-01-2026 12:25||NIFTY27JAN2624700PE,0.143038928515254
16-01-2026 12:25||NIFTY27JAN2624800PE,0.1387129638262811
16-01-2026 12:25||NIFTY27JAN2625000PE,0.1285188215050758
16-01-2026 12:25||NIFTY27JAN2625100PE,0.1296064777851219
16-01-2026 12:25||NIFTY27JAN2626400CE,0.0940012012582738
16-01-2026 12:30||NIFTY27JAN2623800PE,0.1970306653624655
16-01-2026 12:30||NIFTY27JAN2624400PE,0.1546436204410137
16-01-2026 12:30||NIFTY27JAN2624600PE,0.1393009343950404
16-01-2026 12:35||NIFTY27JAN2623800PE,0.2064067940189751
16-01-2026 12:35||NIFTY27JAN2623900PE,0.1928846047730264
16-01-2026 12:35||NIFTY27JAN2624800PE,0.1303597803903829
16-01-2026 12:35||NIFTY27JAN2625600CE,0.1211736503212492
16-01-2026 12:35||NIFTY27JAN2625700CE,0.1128421772626664
16-01-2026 12:35||NIFTY27JAN2625800CE,0.1115984251412913
16-01-2026 12:35||NIFTY27JAN2625900CE,0.1088969472951926
16-01-2026 12:35||NIFTY27JAN2626000CE,0.1059321060357165
16-01-2026 12:35||NIFTY27JAN2626200CE,0.0978736491747336
16-01-2026 12:40||NIFTY27JAN2623800PE,0.1999919159578049
16-01-2026 12:40||NIFTY27JAN2625200CE,0.1121588516945603
16-01-2026 12:40||NIFTY27JAN2625900CE,0.0990911939132953
16-01-2026 12:45||NIFTY27JAN2624000PE,0.1837272535397805
16-01-2026 12:45||NIFTY27JAN2624800PE,0.1307343389655614
16-01-2026 12:45||NIFTY27JAN2625700CE,0.1029329135534085
16-01-2026 12:45||NIFTY27JAN2625900CE,0.1007338056980833
16-01-2026 12:45||NIFTY27JAN2626000CE,0.1012756335283957
16-01-2026 12:45||NIFTY27JAN2626300CE,0.0990139012879767
16-01-2026 12:50||NIFTY27JAN2624300PE,0.161462251161759
16-01-2026 12:50||NIFTY27JAN2626000CE,0.1020263901516339
16-01-2026 12:50||NIFTY27JAN2626200CE,0.1076653170987083
16-01-2026 12:55||NIFTY27JAN2623900PE,0.1894522360949
16-01-2026 12:55||NIFTY27JAN2624700PE,0.1356816018482547
16-01-2026 12:55||NIFTY27JAN2624900PE,0.1230928802212995
16-01-2026 12:55||NIFTY27JAN2625500CE,0.102372943611308
16-01-2026 12:55||NIFTY27JAN2625800CE,0.0968320338465335
16-01-2026 13:00||NIFTY27JAN2623800PE,0.1979139593871597
16-01-2026 13:00||NIFTY27JAN2624700PE,0.134655615387424
16-01-2026 13:00||NIFTY27JAN2624800PE,0.1292567585584311
16-01-2026 13:00||NIFTY27JAN2625400CE,0.1102434470186121
16-01-2026 13:00||NIFTY27JAN2625900CE,0.0988819129754343
16-01-2026 13:00||NIFTY27JAN2626000CE,0.0989899794204819
16-01-2026 13:05||NIFTY27JAN2624100PE,0.1740887441023491
16-01-2026 13:05||NIFTY27JAN2625000PE,0.1158347588307824
16-01-2026 13:05||NIFTY27JAN2625300CE,0.1284026160180556
16-01-2026 13:10||NIFTY27JAN2625200CE,0.1255076229750668
16-01-2026 13:15||NIFTY27JAN2623800PE,0.1952609146993796
16-01-2026 13:15||NIFTY27JAN2624100PE,0.1729797019241318
16-01-2026 13:15||NIFTY27JAN2624600PE,0.1377953367854306
16-01-2026 13:15||NIFTY27JAN2624700PE,0.1312185892400783
16-01-2026 13:15||NIFTY27JAN2625800CE,0.1006778712368827
16-01-2026 13:15||NIFTY27JAN2626100CE,0.0974807283938236
16-01-2026 13:15||NIFTY27JAN2626200CE,0.099192063140396
16-01-2026 13:20||NIFTY27JAN2624300PE,0.1568829149308085
16-01-2026 13:20||NIFTY27JAN2624700PE,0.1312350262878182
16-01-2026 13:20||NIFTY27JAN2625100PE,0.1106869741917473
16-01-2026 13:20||NIFTY27JAN2625600CE,0.1054314578701609
16-01-2026 13:20||NIFTY27JAN2626100CE,0.0969156470786234
16-01-2026 13:25||NIFTY27JAN2623900PE,0.1805480522138724
16-01-2026 13:25||NIFTY27JAN2624300PE,0.1541574517525534
16-01-2026 13:25||NIFTY27JAN2624400PE,0.147843852767974
16-01-2026 13:25||NIFTY27JAN2625200CE,0.1424868272607601
16-01-2026 13:25||NIFTY27JAN2625300CE,0.1351881200228372
16-01-2026 13:25||NIFTY27JAN2625500CE,0.119613590919892
16-01-2026 13:25||NIFTY27JAN2625800CE,0.1081671175778744
16-01-2026 13:25||NIFTY27JAN2626400CE,0.1074941716985858
16-01-2026 13:25||NIFTY27JAN2626500CE,0.107061012640303
16-01-2026 13:30||NIFTY27JAN2624000PE,0.1780857641475894
16-01-2026 13:30||NIFTY27JAN2624200PE,0.1646910031950498
16-01-2026 13:30||NIFTY27JAN2624400PE,0.1491094951365056
16-01-2026 13:30||NIFTY27JAN2624900PE,0.1205779153658381
16-01-2026 13:30||NIFTY27JAN2625000PE,0.1158559504801342
16-01-2026 13:30||NIFTY27JAN2625200CE,0.1244396069168792
16-01-2026 13:35||NIFTY27JAN2624400PE,0.1492320215122517
16-01-2026 13:35||NIFTY27JAN2624500PE,0.1425666819101585
16-01-2026 13:35||NIFTY27JAN2624900PE,0.1178424580325031
16-01-2026 13:35||NIFTY27JAN2625500CE,0.1174029334415695
16-01-2026 13:35||NIFTY27JAN2626100CE,0.1004637490559974
16-01-2026 13:35||NIFTY27JAN2626400CE,0.1067164297068777
16-01-2026 13:40||NIFTY27JAN2623900PE,0.1846348162480537
16-01-2026 13:40||NIFTY27JAN2624500PE,0.1442101603884034
16-01-2026 13:40||NIFTY27JAN2624700PE,0.1314612104627626
16-01-2026 13:40||NIFTY27JAN2625200CE,0.1247964963855366
16-01-2026 13:40||NIFTY27JAN2625300CE,0.1182792441127083
16-01-2026 13:40||NIFTY27JAN2625900CE,0.1019569330916841
16-01-2026 13:40||NIFTY27JAN2626000CE,0.1012328315091676
16-01-2026 13:40||NIFTY27JAN2626200CE,0.100883987880204
16-01-2026 13:40||NIFTY27JAN2626500CE,0.1065356173207529
16-01-2026 13:45||NIFTY27JAN2623900PE,0.1848245083775562
16-01-2026 13:45||NIFTY27JAN2624100PE,0.1716948199253304
16-01-2026 13:45||NIFTY27JAN2624500PE,0.1428069481482727
16-01-2026 13:50||NIFTY27JAN2624700PE,0.1336936459853567
16-01-2026 13:50||NIFTY27JAN2625900CE,0.095583378891175
16-01-2026 13:50||NIFTY27JAN2626000CE,0.0971911655652189
16-01-2026 13:55||NIFTY27JAN2623900PE,0.1852653639901381
16-01-2026 13:55||NIFTY27JAN2624200PE,0.1653167931262537
16-01-2026 13:55||NIFTY27JAN2624300PE,0.1561242505101256
16-01-2026 13:55||NIFTY27JAN2625000PE,0.1154734739978627
16-01-2026 13:55||NIFTY27JAN2625700CE,0.1034934852518606
16-01-2026 13:55||NIFTY27JAN2626100CE,0.0981671543427187
16-01-2026 14:00||NIFTY27JAN2624500PE,0.1438209660784814
16-01-2026 14:00||NIFTY27JAN2624900PE,0.1206924609132473
16-01-2026 14:00||NIFTY27JAN2625000PE,0.1181730330850741
16-01-2026 14:00||NIFTY27JAN2625100PE,0.1149030183852716
16-01-2026 14:00||NIFTY27JAN2626000CE,0.1005827601520756
16-01-2026 14:05||NIFTY27JAN2624100PE,0.1723391604444061
16-01-2026 14:05||NIFTY27JAN2625500CE,0.1033868834452462
16-01-2026 14:05||NIFTY27JAN2625800CE,0.0989567612128288
16-01-2026 14:05||NIFTY27JAN2626100CE,0.0965074839250772
16-01-2026 14:10||NIFTY27JAN2624500PE,0.14453665731148
16-01-2026 14:10||NIFTY27JAN2625100PE,0.1097107651736437
16-01-2026 14:10||NIFTY27JAN2625500CE,0.1087196755728347
16-01-2026 14:10||NIFTY27JAN2626400CE,0.1040213493689066
16-01-2026 14:10||NIFTY27JAN2626500CE,0.1073007224275188
16-01-2026 14:15||NIFTY27JAN2624300PE,0.1563427627943137
16-01-2026 14:15||NIFTY27JAN2624600PE,0.1358204424190261
16-01-2026 14:15||NIFTY27JAN2624900PE,0.1183059763050974
16-01-2026 14:15||NIFTY27JAN2625500CE,0.1113160308991465
16-01-2026 14:20||NIFTY27JAN2624200PE,0.1663649874265291
16-01-2026 14:20||NIFTY27JAN2624800PE,0.1259594835672635
16-01-2026 14:20||NIFTY27JAN2625100PE,0.1089444368864051
16-01-2026 14:20||NIFTY27JAN2626000CE,0.1004891702912657
16-01-2026 14:20||NIFTY27JAN2626300CE,0.1037245358444017
16-01-2026 14:25||NIFTY27JAN2623900PE,0.1871594130420851
16-01-2026 14:25||NIFTY27JAN2624900PE,0.1211857904613992
16-01-2026 14:25||NIFTY27JAN2625100PE,0.1141708119744783
16-01-2026 14:25||NIFTY27JAN2625500CE,0.0994648178291261
16-01-2026 14:25||NIFTY27JAN2626500CE,0.1079781219764289
16-01-2026 14:30||NIFTY27JAN2623800PE,0.1938148122996346
16-01-2026 14:30||NIFTY27JAN2624300PE,0.1577284578118451
16-01-2026 14:30||NIFTY27JAN2626300CE,0.1046591558652726
16-01-2026 14:35||NIFTY27JAN2623800PE,0.1956505407479048
16-01-2026 14:35||NIFTY27JAN2624800PE,0.1241109411330156
16-01-2026 14:35||NIFTY27JAN2624900PE,0.1183108610840497
16-01-2026 14:35||NIFTY27JAN2625000PE,0.1135972531431823
16-01-2026 14:35||NIFTY27JAN2625300CE,0.1049279047991506
16-01-2026 14:35||NIFTY27JAN2625900CE,0.0957810835053128
16-01-2026 14:35||NIFTY27JAN2626100CE,0.0935329443271743
16-01-2026 14:35||NIFTY27JAN2626200CE,0.0941581604314071
16-01-2026 14:35||NIFTY27JAN2626300CE,0.1001653420828582
16-01-2026 14:35||NIFTY27JAN2626500CE,0.1073480865265767
16-01-2026 14:40||NIFTY27JAN2624200PE,0.1666292985395774
16-01-2026 14:40||NIFTY27JAN2624600PE,0.1369689337381706
16-01-2026 14:40||NIFTY27JAN2624900PE,0.119236361696663
16-01-2026 14:40||NIFTY27JAN2625800CE,0.0988024812000881
16-01-2026 14:40||NIFTY27JAN2626500CE,0.1098191130181933
16-01-2026 14:45||NIFTY27JAN2623900PE,0.1856405270560059
16-01-2026 14:45||NIFTY27JAN2624000PE,0.1785227117387905
16-01-2026 14:45||NIFTY27JAN2624100PE,0.171885420923015
16-01-2026 14:45||NIFTY27JAN2625000PE,0.1160561156651494
16-01-2026 14:45||NIFTY27JAN2625300CE,0.1116533479520177
16-01-2026 14:45||NIFTY27JAN2625600CE,0.102725644351785
16-01-2026 14:45||NIFTY27JAN2626300CE,0.1013901654191043
16-01-2026 14:45||NIFTY27JAN2626400CE,0.1037527378437537
16-01-2026 14:50||NIFTY27JAN2623900PE,0.1857074012931483
16-01-2026 14:50||NIFTY27JAN2624100PE,0.1722421753256462
16-01-2026 14:50||NIFTY27JAN2624200PE,0.1653824594043461
16-01-2026 14:50||NIFTY27JAN2624300PE,0.1581503956423684
16-01-2026 14:50||NIFTY27JAN2624700PE,0.1313246534570282
16-01-2026 14:50||NIFTY27JAN2625100PE,0.1123852406673223
16-01-2026 14:55||NIFTY27JAN2624200PE,0.1663805300780093
16-01-2026 14:55||NIFTY27JAN2624900PE,0.1203701481067683
16-01-2026 14:55||NIFTY27JAN2625200CE,0.1194849941721519
16-01-2026 14:55||NIFTY27JAN2625300CE,0.1176692578055983
16-01-2026 14:55||NIFTY27JAN2625600CE,0.1052761886395514
16-01-2026 14:55||NIFTY27JAN2625700CE,0.1041477980459696
16-01-2026 14:55||NIFTY27JAN2625800CE,0.0987540015895057
16-01-2026 15:00||NIFTY27JAN2624000PE,0.1764729028970525
16-01-2026 15:00||NIFTY27JAN2624800PE,0.1280982424147122
16-01-2026 15:00||NIFTY27JAN2624900PE,0.1211652931672418
16-01-2026 15:00||NIFTY27JAN2625500CE,0.1018126542230024
16-01-2026 15:05||NIFTY27JAN2623900PE,0.1855659422321764
16-01-2026 15:05||NIFTY27JAN2624100PE,0.1719133324570593
16-01-2026 15:05||NIFTY27JAN2624200PE,0.1635376653392321
16-01-2026 15:05||NIFTY27JAN2624600PE,0.1368307604788655
16-01-2026 15:05||NIFTY27JAN2624900PE,0.121285142277607
16-01-2026 15:05||NIFTY27JAN2626200CE,0.0990247899697212
16-01-2026 15:10||NIFTY27JAN2623900PE,0.1845106093654594
16-01-2026 15:10||NIFTY27JAN2624700PE,0.1324524542184227
16-01-2026 15:10||NIFTY27JAN2624800PE,0.1283128570882088
16-01-2026 15:10||NIFTY27JAN2625100PE,0.1142364857839827
16-01-2026 15:10||NIFTY27JAN2625600CE,0.1000102576750481
16-01-2026 15:15||NIFTY27JAN2623800PE,0.1935108889795756
16-01-2026 15:15||NIFTY27JAN2624200PE,0.1623357609486684
16-01-2026 15:15||NIFTY27JAN2624400PE,0.1505608047231255
16-01-2026 15:15||NIFTY27JAN2624500PE,0.1437559460004983
16-01-2026 15:15||NIFTY27JAN2624700PE,0.1316451992348509
16-01-2026 15:15||NIFTY27JAN2624800PE,0.1266802012635797
16-01-2026 15:15||NIFTY27JAN2625000PE,0.1153271438587724
16-01-2026 15:15||NIFTY27JAN2625300CE,0.1192442182601994
16-01-2026 15:15||NIFTY27JAN2625500CE,0.1092057961372969
16-01-2026 15:15||NIFTY27JAN2626000CE,0.0998696772528425
16-01-2026 15:15||NIFTY27JAN2626100CE,0.098296919409128
16-01-2026 15:15||NIFTY27JAN2626300CE,0.1038936259277692
16-01-2026 15:20||NIFTY27JAN2623900PE,0.1849008854103798
16-01-2026 15:20||NIFTY27JAN2624000PE,0.1773205192023421
16-01-2026 15:20||NIFTY27JAN2624200PE,0.1618240998305889
16-01-2026 15:20||NIFTY27JAN2624400PE,0.1502794418472457
16-01-2026 15:20||NIFTY27JAN2624600PE,0.1361695947632413
16-01-2026 15:20||NIFTY27JAN2624800PE,0.1256748466710122
16-01-2026 15:20||NIFTY27JAN2625500CE,0.1077221589407266
16-01-2026 15:20||NIFTY27JAN2625900CE,0.0985219713363559
16-01-2026 15:20||NIFTY27JAN2626100CE,0.0962934321095918
16-01-2026 15:20||NIFTY27JAN2626400CE,0.105751774938977
16-01-2026 15:20||NIFTY27JAN2626500CE,0.1070043736347088
16-01-2026 15:25||NIFTY27JAN2626400CE,0.0992934820375984
16-01-2026 15:25||NIFTY27JAN2626500CE,0.1049203083184341
19-01-2026 09:15||NIFTY27JAN2624700PE,0.1359376036969699
19-01-2026 09:15||NIFTY27JAN2624900PE,0.1235458730455069
19-01-2026 09:15||NIFTY27JAN2625400CE,0.1281731832815627
19-01-2026 09:15||NIFTY27JAN2625500CE,0.1236184064802527
19-01-2026 09:15||NIFTY27JAN2625900CE,0.1176219195136784
19-01-2026 09:15||NIFTY27JAN2626300CE,0.128177731195051
19-01-2026 09:15||NIFTY27JAN2626400CE,0.1321378834855815
19-01-2026 09:20||NIFTY27JAN2624600PE,0.1460059168075159
19-01-2026 09:20||NIFTY27JAN2625700CE,0.1000569505942843
19-01-2026 09:20||NIFTY27JAN2626100CE,0.1072310937684752
19-01-2026 09:20||NIFTY27JAN2626400CE,0.1237956735851438
19-01-2026 09:25||NIFTY27JAN2624500PE,0.1525335894094082
19-01-2026 09:25||NIFTY27JAN2625500CE,0.1027488723916558
19-01-2026 09:25||NIFTY27JAN2625600CE,0.1040803696870364
19-01-2026 09:25||NIFTY27JAN2625700CE,0.1039718020835208
19-01-2026 09:25||NIFTY27JAN2626100CE,0.1103000817418831
19-01-2026 09:25||NIFTY27JAN2626200CE,0.1137848721732197
19-01-2026 09:25||NIFTY27JAN2626400CE,0.1263860023888075
19-01-2026 09:30||NIFTY27JAN2623800PE,0.2065141310711977
19-01-2026 09:30||NIFTY27JAN2624000PE,0.1907459691496498
19-01-2026 09:30||NIFTY27JAN2624200PE,0.1740780580349948
19-01-2026 09:30||NIFTY27JAN2624300PE,0.1670098451791191
19-01-2026 09:30||NIFTY27JAN2624400PE,0.1585239897993257
19-01-2026 09:30||NIFTY27JAN2624800PE,0.1271172304925366
19-01-2026 09:30||NIFTY27JAN2625400CE,0.129657801921097
19-01-2026 09:30||NIFTY27JAN2625800CE,0.115576047783372
19-01-2026 09:30||NIFTY27JAN2626500CE,0.1362338250152844
19-01-2026 09:35||NIFTY27JAN2624500PE,0.1558923907273233
19-01-2026 09:35||NIFTY27JAN2624800PE,0.1345325518419614
19-01-2026 09:35||NIFTY27JAN2625500CE,0.1008615626773896
19-01-2026 09:35||NIFTY27JAN2625600CE,0.1016470278675824
19-01-2026 09:35||NIFTY27JAN2626200CE,0.1143287947479716
19-01-2026 09:40||NIFTY27JAN2624100PE,0.1839450706651611
19-01-2026 09:40||NIFTY27JAN2624200PE,0.1754065608942892
19-01-2026 09:40||NIFTY27JAN2624400PE,0.1585894975270375
19-01-2026 09:40||NIFTY27JAN2624500PE,0.1503673222555137
19-01-2026 09:40||NIFTY27JAN2624600PE,0.1423091916513957
19-01-2026 09:40||NIFTY27JAN2624900PE,0.1230784358319508
19-01-2026 09:40||NIFTY27JAN2625700CE,0.1088255473157195
19-01-2026 09:40||NIFTY27JAN2626200CE,0.1183893540509321
19-01-2026 09:40||NIFTY27JAN2626300CE,0.1239341202634727
19-01-2026 09:40||NIFTY27JAN2626500CE,0.1342361126629785
19-01-2026 09:45||NIFTY27JAN2623900PE,0.2008190705464381
19-01-2026 09:45||NIFTY27JAN2624000PE,0.1921422678965512
19-01-2026 09:45||NIFTY27JAN2626200CE,0.1172762874340659
19-01-2026 09:50||NIFTY27JAN2623900PE,0.2010660477229046
19-01-2026 09:50||NIFTY27JAN2624700PE,0.136907844155171
19-01-2026 09:50||NIFTY27JAN2624800PE,0.1316082588259621
19-01-2026 09:50||NIFTY27JAN2625300CE,0.1007923539486914
19-01-2026 09:50||NIFTY27JAN2625900CE,0.1048866561868433
19-01-2026 09:50||NIFTY27JAN2626200CE,0.1155386332276033
19-01-2026 09:55||NIFTY27JAN2624700PE,0.1370754715044081
19-01-2026 09:55||NIFTY27JAN2625400CE,0.1017591671016932
19-01-2026 09:55||NIFTY27JAN2625700CE,0.102743285032972
19-01-2026 09:55||NIFTY27JAN2626400CE,0.1266505462680383
19-01-2026 10:00||NIFTY27JAN2624400PE,0.158817422805795
19-01-2026 10:00||NIFTY27JAN2625000PE,0.1205833366590265
19-01-2026 10:00||NIFTY27JAN2625700CE,0.1056393334638007
19-01-2026 10:00||NIFTY27JAN2625900CE,0.1083289927397691
19-01-2026 10:05||NIFTY27JAN2624500PE,0.1480846106073443
19-01-2026 10:05||NIFTY27JAN2624800PE,0.1265475190858372
19-01-2026 10:05||NIFTY27JAN2625200CE,0.1300115636409838
19-01-2026 10:05||NIFTY27JAN2625500CE,0.1146036410350723
19-01-2026 10:05||NIFTY27JAN2626100CE,0.1178120221353799
19-01-2026 10:05||NIFTY27JAN2626200CE,0.1220490332406674
19-01-2026 10:10||NIFTY27JAN2623800PE,0.2084196241497574
19-01-2026 10:10||NIFTY27JAN2624200PE,0.1731908761403897
19-01-2026 10:10||NIFTY27JAN2624400PE,0.158049834973714
19-01-2026 10:10||NIFTY27JAN2625100PE,0.1156930925084353
19-01-2026 10:15||NIFTY27JAN2624200PE,0.1744282319460446
19-01-2026 10:15||NIFTY27JAN2624400PE,0.1575481311779976
19-01-2026 10:15||NIFTY27JAN2624700PE,0.1347437939114143
19-01-2026 10:15||NIFTY27JAN2624800PE,0.1297372918513392
19-01-2026 10:15||NIFTY27JAN2625100PE,0.113997639184763
19-01-2026 10:15||NIFTY27JAN2625500CE,0.1098461979815747
19-01-2026 10:15||NIFTY27JAN2625700CE,0.1082120198900721
19-01-2026 10:15||NIFTY27JAN2626200CE,0.1193348371677819
19-01-2026 10:15||NIFTY27JAN2626500CE,0.1376042768051655
19-01-2026 10:20||NIFTY27JAN2623900PE,0.2021145620892385
19-01-2026 10:20||NIFTY27JAN2624100PE,0.1846093859584638
19-01-2026 10:20||NIFTY27JAN2625500CE,0.1077459838238139
19-01-2026 10:20||NIFTY27JAN2626300CE,0.1242004367998683
19-01-2026 10:25||NIFTY27JAN2625400CE,0.0990826262795201
19-01-2026 10:25||NIFTY27JAN2626100CE,0.1142144805465047
19-01-2026 10:25||NIFTY27JAN2626400CE,0.1287412896047366
19-01-2026 10:25||NIFTY27JAN2626500CE,0.1378146391674761
19-01-2026 10:30||NIFTY27JAN2623800PE,0.2093162883627908
19-01-2026 10:30||NIFTY27JAN2623900PE,0.1994911207153843
19-01-2026 10:30||NIFTY27JAN2624600PE,0.1420944467724108
19-01-2026 10:30||NIFTY27JAN2624700PE,0.1366645775444719
19-01-2026 10:30||NIFTY27JAN2624800PE,0.1321315331556068
19-01-2026 10:30||NIFTY27JAN2624900PE,0.1269267535875415
19-01-2026 10:30||NIFTY27JAN2626200CE,0.1202347926837013
19-01-2026 10:35||NIFTY27JAN2623800PE,0.2053252576578297
19-01-2026 10:35||NIFTY27JAN2624700PE,0.135778605749065
19-01-2026 10:35||NIFTY27JAN2624800PE,0.130986558788391
19-01-2026 10:35||NIFTY27JAN2625000PE,0.1227364676681762
19-01-2026 10:35||NIFTY27JAN2625200CE,0.1100357121876488
19-01-2026 10:35||NIFTY27JAN2626300CE,0.1264053913688268
19-01-2026 10:40||NIFTY27JAN2623800PE,0.2053931585761302
19-01-2026 10:40||NIFTY27JAN2623900PE,0.1973801553716223
19-01-2026 10:40||NIFTY27JAN2624000PE,0.1897320183875693
19-01-2026 10:40||NIFTY27JAN2624700PE,0.1339869345566705
19-01-2026 10:40||NIFTY27JAN2625400CE,0.1177950084537234
19-01-2026 10:40||NIFTY27JAN2625700CE,0.112399485178531
19-01-2026 10:45||NIFTY27JAN2624000PE,0.1930376178399582
19-01-2026 10:45||NIFTY27JAN2624700PE,0.1368828395605064
19-01-2026 10:45||NIFTY27JAN2625600CE,0.105775220805967
19-01-2026 10:45||NIFTY27JAN2626200CE,0.1182867966367163
19-01-2026 10:50||NIFTY27JAN2625100PE,0.1179263909947085
19-01-2026 10:50||NIFTY27JAN2625200CE,0.1237486269886561
19-01-2026 10:50||NIFTY27JAN2626200CE,0.1192691781240283
19-01-2026 10:55||NIFTY27JAN2624100PE,0.1817146115851733
19-01-2026 10:55||NIFTY27JAN2624200PE,0.1747410857365018
19-01-2026 10:55||NIFTY27JAN2624500PE,0.1497011527659306
19-01-2026 10:55||NIFTY27JAN2625400CE,0.1189273588473558
19-01-2026 10:55||NIFTY27JAN2625500CE,0.1151759522256594
19-01-2026 10:55||NIFTY27JAN2625900CE,0.112827060927018
19-01-2026 10:55||NIFTY27JAN2626000CE,0.1150947413540819
19-01-2026 11:00||NIFTY27JAN2623900PE,0.2018642720057752
19-01-2026 11:00||NIFTY27JAN2624400PE,0.1598140702036214
19-01-2026 11:00||NIFTY27JAN2625400CE,0.1166618584232722
19-01-2026 11:00||NIFTY27JAN2625600CE,0.1111064638396142
19-01-2026 11:00||NIFTY27JAN2625700CE,0.110884727914462
19-01-2026 11:00||NIFTY27JAN2625800CE,0.1077086635443659
19-01-2026 11:00||NIFTY27JAN2626300CE,0.1217575187671072
19-01-2026 11:00||NIFTY27JAN2626500CE,0.1332410987239215
19-01-2026 11:05||NIFTY27JAN2623800PE,0.2127478397096696
19-01-2026 11:05||NIFTY27JAN2623900PE,0.2047496594075316
19-01-2026 11:05||NIFTY27JAN2624200PE,0.1787498096269028
19-01-2026 11:05||NIFTY27JAN2624500PE,0.1557025685131305
19-01-2026 11:05||NIFTY27JAN2625000PE,0.1256504188109719
19-01-2026 11:05||NIFTY27JAN2625600CE,0.1026754611474451
19-01-2026 11:05||NIFTY27JAN2626100CE,0.1084095395020798
19-01-2026 11:10||NIFTY27JAN2624300PE,0.1669707766025085
19-01-2026 11:10||NIFTY27JAN2625800CE,0.1036967040957739
19-01-2026 11:15||NIFTY27JAN2624400PE,0.1596357811902451
19-01-2026 11:15||NIFTY27JAN2624500PE,0.1525631053618465
19-01-2026 11:15||NIFTY27JAN2624600PE,0.1454844935992844
19-01-2026 11:15||NIFTY27JAN2624700PE,0.139112185713424
19-01-2026 11:15||NIFTY27JAN2624900PE,0.1279127755915293
19-01-2026 11:15||NIFTY27JAN2625100PE,0.1191222583884638
19-01-2026 11:20||NIFTY27JAN2623800PE,0.2080785889412873
19-01-2026 11:20||NIFTY27JAN2624200PE,0.1745530990164482
19-01-2026 11:20||NIFTY27JAN2624300PE,0.167361692316507
19-01-2026 11:20||NIFTY27JAN2624500PE,0.1507164188071409
19-01-2026 11:20||NIFTY27JAN2624900PE,0.1247973540932618
19-01-2026 11:20||NIFTY27JAN2625400CE,0.1186082746219475
19-01-2026 11:20||NIFTY27JAN2625500CE,0.1139042035909114
19-01-2026 11:20||NIFTY27JAN2625600CE,0.1129375489940018
19-01-2026 11:20||NIFTY27JAN2625700CE,0.1124027068056121
19-01-2026 11:20||NIFTY27JAN2626200CE,0.1200466262203122
19-01-2026 11:20||NIFTY27JAN2626300CE,0.1246469362137096
19-01-2026 11:20||NIFTY27JAN2626500CE,0.1346708924936605
19-01-2026 11:25||NIFTY27JAN2624900PE,0.1252829594266102
19-01-2026 11:25||NIFTY27JAN2625300CE,0.1167419235489876
19-01-2026 11:25||NIFTY27JAN2625400CE,0.1160842887538092
19-01-2026 11:30||NIFTY27JAN2624100PE,0.1826295147404989
19-01-2026 11:30||NIFTY27JAN2624600PE,0.1434309211118908
19-01-2026 11:30||NIFTY27JAN2624900PE,0.1247185644722871
19-01-2026 11:30||NIFTY27JAN2625000PE,0.1196856373742781
19-01-2026 11:30||NIFTY27JAN2625500CE,0.1124294532847413
19-01-2026 11:30||NIFTY27JAN2625700CE,0.110392807205898
19-01-2026 11:30||NIFTY27JAN2626500CE,0.1372094901276502
19-01-2026 11:35||NIFTY27JAN2623900PE,0.1998899534661931
19-01-2026 11:35||NIFTY27JAN2624600PE,0.1416204464964543
19-01-2026 11:35||NIFTY27JAN2625800CE,0.1095426390071271
19-01-2026 11:35||NIFTY27JAN2626000CE,0.1137600570994792
19-01-2026 11:35||NIFTY27JAN2626200CE,0.1166827589990894
19-01-2026 11:35||NIFTY27JAN2626300CE,0.1227590321712708
19-01-2026 11:35||NIFTY27JAN2626400CE,0.1251307424586036
19-01-2026 11:35||NIFTY27JAN2626500CE,0.1315726790180953
19-01-2026 11:40||NIFTY27JAN2623800PE,0.2088468251827207
19-01-2026 11:40||NIFTY27JAN2624100PE,0.1845079435185772
19-01-2026 11:40||NIFTY27JAN2624200PE,0.1757193924224125
19-01-2026 11:40||NIFTY27JAN2624400PE,0.1589189461662823
19-01-2026 11:40||NIFTY27JAN2624500PE,0.151476831302477
19-01-2026 11:40||NIFTY27JAN2625100PE,0.1141669023159114
19-01-2026 11:45||NIFTY27JAN2624300PE,0.1685971050109978
19-01-2026 11:45||NIFTY27JAN2625400CE,0.1146091546208321
19-01-2026 11:50||NIFTY27JAN2624600PE,0.1452864221641277
19-01-2026 11:50||NIFTY27JAN2625200CE,0.1218544182992956
19-01-2026 11:50||NIFTY27JAN2626300CE,0.1216243229970779
19-01-2026 11:55||NIFTY27JAN2623800PE,0.2068112565179972
19-01-2026 11:55||NIFTY27JAN2624300PE,0.170045519679484
19-01-2026 11:55||NIFTY27JAN2624500PE,0.1553597817399748
19-01-2026 11:55||NIFTY27JAN2624600PE,0.1483797053749217
19-01-2026 11:55||NIFTY27JAN2624700PE,0.1408267941427056
19-01-2026 11:55||NIFTY27JAN2625900CE,0.1052019190586996
19-01-2026 11:55||NIFTY27JAN2626200CE,0.1172705639437151
19-01-2026 12:00||NIFTY27JAN2624200PE,0.1782127073049968
19-01-2026 12:00||NIFTY27JAN2624300PE,0.1705081185170226
19-01-2026 12:00||NIFTY27JAN2624400PE,0.1624326409930447
19-01-2026 12:00||NIFTY27JAN2624500PE,0.154565815887472
19-01-2026 12:00||NIFTY27JAN2624700PE,0.1367970630688732
19-01-2026 12:00||NIFTY27JAN2625000PE,0.1218564847656511
19-01-2026 12:00||NIFTY27JAN2626100CE,0.1126243573988452
19-01-2026 12:00||NIFTY27JAN2626500CE,0.1302257971438778
19-01-2026 12:05||NIFTY27JAN2623900PE,0.2009359797060556
19-01-2026 12:05||NIFTY27JAN2624400PE,0.1598008664774621
19-01-2026 12:05||NIFTY27JAN2624500PE,0.1523203877942969
19-01-2026 12:05||NIFTY27JAN2625200CE,0.1157396092716868
19-01-2026 12:05||NIFTY27JAN2625400CE,0.1086269057887326
19-01-2026 12:05||NIFTY27JAN2625500CE,0.1073273635682352
19-01-2026 12:05||NIFTY27JAN2625700CE,0.105219269401241
19-01-2026 12:05||NIFTY27JAN2626100CE,0.1154219677715085
19-01-2026 12:05||NIFTY27JAN2626200CE,0.1184566163838404
19-01-2026 12:05||NIFTY27JAN2626400CE,0.1273854982901205
19-01-2026 12:05||NIFTY27JAN2626500CE,0.1345188382357295
19-01-2026 12:10||NIFTY27JAN2623900PE,0.2012138498671385
19-01-2026 12:10||NIFTY27JAN2625600CE,0.1089417973190237
19-01-2026 12:10||NIFTY27JAN2626400CE,0.1291755252977353
19-01-2026 12:15||NIFTY27JAN2623900PE,0.2010998784965112
19-01-2026 12:15||NIFTY27JAN2624100PE,0.1846601532044307
19-01-2026 12:15||NIFTY27JAN2624300PE,0.167251011388786
19-01-2026 12:20||NIFTY27JAN2623800PE,0.210739046433771
19-01-2026 12:20||NIFTY27JAN2624400PE,0.1606270545510656
19-01-2026 12:20||NIFTY27JAN2625100PE,0.1185550150167292
19-01-2026 12:20||NIFTY27JAN2625300CE,0.1089626846692974
19-01-2026 12:20||NIFTY27JAN2626200CE,0.1151098975277112
19-01-2026 12:25||NIFTY27JAN2623800PE,0.2108952810345372
19-01-2026 12:25||NIFTY27JAN2625700CE,0.1056580178626216
19-01-2026 12:25||NIFTY27JAN2626500CE,0.1374036619228071
19-01-2026 12:30||NIFTY27JAN2623900PE,0.2016189065323662
19-01-2026 12:30||NIFTY27JAN2624300PE,0.1690386077218652
19-01-2026 12:30||NIFTY27JAN2624500PE,0.1526492981291895
19-01-2026 12:30||NIFTY27JAN2625000PE,0.1209660171274605
19-01-2026 12:30||NIFTY27JAN2625400CE,0.10833288995114
19-01-2026 12:30||NIFTY27JAN2626500CE,0.1356871446163227
19-01-2026 12:35||NIFTY27JAN2624100PE,0.1840632039282863
19-01-2026 12:35||NIFTY27JAN2624200PE,0.1757724942150826
19-01-2026 12:35||NIFTY27JAN2624400PE,0.1591299851381258
19-01-2026 12:35||NIFTY27JAN2624700PE,0.1380900307068393
19-01-2026 12:35||NIFTY27JAN2625000PE,0.1215075293117745
19-01-2026 12:35||NIFTY27JAN2625300CE,0.110731241925344
19-01-2026 12:40||NIFTY27JAN2623800PE,0.2100114728319178
19-01-2026 12:40||NIFTY27JAN2625700CE,0.1101819422276326
19-01-2026 12:40||NIFTY27JAN2625800CE,0.1073014779509917
19-01-2026 12:40||NIFTY27JAN2626400CE,0.1305388805367948
19-01-2026 12:45||NIFTY27JAN2626000CE,0.1097608675747134
19-01-2026 12:45||NIFTY27JAN2626100CE,0.1127729073799177
19-01-2026 12:45||NIFTY27JAN2626400CE,0.127693349225798
19-01-2026 12:50||NIFTY27JAN2623800PE,0.208120122502999
19-01-2026 12:50||NIFTY27JAN2624200PE,0.1771389740510659
19-01-2026 12:50||NIFTY27JAN2625900CE,0.1112018611319725
19-01-2026 12:50||NIFTY27JAN2626500CE,0.1352129500811376
19-01-2026 12:55||NIFTY27JAN2623900PE,0.2115451314394835
19-01-2026 12:55||NIFTY27JAN2624100PE,0.1886097089310885
19-01-2026 12:55||NIFTY27JAN2624300PE,0.1743050776815232
19-01-2026 12:55||NIFTY27JAN2624400PE,0.1683135542734796
19-01-2026 12:55||NIFTY27JAN2624500PE,0.1591616829251596
19-01-2026 12:55||NIFTY27JAN2624700PE,0.1374088798965908
19-01-2026 12:55||NIFTY27JAN2625100PE,0.1068495441661041
19-01-2026 12:55||NIFTY27JAN2625700CE,0.1045280851913597
19-01-2026 12:55||NIFTY27JAN2626000CE,0.1138822965081589
19-01-2026 13:00||NIFTY27JAN2623900PE,0.204823641987202
19-01-2026 13:00||NIFTY27JAN2624000PE,0.1968386091032307
19-01-2026 13:00||NIFTY27JAN2624400PE,0.1622698312944707
19-01-2026 13:00||NIFTY27JAN2624700PE,0.1391299468505536
19-01-2026 13:00||NIFTY27JAN2625400CE,0.1083014785831928
19-01-2026 13:00||NIFTY27JAN2625600CE,0.1044360022256962
19-01-2026 13:00||NIFTY27JAN2625900CE,0.1065914748542179
19-01-2026 13:00||NIFTY27JAN2626200CE,0.11729832198919
19-01-2026 13:00||NIFTY27JAN2626500CE,0.132033319058032
19-01-2026 13:05||NIFTY27JAN2624600PE,0.1467080183461695
19-01-2026 13:05||NIFTY27JAN2625100PE,0.1200914324421689
19-01-2026 13:05||NIFTY27JAN2625700CE,0.104129310351633
19-01-2026 13:10||NIFTY27JAN2623800PE,0.2119294787422781
19-01-2026 13:10||NIFTY27JAN2623900PE,0.2053205636031748
19-01-2026 13:10||NIFTY27JAN2624400PE,0.1623128602888758
19-01-2026 13:10||NIFTY27JAN2624500PE,0.1540969304628884
19-01-2026 13:10||NIFTY27JAN2624600PE,0.1470259870431671
19-01-2026 13:10||NIFTY27JAN2626200CE,0.1143473581492912
19-01-2026 13:10||NIFTY27JAN2626300CE,0.1220991297137064
19-01-2026 13:15||NIFTY27JAN2625800CE,0.1065953495985196
19-01-2026 13:20||NIFTY27JAN2624400PE,0.1621303856702626
19-01-2026 13:20||NIFTY27JAN2624800PE,0.1327857652648106
19-01-2026 13:20||NIFTY27JAN2624900PE,0.1268208507122382
19-01-2026 13:20||NIFTY27JAN2625000PE,0.1212734498738602
19-01-2026 13:20||NIFTY27JAN2625200CE,0.1156895374413397
19-01-2026 13:20||NIFTY27JAN2625400CE,0.1052016439901619
19-01-2026 13:25||NIFTY27JAN2623900PE,0.2045516524735446
19-01-2026 13:25||NIFTY27JAN2625000PE,0.1199437600148043
19-01-2026 13:25||NIFTY27JAN2625300CE,0.1109112892027273
19-01-2026 13:25||NIFTY27JAN2625400CE,0.1079478739735612
19-01-2026 13:25||NIFTY27JAN2625900CE,0.1064147857287802
19-01-2026 13:25||NIFTY27JAN2626200CE,0.1178517892736611
19-01-2026 13:25||NIFTY27JAN2626500CE,0.1329967910856411
19-01-2026 13:30||NIFTY27JAN2624300PE,0.1703306946433898
19-01-2026 13:30||NIFTY27JAN2624900PE,0.1251751415352998
19-01-2026 13:30||NIFTY27JAN2625100PE,0.1136822633212464
19-01-2026 13:30||NIFTY27JAN2625800CE,0.1062273299803611
19-01-2026 13:30||NIFTY27JAN2626100CE,0.1129475352372389
19-01-2026 13:30||NIFTY27JAN2626300CE,0.1224741004890122
19-01-2026 13:30||NIFTY27JAN2626500CE,0.1330835697438041
19-01-2026 13:35||NIFTY27JAN2624400PE,0.1634920555305691
19-01-2026 13:35||NIFTY27JAN2624900PE,0.1276592387023215
19-01-2026 13:35||NIFTY27JAN2626200CE,0.1153445984887751
19-01-2026 13:35||NIFTY27JAN2626400CE,0.1262792847960391
19-01-2026 13:40||NIFTY27JAN2624800PE,0.1346983090247182
19-01-2026 13:40||NIFTY27JAN2625300CE,0.1022916889350917
19-01-2026 13:40||NIFTY27JAN2625400CE,0.1012559148410153
19-01-2026 13:40||NIFTY27JAN2625600CE,0.10122087833987
19-01-2026 13:40||NIFTY27JAN2625800CE,0.1002014761768917
19-01-2026 13:40||NIFTY27JAN2625900CE,0.1029687481226615
19-01-2026 13:45||NIFTY27JAN2624300PE,0.1695306444193002
19-01-2026 13:45||NIFTY27JAN2624700PE,0.1344080491919911
19-01-2026 13:45||NIFTY27JAN2625100PE,0.1077388554143002
19-01-2026 13:45||NIFTY27JAN2625500CE,0.1220124827093602
19-01-2026 13:45||NIFTY27JAN2626500CE,0.1338451504030498
19-01-2026 13:50||NIFTY27JAN2623900PE,0.2054473287901764
19-01-2026 13:50||NIFTY27JAN2624200PE,0.182285349429924
19-01-2026 13:50||NIFTY27JAN2625100PE,0.1151706508272648
19-01-2026 13:50||NIFTY27JAN2625400CE,0.1171116394149497
19-01-2026 13:50||NIFTY27JAN2625700CE,0.1077519770431437
19-01-2026 13:50||NIFTY27JAN2626200CE,0.114501891067964
19-01-2026 13:55||NIFTY27JAN2624500PE,0.1591548288633318
19-01-2026 13:55||NIFTY27JAN2624600PE,0.1517187801430349
19-01-2026 13:55||NIFTY27JAN2625600CE,0.1044282413242546
19-01-2026 13:55||NIFTY27JAN2625700CE,0.1026061545432495
19-01-2026 13:55||NIFTY27JAN2625800CE,0.1016682867648364
19-01-2026 13:55||NIFTY27JAN2625900CE,0.1028967191982996
19-01-2026 13:55||NIFTY27JAN2626200CE,0.1122483053306902
19-01-2026 14:00||NIFTY27JAN2624100PE,0.1924445707226123
19-01-2026 14:00||NIFTY27JAN2624600PE,0.150037649653146
19-01-2026 14:00||NIFTY27JAN2625300CE,0.1222070821961491
19-01-2026 14:00||NIFTY27JAN2625800CE,0.1074810270765924
19-01-2026 14:00||NIFTY27JAN2625900CE,0.1074644939014745
19-01-2026 14:00||NIFTY27JAN2626100CE,0.1096873385267696
19-01-2026 14:05||NIFTY27JAN2623800PE,0.2206936623071229
19-01-2026 14:05||NIFTY27JAN2624200PE,0.1877792389592138
19-01-2026 14:05||NIFTY27JAN2624500PE,0.1617393594365946
19-01-2026 14:05||NIFTY27JAN2625000PE,0.1251400421178544
19-01-2026 14:05||NIFTY27JAN2625400CE,0.1073322951257616
19-01-2026 14:05||NIFTY27JAN2626500CE,0.1216955819080287
19-01-2026 14:10||NIFTY27JAN2624400PE,0.1696622090302842
19-01-2026 14:10||NIFTY27JAN2624500PE,0.1603611608024728
19-01-2026 14:10||NIFTY27JAN2625100PE,0.1201469907083713
19-01-2026 14:10||NIFTY27JAN2625200CE,0.1021442710050274
19-01-2026 14:10||NIFTY27JAN2626100CE,0.1035453473538629
19-01-2026 14:15||NIFTY27JAN2623800PE,0.2162071118515492
19-01-2026 14:15||NIFTY27JAN2624100PE,0.1911295397646301
19-01-2026 14:15||NIFTY27JAN2624200PE,0.1844542259661279
19-01-2026 14:15||NIFTY27JAN2624500PE,0.1588107545034176
19-01-2026 14:15||NIFTY27JAN2624700PE,0.1404970236213209
19-01-2026 14:15||NIFTY27JAN2624800PE,0.1343962925086373
19-01-2026 14:15||NIFTY27JAN2625100PE,0.1099592839399887
19-01-2026 14:15||NIFTY27JAN2626400CE,0.1218601345010152
19-01-2026 14:20||NIFTY27JAN2624200PE,0.1858229933767671
19-01-2026 14:20||NIFTY27JAN2624500PE,0.1605865509529878
19-01-2026 14:20||NIFTY27JAN2625800CE,0.1014893773758014
19-01-2026 14:20||NIFTY27JAN2626000CE,0.1039089344549326
19-01-2026 14:25||NIFTY27JAN2624000PE,0.2010104076865637
19-01-2026 14:25||NIFTY27JAN2625100PE,0.120747672307663
19-01-2026 14:25||NIFTY27JAN2625700CE,0.0980996545925275
19-01-2026 14:25||NIFTY27JAN2625900CE,0.1012021593581644
19-01-2026 14:25||NIFTY27JAN2626000CE,0.1033354420055241
19-01-2026 14:25||NIFTY27JAN2626500CE,0.1206963756823444
19-01-2026 14:30||NIFTY27JAN2624100PE,0.1926049215095154
19-01-2026 14:30||NIFTY27JAN2624300PE,0.1751287713673452
19-01-2026 14:30||NIFTY27JAN2624700PE,0.1425992745011297
19-01-2026 14:30||NIFTY27JAN2624800PE,0.1367397956082878
19-01-2026 14:30||NIFTY27JAN2625000PE,0.1239706459064769
19-01-2026 14:35||NIFTY27JAN2623800PE,0.2160462023425123
19-01-2026 14:35||NIFTY27JAN2624300PE,0.1745610759907315
19-01-2026 14:35||NIFTY27JAN2625000PE,0.1230919982237857
19-01-2026 14:35||NIFTY27JAN2625800CE,0.1040606185678911
19-01-2026 14:35||NIFTY27JAN2626100CE,0.107696882443112
19-01-2026 14:35||NIFTY27JAN2626300CE,0.1167463744175897
19-01-2026 14:35||NIFTY27JAN2626400CE,0.1190134067899368
19-01-2026 14:40||NIFTY27JAN2624000PE,0.2017335199228013
19-01-2026 14:40||NIFTY27JAN2624300PE,0.1764879956132051
19-01-2026 14:40||NIFTY27JAN2624700PE,0.1437638414742357
19-01-2026 14:40||NIFTY27JAN2625200CE,0.1114725814000997
19-01-2026 14:45||NIFTY27JAN2623900PE,0.211499286956194
19-01-2026 14:45||NIFTY27JAN2624100PE,0.1934325423350198
19-01-2026 14:45||NIFTY27JAN2624400PE,0.1687968709165161
19-01-2026 14:45||NIFTY27JAN2624600PE,0.1519011058870289
19-01-2026 14:45||NIFTY27JAN2624800PE,0.1377491967937941
19-01-2026 14:45||NIFTY27JAN2625800CE,0.0995406830809899
19-01-2026 14:45||NIFTY27JAN2626000CE,0.1030267729744535
19-01-2026 14:50||NIFTY27JAN2624000PE,0.2041863164475079
19-01-2026 14:50||NIFTY27JAN2624200PE,0.1871195036269965
19-01-2026 14:50||NIFTY27JAN2624500PE,0.1618771108592925
19-01-2026 14:50||NIFTY27JAN2625100PE,0.1176033895239379
19-01-2026 14:50||NIFTY27JAN2625700CE,0.1020082866677859
19-01-2026 14:55||NIFTY27JAN2623800PE,0.2218691373745518
19-01-2026 14:55||NIFTY27JAN2624400PE,0.1705591775099003
19-01-2026 14:55||NIFTY27JAN2625300CE,0.1061978870041258
19-01-2026 14:55||NIFTY27JAN2625400CE,0.1038862405923404
19-01-2026 14:55||NIFTY27JAN2626000CE,0.1017041230236704
19-01-2026 14:55||NIFTY27JAN2626100CE,0.1026907661646021
19-01-2026 15:00||NIFTY27JAN2624300PE,0.1801325421337009
19-01-2026 15:00||NIFTY27JAN2625000PE,0.1287077731913788
19-01-2026 15:00||NIFTY27JAN2625600CE,0.0922402308076505
19-01-2026 15:00||NIFTY27JAN2626000CE,0.0962399892429825
19-01-2026 15:00||NIFTY27JAN2626300CE,0.1086438798562662
19-01-2026 15:05||NIFTY27JAN2623900PE,0.2111728383290352
19-01-2026 15:05||NIFTY27JAN2625700CE,0.0951749484474566
19-01-2026 15:05||NIFTY27JAN2626000CE,0.0993228123551182
19-01-2026 15:05||NIFTY27JAN2626400CE,0.1152175098682726
19-01-2026 15:10||NIFTY27JAN2624100PE,0.1920824744900325
19-01-2026 15:10||NIFTY27JAN2624300PE,0.1759019719834211
19-01-2026 15:10||NIFTY27JAN2624800PE,0.1396337537997967
19-01-2026 15:10||NIFTY27JAN2625800CE,0.0956388364368716
19-01-2026 15:10||NIFTY27JAN2626100CE,0.1016882930912358
19-01-2026 15:15||NIFTY27JAN2624200PE,0.1838911610786019
19-01-2026 15:15||NIFTY27JAN2624400PE,0.1671952067724141
19-01-2026 15:15||NIFTY27JAN2624500PE,0.1603653674007024
19-01-2026 15:15||NIFTY27JAN2624600PE,0.1527570146707646
19-01-2026 15:15||NIFTY27JAN2624700PE,0.1458656419774568
19-01-2026 15:15||NIFTY27JAN2625300CE,0.0855383974151341
19-01-2026 15:15||NIFTY27JAN2625400CE,0.0891964397951362
19-01-2026 15:15||NIFTY27JAN2626200CE,0.1066402160808908
19-01-2026 15:20||NIFTY27JAN2624500PE,0.1576864394243927
19-01-2026 15:20||NIFTY27JAN2625200CE,0.1006660468940382
19-01-2026 15:20||NIFTY27JAN2625800CE,0.0965800127261491
19-01-2026 15:20||NIFTY27JAN2626400CE,0.1190076218009895
19-01-2026 15:20||NIFTY27JAN2626500CE,0.1252473020203687
19-01-2026 15:25||NIFTY27JAN2624300PE,0.1731236655125023
19-01-2026 15:25||NIFTY27JAN2624400PE,0.1650233782060668
19-01-2026 15:25||NIFTY27JAN2624700PE,0.1433050008182619
19-01-2026 15:25||NIFTY27JAN2625800CE,0.0946955694920352
19-01-2026 15:25||NIFTY27JAN2626300CE,0.1169610182849746
20-01-2026 09:15||NIFTY27JAN2623900PE,0.2081868551932513
20-01-2026 09:15||NIFTY27JAN2624000PE,0.1996815136283793
20-01-2026 09:15||NIFTY27JAN2624100PE,0.1906200104792599
20-01-2026 09:15||NIFTY27JAN2624400PE,0.166339260862162
20-01-2026 09:15||NIFTY27JAN2624600PE,0.150975836483169
20-01-2026 09:15||NIFTY27JAN2625200CE,0.1134034870397654
20-01-2026 09:15||NIFTY27JAN2625500CE,0.1043585962219632
20-01-2026 09:15||NIFTY27JAN2626200CE,0.1147407794103251
20-01-2026 09:15||NIFTY27JAN2626300CE,0.1210477484340292
20-01-2026 09:15||NIFTY27JAN2626400CE,0.1261584791702479
20-01-2026 09:20||NIFTY27JAN2623800PE,0.212079516011839
20-01-2026 09:20||NIFTY27JAN2624000PE,0.1974511794378342
20-01-2026 09:20||NIFTY27JAN2624700PE,0.1449605471941508
20-01-2026 09:20||NIFTY27JAN2625200CE,0.0800765738930687
20-01-2026 09:20||NIFTY27JAN2625400CE,0.0899189241970857
20-01-2026 09:20||NIFTY27JAN2625500CE,0.0941030910791595
20-01-2026 09:20||NIFTY27JAN2625800CE,0.0974431522696165
20-01-2026 09:20||NIFTY27JAN2626300CE,0.1206284344688311
20-01-2026 09:20||NIFTY27JAN2626500CE,0.1348017027815192
20-01-2026 09:25||NIFTY27JAN2623900PE,0.2022885447202342
20-01-2026 09:25||NIFTY27JAN2625000PE,0.1258355832447298
20-01-2026 09:25||NIFTY27JAN2625400CE,0.1049858659620047
20-01-2026 09:30||NIFTY27JAN2623900PE,0.2033177729766543
20-01-2026 09:30||NIFTY27JAN2624400PE,0.1596671235244116
20-01-2026 09:30||NIFTY27JAN2624800PE,0.1318431309950555
20-01-2026 09:30||NIFTY27JAN2625700CE,0.1055914773447952
20-01-2026 09:30||NIFTY27JAN2626100CE,0.1164240488711595
20-01-2026 09:30||NIFTY27JAN2626300CE,0.13024510230776
20-01-2026 09:35||NIFTY27JAN2624500PE,0.1534082787529875
20-01-2026 09:35||NIFTY27JAN2625200CE,0.1115476725088918
20-01-2026 09:35||NIFTY27JAN2625700CE,0.1041251102633538
20-01-2026 09:35||NIFTY27JAN2625800CE,0.1054096818206733
20-01-2026 09:35||NIFTY27JAN2626200CE,0.1244607977271328
20-01-2026 09:40||NIFTY27JAN2623800PE,0.2131333350483125
20-01-2026 09:40||NIFTY27JAN2624100PE,0.1866952451164263
20-01-2026 09:40||NIFTY27JAN2625000PE,0.1221791013643426
20-01-2026 09:40||NIFTY27JAN2625900CE,0.1136470081399785
20-01-2026 09:40||NIFTY27JAN2626100CE,0.1228652614320039
20-01-2026 09:40||NIFTY27JAN2626200CE,0.1297554220528122
20-01-2026 09:40||NIFTY27JAN2626400CE,0.1381015718278778
20-01-2026 09:45||NIFTY27JAN2624800PE,0.1333621767995345
20-01-2026 09:45||NIFTY27JAN2625500CE,0.111967942179469
20-01-2026 09:45||NIFTY27JAN2626200CE,0.1276832829687492
20-01-2026 09:45||NIFTY27JAN2626300CE,0.133359585054526
20-01-2026 09:50||NIFTY27JAN2624100PE,0.1886865172297772
20-01-2026 09:50||NIFTY27JAN2624800PE,0.136072605928575
20-01-2026 09:50||NIFTY27JAN2625100PE,0.1244478692092223
20-01-2026 09:50||NIFTY27JAN2625200CE,0.100288681070137
20-01-2026 09:55||NIFTY27JAN2623900PE,0.2035214365263108
20-01-2026 09:55||NIFTY27JAN2624100PE,0.1845960146596604
20-01-2026 09:55||NIFTY27JAN2625000PE,0.1223616131736676
20-01-2026 10:00||NIFTY27JAN2623900PE,0.2062683156267603
20-01-2026 10:00||NIFTY27JAN2624600PE,0.1449714745971973
20-01-2026 10:00||NIFTY27JAN2624700PE,0.1380725350758221
20-01-2026 10:00||NIFTY27JAN2625200CE,0.1245690083134342
20-01-2026 10:00||NIFTY27JAN2625400CE,0.1147402196265106
20-01-2026 10:00||NIFTY27JAN2625700CE,0.1099587269194713
20-01-2026 10:00||NIFTY27JAN2626000CE,0.1167428292662824
20-01-2026 10:00||NIFTY27JAN2626200CE,0.1266203345462732
20-01-2026 10:05||NIFTY27JAN2626100CE,0.1191377351869758
20-01-2026 10:05||NIFTY27JAN2626200CE,0.1242487939862679
20-01-2026 10:05||NIFTY27JAN2626500CE,0.1437396478353159
20-01-2026 10:10||NIFTY27JAN2624900PE,0.130216837496733
20-01-2026 10:10||NIFTY27JAN2625100PE,0.123151810775299
20-01-2026 10:10||NIFTY27JAN2626500CE,0.142469122894172
20-01-2026 10:15||NIFTY27JAN2624000PE,0.1950662588502604
20-01-2026 10:15||NIFTY27JAN2625800CE,0.1124825007759965
20-01-2026 10:15||NIFTY27JAN2626300CE,0.1320828977212954
20-01-2026 10:20||NIFTY27JAN2624100PE,0.1872076183606504
20-01-2026 10:20||NIFTY27JAN2625700CE,0.1045966240648981
20-01-2026 10:20||NIFTY27JAN2626000CE,0.1122458308181056
20-01-2026 10:25||NIFTY27JAN2623800PE,0.2132134923417417
20-01-2026 10:25||NIFTY27JAN2624700PE,0.1389841530443112
20-01-2026 10:25||NIFTY27JAN2625000PE,0.1240755925175085
20-01-2026 10:25||NIFTY27JAN2625800CE,0.1064054577278295
20-01-2026 10:25||NIFTY27JAN2626200CE,0.1170305420479286
20-01-2026 10:25||NIFTY27JAN2626400CE,0.1337088501629443
20-01-2026 10:30||NIFTY27JAN2623900PE,0.2063619107447868
20-01-2026 10:30||NIFTY27JAN2624000PE,0.1986515952898862
20-01-2026 10:30||NIFTY27JAN2624300PE,0.1705476327016059
20-01-2026 10:30||NIFTY27JAN2624600PE,0.1453619981624197
20-01-2026 10:30||NIFTY27JAN2625500CE,0.1068265159571341
20-01-2026 10:30||NIFTY27JAN2625700CE,0.1071854503250135
20-01-2026 10:30||NIFTY27JAN2625800CE,0.1070909113509647
20-01-2026 10:35||NIFTY27JAN2624300PE,0.1707413720823536
20-01-2026 10:35||NIFTY27JAN2624700PE,0.136406421182303
20-01-2026 10:35||NIFTY27JAN2625200CE,0.1332429987037132
20-01-2026 10:35||NIFTY27JAN2625400CE,0.1182305573627083
20-01-2026 10:35||NIFTY27JAN2625900CE,0.1119263115756346
20-01-2026 10:40||NIFTY27JAN2624000PE,0.1981895767430096
20-01-2026 10:40||NIFTY27JAN2624300PE,0.1715066181485215
20-01-2026 10:40||NIFTY27JAN2625800CE,0.1037739518235282
20-01-2026 10:40||NIFTY27JAN2626000CE,0.1100241096040891
20-01-2026 10:45||NIFTY27JAN2624900PE,0.1266812647961024
20-01-2026 10:45||NIFTY27JAN2625900CE,0.1082859116334633
20-01-2026 10:45||NIFTY27JAN2626200CE,0.1215273441979189
20-01-2026 10:45||NIFTY27JAN2626400CE,0.1339882456712987
20-01-2026 10:50||NIFTY27JAN2623800PE,0.2153386827725643
20-01-2026 10:50||NIFTY27JAN2624100PE,0.1876539232284729
20-01-2026 10:50||NIFTY27JAN2625300CE,0.10630212863826
20-01-2026 10:50||NIFTY27JAN2626200CE,0.1193615295990148
20-01-2026 10:55||NIFTY27JAN2624200PE,0.1773544310553264
20-01-2026 10:55||NIFTY27JAN2624500PE,0.1532118179002532
20-01-2026 10:55||NIFTY27JAN2624600PE,0.1466811118762634
20-01-2026 10:55||NIFTY27JAN2624700PE,0.1395188729187663
20-01-2026 10:55||NIFTY27JAN2624800PE,0.1325228317523873
20-01-2026 10:55||NIFTY27JAN2625300CE,0.1101592135994695
20-01-2026 10:55||NIFTY27JAN2625400CE,0.1080215085717737
20-01-2026 10:55||NIFTY27JAN2625900CE,0.1094705157957606
20-01-2026 10:55||NIFTY27JAN2626400CE,0.1330351786339231
20-01-2026 11:00||NIFTY27JAN2623800PE,0.2148306796998598
20-01-2026 11:00||NIFTY27JAN2624000PE,0.1973450473374031
20-01-2026 11:00||NIFTY27JAN2624400PE,0.1611470291987242
20-01-2026 11:00||NIFTY27JAN2625300CE,0.1076632757142169
20-01-2026 11:05||NIFTY27JAN2623800PE,0.2151250047581562
20-01-2026 11:05||NIFTY27JAN2624400PE,0.1593126056744473
20-01-2026 11:05||NIFTY27JAN2624500PE,0.1505452271984865
20-01-2026 11:05||NIFTY27JAN2625400CE,0.1052138520348671
20-01-2026 11:05||NIFTY27JAN2625500CE,0.1043208303516254
20-01-2026 11:05||NIFTY27JAN2625800CE,0.1049054751445982
20-01-2026 11:05||NIFTY27JAN2626300CE,0.1287396788246692
20-01-2026 11:10||NIFTY27JAN2624500PE,0.1499376290217369
20-01-2026 11:10||NIFTY27JAN2624900PE,0.1252698630859305
20-01-2026 11:10||NIFTY27JAN2625200CE,0.1170121491192629
20-01-2026 11:10||NIFTY27JAN2625600CE,0.1066670159062337
20-01-2026 11:15||NIFTY27JAN2623800PE,0.2108507318643513
20-01-2026 11:15||NIFTY27JAN2624300PE,0.1667038086598566
20-01-2026 11:15||NIFTY27JAN2624700PE,0.1343146936687917
20-01-2026 11:15||NIFTY27JAN2625000PE,0.1196891046030805
20-01-2026 11:15||NIFTY27JAN2625300CE,0.1162425790457983
20-01-2026 11:15||NIFTY27JAN2625600CE,0.1068816929490125
20-01-2026 11:20||NIFTY27JAN2624500PE,0.1484591123449079
20-01-2026 11:20||NIFTY27JAN2625700CE,0.107144148271438
20-01-2026 11:20||NIFTY27JAN2626200CE,0.123364827262972
20-01-2026 11:25||NIFTY27JAN2624000PE,0.1926498667792588
20-01-2026 11:25||NIFTY27JAN2624300PE,0.1667961291835863
20-01-2026 11:25||NIFTY27JAN2624900PE,0.1215291842080425
20-01-2026 11:25||NIFTY27JAN2625200CE,0.1299627800597972
20-01-2026 11:25||NIFTY27JAN2625300CE,0.1235327930847821
20-01-2026 11:25||NIFTY27JAN2625700CE,0.1079167816315642
20-01-2026 11:25||NIFTY27JAN2626100CE,0.1190094136248321
20-01-2026 11:30||NIFTY27JAN2623900PE,0.204061670584336
20-01-2026 11:30||NIFTY27JAN2624200PE,0.1757942697083696
20-01-2026 11:30||NIFTY27JAN2624900PE,0.1239513119700823
20-01-2026 11:30||NIFTY27JAN2625200CE,0.1156504306597304
20-01-2026 11:30||NIFTY27JAN2625700CE,0.1057698221456173
20-01-2026 11:30||NIFTY27JAN2625800CE,0.1076436145433712
20-01-2026 11:30||NIFTY27JAN2626000CE,0.1135950041896758
20-01-2026 11:35||NIFTY27JAN2623800PE,0.2135294066902327
20-01-2026 11:35||NIFTY27JAN2625900CE,0.1082491944152483
20-01-2026 11:35||NIFTY27JAN2626300CE,0.1278873769330844
20-01-2026 11:35||NIFTY27JAN2626500CE,0.140345276479323
20-01-2026 11:40||NIFTY27JAN2623800PE,0.2118182606931809
20-01-2026 11:40||NIFTY27JAN2624000PE,0.193745973789028
20-01-2026 11:40||NIFTY27JAN2624100PE,0.1841126049758855
20-01-2026 11:40||NIFTY27JAN2624700PE,0.1336622956237484
20-01-2026 11:40||NIFTY27JAN2624800PE,0.1280660980872833
20-01-2026 11:40||NIFTY27JAN2625100PE,0.1103617112838584
20-01-2026 11:40||NIFTY27JAN2625300CE,0.1163052340311918
20-01-2026 11:45||NIFTY27JAN2623900PE,0.205600832912819
20-01-2026 11:45||NIFTY27JAN2624500PE,0.1489829562735262
20-01-2026 11:45||NIFTY27JAN2625600CE,0.1086732978778441
20-01-2026 11:45||NIFTY27JAN2625800CE,0.1097731571498469
20-01-2026 11:45||NIFTY27JAN2625900CE,0.1125317664918114
20-01-2026 11:45||NIFTY27JAN2626000CE,0.1158120146945271
20-01-2026 11:50||NIFTY27JAN2624200PE,0.176293855102308
20-01-2026 11:50||NIFTY27JAN2624600PE,0.1420048619889396
20-01-2026 11:50||NIFTY27JAN2624700PE,0.1344752722375078
20-01-2026 11:50||NIFTY27JAN2624900PE,0.1218289132233474
20-01-2026 11:50||NIFTY27JAN2625400CE,0.1102276005510558
20-01-2026 11:50||NIFTY27JAN2625700CE,0.1040421513804643
20-01-2026 11:50||NIFTY27JAN2626300CE,0.1283360852303869
20-01-2026 11:55||NIFTY27JAN2623800PE,0.2142050019652024
20-01-2026 11:55||NIFTY27JAN2623900PE,0.2055061717622822
20-01-2026 11:55||NIFTY27JAN2624000PE,0.1970948034279686
20-01-2026 11:55||NIFTY27JAN2624100PE,0.1869507860022328
20-01-2026 11:55||NIFTY27JAN2625800CE,0.1021257808934792
20-01-2026 11:55||NIFTY27JAN2625900CE,0.1048806450522478
20-01-2026 12:00||NIFTY27JAN2623800PE,0.2134794623296297
20-01-2026 12:00||NIFTY27JAN2624400PE,0.1601793807497068
20-01-2026 12:00||NIFTY27JAN2624600PE,0.1438951359855614
20-01-2026 12:00||NIFTY27JAN2624700PE,0.1365301396067494
20-01-2026 12:00||NIFTY27JAN2625800CE,0.1021122941299071
20-01-2026 12:00||NIFTY27JAN2625900CE,0.1049028617870396
20-01-2026 12:05||NIFTY27JAN2624700PE,0.1357090308371865
20-01-2026 12:05||NIFTY27JAN2624900PE,0.1248999435053083
20-01-2026 12:05||NIFTY27JAN2625800CE,0.1029443713326708
20-01-2026 12:10||NIFTY27JAN2624200PE,0.173514288335002
20-01-2026 12:10||NIFTY27JAN2624500PE,0.1499432345278374
20-01-2026 12:10||NIFTY27JAN2624600PE,0.1432687265781162
20-01-2026 12:10||NIFTY27JAN2624700PE,0.137913126115159
20-01-2026 12:10||NIFTY27JAN2624800PE,0.1301235099771898
20-01-2026 12:10||NIFTY27JAN2624900PE,0.1238725991070241
20-01-2026 12:15||NIFTY27JAN2624300PE,0.1679027692688317
20-01-2026 12:15||NIFTY27JAN2624500PE,0.1496762983065519
20-01-2026 12:15||NIFTY27JAN2625000PE,0.1183114166386169
20-01-2026 12:15||NIFTY27JAN2625100PE,0.1131345727898182
20-01-2026 12:15||NIFTY27JAN2625400CE,0.1040295019236919
20-01-2026 12:15||NIFTY27JAN2626400CE,0.1390388997805013
20-01-2026 12:20||NIFTY27JAN2623900PE,0.2032386781829015
20-01-2026 12:20||NIFTY27JAN2624000PE,0.1952330378934265
20-01-2026 12:20||NIFTY27JAN2624100PE,0.184777504816109
20-01-2026 12:20||NIFTY27JAN2625200CE,0.1127184130179074
20-01-2026 12:20||NIFTY27JAN2625300CE,0.1082519120572972
20-01-2026 12:20||NIFTY27JAN2625700CE,0.1037234455219302
20-01-2026 12:20||NIFTY27JAN2625800CE,0.1055114913835284
20-01-2026 12:20||NIFTY27JAN2625900CE,0.1081765677170366
20-01-2026 12:25||NIFTY27JAN2623800PE,0.2095071233851006
20-01-2026 12:25||NIFTY27JAN2625000PE,0.1144265661846216
20-01-2026 12:25||NIFTY27JAN2625100PE,0.104733274910137
20-01-2026 12:25||NIFTY27JAN2625700CE,0.1073146070435848
20-01-2026 12:25||NIFTY27JAN2626000CE,0.1152320813902189
20-01-2026 12:30||NIFTY27JAN2623800PE,0.2115309993802954
20-01-2026 12:30||NIFTY27JAN2623900PE,0.2033131184892497
20-01-2026 12:30||NIFTY27JAN2624900PE,0.1242667500781597
20-01-2026 12:30||NIFTY27JAN2625000PE,0.1210572404092118
20-01-2026 12:30||NIFTY27JAN2625100PE,0.1183298488292426
20-01-2026 12:30||NIFTY27JAN2625300CE,0.1075641867067027
20-01-2026 12:30||NIFTY27JAN2626000CE,0.1149070068989392
20-01-2026 12:35||NIFTY27JAN2623800PE,0.210804333108535
20-01-2026 12:35||NIFTY27JAN2624200PE,0.1716197573288659
20-01-2026 12:35||NIFTY27JAN2625000PE,0.1175934939310445
20-01-2026 12:35||NIFTY27JAN2625200CE,0.1167806194807302
20-01-2026 12:35||NIFTY27JAN2625500CE,0.1055527876965318
20-01-2026 12:35||NIFTY27JAN2625700CE,0.1063914645797063
20-01-2026 12:35||NIFTY27JAN2625800CE,0.1076803869691569
20-01-2026 12:35||NIFTY27JAN2626200CE,0.1290231368843209
20-01-2026 12:35||NIFTY27JAN2626300CE,0.1343301714030037
20-01-2026 12:40||NIFTY27JAN2623800PE,0.2103385508648701
20-01-2026 12:40||NIFTY27JAN2624000PE,0.1930555155202801
20-01-2026 12:40||NIFTY27JAN2624300PE,0.1664963513043958
20-01-2026 12:40||NIFTY27JAN2624600PE,0.1409331440375468
20-01-2026 12:40||NIFTY27JAN2624700PE,0.1341652717201986
20-01-2026 12:40||NIFTY27JAN2625400CE,0.1045666517688375
20-01-2026 12:40||NIFTY27JAN2626100CE,0.1210748602682664
20-01-2026 12:45||NIFTY27JAN2623800PE,0.2081126000367107
20-01-2026 12:45||NIFTY27JAN2624300PE,0.164893378967806
20-01-2026 12:45||NIFTY27JAN2624400PE,0.1554608402029112
20-01-2026 12:45||NIFTY27JAN2625100PE,0.110763773203593
20-01-2026 12:50||NIFTY27JAN2624200PE,0.171145745614284
20-01-2026 12:50||NIFTY27JAN2625600CE,0.1079477361080818
20-01-2026 12:50||NIFTY27JAN2626000CE,0.114633970503045
20-01-2026 12:50||NIFTY27JAN2626200CE,0.1273986890252283
20-01-2026 12:55||NIFTY27JAN2624900PE,0.1220353615380711
20-01-2026 12:55||NIFTY27JAN2625400CE,0.1014396557863855
20-01-2026 13:00||NIFTY27JAN2623900PE,0.204226484671509
20-01-2026 13:00||NIFTY27JAN2624200PE,0.1728136054299156
20-01-2026 13:00||NIFTY27JAN2625100PE,0.1124972523763636
20-01-2026 13:00||NIFTY27JAN2625800CE,0.1075419984615688
20-01-2026 13:00||NIFTY27JAN2625900CE,0.1092878814235958
20-01-2026 13:00||NIFTY27JAN2626400CE,0.1404298550084439
20-01-2026 13:05||NIFTY27JAN2624200PE,0.1738956921468839
20-01-2026 13:05||NIFTY27JAN2624900PE,0.1224209625178245
20-01-2026 13:05||NIFTY27JAN2625300CE,0.1093637804770226
20-01-2026 13:05||NIFTY27JAN2625400CE,0.1058330337638853
20-01-2026 13:05||NIFTY27JAN2625600CE,0.1050821133524126
20-01-2026 13:05||NIFTY27JAN2626500CE,0.1465788675768142
20-01-2026 13:10||NIFTY27JAN2624000PE,0.1953637921834583
20-01-2026 13:10||NIFTY27JAN2624400PE,0.1587460293332018
20-01-2026 13:10||NIFTY27JAN2624700PE,0.1341084601578468
20-01-2026 13:10||NIFTY27JAN2625000PE,0.1183355428344491
20-01-2026 13:10||NIFTY27JAN2626000CE,0.1144154599394215
20-01-2026 13:10||NIFTY27JAN2626400CE,0.141234000661735
20-01-2026 13:15||NIFTY27JAN2623900PE,0.2033783712323131
20-01-2026 13:15||NIFTY27JAN2624600PE,0.1403259178232093
20-01-2026 13:15||NIFTY27JAN2624900PE,0.1212628624122402
20-01-2026 13:15||NIFTY27JAN2625000PE,0.1167838876401562
20-01-2026 13:15||NIFTY27JAN2625200CE,0.1191495300624913
20-01-2026 13:15||NIFTY27JAN2626000CE,0.1167774681771423
20-01-2026 13:15||NIFTY27JAN2626200CE,0.1293087988591714
20-01-2026 13:20||NIFTY27JAN2624200PE,0.1747328315903064
20-01-2026 13:20||NIFTY27JAN2624600PE,0.1429915358768162
20-01-2026 13:20||NIFTY27JAN2625000PE,0.1190053298207506
20-01-2026 13:20||NIFTY27JAN2625700CE,0.1034325465643899
20-01-2026 13:20||NIFTY27JAN2626100CE,0.1195645431044832
20-01-2026 13:20||NIFTY27JAN2626200CE,0.1268357423303783
20-01-2026 13:25||NIFTY27JAN2623800PE,0.2112236605122813
20-01-2026 13:25||NIFTY27JAN2624100PE,0.1837122304884808
20-01-2026 13:25||NIFTY27JAN2624700PE,0.1333744443496962
20-01-2026 13:25||NIFTY27JAN2625000PE,0.1179424529861863
20-01-2026 13:25||NIFTY27JAN2625800CE,0.1076985839305011
20-01-2026 13:30||NIFTY27JAN2624100PE,0.182970042614794
20-01-2026 13:30||NIFTY27JAN2624700PE,0.1342467684683839
20-01-2026 13:30||NIFTY27JAN2624900PE,0.1234007567474872
20-01-2026 13:30||NIFTY27JAN2626000CE,0.1150285310832759
20-01-2026 13:35||NIFTY27JAN2625100PE,0.1103897186124847
20-01-2026 13:35||NIFTY27JAN2625800CE,0.1086677973057206
20-01-2026 13:40||NIFTY27JAN2623800PE,0.2116795963398228
20-01-2026 13:40||NIFTY27JAN2624600PE,0.1390313330230134
20-01-2026 13:40||NIFTY27JAN2625000PE,0.1160756643066497
20-01-2026 13:45||NIFTY27JAN2624000PE,0.1943362120939513
20-01-2026 13:45||NIFTY27JAN2624400PE,0.1576078751827582
20-01-2026 13:45||NIFTY27JAN2624600PE,0.1422482315768701
20-01-2026 13:50||NIFTY27JAN2624000PE,0.1924737197762306
20-01-2026 13:50||NIFTY27JAN2624100PE,0.1837774920049329
20-01-2026 13:50||NIFTY27JAN2624200PE,0.1740903651246849
20-01-2026 13:50||NIFTY27JAN2624300PE,0.1666417567735918
20-01-2026 13:50||NIFTY27JAN2624500PE,0.1488150176443787
20-01-2026 13:50||NIFTY27JAN2625200CE,0.1207846145050798
20-01-2026 13:50||NIFTY27JAN2625400CE,0.1115727728712008
20-01-2026 13:50||NIFTY27JAN2626000CE,0.1214249187953709
20-01-2026 13:50||NIFTY27JAN2626100CE,0.1272036880563688
20-01-2026 13:55||NIFTY27JAN2624400PE,0.1568795140283358
20-01-2026 13:55||NIFTY27JAN2625200CE,0.1220377169389775
20-01-2026 13:55||NIFTY27JAN2625400CE,0.1123149776424453
20-01-2026 13:55||NIFTY27JAN2625600CE,0.1092141431090297
20-01-2026 14:00||NIFTY27JAN2624100PE,0.1836622066051209
20-01-2026 14:00||NIFTY27JAN2624200PE,0.1772595898570153
20-01-2026 14:00||NIFTY27JAN2624800PE,0.1334700077060558
20-01-2026 14:00||NIFTY27JAN2624900PE,0.1303086546467486
20-01-2026 14:00||NIFTY27JAN2625000PE,0.1298785854228473
20-01-2026 14:00||NIFTY27JAN2625100PE,0.1295157055154747
20-01-2026 14:00||NIFTY27JAN2625200CE,0.1142865770859108
20-01-2026 14:00||NIFTY27JAN2626100CE,0.1254765436304876
20-01-2026 14:05||NIFTY27JAN2623800PE,0.2127294984485175
20-01-2026 14:05||NIFTY27JAN2625100PE,0.1175375519377143
20-01-2026 14:05||NIFTY27JAN2625200CE,0.1141959669344102
20-01-2026 14:05||NIFTY27JAN2626100CE,0.1281251616122048
20-01-2026 14:05||NIFTY27JAN2626400CE,0.1484712313640714
20-01-2026 14:10||NIFTY27JAN2624000PE,0.1934276606823888
20-01-2026 14:10||NIFTY27JAN2624200PE,0.1744030670833746
20-01-2026 14:10||NIFTY27JAN2624500PE,0.1507048542393935
20-01-2026 14:10||NIFTY27JAN2624900PE,0.1243302867993318
20-01-2026 14:10||NIFTY27JAN2625000PE,0.1199140453795049
20-01-2026 14:10||NIFTY27JAN2625500CE,0.1097718702202674
20-01-2026 14:10||NIFTY27JAN2625700CE,0.1103115820059046
20-01-2026 14:10||NIFTY27JAN2626100CE,0.1281524184859316
20-01-2026 14:10||NIFTY27JAN2626200CE,0.1361571070916624
20-01-2026 14:10||NIFTY27JAN2626300CE,0.1420624447843121
20-01-2026 14:15||NIFTY27JAN2623800PE,0.2104820995566836
20-01-2026 14:15||NIFTY27JAN2624100PE,0.1854329103957013
20-01-2026 14:15||NIFTY27JAN2624500PE,0.1500014157916117
20-01-2026 14:15||NIFTY27JAN2624600PE,0.1430799048599156
20-01-2026 14:15||NIFTY27JAN2624900PE,0.1254322792735342
20-01-2026 14:15||NIFTY27JAN2625200CE,0.1142613342914434
20-01-2026 14:15||NIFTY27JAN2625400CE,0.1069848390553034
20-01-2026 14:15||NIFTY27JAN2626000CE,0.1215520493259254
20-01-2026 14:15||NIFTY27JAN2626300CE,0.1399198340543226
20-01-2026 14:15||NIFTY27JAN2626500CE,0.1552403042565489
20-01-2026 14:20||NIFTY27JAN2625400CE,0.1145573025078821
20-01-2026 14:20||NIFTY27JAN2625700CE,0.1131379946005819
20-01-2026 14:20||NIFTY27JAN2626500CE,0.1573511108981644
20-01-2026 14:25||NIFTY27JAN2624100PE,0.1857634833503422
20-01-2026 14:25||NIFTY27JAN2624600PE,0.1427212222774095
20-01-2026 14:25||NIFTY27JAN2625400CE,0.1130393840065189
20-01-2026 14:25||NIFTY27JAN2625900CE,0.1162853770796489
20-01-2026 14:30||NIFTY27JAN2624000PE,0.1966595453551765
20-01-2026 14:30||NIFTY27JAN2624600PE,0.1450201012169869
20-01-2026 14:30||NIFTY27JAN2625400CE,0.1072588084955417
20-01-2026 14:30||NIFTY27JAN2625500CE,0.1049911652232904
20-01-2026 14:30||NIFTY27JAN2625800CE,0.1092369676754549
20-01-2026 14:30||NIFTY27JAN2626000CE,0.1180607675601532
20-01-2026 14:30||NIFTY27JAN2626400CE,0.1416368312347218
20-01-2026 14:30||NIFTY27JAN2626500CE,0.1494093001082104
20-01-2026 14:35||NIFTY27JAN2624600PE,0.1472625332488087
20-01-2026 14:35||NIFTY27JAN2624800PE,0.13396175249842
20-01-2026 14:35||NIFTY27JAN2625600CE,0.1044859101240187
20-01-2026 14:35||NIFTY27JAN2626000CE,0.1179091302614513
20-01-2026 14:35||NIFTY27JAN2626300CE,0.1365700711040725
20-01-2026 14:40||NIFTY27JAN2623800PE,0.2140356406976274
20-01-2026 14:40||NIFTY27JAN2625200CE,0.1022550989454565
20-01-2026 14:40||NIFTY27JAN2625500CE,0.1077342956838402
20-01-2026 14:45||NIFTY27JAN2624600PE,0.1455355377941697
20-01-2026 14:45||NIFTY27JAN2625500CE,0.108681524938982
20-01-2026 14:45||NIFTY27JAN2626000CE,0.1214864944376142
20-01-2026 14:45||NIFTY27JAN2626100CE,0.1258595049631355
20-01-2026 14:50||NIFTY27JAN2624000PE,0.1984999655341805
20-01-2026 14:50||NIFTY27JAN2624200PE,0.1791047076761227
20-01-2026 14:50||NIFTY27JAN2624900PE,0.1271193303738922
20-01-2026 14:50||NIFTY27JAN2625100PE,0.1221335184435287
20-01-2026 14:50||NIFTY27JAN2625500CE,0.1029770431513354
20-01-2026 14:50||NIFTY27JAN2625900CE,0.1128547716357175
20-01-2026 14:55||NIFTY27JAN2623900PE,0.2084308938501328
20-01-2026 14:55||NIFTY27JAN2624000PE,0.2007744924375319
20-01-2026 14:55||NIFTY27JAN2624100PE,0.1898661775166525
20-01-2026 14:55||NIFTY27JAN2626000CE,0.1185402610012063
20-01-2026 15:00||NIFTY27JAN2624800PE,0.128906269849457
20-01-2026 15:00||NIFTY27JAN2625600CE,0.1075714434770501
20-01-2026 15:00||NIFTY27JAN2626100CE,0.1313316276542642
20-01-2026 15:00||NIFTY27JAN2626200CE,0.1361405767370107
20-01-2026 15:00||NIFTY27JAN2626400CE,0.1520716778402224
20-01-2026 15:05||NIFTY27JAN2623900PE,0.2051973585457628
20-01-2026 15:05||NIFTY27JAN2624300PE,0.1673979633822633
20-01-2026 15:05||NIFTY27JAN2625000PE,0.1241826069976707
20-01-2026 15:05||NIFTY27JAN2625200CE,0.0972960310591192
20-01-2026 15:05||NIFTY27JAN2626100CE,0.128593894978165
20-01-2026 15:05||NIFTY27JAN2626200CE,0.1359972268485683
20-01-2026 15:10||NIFTY27JAN2624300PE,0.1666913372652436
20-01-2026 15:10||NIFTY27JAN2625100PE,0.1348727547704463
20-01-2026 15:10||NIFTY27JAN2625300CE,0.102847620008261
20-01-2026 15:10||NIFTY27JAN2625400CE,0.1025384974647328
20-01-2026 15:10||NIFTY27JAN2625900CE,0.1246602217293226
20-01-2026 15:10||NIFTY27JAN2626100CE,0.1357459772786473
20-01-2026 15:15||NIFTY27JAN2624000PE,0.2066968147112048
20-01-2026 15:15||NIFTY27JAN2624200PE,0.182665751360311
20-01-2026 15:15||NIFTY27JAN2624500PE,0.1558557034580943
20-01-2026 15:15||NIFTY27JAN2624800PE,0.1377935572153772
20-01-2026 15:15||NIFTY27JAN2625000PE,0.1295264538143222
20-01-2026 15:15||NIFTY27JAN2625100PE,0.127719356219182
20-01-2026 15:15||NIFTY27JAN2625700CE,0.119133271237572
20-01-2026 15:15||NIFTY27JAN2625900CE,0.1269664413943652
20-01-2026 15:15||NIFTY27JAN2626000CE,0.1324666832592199
20-01-2026 15:15||NIFTY27JAN2626200CE,0.1511218854046768
20-01-2026 15:20||NIFTY27JAN2623800PE,0.2183311035672169
20-01-2026 15:20||NIFTY27JAN2624200PE,0.1784894260593316
20-01-2026 15:20||NIFTY27JAN2624500PE,0.1504606232859855
20-01-2026 15:20||NIFTY27JAN2625500CE,0.1182068964949558
20-01-2026 15:20||NIFTY27JAN2625700CE,0.1227188311643163
20-01-2026 15:20||NIFTY27JAN2626400CE,0.1626177936167741
20-01-2026 15:25||NIFTY27JAN2623800PE,0.2116033253965968
20-01-2026 15:25||NIFTY27JAN2625100PE,0.0930222026956731
20-01-2026 15:25||NIFTY27JAN2625200CE,0.1640348536887966
20-01-2026 15:25||NIFTY27JAN2625300CE,0.1414393016438304
20-01-2026 15:25||NIFTY27JAN2625900CE,0.1349041429887316
20-01-2026 15:25||NIFTY27JAN2626200CE,0.1572553077274598
21-01-2026 09:15||NIFTY27JAN2625200CE,0.1615610142192803
21-01-2026 09:15||NIFTY27JAN2625400CE,0.1438929119852186
21-01-2026 09:15||NIFTY27JAN2625900CE,0.1425452132771219
21-01-2026 09:15||NIFTY27JAN2626200CE,0.1580563053370589
21-01-2026 09:20||NIFTY27JAN2623900PE,0.2194221738302661
21-01-2026 09:20||NIFTY27JAN2624300PE,0.1785547891980325
21-01-2026 09:20||NIFTY27JAN2624400PE,0.1687922390267093
21-01-2026 09:25||NIFTY27JAN2624000PE,0.2182173221828112
21-01-2026 09:25||NIFTY27JAN2624300PE,0.1889408762122565
21-01-2026 09:25||NIFTY27JAN2624400PE,0.1770065271883115
21-01-2026 09:25||NIFTY27JAN2625100PE,0.1299633133989946
21-01-2026 09:25||NIFTY27JAN2625300CE,0.1113654028337073
21-01-2026 09:25||NIFTY27JAN2625600CE,0.1114466256830107
21-01-2026 09:25||NIFTY27JAN2625800CE,0.117485868007464
21-01-2026 09:30||NIFTY27JAN2623800PE,0.2352235209448246
21-01-2026 09:30||NIFTY27JAN2623900PE,0.2252057568363763
21-01-2026 09:30||NIFTY27JAN2624000PE,0.2149364925148948
21-01-2026 09:30||NIFTY27JAN2624400PE,0.1732732708450794
21-01-2026 09:30||NIFTY27JAN2625300CE,0.1289590369764881
21-01-2026 09:30||NIFTY27JAN2625700CE,0.1221911436082844
21-01-2026 09:35||NIFTY27JAN2623900PE,0.2269338907600178
21-01-2026 09:35||NIFTY27JAN2624200PE,0.1983880464385936
21-01-2026 09:35||NIFTY27JAN2625200CE,0.1089074497875336
21-01-2026 09:35||NIFTY27JAN2625300CE,0.1075268713343578
21-01-2026 09:35||NIFTY27JAN2625600CE,0.1098649380701827
21-01-2026 09:35||NIFTY27JAN2626200CE,0.1475505776041155
21-01-2026 09:40||NIFTY27JAN2624400PE,0.1675188389804707
21-01-2026 09:40||NIFTY27JAN2625100PE,0.1072377332583571
21-01-2026 09:40||NIFTY27JAN2625200CE,0.1291178778809588
21-01-2026 09:40||NIFTY27JAN2625900CE,0.1309384177135917
21-01-2026 09:40||NIFTY27JAN2626300CE,0.1598009816631624
21-01-2026 09:40||NIFTY27JAN2626400CE,0.1675005657265905
21-01-2026 09:45||NIFTY27JAN2623800PE,0.230320568771631
21-01-2026 09:45||NIFTY27JAN2624100PE,0.1985943900247004
21-01-2026 09:45||NIFTY27JAN2624400PE,0.1679144375928864
21-01-2026 09:45||NIFTY27JAN2625200CE,0.1287948631142911
21-01-2026 09:45||NIFTY27JAN2625600CE,0.1190074550236425
21-01-2026 09:45||NIFTY27JAN2626000CE,0.1369798935211232
21-01-2026 09:45||NIFTY27JAN2626300CE,0.1594174313668704
21-01-2026 09:50||NIFTY27JAN2624700PE,0.1381430034057146
21-01-2026 09:50||NIFTY27JAN2624900PE,0.1227699846132445
21-01-2026 09:50||NIFTY27JAN2625400CE,0.1145375250025598
21-01-2026 09:50||NIFTY27JAN2625600CE,0.1171428321482608
21-01-2026 09:50||NIFTY27JAN2625800CE,0.1243533287986062
21-01-2026 09:55||NIFTY27JAN2624100PE,0.1957875805735419
21-01-2026 09:55||NIFTY27JAN2624200PE,0.1848132398013118
21-01-2026 09:55||NIFTY27JAN2624400PE,0.1670969733392596
21-01-2026 09:55||NIFTY27JAN2624800PE,0.1334670597599704
21-01-2026 09:55||NIFTY27JAN2625400CE,0.1095798330042399
21-01-2026 09:55||NIFTY27JAN2626000CE,0.1347745724264749
21-01-2026 09:55||NIFTY27JAN2626100CE,0.1409155455536808
21-01-2026 09:55||NIFTY27JAN2626200CE,0.150890366204825
21-01-2026 09:55||NIFTY27JAN2626500CE,0.1742882402808428
21-01-2026 10:00||NIFTY27JAN2624000PE,0.2004105755493323
21-01-2026 10:00||NIFTY27JAN2625000PE,0.1150779843045345
21-01-2026 10:00||NIFTY27JAN2625300CE,0.1256873286996429
21-01-2026 10:00||NIFTY27JAN2625400CE,0.1210354436093346
21-01-2026 10:00||NIFTY27JAN2626500CE,0.1801644002810304
21-01-2026 10:05||NIFTY27JAN2625200CE,0.1223452292861294
21-01-2026 10:05||NIFTY27JAN2625600CE,0.1167630324217664
21-01-2026 10:05||NIFTY27JAN2625700CE,0.1191030544871709
21-01-2026 10:05||NIFTY27JAN2625800CE,0.1243916308930464
21-01-2026 10:10||NIFTY27JAN2624000PE,0.1982462920350603
21-01-2026 10:10||NIFTY27JAN2624400PE,0.1586821283961524
21-01-2026 10:10||NIFTY27JAN2625800CE,0.1295664660218616
21-01-2026 10:10||NIFTY27JAN2626100CE,0.1502932759226509
21-01-2026 10:15||NIFTY27JAN2624000PE,0.1998204656060069
21-01-2026 10:15||NIFTY27JAN2624200PE,0.1805542805160568
21-01-2026 10:15||NIFTY27JAN2624500PE,0.1509997725701371
21-01-2026 10:15||NIFTY27JAN2624600PE,0.1421717871810741
21-01-2026 10:15||NIFTY27JAN2625500CE,0.1181011203245931
21-01-2026 10:15||NIFTY27JAN2626100CE,0.1492382210929367
21-01-2026 10:20||NIFTY27JAN2625700CE,0.118043961277749
21-01-2026 10:25||NIFTY27JAN2624300PE,0.1703245117368527
21-01-2026 10:25||NIFTY27JAN2625000PE,0.1173943322351785
21-01-2026 10:25||NIFTY27JAN2625700CE,0.1262045210573365
21-01-2026 10:25||NIFTY27JAN2626200CE,0.1622490148093566
21-01-2026 10:30||NIFTY27JAN2624200PE,0.1770806152248553
21-01-2026 10:30||NIFTY27JAN2624700PE,0.134082468211089
21-01-2026 10:30||NIFTY27JAN2624800PE,0.1271481268966926
21-01-2026 10:30||NIFTY27JAN2625200CE,0.1216728272587835
21-01-2026 10:30||NIFTY27JAN2625900CE,0.1402202647008546
21-01-2026 10:30||NIFTY27JAN2626300CE,0.1709487957979933
21-01-2026 10:30||NIFTY27JAN2626400CE,0.179189527829453
21-01-2026 10:35||NIFTY27JAN2624400PE,0.1591195303150932
21-01-2026 10:35||NIFTY27JAN2625100PE,0.1164974583209711
21-01-2026 10:35||NIFTY27JAN2625500CE,0.1201227938295607
21-01-2026 10:35||NIFTY27JAN2625600CE,0.1236201228366841
21-01-2026 10:35||NIFTY27JAN2625800CE,0.1343767324751288
21-01-2026 10:35||NIFTY27JAN2625900CE,0.1408538714688613
21-01-2026 10:40||NIFTY27JAN2624200PE,0.1824778664254696
21-01-2026 10:40||NIFTY27JAN2624800PE,0.1425176820873253
21-01-2026 10:40||NIFTY27JAN2625200CE,0.1132669351442264
21-01-2026 10:40||NIFTY27JAN2625400CE,0.1173378107412491
21-01-2026 10:40||NIFTY27JAN2626300CE,0.1747424333059011
21-01-2026 10:45||NIFTY27JAN2624700PE,0.1353830493310424
21-01-2026 10:45||NIFTY27JAN2624800PE,0.1292634828794799
21-01-2026 10:45||NIFTY27JAN2625700CE,0.1410306176343352
21-01-2026 10:45||NIFTY27JAN2626400CE,0.1931584057122985
21-01-2026 10:45||NIFTY27JAN2626500CE,0.2015450331947556
21-01-2026 10:50||NIFTY27JAN2624100PE,0.2003474482722977
21-01-2026 10:50||NIFTY27JAN2624300PE,0.1827539166993875
21-01-2026 10:50||NIFTY27JAN2624400PE,0.1748886294901727
21-01-2026 10:50||NIFTY27JAN2624500PE,0.1658231638577204
21-01-2026 10:50||NIFTY27JAN2625400CE,0.1245105814912213
21-01-2026 10:50||NIFTY27JAN2625700CE,0.1413258508055589
21-01-2026 10:50||NIFTY27JAN2625900CE,0.1527897222669577
21-01-2026 10:50||NIFTY27JAN2626400CE,0.2004933990301004
21-01-2026 10:55||NIFTY27JAN2623900PE,0.2103092436381988
21-01-2026 10:55||NIFTY27JAN2624300PE,0.1723327125483553
21-01-2026 10:55||NIFTY27JAN2624800PE,0.1300741787695668
21-01-2026 10:55||NIFTY27JAN2625000PE,0.1169425486720549
21-01-2026 10:55||NIFTY27JAN2625100PE,0.1118390353514847
21-01-2026 10:55||NIFTY27JAN2625300CE,0.1434093285971122
21-01-2026 10:55||NIFTY27JAN2625900CE,0.1629006700137883
21-01-2026 10:55||NIFTY27JAN2626200CE,0.1815991876148709
21-01-2026 11:00||NIFTY27JAN2624000PE,0.2043602180271839
21-01-2026 11:00||NIFTY27JAN2624300PE,0.1751512302816043
21-01-2026 11:00||NIFTY27JAN2624600PE,0.1502383677222723
21-01-2026 11:00||NIFTY27JAN2624800PE,0.1372092832104417
21-01-2026 11:00||NIFTY27JAN2625100PE,0.1248791149303024
21-01-2026 11:00||NIFTY27JAN2625300CE,0.1331510284107726
21-01-2026 11:05||NIFTY27JAN2624000PE,0.2012176361296851
21-01-2026 11:05||NIFTY27JAN2624100PE,0.1904848442198637
21-01-2026 11:05||NIFTY27JAN2624400PE,0.1615251469811577
21-01-2026 11:05||NIFTY27JAN2625000PE,0.1177222713942029
21-01-2026 11:05||NIFTY27JAN2625200CE,0.1425984160413019
21-01-2026 11:10||NIFTY27JAN2624800PE,0.1250747678032395
21-01-2026 11:10||NIFTY27JAN2625200CE,0.1418413049996699
21-01-2026 11:10||NIFTY27JAN2625300CE,0.1403967057829437
21-01-2026 11:10||NIFTY27JAN2625500CE,0.1412111457518945
21-01-2026 11:10||NIFTY27JAN2625900CE,0.1575766893836371
21-01-2026 11:10||NIFTY27JAN2626100CE,0.1719174196908709
21-01-2026 11:15||NIFTY27JAN2624300PE,0.170714830205088
21-01-2026 11:15||NIFTY27JAN2625100PE,0.1031786483413961
21-01-2026 11:15||NIFTY27JAN2625400CE,0.1401884981458024
21-01-2026 11:20||NIFTY27JAN2623900PE,0.2141278248709537
21-01-2026 11:20||NIFTY27JAN2625800CE,0.1445188078914104
21-01-2026 11:20||NIFTY27JAN2626000CE,0.1522193267769863
21-01-2026 11:20||NIFTY27JAN2626100CE,0.1587630836134688
21-01-2026 11:20||NIFTY27JAN2626400CE,0.1859015523572045
21-01-2026 11:20||NIFTY27JAN2626500CE,0.1877559354023165
21-01-2026 11:25||NIFTY27JAN2624600PE,0.1537088522384744
21-01-2026 11:25||NIFTY27JAN2624800PE,0.1392527890927976
21-01-2026 11:30||NIFTY27JAN2623900PE,0.2173981165374745
21-01-2026 11:30||NIFTY27JAN2624000PE,0.2095848063062471
21-01-2026 11:30||NIFTY27JAN2624100PE,0.1997767458937317
21-01-2026 11:30||NIFTY27JAN2624400PE,0.1693940549841144
21-01-2026 11:30||NIFTY27JAN2625400CE,0.13002750581397
21-01-2026 11:30||NIFTY27JAN2625800CE,0.1467380428563991
21-01-2026 11:30||NIFTY27JAN2626000CE,0.1574320921983978
21-01-2026 11:30||NIFTY27JAN2626500CE,0.19608480158122
21-01-2026 11:35||NIFTY27JAN2623900PE,0.2172632604625365
21-01-2026 11:35||NIFTY27JAN2624600PE,0.1526412287161816
21-01-2026 11:35||NIFTY27JAN2626100CE,0.1642398175006418
21-01-2026 11:35||NIFTY27JAN2626300CE,0.1789603636352705
21-01-2026 11:40||NIFTY27JAN2624800PE,0.1359268401082063
21-01-2026 11:40||NIFTY27JAN2625100PE,0.1192619015186585
21-01-2026 11:40||NIFTY27JAN2625200CE,0.1344342525626173
21-01-2026 11:40||NIFTY27JAN2625700CE,0.1394007280593937
21-01-2026 11:45||NIFTY27JAN2624600PE,0.150081101147515
21-01-2026 11:45||NIFTY27JAN2625100PE,0.1157145040668405
21-01-2026 11:45||NIFTY27JAN2625200CE,0.1365993996282583
21-01-2026 11:45||NIFTY27JAN2625400CE,0.1321285219744339
21-01-2026 11:50||NIFTY27JAN2624000PE,0.2097798836000905
21-01-2026 11:50||NIFTY27JAN2624100PE,0.1994260543389381
21-01-2026 11:50||NIFTY27JAN2624300PE,0.1784966817338227
21-01-2026 11:55||NIFTY27JAN2624000PE,0.2075631770603064
21-01-2026 11:55||NIFTY27JAN2624600PE,0.1511082816790379
21-01-2026 11:55||NIFTY27JAN2624700PE,0.1432824309214593
21-01-2026 11:55||NIFTY27JAN2624900PE,0.1297984735171987
21-01-2026 12:00||NIFTY27JAN2624100PE,0.1955943366106577
21-01-2026 12:00||NIFTY27JAN2624200PE,0.1817766537617941
21-01-2026 12:00||NIFTY27JAN2624700PE,0.1376082345417925
21-01-2026 12:00||NIFTY27JAN2624800PE,0.1278783388330424
21-01-2026 12:00||NIFTY27JAN2625600CE,0.1373103300693374
21-01-2026 12:00||NIFTY27JAN2625900CE,0.1473928408843759
21-01-2026 12:05||NIFTY27JAN2623800PE,0.2291782612429729
21-01-2026 12:05||NIFTY27JAN2624100PE,0.1992229840841056
21-01-2026 12:05||NIFTY27JAN2625500CE,0.125266759404657
21-01-2026 12:05||NIFTY27JAN2626200CE,0.1614194750124718
21-01-2026 12:10||NIFTY27JAN2624100PE,0.1949454312608824
21-01-2026 12:10||NIFTY27JAN2624200PE,0.1832918396273756
21-01-2026 12:10||NIFTY27JAN2625000PE,0.1155045787240063
21-01-2026 12:10||NIFTY27JAN2625900CE,0.1431617560366957
21-01-2026 12:10||NIFTY27JAN2626500CE,0.1823680031451013
21-01-2026 12:15||NIFTY27JAN2623800PE,0.2268437668008472
21-01-2026 12:15||NIFTY27JAN2624200PE,0.184147991578394
21-01-2026 12:15||NIFTY27JAN2625400CE,0.1317134040473367
21-01-2026 12:15||NIFTY27JAN2625700CE,0.1333849873995877
21-01-2026 12:20||NIFTY27JAN2624200PE,0.1898692556922288
21-01-2026 12:20||NIFTY27JAN2625000PE,0.1207571787634801
21-01-2026 12:20||NIFTY27JAN2625400CE,0.1283199242246449
21-01-2026 12:20||NIFTY27JAN2625600CE,0.1275348080776134
21-01-2026 12:20||NIFTY27JAN2625700CE,0.1302177947489003
21-01-2026 12:20||NIFTY27JAN2626300CE,0.1626329508519967
21-01-2026 12:25||NIFTY27JAN2624000PE,0.2184919371613854
21-01-2026 12:25||NIFTY27JAN2624500PE,0.1712803751771892
21-01-2026 12:25||NIFTY27JAN2624600PE,0.161599889697093
21-01-2026 12:25||NIFTY27JAN2624700PE,0.1541153508621064
21-01-2026 12:25||NIFTY27JAN2625700CE,0.1224613219106568
21-01-2026 12:25||NIFTY27JAN2626500CE,0.1746904510248531
21-01-2026 12:30||NIFTY27JAN2624100PE,0.2042825273044057
21-01-2026 12:30||NIFTY27JAN2624200PE,0.1931763349501831
21-01-2026 12:30||NIFTY27JAN2625300CE,0.1378915574289554
21-01-2026 12:30||NIFTY27JAN2625800CE,0.135836809298053
21-01-2026 12:35||NIFTY27JAN2624000PE,0.2136870413865805
21-01-2026 12:35||NIFTY27JAN2624100PE,0.2051612336893905
21-01-2026 12:35||NIFTY27JAN2625600CE,0.1321865799190038
21-01-2026 12:35||NIFTY27JAN2626400CE,0.16812081384748
21-01-2026 12:40||NIFTY27JAN2624500PE,0.1749106660073157
21-01-2026 12:40||NIFTY27JAN2624700PE,0.1576492151673106
21-01-2026 12:40||NIFTY27JAN2624800PE,0.1499988588263949
21-01-2026 12:40||NIFTY27JAN2625200CE,0.1350184055627513
21-01-2026 12:40||NIFTY27JAN2625400CE,0.1268961726131932
21-01-2026 12:40||NIFTY27JAN2625900CE,0.1321168463152491
21-01-2026 12:45||NIFTY27JAN2623800PE,0.2452458599107943
21-01-2026 12:45||NIFTY27JAN2624400PE,0.186078258502634
21-01-2026 12:45||NIFTY27JAN2625300CE,0.1397853049831071
21-01-2026 12:45||NIFTY27JAN2625800CE,0.1305424352284817
21-01-2026 12:45||NIFTY27JAN2626200CE,0.1482571346831292
21-01-2026 12:50||NIFTY27JAN2623800PE,0.2509531452138423
21-01-2026 12:50||NIFTY27JAN2624100PE,0.2198318840329307
21-01-2026 12:50||NIFTY27JAN2625200CE,0.1475504684383087
21-01-2026 12:50||NIFTY27JAN2625500CE,0.1321050218420214
21-01-2026 12:50||NIFTY27JAN2625600CE,0.131378417093017
21-01-2026 12:55||NIFTY27JAN2625300CE,0.1353975307007474
21-01-2026 12:55||NIFTY27JAN2625400CE,0.1307554452770656
21-01-2026 12:55||NIFTY27JAN2625600CE,0.125950166707791
21-01-2026 12:55||NIFTY27JAN2625700CE,0.1282956150053439
21-01-2026 12:55||NIFTY27JAN2625800CE,0.1284497863065423
21-01-2026 12:55||NIFTY27JAN2625900CE,0.1294689548044245
21-01-2026 12:55||NIFTY27JAN2626500CE,0.1645389556579856
21-01-2026 13:00||NIFTY27JAN2624600PE,0.1747169399374964
21-01-2026 13:00||NIFTY27JAN2624700PE,0.1653849848030267
21-01-2026 13:00||NIFTY27JAN2626100CE,0.1396119293337021
21-01-2026 13:05||NIFTY27JAN2623800PE,0.2533959374094299
21-01-2026 13:05||NIFTY27JAN2623900PE,0.2432527331120545
21-01-2026 13:05||NIFTY27JAN2624100PE,0.224368348734517
21-01-2026 13:05||NIFTY27JAN2625600CE,0.1175231332469846
21-01-2026 13:05||NIFTY27JAN2626300CE,0.1521057624254199
21-01-2026 13:05||NIFTY27JAN2626400CE,0.1564920186004914
21-01-2026 13:10||NIFTY27JAN2625800CE,0.1318433567774804
21-01-2026 13:10||NIFTY27JAN2626200CE,0.159751275820253
21-01-2026 13:15||NIFTY27JAN2624400PE,0.1887258404095946
21-01-2026 13:15||NIFTY27JAN2625400CE,0.1256085531414204
21-01-2026 13:15||NIFTY27JAN2625800CE,0.1271013267271523
21-01-2026 13:20||NIFTY27JAN2623800PE,0.2466605744813924
21-01-2026 13:20||NIFTY27JAN2623900PE,0.2376835463100553
21-01-2026 13:20||NIFTY27JAN2624600PE,0.1720805310001963
21-01-2026 13:20||NIFTY27JAN2624800PE,0.1564475524833571
21-01-2026 13:20||NIFTY27JAN2625400CE,0.1216801828017293
21-01-2026 13:20||NIFTY27JAN2626200CE,0.1473792151574568
21-01-2026 13:25||NIFTY27JAN2624200PE,0.2060896654362467
21-01-2026 13:25||NIFTY27JAN2624300PE,0.1949229821842431
21-01-2026 13:25||NIFTY27JAN2624900PE,0.1447095120178604
21-01-2026 13:25||NIFTY27JAN2625000PE,0.1375371987483828
21-01-2026 13:25||NIFTY27JAN2625200CE,0.134991095740704
21-01-2026 13:25||NIFTY27JAN2625700CE,0.1252548973816492
21-01-2026 13:25||NIFTY27JAN2626000CE,0.1397361982647601
21-01-2026 13:25||NIFTY27JAN2626300CE,0.1585332474788763
21-01-2026 13:30||NIFTY27JAN2624000PE,0.2284148140538843
21-01-2026 13:30||NIFTY27JAN2624400PE,0.1897707267768602
21-01-2026 13:30||NIFTY27JAN2625200CE,0.1196312277111636
21-01-2026 13:30||NIFTY27JAN2625300CE,0.117303993186578
21-01-2026 13:30||NIFTY27JAN2625800CE,0.1224825837931269
21-01-2026 13:30||NIFTY27JAN2626200CE,0.1494739445664126
21-01-2026 13:30||NIFTY27JAN2626300CE,0.1558746455173383
21-01-2026 13:35||NIFTY27JAN2623800PE,0.2355752433553364
21-01-2026 13:35||NIFTY27JAN2624000PE,0.2164696082418652
21-01-2026 13:35||NIFTY27JAN2624700PE,0.1524332536009668
21-01-2026 13:35||NIFTY27JAN2624800PE,0.1438222982342265
21-01-2026 13:35||NIFTY27JAN2625800CE,0.1356845229662397
21-01-2026 13:35||NIFTY27JAN2626300CE,0.1623509056569073
21-01-2026 13:40||NIFTY27JAN2624600PE,0.1669830083184607
21-01-2026 13:40||NIFTY27JAN2624800PE,0.1512709098817897
21-01-2026 13:40||NIFTY27JAN2625300CE,0.1280801985155827
21-01-2026 13:40||NIFTY27JAN2625800CE,0.1302979733377308
21-01-2026 13:40||NIFTY27JAN2626200CE,0.1522446005478682
21-01-2026 13:45||NIFTY27JAN2624800PE,0.1506651173160405
21-01-2026 13:45||NIFTY27JAN2625400CE,0.1263086706382297
21-01-2026 13:45||NIFTY27JAN2625900CE,0.132723337666226
21-01-2026 13:50||NIFTY27JAN2625100PE,0.1363917911863869
21-01-2026 13:50||NIFTY27JAN2626100CE,0.1443631233119824
21-01-2026 13:55||NIFTY27JAN2624300PE,0.1926681661101917
21-01-2026 13:55||NIFTY27JAN2624400PE,0.1831723353287244
21-01-2026 13:55||NIFTY27JAN2625500CE,0.1218705272495854
21-01-2026 13:55||NIFTY27JAN2625700CE,0.1271546794799015
21-01-2026 14:00||NIFTY27JAN2623800PE,0.2349821905970817
21-01-2026 14:00||NIFTY27JAN2624200PE,0.1955064009351547
21-01-2026 14:00||NIFTY27JAN2624600PE,0.1600186291565065
21-01-2026 14:00||NIFTY27JAN2625000PE,0.1327056978130381
21-01-2026 14:00||NIFTY27JAN2625200CE,0.1331178758331633
21-01-2026 14:05||NIFTY27JAN2624500PE,0.1699536693316648
21-01-2026 14:05||NIFTY27JAN2625000PE,0.1357240532447785
21-01-2026 14:05||NIFTY27JAN2625400CE,0.1198248395045292
21-01-2026 14:05||NIFTY27JAN2626100CE,0.1448157764188828
21-01-2026 14:05||NIFTY27JAN2626500CE,0.1754598328208648
21-01-2026 14:10||NIFTY27JAN2624000PE,0.2127788608482611
21-01-2026 14:10||NIFTY27JAN2624100PE,0.2030186561688704
21-01-2026 14:10||NIFTY27JAN2624400PE,0.1741885802530403
21-01-2026 14:10||NIFTY27JAN2624500PE,0.1657955946749488
21-01-2026 14:10||NIFTY27JAN2625000PE,0.1322914305717296
21-01-2026 14:10||NIFTY27JAN2625200CE,0.1214660748319477
21-01-2026 14:10||NIFTY27JAN2626000CE,0.1404656941139974
21-01-2026 14:10||NIFTY27JAN2626400CE,0.1698222495353772
21-01-2026 14:10||NIFTY27JAN2626500CE,0.1767418471483742
21-01-2026 14:15||NIFTY27JAN2624700PE,0.1421502739524817
21-01-2026 14:15||NIFTY27JAN2625400CE,0.1309097209962402
21-01-2026 14:15||NIFTY27JAN2625800CE,0.1332672362097636
21-01-2026 14:15||NIFTY27JAN2626100CE,0.1486061183207876
21-01-2026 14:20||NIFTY27JAN2624000PE,0.2157368949354139
21-01-2026 14:20||NIFTY27JAN2624300PE,0.1875503504564712
21-01-2026 14:20||NIFTY27JAN2624700PE,0.155358471360872
21-01-2026 14:20||NIFTY27JAN2625200CE,0.1123271136319304
21-01-2026 14:20||NIFTY27JAN2625600CE,0.1163514567887639
21-01-2026 14:20||NIFTY27JAN2626100CE,0.1409722999924164
21-01-2026 14:20||NIFTY27JAN2626500CE,0.1723943365708277
21-01-2026 14:25||NIFTY27JAN2623900PE,0.2205003972850662
21-01-2026 14:25||NIFTY27JAN2624800PE,0.1479087966542534
21-01-2026 14:25||NIFTY27JAN2624900PE,0.1425942553919308
21-01-2026 14:25||NIFTY27JAN2625100PE,0.1356137687435862
21-01-2026 14:25||NIFTY27JAN2626500CE,0.1777712452979255
21-01-2026 14:30||NIFTY27JAN2624500PE,0.1584111476427153
21-01-2026 14:30||NIFTY27JAN2624600PE,0.1497514662427913
21-01-2026 14:30||NIFTY27JAN2624800PE,0.1342412938092468
21-01-2026 14:30||NIFTY27JAN2625200CE,0.1377677743442483
21-01-2026 14:30||NIFTY27JAN2625300CE,0.1325490286859194
21-01-2026 14:30||NIFTY27JAN2626300CE,0.163853260000315
21-01-2026 14:35||NIFTY27JAN2624200PE,0.1877434043602787
21-01-2026 14:35||NIFTY27JAN2624700PE,0.1448986319764906
21-01-2026 14:35||NIFTY27JAN2624800PE,0.1375308813976624
21-01-2026 14:35||NIFTY27JAN2625100PE,0.1208043824409996
21-01-2026 14:35||NIFTY27JAN2625200CE,0.1283207041257991
21-01-2026 14:35||NIFTY27JAN2625800CE,0.1321400136974531
21-01-2026 14:35||NIFTY27JAN2626100CE,0.1473929998360026
21-01-2026 14:40||NIFTY27JAN2624000PE,0.2091658152498544
21-01-2026 14:40||NIFTY27JAN2624200PE,0.1907130105108043
21-01-2026 14:40||NIFTY27JAN2624500PE,0.1630264115038145
21-01-2026 14:40||NIFTY27JAN2624600PE,0.15432072909647
21-01-2026 14:40||NIFTY27JAN2624700PE,0.1477269181251463
21-01-2026 14:40||NIFTY27JAN2625100PE,0.1266727513120581
21-01-2026 14:40||NIFTY27JAN2625200CE,0.1186272249095775
21-01-2026 14:40||NIFTY27JAN2625400CE,0.1184280189228451
21-01-2026 14:40||NIFTY27JAN2625800CE,0.1284421467769576
21-01-2026 14:40||NIFTY27JAN2626200CE,0.1531068162229149
21-01-2026 14:45||NIFTY27JAN2624500PE,0.1614809490279458
21-01-2026 14:45||NIFTY27JAN2625400CE,0.121958519336207
21-01-2026 14:45||NIFTY27JAN2625900CE,0.134345191701513
21-01-2026 14:45||NIFTY27JAN2626100CE,0.1465110877740383
21-01-2026 14:50||NIFTY27JAN2623900PE,0.2144794460102317
21-01-2026 14:50||NIFTY27JAN2624900PE,0.134944404607491
21-01-2026 14:50||NIFTY27JAN2625200CE,0.1232012945382842
21-01-2026 14:50||NIFTY27JAN2625300CE,0.1221275262614786
21-01-2026 14:50||NIFTY27JAN2625500CE,0.1199658619426091
21-01-2026 14:50||NIFTY27JAN2625800CE,0.1287950513077632
21-01-2026 14:50||NIFTY27JAN2626300CE,0.1613541667550322
21-01-2026 14:55||NIFTY27JAN2624200PE,0.1870887620872869
21-01-2026 14:55||NIFTY27JAN2625300CE,0.1207372062514033
21-01-2026 14:55||NIFTY27JAN2625700CE,0.1231312486503165
21-01-2026 14:55||NIFTY27JAN2626100CE,0.1450778928183981
21-01-2026 15:00||NIFTY27JAN2623900PE,0.2145242665451731
21-01-2026 15:00||NIFTY27JAN2624100PE,0.1953758395475644
21-01-2026 15:00||NIFTY27JAN2624500PE,0.1566212778994806
21-01-2026 15:00||NIFTY27JAN2624800PE,0.1330673103437232
21-01-2026 15:00||NIFTY27JAN2625000PE,0.1213781952729548
21-01-2026 15:00||NIFTY27JAN2625200CE,0.1381447454911929
21-01-2026 15:00||NIFTY27JAN2625300CE,0.1307989446233336
21-01-2026 15:00||NIFTY27JAN2625600CE,0.1249956140399124
21-01-2026 15:00||NIFTY27JAN2626400CE,0.1666690044637945
21-01-2026 15:05||NIFTY27JAN2624300PE,0.1792394704644955
21-01-2026 15:05||NIFTY27JAN2625100PE,0.1289020166565328
21-01-2026 15:05||NIFTY27JAN2626200CE,0.1511387337776867
21-01-2026 15:10||NIFTY27JAN2624300PE,0.1796222404617893
21-01-2026 15:10||NIFTY27JAN2624500PE,0.1627907742792571
21-01-2026 15:10||NIFTY27JAN2624600PE,0.1549799044550589
21-01-2026 15:10||NIFTY27JAN2625700CE,0.1196145671072135
21-01-2026 15:10||NIFTY27JAN2625800CE,0.1242407936187708
21-01-2026 15:10||NIFTY27JAN2625900CE,0.130146311092523
21-01-2026 15:10||NIFTY27JAN2626500CE,0.1769352756523285
21-01-2026 15:15||NIFTY27JAN2624200PE,0.1863825392464421
21-01-2026 15:15||NIFTY27JAN2624300PE,0.1776945852016976
21-01-2026 15:15||NIFTY27JAN2624800PE,0.1399009996440155
21-01-2026 15:15||NIFTY27JAN2624900PE,0.1336292444595452
21-01-2026 15:15||NIFTY27JAN2625200CE,0.1240310673688384
21-01-2026 15:15||NIFTY27JAN2625300CE,0.1207254997365943
21-01-2026 15:15||NIFTY27JAN2625600CE,0.1184329617221878
21-01-2026 15:15||NIFTY27JAN2625700CE,0.1208399265940331
21-01-2026 15:15||NIFTY27JAN2625900CE,0.1316668802086638
21-01-2026 15:15||NIFTY27JAN2626200CE,0.1535843173673454
21-01-2026 15:20||NIFTY27JAN2623800PE,0.2222530359962604
21-01-2026 15:20||NIFTY27JAN2624800PE,0.1402953070468725
21-01-2026 15:20||NIFTY27JAN2625100PE,0.1283467503574455
21-01-2026 15:20||NIFTY27JAN2625400CE,0.1105549402580861
21-01-2026 15:20||NIFTY27JAN2625600CE,0.1146340775869499
21-01-2026 15:25||NIFTY27JAN2623800PE,0.2195066216554038
21-01-2026 15:25||NIFTY27JAN2624200PE,0.1806882140739306
21-01-2026 15:25||NIFTY27JAN2624500PE,0.1529262175748099
21-01-2026 15:25||NIFTY27JAN2624800PE,0.1299679000722452
21-01-2026 15:25||NIFTY27JAN2625100PE,0.1123817769920907
21-01-2026 15:25||NIFTY27JAN2626200CE,0.1498390053407304
22-01-2026 09:15||NIFTY27JAN2623800PE,0.2490968371562676
22-01-2026 09:15||NIFTY27JAN2625100PE,0.1296512146617938
22-01-2026 09:15||NIFTY27JAN2625300CE,0.1089495533010445
22-01-2026 09:20||NIFTY27JAN2623900PE,0.2330448714947423
22-01-2026 09:20||NIFTY27JAN2624000PE,0.2219833143453815
22-01-2026 09:20||NIFTY27JAN2624300PE,0.1891082388623442
22-01-2026 09:20||NIFTY27JAN2624500PE,0.1671282898954564
22-01-2026 09:20||NIFTY27JAN2624800PE,0.1395065053441782
22-01-2026 09:20||NIFTY27JAN2625200CE,0.1155738690439226
22-01-2026 09:20||NIFTY27JAN2626300CE,0.1510341347381101
22-01-2026 09:25||NIFTY27JAN2624700PE,0.1438031786470535
22-01-2026 09:25||NIFTY27JAN2625000PE,0.1195746816653744
22-01-2026 09:25||NIFTY27JAN2625200CE,0.1495052753124629
22-01-2026 09:25||NIFTY27JAN2625500CE,0.124555801996685
22-01-2026 09:25||NIFTY27JAN2625600CE,0.122587497418066
22-01-2026 09:25||NIFTY27JAN2626200CE,0.1453862035780099
22-01-2026 09:30||NIFTY27JAN2624600PE,0.2036337204631519
22-01-2026 09:30||NIFTY27JAN2624800PE,0.1747294301707815
22-01-2026 09:30||NIFTY27JAN2624900PE,0.158748370802563
22-01-2026 09:30||NIFTY27JAN2625100PE,0.1310066206716273
22-01-2026 09:30||NIFTY27JAN2625500CE,0.1184441252130712
22-01-2026 09:30||NIFTY27JAN2625800CE,0.1203203722678352
22-01-2026 09:30||NIFTY27JAN2626000CE,0.1305706977674014
22-01-2026 09:30||NIFTY27JAN2626300CE,0.1514758199866425
22-01-2026 09:35||NIFTY27JAN2624100PE,0.27945547664732
22-01-2026 09:40||NIFTY27JAN2624100PE,0.2663354839154025
22-01-2026 09:40||NIFTY27JAN2624500PE,0.2185712416537088
22-01-2026 09:40||NIFTY27JAN2626000CE,0.1339032060414317
22-01-2026 09:40||NIFTY27JAN2626200CE,0.1445344544022637
22-01-2026 09:45||NIFTY27JAN2623900PE,0.2762138160290266
22-01-2026 09:45||NIFTY27JAN2624200PE,0.2492202324424031
22-01-2026 09:50||NIFTY27JAN2623900PE,0.2739897882128582
22-01-2026 09:50||NIFTY27JAN2624100PE,0.2512084201249364
22-01-2026 09:50||NIFTY27JAN2624900PE,0.1602298131336077
22-01-2026 09:50||NIFTY27JAN2625000PE,0.148486219414215
22-01-2026 09:50||NIFTY27JAN2625600CE,0.1068339757850312
22-01-2026 09:50||NIFTY27JAN2625800CE,0.1146106801620489
22-01-2026 09:50||NIFTY27JAN2625900CE,0.1200625953453118
22-01-2026 09:50||NIFTY27JAN2626300CE,0.1499404922867135
22-01-2026 09:50||NIFTY27JAN2626500CE,0.1617228057867967
22-01-2026 09:55||NIFTY27JAN2624700PE,0.1630360063860324
22-01-2026 09:55||NIFTY27JAN2624800PE,0.1519414438686056
22-01-2026 09:55||NIFTY27JAN2624900PE,0.142088740176772
22-01-2026 09:55||NIFTY27JAN2625200CE,0.1382406237240659
22-01-2026 09:55||NIFTY27JAN2625500CE,0.1191716831964768
22-01-2026 10:00||NIFTY27JAN2624200PE,0.2187707061012907
22-01-2026 10:00||NIFTY27JAN2624700PE,0.1623635365557634
22-01-2026 10:00||NIFTY27JAN2625100PE,0.130327133866101
22-01-2026 10:00||NIFTY27JAN2625400CE,0.1018676937941936
22-01-2026 10:00||NIFTY27JAN2625600CE,0.1045999382261486
22-01-2026 10:00||NIFTY27JAN2626100CE,0.1265262992812705
22-01-2026 10:00||NIFTY27JAN2626500CE,0.1546715904623492
22-01-2026 10:05||NIFTY27JAN2624500PE,0.1855941731384315
22-01-2026 10:05||NIFTY27JAN2624800PE,0.1538315238981876
22-01-2026 10:05||NIFTY27JAN2625000PE,0.1352048357740286
22-01-2026 10:05||NIFTY27JAN2625400CE,0.1080750332411595
22-01-2026 10:05||NIFTY27JAN2625700CE,0.1106026543285071
22-01-2026 10:05||NIFTY27JAN2625800CE,0.1142086045539726
22-01-2026 10:05||NIFTY27JAN2626100CE,0.128568155607928
22-01-2026 10:05||NIFTY27JAN2626400CE,0.1539744616506331
22-01-2026 10:10||NIFTY27JAN2623800PE,0.2609107119180872
22-01-2026 10:10||NIFTY27JAN2624200PE,0.2143324316464681
22-01-2026 10:10||NIFTY27JAN2624300PE,0.2031230341390487
22-01-2026 10:10||NIFTY27JAN2624500PE,0.1810780283499073
22-01-2026 10:10||NIFTY27JAN2624800PE,0.1492737261184236
22-01-2026 10:10||NIFTY27JAN2625300CE,0.1264606597420297
22-01-2026 10:10||NIFTY27JAN2625500CE,0.1171301500977197
22-01-2026 10:10||NIFTY27JAN2626200CE,0.1446650688355144
22-01-2026 10:10||NIFTY27JAN2626300CE,0.1472779187319147
22-01-2026 10:15||NIFTY27JAN2623900PE,0.2500504747691765
22-01-2026 10:15||NIFTY27JAN2624400PE,0.1973828010926518
22-01-2026 10:15||NIFTY27JAN2625000PE,0.1397416743446834
22-01-2026 10:15||NIFTY27JAN2625300CE,0.0946558362727877
22-01-2026 10:15||NIFTY27JAN2625400CE,0.094085089497747
22-01-2026 10:20||NIFTY27JAN2624000PE,0.2250467483822761
22-01-2026 10:20||NIFTY27JAN2625000PE,0.1247308093378262
22-01-2026 10:20||NIFTY27JAN2625100PE,0.1147335577009264
22-01-2026 10:20||NIFTY27JAN2625400CE,0.1206295927554291
22-01-2026 10:20||NIFTY27JAN2625500CE,0.1178383560888429
22-01-2026 10:20||NIFTY27JAN2625600CE,0.1178009779472601
22-01-2026 10:20||NIFTY27JAN2625900CE,0.1251159409800907
22-01-2026 10:25||NIFTY27JAN2623900PE,0.2307318838982786
22-01-2026 10:25||NIFTY27JAN2624000PE,0.2204991421897756
22-01-2026 10:25||NIFTY27JAN2624200PE,0.2003761816352364
22-01-2026 10:25||NIFTY27JAN2625100PE,0.1300365657451616
22-01-2026 10:25||NIFTY27JAN2625900CE,0.1175656740615125
22-01-2026 10:25||NIFTY27JAN2626300CE,0.1506152383606697
22-01-2026 10:30||NIFTY27JAN2624300PE,0.1827419171699204
22-01-2026 10:30||NIFTY27JAN2625800CE,0.1261330665554005
22-01-2026 10:30||NIFTY27JAN2626100CE,0.1434873443567682
22-01-2026 10:35||NIFTY27JAN2625100PE,0.1252042679159954
22-01-2026 10:35||NIFTY27JAN2625200CE,0.1061550831270362
22-01-2026 10:35||NIFTY27JAN2625300CE,0.1082426644711851
22-01-2026 10:35||NIFTY27JAN2625400CE,0.1052388253863395
22-01-2026 10:35||NIFTY27JAN2625800CE,0.1170356800987773
22-01-2026 10:40||NIFTY27JAN2624300PE,0.1832510641563542
22-01-2026 10:40||NIFTY27JAN2624600PE,0.1530102119967758
22-01-2026 10:40||NIFTY27JAN2625000PE,0.1239687245280902
22-01-2026 10:40||NIFTY27JAN2625800CE,0.1212988217279888
22-01-2026 10:40||NIFTY27JAN2625900CE,0.126260083788083
22-01-2026 10:40||NIFTY27JAN2626000CE,0.1336408165688563
22-01-2026 10:45||NIFTY27JAN2623900PE,0.2271578304588952
22-01-2026 10:45||NIFTY27JAN2625000PE,0.1267029104919632
22-01-2026 10:45||NIFTY27JAN2625400CE,0.1121319649198303
22-01-2026 10:45||NIFTY27JAN2625500CE,0.1121749684212727
22-01-2026 10:45||NIFTY27JAN2625700CE,0.1149089150616351
22-01-2026 10:45||NIFTY27JAN2625900CE,0.1259227702771691
22-01-2026 10:45||NIFTY27JAN2626400CE,0.1645885645441941
22-01-2026 10:45||NIFTY27JAN2626500CE,0.1757644339057676
22-01-2026 10:50||NIFTY27JAN2623900PE,0.2245170259020379
22-01-2026 10:50||NIFTY27JAN2624400PE,0.1725595177773742
22-01-2026 10:50||NIFTY27JAN2624500PE,0.1632804107441002
22-01-2026 10:50||NIFTY27JAN2624600PE,0.1547660649332382
22-01-2026 10:50||NIFTY27JAN2624900PE,0.1301410719576043
22-01-2026 10:50||NIFTY27JAN2625000PE,0.1236012384499301
22-01-2026 10:50||NIFTY27JAN2625300CE,0.1168109816185878
22-01-2026 10:50||NIFTY27JAN2625700CE,0.118250358968313
22-01-2026 10:50||NIFTY27JAN2625900CE,0.1294681860612663
22-01-2026 10:50||NIFTY27JAN2626000CE,0.135396854661825
22-01-2026 10:50||NIFTY27JAN2626300CE,0.1616647761793573
22-01-2026 10:55||NIFTY27JAN2624000PE,0.22004238251388
22-01-2026 10:55||NIFTY27JAN2624200PE,0.2003194911942621
22-01-2026 10:55||NIFTY27JAN2624600PE,0.163493521918243
22-01-2026 10:55||NIFTY27JAN2625900CE,0.1279489083901102
22-01-2026 11:00||NIFTY27JAN2624400PE,0.1738513586460764
22-01-2026 11:00||NIFTY27JAN2624800PE,0.1405031294439625
22-01-2026 11:00||NIFTY27JAN2626300CE,0.1628682631758685
22-01-2026 11:05||NIFTY27JAN2624500PE,0.1634909433445033
22-01-2026 11:05||NIFTY27JAN2624800PE,0.1387065331556112
22-01-2026 11:05||NIFTY27JAN2625500CE,0.1221808104168384
22-01-2026 11:05||NIFTY27JAN2625600CE,0.1245641070296953
22-01-2026 11:05||NIFTY27JAN2625900CE,0.1356118523669329
22-01-2026 11:05||NIFTY27JAN2626200CE,0.1582703567068964
22-01-2026 11:10||NIFTY27JAN2623800PE,0.2333135300713318
22-01-2026 11:10||NIFTY27JAN2624300PE,0.1839708668988798
22-01-2026 11:10||NIFTY27JAN2624600PE,0.1577191776126681
22-01-2026 11:10||NIFTY27JAN2624700PE,0.1502056766465782
22-01-2026 11:10||NIFTY27JAN2625000PE,0.1318672653228812
22-01-2026 11:10||NIFTY27JAN2625100PE,0.1286363830276678
22-01-2026 11:10||NIFTY27JAN2625400CE,0.1151604293762481
22-01-2026 11:10||NIFTY27JAN2625800CE,0.1288431729758792
22-01-2026 11:10||NIFTY27JAN2626100CE,0.1488126698909016
22-01-2026 11:15||NIFTY27JAN2623900PE,0.2244028176622863
22-01-2026 11:15||NIFTY27JAN2624300PE,0.1837218218290651
22-01-2026 11:15||NIFTY27JAN2625600CE,0.1217116924071078
22-01-2026 11:15||NIFTY27JAN2625800CE,0.1291107783121662
22-01-2026 11:15||NIFTY27JAN2626100CE,0.1468921294827589
22-01-2026 11:15||NIFTY27JAN2626200CE,0.1513055535432546
22-01-2026 11:15||NIFTY27JAN2626400CE,0.1712459453442999
22-01-2026 11:15||NIFTY27JAN2626500CE,0.1800214290818146
22-01-2026 11:20||NIFTY27JAN2623900PE,0.2188829470645955
22-01-2026 11:20||NIFTY27JAN2624700PE,0.1409832089557131
22-01-2026 11:20||NIFTY27JAN2624800PE,0.1333371576187019
22-01-2026 11:20||NIFTY27JAN2625600CE,0.1282101957691631
22-01-2026 11:20||NIFTY27JAN2625900CE,0.1389114870360402
22-01-2026 11:25||NIFTY27JAN2623800PE,0.2395129998817012
22-01-2026 11:25||NIFTY27JAN2623900PE,0.2295096561121556
22-01-2026 11:25||NIFTY27JAN2624000PE,0.2172483860176888
22-01-2026 11:25||NIFTY27JAN2624500PE,0.1675895105136146
22-01-2026 11:25||NIFTY27JAN2624600PE,0.1578824139301596
22-01-2026 11:25||NIFTY27JAN2625800CE,0.1250647750307909
22-01-2026 11:25||NIFTY27JAN2625900CE,0.1292365875728577
22-01-2026 11:25||NIFTY27JAN2626500CE,0.1792844620328352
22-01-2026 11:30||NIFTY27JAN2624300PE,0.1804293331886994
22-01-2026 11:30||NIFTY27JAN2625800CE,0.1307138440432457
22-01-2026 11:30||NIFTY27JAN2626000CE,0.143009779971068
22-01-2026 11:35||NIFTY27JAN2624200PE,0.1937343062233506
22-01-2026 11:35||NIFTY27JAN2625500CE,0.1151749199777089
22-01-2026 11:35||NIFTY27JAN2625900CE,0.1340256399645643
22-01-2026 11:40||NIFTY27JAN2624200PE,0.1929905235604989
22-01-2026 11:40||NIFTY27JAN2624700PE,0.1497879736026502
22-01-2026 11:40||NIFTY27JAN2625200CE,0.1106265318673941
22-01-2026 11:40||NIFTY27JAN2626300CE,0.1673316029913233
22-01-2026 11:45||NIFTY27JAN2623900PE,0.2188157891511872
22-01-2026 11:45||NIFTY27JAN2624400PE,0.1682765315685981
22-01-2026 11:45||NIFTY27JAN2625000PE,0.1234201278927062
22-01-2026 11:45||NIFTY27JAN2626500CE,0.1872457387146247
22-01-2026 11:50||NIFTY27JAN2624500PE,0.1635851822560127
22-01-2026 11:50||NIFTY27JAN2624800PE,0.1413909322051932
22-01-2026 11:50||NIFTY27JAN2625200CE,0.1207429363990441
22-01-2026 11:50||NIFTY27JAN2625700CE,0.1261221738017815
22-01-2026 11:50||NIFTY27JAN2626200CE,0.1598030723793761
22-01-2026 11:50||NIFTY27JAN2626300CE,0.1693821205431896
22-01-2026 11:55||NIFTY27JAN2624000PE,0.2117397322768162
22-01-2026 11:55||NIFTY27JAN2625000PE,0.1318070827030899
22-01-2026 12:00||NIFTY27JAN2623800PE,0.2241346501364081
22-01-2026 12:00||NIFTY27JAN2624300PE,0.1770073360471262
22-01-2026 12:00||NIFTY27JAN2625600CE,0.1302997829813964
22-01-2026 12:00||NIFTY27JAN2625700CE,0.1340752475538184
22-01-2026 12:00||NIFTY27JAN2626100CE,0.1610623361608551
22-01-2026 12:00||NIFTY27JAN2626400CE,0.1815076391015224
22-01-2026 12:05||NIFTY27JAN2624300PE,0.1799336371786259
22-01-2026 12:05||NIFTY27JAN2625600CE,0.1252177080186235
22-01-2026 12:05||NIFTY27JAN2625700CE,0.1283121563833983
22-01-2026 12:05||NIFTY27JAN2626000CE,0.1462029889438166
22-01-2026 12:05||NIFTY27JAN2626300CE,0.1697210056253883
22-01-2026 12:10||NIFTY27JAN2624000PE,0.2084008816715188
22-01-2026 12:10||NIFTY27JAN2624500PE,0.1588004397568043
22-01-2026 12:10||NIFTY27JAN2625500CE,0.1240399255227264
22-01-2026 12:10||NIFTY27JAN2625800CE,0.1334805074352124
22-01-2026 12:10||NIFTY27JAN2626100CE,0.1530086118694903
22-01-2026 12:15||NIFTY27JAN2623800PE,0.2292405013321639
22-01-2026 12:15||NIFTY27JAN2624000PE,0.2072548458270796
22-01-2026 12:15||NIFTY27JAN2624500PE,0.157199254592762
22-01-2026 12:15||NIFTY27JAN2626100CE,0.1537901508848384
22-01-2026 12:15||NIFTY27JAN2626400CE,0.176715114081486
22-01-2026 12:15||NIFTY27JAN2626500CE,0.1854116298769895
22-01-2026 12:20||NIFTY27JAN2624800PE,0.1446477784984798
22-01-2026 12:20||NIFTY27JAN2624900PE,0.1391193589442234
22-01-2026 12:20||NIFTY27JAN2625900CE,0.1302982171858403
22-01-2026 12:20||NIFTY27JAN2626000CE,0.1380095788577791
22-01-2026 12:20||NIFTY27JAN2626500CE,0.1810151015139702
22-01-2026 12:25||NIFTY27JAN2623900PE,0.2204719016402065
22-01-2026 12:25||NIFTY27JAN2624200PE,0.1888065086859022
22-01-2026 12:25||NIFTY27JAN2624700PE,0.1429592531881077
22-01-2026 12:25||NIFTY27JAN2624800PE,0.1350001322141043
22-01-2026 12:25||NIFTY27JAN2625300CE,0.1281005843105301
22-01-2026 12:30||NIFTY27JAN2624200PE,0.1889738317198524
22-01-2026 12:30||NIFTY27JAN2624400PE,0.1694863607234951
22-01-2026 12:30||NIFTY27JAN2624500PE,0.1600308776869095
22-01-2026 12:30||NIFTY27JAN2625100PE,0.1154118609125527
22-01-2026 12:30||NIFTY27JAN2625700CE,0.124919971289584
22-01-2026 12:30||NIFTY27JAN2625800CE,0.130250840367804
22-01-2026 12:30||NIFTY27JAN2625900CE,0.1344484469886743
22-01-2026 12:30||NIFTY27JAN2626400CE,0.1718728509573898
22-01-2026 12:35||NIFTY27JAN2623800PE,0.2345109940778063
22-01-2026 12:35||NIFTY27JAN2624400PE,0.1720306340861547
22-01-2026 12:35||NIFTY27JAN2626100CE,0.1463575915284949
22-01-2026 12:35||NIFTY27JAN2626300CE,0.1633057328335584
22-01-2026 12:40||NIFTY27JAN2624100PE,0.1983698523989755
22-01-2026 12:40||NIFTY27JAN2626200CE,0.1587325697822575
22-01-2026 12:45||NIFTY27JAN2624700PE,0.1427916758771344
22-01-2026 12:45||NIFTY27JAN2624900PE,0.1295700000636549
22-01-2026 12:45||NIFTY27JAN2625200CE,0.1161454731991665
22-01-2026 12:45||NIFTY27JAN2625700CE,0.1186339332423599
22-01-2026 12:45||NIFTY27JAN2625800CE,0.1248011094723453
22-01-2026 12:45||NIFTY27JAN2626000CE,0.1369657984539022
22-01-2026 12:45||NIFTY27JAN2626100CE,0.1443137778670934
22-01-2026 12:45||NIFTY27JAN2626200CE,0.1568226632057748
22-01-2026 12:45||NIFTY27JAN2626300CE,0.1649716924870535
22-01-2026 12:45||NIFTY27JAN2626400CE,0.1730292201384366
22-01-2026 12:50||NIFTY27JAN2624200PE,0.1896988876668731
22-01-2026 12:50||NIFTY27JAN2624300PE,0.1794656958639565
22-01-2026 12:50||NIFTY27JAN2624900PE,0.1324692818104363
22-01-2026 12:50||NIFTY27JAN2625900CE,0.1304982773601815
22-01-2026 12:50||NIFTY27JAN2626200CE,0.1554016077832198
22-01-2026 12:50||NIFTY27JAN2626300CE,0.1635250423189913
22-01-2026 12:55||NIFTY27JAN2624400PE,0.1641495439558282
22-01-2026 12:55||NIFTY27JAN2625100PE,0.1205720685525028
22-01-2026 12:55||NIFTY27JAN2626100CE,0.1527000000712789
22-01-2026 12:55||NIFTY27JAN2626400CE,0.1778008235228619
22-01-2026 13:00||NIFTY27JAN2624000PE,0.2038146309352237
22-01-2026 13:00||NIFTY27JAN2624400PE,0.1628592028295579
22-01-2026 13:00||NIFTY27JAN2624900PE,0.1254533623935965
22-01-2026 13:00||NIFTY27JAN2625700CE,0.1241915904523428
22-01-2026 13:05||NIFTY27JAN2623800PE,0.2255636669252961
22-01-2026 13:05||NIFTY27JAN2624100PE,0.1941935223899541
22-01-2026 13:05||NIFTY27JAN2624400PE,0.1638106095170878
22-01-2026 13:05||NIFTY27JAN2625000PE,0.1229315526973115
22-01-2026 13:05||NIFTY27JAN2625300CE,0.1164910481614216
22-01-2026 13:05||NIFTY27JAN2625400CE,0.1157097107659337
22-01-2026 13:05||NIFTY27JAN2625700CE,0.12400839957472
22-01-2026 13:10||NIFTY27JAN2624200PE,0.1837536557403482
22-01-2026 13:10||NIFTY27JAN2625300CE,0.1127519162824748
22-01-2026 13:10||NIFTY27JAN2625500CE,0.1141101476907271
22-01-2026 13:10||NIFTY27JAN2626000CE,0.1439426021236039
22-01-2026 13:10||NIFTY27JAN2626500CE,0.1903233867995032
22-01-2026 13:15||NIFTY27JAN2624200PE,0.1795220248853722
22-01-2026 13:15||NIFTY27JAN2624600PE,0.1417055583247765
22-01-2026 13:15||NIFTY27JAN2624700PE,0.1344576874074344
22-01-2026 13:15||NIFTY27JAN2625200CE,0.1279542099427325
22-01-2026 13:15||NIFTY27JAN2625600CE,0.1239199916147844
22-01-2026 13:20||NIFTY27JAN2623900PE,0.2138695158353507
22-01-2026 13:20||NIFTY27JAN2624700PE,0.1376837865669894
22-01-2026 13:20||NIFTY27JAN2624900PE,0.124814321186447
22-01-2026 13:20||NIFTY27JAN2625200CE,0.1201069888242557
22-01-2026 13:20||NIFTY27JAN2625500CE,0.1177291245501861
22-01-2026 13:20||NIFTY27JAN2626100CE,0.1538424556759291
22-01-2026 13:25||NIFTY27JAN2624900PE,0.1294365821402876
22-01-2026 13:25||NIFTY27JAN2625100PE,0.1207802588364218
22-01-2026 13:25||NIFTY27JAN2625800CE,0.1307701981190495
22-01-2026 13:25||NIFTY27JAN2626100CE,0.1542513910773699
22-01-2026 13:25||NIFTY27JAN2626300CE,0.1732910534850167
22-01-2026 13:30||NIFTY27JAN2623800PE,0.2218820909539863
22-01-2026 13:30||NIFTY27JAN2624000PE,0.200454017215009
22-01-2026 13:30||NIFTY27JAN2624100PE,0.1895059448070173
22-01-2026 13:30||NIFTY27JAN2624600PE,0.1379147479064976
22-01-2026 13:30||NIFTY27JAN2625100PE,0.0950299825403545
22-01-2026 13:30||NIFTY27JAN2625800CE,0.1374501103575531
22-01-2026 13:30||NIFTY27JAN2625900CE,0.1430985279736446
22-01-2026 13:35||NIFTY27JAN2623800PE,0.2267283260990905
22-01-2026 13:35||NIFTY27JAN2623900PE,0.2156387997300768
22-01-2026 13:35||NIFTY27JAN2624400PE,0.1666105435578514
22-01-2026 13:35||NIFTY27JAN2624600PE,0.1509413020167384
22-01-2026 13:35||NIFTY27JAN2624700PE,0.1434062978783337
22-01-2026 13:35||NIFTY27JAN2625300CE,0.1065748520277941
22-01-2026 13:35||NIFTY27JAN2625500CE,0.1092867423207999
22-01-2026 13:35||NIFTY27JAN2625700CE,0.1177507766845834
22-01-2026 13:35||NIFTY27JAN2626000CE,0.1376473549744861
22-01-2026 13:35||NIFTY27JAN2626100CE,0.1448625815978063
22-01-2026 13:35||NIFTY27JAN2626400CE,0.1779054329450572
22-01-2026 13:40||NIFTY27JAN2624000PE,0.2058498003030056
22-01-2026 13:40||NIFTY27JAN2624200PE,0.1825538634201309
22-01-2026 13:40||NIFTY27JAN2624300PE,0.1712234029072809
22-01-2026 13:40||NIFTY27JAN2624400PE,0.1609839937625708
22-01-2026 13:40||NIFTY27JAN2624900PE,0.1210388674023234
22-01-2026 13:40||NIFTY27JAN2625100PE,0.1093114943964064
22-01-2026 13:40||NIFTY27JAN2625300CE,0.1218093678473642
22-01-2026 13:40||NIFTY27JAN2625400CE,0.1216433618902466
22-01-2026 13:40||NIFTY27JAN2625600CE,0.1221038901707862
22-01-2026 13:40||NIFTY27JAN2626000CE,0.1446772767622217
22-01-2026 13:40||NIFTY27JAN2626300CE,0.1737202914159231
22-01-2026 13:45||NIFTY27JAN2624400PE,0.1600198413723744
22-01-2026 13:45||NIFTY27JAN2625200CE,0.1302310975367392
22-01-2026 13:45||NIFTY27JAN2625800CE,0.1334476836726547
22-01-2026 13:45||NIFTY27JAN2626100CE,0.156189938803763
22-01-2026 13:45||NIFTY27JAN2626300CE,0.1726815560602249
22-01-2026 13:50||NIFTY27JAN2623800PE,0.2277859787942296
22-01-2026 13:50||NIFTY27JAN2625200CE,0.1250955335775422
22-01-2026 13:50||NIFTY27JAN2626300CE,0.1684576074405608
22-01-2026 13:55||NIFTY27JAN2624500PE,0.1535807595469743
22-01-2026 13:55||NIFTY27JAN2624600PE,0.144229806224168
22-01-2026 13:55||NIFTY27JAN2624800PE,0.1286464268596055
22-01-2026 13:55||NIFTY27JAN2625400CE,0.1169286924382369
22-01-2026 13:55||NIFTY27JAN2625500CE,0.1177620542310306
22-01-2026 13:55||NIFTY27JAN2625900CE,0.1290880366931621
22-01-2026 13:55||NIFTY27JAN2626000CE,0.1364152991445487
22-01-2026 13:55||NIFTY27JAN2626400CE,0.173404834349764
22-01-2026 14:00||NIFTY27JAN2623800PE,0.2244225463933973
22-01-2026 14:00||NIFTY27JAN2623900PE,0.2148570161342449
22-01-2026 14:00||NIFTY27JAN2624300PE,0.1708536699966875
22-01-2026 14:00||NIFTY27JAN2625000PE,0.1173678017542293
22-01-2026 14:00||NIFTY27JAN2625300CE,0.1118328159021605
22-01-2026 14:00||NIFTY27JAN2625500CE,0.1116726560861862
22-01-2026 14:00||NIFTY27JAN2625600CE,0.1150793122224316
22-01-2026 14:00||NIFTY27JAN2626500CE,0.186696009302973
22-01-2026 14:05||NIFTY27JAN2623800PE,0.2237568548458176
22-01-2026 14:05||NIFTY27JAN2624000PE,0.2048147762010394
22-01-2026 14:05||NIFTY27JAN2624200PE,0.1822810638686758
22-01-2026 14:05||NIFTY27JAN2624300PE,0.1713044483770854
22-01-2026 14:05||NIFTY27JAN2625200CE,0.1027933379189737
22-01-2026 14:05||NIFTY27JAN2626200CE,0.1557417531088377
22-01-2026 14:05||NIFTY27JAN2626400CE,0.1761651984368021
22-01-2026 14:10||NIFTY27JAN2623900PE,0.213806605949746
22-01-2026 14:10||NIFTY27JAN2624200PE,0.1816563755851055
22-01-2026 14:10||NIFTY27JAN2625100PE,0.121239903427378
22-01-2026 14:10||NIFTY27JAN2625900CE,0.1332897011601079
22-01-2026 14:15||NIFTY27JAN2623800PE,0.2195252505601719
22-01-2026 14:15||NIFTY27JAN2624600PE,0.1374320563700092
22-01-2026 14:15||NIFTY27JAN2625000PE,0.1126033631372696
22-01-2026 14:15||NIFTY27JAN2625100PE,0.1052628252088443
22-01-2026 14:15||NIFTY27JAN2626500CE,0.1934525581277609
22-01-2026 14:20||NIFTY27JAN2623800PE,0.2202034603872458
22-01-2026 14:20||NIFTY27JAN2623900PE,0.209437543066868
22-01-2026 14:20||NIFTY27JAN2624000PE,0.2004178811275125
22-01-2026 14:20||NIFTY27JAN2624100PE,0.1882637585392443
22-01-2026 14:20||NIFTY27JAN2624400PE,0.1557611499618208
22-01-2026 14:20||NIFTY27JAN2624900PE,0.1151714397926328
22-01-2026 14:20||NIFTY27JAN2625400CE,0.1154634582232257
22-01-2026 14:20||NIFTY27JAN2625700CE,0.123183169930567
22-01-2026 14:20||NIFTY27JAN2625800CE,0.1301583632489152
22-01-2026 14:20||NIFTY27JAN2625900CE,0.1374485887202713
22-01-2026 14:20||NIFTY27JAN2626100CE,0.1561660354557398
22-01-2026 14:20||NIFTY27JAN2626200CE,0.1655327382096235
22-01-2026 14:25||NIFTY27JAN2624200PE,0.1739869521400897
22-01-2026 14:25||NIFTY27JAN2624300PE,0.1640894069063888
22-01-2026 14:25||NIFTY27JAN2624600PE,0.133782815622879
22-01-2026 14:25||NIFTY27JAN2624700PE,0.1255553684646239
22-01-2026 14:25||NIFTY27JAN2626500CE,0.1888601272222275
22-01-2026 14:30||NIFTY27JAN2623800PE,0.2274680214495382
22-01-2026 14:30||NIFTY27JAN2624300PE,0.1679454069138957
22-01-2026 14:30||NIFTY27JAN2625600CE,0.1216572874439092
22-01-2026 14:30||NIFTY27JAN2625700CE,0.1227502731094652
22-01-2026 14:30||NIFTY27JAN2625900CE,0.1327258044893971
22-01-2026 14:30||NIFTY27JAN2626500CE,0.1800408737478678
22-01-2026 14:35||NIFTY27JAN2624000PE,0.2046326005687153
22-01-2026 14:35||NIFTY27JAN2624800PE,0.1237566079176018
22-01-2026 14:35||NIFTY27JAN2625500CE,0.1173919166669636
22-01-2026 14:40||NIFTY27JAN2623800PE,0.2309405033521639
22-01-2026 14:40||NIFTY27JAN2625200CE,0.1069222032039255
22-01-2026 14:40||NIFTY27JAN2625400CE,0.1143602351921684
22-01-2026 14:40||NIFTY27JAN2626100CE,0.1392997777577802
22-01-2026 14:40||NIFTY27JAN2626500CE,0.1746400837823729
22-01-2026 14:45||NIFTY27JAN2624000PE,0.2029406061434915
22-01-2026 14:45||NIFTY27JAN2626100CE,0.139359476424847
22-01-2026 14:50||NIFTY27JAN2624400PE,0.161141276116082
22-01-2026 14:50||NIFTY27JAN2624500PE,0.1511192682273778
22-01-2026 14:50||NIFTY27JAN2625400CE,0.1075284643113912
22-01-2026 14:50||NIFTY27JAN2625500CE,0.1061275090929571
22-01-2026 14:50||NIFTY27JAN2625600CE,0.1078189793359747
22-01-2026 14:50||NIFTY27JAN2626200CE,0.145528896014044
22-01-2026 14:55||NIFTY27JAN2624300PE,0.1676816539939938
22-01-2026 14:55||NIFTY27JAN2625000PE,0.1104375323615459
22-01-2026 14:55||NIFTY27JAN2626100CE,0.1346000059739261
22-01-2026 14:55||NIFTY27JAN2626500CE,0.1707808270515613
22-01-2026 15:00||NIFTY27JAN2624300PE,0.1676980049591328
22-01-2026 15:00||NIFTY27JAN2624600PE,0.1369359462449385
22-01-2026 15:00||NIFTY27JAN2624900PE,0.1170893293566786
22-01-2026 15:00||NIFTY27JAN2625600CE,0.1052681596678274
22-01-2026 15:00||NIFTY27JAN2626400CE,0.162212460509005
22-01-2026 15:05||NIFTY27JAN2625300CE,0.1344625786217536
22-01-2026 15:05||NIFTY27JAN2625400CE,0.1225542016757481
22-01-2026 15:05||NIFTY27JAN2625600CE,0.1170754395249121
22-01-2026 15:10||NIFTY27JAN2623800PE,0.224733113777819
22-01-2026 15:10||NIFTY27JAN2624000PE,0.2024348832155084
22-01-2026 15:10||NIFTY27JAN2624200PE,0.1811744317824238
22-01-2026 15:10||NIFTY27JAN2625100PE,0.1008435738577724
22-01-2026 15:10||NIFTY27JAN2625600CE,0.1070559734029349
22-01-2026 15:10||NIFTY27JAN2626100CE,0.1316829263969356
22-01-2026 15:15||NIFTY27JAN2623800PE,0.2259718726820559
22-01-2026 15:15||NIFTY27JAN2624200PE,0.1786016332805733
22-01-2026 15:15||NIFTY27JAN2624600PE,0.1333535261412266
22-01-2026 15:15||NIFTY27JAN2625400CE,0.1164984737335105
22-01-2026 15:15||NIFTY27JAN2625800CE,0.1140813186841745
22-01-2026 15:15||NIFTY27JAN2625900CE,0.1177526350120286
22-01-2026 15:15||NIFTY27JAN2626200CE,0.1393255599646385
22-01-2026 15:15||NIFTY27JAN2626300CE,0.1483733498940225
22-01-2026 15:20||NIFTY27JAN2624800PE,0.1177104538282385
22-01-2026 15:20||NIFTY27JAN2625200CE,0.1292947057127776
22-01-2026 15:20||NIFTY27JAN2626400CE,0.1549949250394386
22-01-2026 15:25||NIFTY27JAN2623800PE,0.2267797388752178
22-01-2026 15:25||NIFTY27JAN2624300PE,0.1667145546348266
22-01-2026 15:25||NIFTY27JAN2624700PE,0.1242678591502828
22-01-2026 15:25||NIFTY27JAN2625100PE,0.0932246018649567
22-01-2026 15:25||NIFTY27JAN2625200CE,0.1283521348641908
22-01-2026 15:25||NIFTY27JAN2625300CE,0.1202010117690012
22-01-2026 15:25||NIFTY27JAN2625600CE,0.1119589062867972
22-01-2026 15:25||NIFTY27JAN2625900CE,0.1173066692037792
22-01-2026 15:25||NIFTY27JAN2626000CE,0.1250874852913136
22-01-2026 15:25||NIFTY27JAN2626400CE,0.1578376526177818
23-01-2026 09:15||NIFTY27JAN2624100PE,0.2093899051401289
23-01-2026 09:15||NIFTY27JAN2624200PE,0.1975080027004498
23-01-2026 09:15||NIFTY27JAN2624300PE,0.1857211804364824
23-01-2026 09:15||NIFTY27JAN2625500CE,0.1111450953099579
23-01-2026 09:15||NIFTY27JAN2626000CE,0.1326037867664296
23-01-2026 09:15||NIFTY27JAN2626100CE,0.1352900884778073
23-01-2026 09:15||NIFTY27JAN2626200CE,0.1491236262830058
23-01-2026 09:15||NIFTY27JAN2626300CE,0.1622587228654324
23-01-2026 09:15||NIFTY27JAN2626500CE,0.1795290834857361
23-01-2026 09:20||NIFTY27JAN2623900PE,0.230387356674863
23-01-2026 09:20||NIFTY27JAN2624400PE,0.1703760238572431
23-01-2026 09:20||NIFTY27JAN2625500CE,0.1240644680892015
23-01-2026 09:20||NIFTY27JAN2626200CE,0.1564295677560513
23-01-2026 09:20||NIFTY27JAN2626400CE,0.1760877135901225
23-01-2026 09:25||NIFTY27JAN2623800PE,0.2551861268847948
23-01-2026 09:25||NIFTY27JAN2625100PE,0.1113419421933496
23-01-2026 09:25||NIFTY27JAN2626100CE,0.1361047688698817
23-01-2026 09:25||NIFTY27JAN2626200CE,0.1475569506109286
23-01-2026 09:25||NIFTY27JAN2626400CE,0.1656663876254652
23-01-2026 09:30||NIFTY27JAN2623900PE,0.2417774958329357
23-01-2026 09:30||NIFTY27JAN2624000PE,0.2289341089807279
23-01-2026 09:30||NIFTY27JAN2624400PE,0.1803408020204212
23-01-2026 09:30||NIFTY27JAN2624500PE,0.1691418838109057
23-01-2026 09:30||NIFTY27JAN2624600PE,0.157667540828
23-01-2026 09:30||NIFTY27JAN2624700PE,0.1477519248562399
23-01-2026 09:30||NIFTY27JAN2625200CE,0.105693002280799
23-01-2026 09:30||NIFTY27JAN2626300CE,0.15655877831489
23-01-2026 09:35||NIFTY27JAN2623900PE,0.2379499629341572
23-01-2026 09:35||NIFTY27JAN2624000PE,0.2256415687204423
23-01-2026 09:35||NIFTY27JAN2624400PE,0.1771587467001494
23-01-2026 09:35||NIFTY27JAN2625500CE,0.1069502365621832
23-01-2026 09:35||NIFTY27JAN2626100CE,0.1391824716231639
23-01-2026 09:40||NIFTY27JAN2625400CE,0.1072187043655562
23-01-2026 09:40||NIFTY27JAN2625500CE,0.1029512780886876
23-01-2026 09:40||NIFTY27JAN2626000CE,0.1289368831482937
23-01-2026 09:45||NIFTY27JAN2623900PE,0.2334955600902323
23-01-2026 09:45||NIFTY27JAN2624100PE,0.2065867472363221
23-01-2026 09:45||NIFTY27JAN2624300PE,0.1830954013181742
23-01-2026 09:45||NIFTY27JAN2624800PE,0.1303750547090533
23-01-2026 09:45||NIFTY27JAN2624900PE,0.1196664482413969
23-01-2026 09:45||NIFTY27JAN2626100CE,0.1476421732375164
23-01-2026 09:45||NIFTY27JAN2626400CE,0.1698130108013967
23-01-2026 09:50||NIFTY27JAN2623900PE,0.2398492243563173
23-01-2026 09:50||NIFTY27JAN2624200PE,0.2010540042734983
23-01-2026 09:50||NIFTY27JAN2624400PE,0.1770507653361024
23-01-2026 09:50||NIFTY27JAN2624700PE,0.143922973186699
23-01-2026 09:50||NIFTY27JAN2625200CE,0.1099595382097059
23-01-2026 09:50||NIFTY27JAN2625300CE,0.1041733473981152
23-01-2026 09:50||NIFTY27JAN2625700CE,0.1028228400115938
23-01-2026 09:50||NIFTY27JAN2625800CE,0.1089815581312068
23-01-2026 09:55||NIFTY27JAN2623800PE,0.2484708148273758
23-01-2026 09:55||NIFTY27JAN2624200PE,0.1992282011210439
23-01-2026 09:55||NIFTY27JAN2624800PE,0.1295041273138466
23-01-2026 09:55||NIFTY27JAN2625000PE,0.1158155511252338
23-01-2026 09:55||NIFTY27JAN2625200CE,0.1221054893279226
23-01-2026 09:55||NIFTY27JAN2625700CE,0.1070173786774415
23-01-2026 09:55||NIFTY27JAN2626300CE,0.1625101071042094
23-01-2026 10:00||NIFTY27JAN2624700PE,0.1425951576448265
23-01-2026 10:00||NIFTY27JAN2625900CE,0.1119848518035941
23-01-2026 10:00||NIFTY27JAN2626000CE,0.1273871028107974
23-01-2026 10:00||NIFTY27JAN2626100CE,0.1358944480951429
23-01-2026 10:00||NIFTY27JAN2626300CE,0.1615803349153357
23-01-2026 10:05||NIFTY27JAN2623800PE,0.249782281934436
23-01-2026 10:05||NIFTY27JAN2624100PE,0.2109301565863411
23-01-2026 10:05||NIFTY27JAN2624600PE,0.1501336317485211
23-01-2026 10:05||NIFTY27JAN2624800PE,0.1329815715400538
23-01-2026 10:05||NIFTY27JAN2626200CE,0.1494843117294048
23-01-2026 10:10||NIFTY27JAN2623800PE,0.2479254701455318
23-01-2026 10:10||NIFTY27JAN2624000PE,0.2232480300328579
23-01-2026 10:10||NIFTY27JAN2624400PE,0.1733076320988837
23-01-2026 10:10||NIFTY27JAN2624600PE,0.1496578606535729
23-01-2026 10:10||NIFTY27JAN2624800PE,0.1301878514514596
23-01-2026 10:10||NIFTY27JAN2625300CE,0.1103324117669456
23-01-2026 10:15||NIFTY27JAN2624700PE,0.1412198154907465
23-01-2026 10:15||NIFTY27JAN2625700CE,0.1011611082659891
23-01-2026 10:15||NIFTY27JAN2625900CE,0.1153025950725699
23-01-2026 10:15||NIFTY27JAN2626000CE,0.1278282506985571
23-01-2026 10:15||NIFTY27JAN2626400CE,0.1711135364614335
23-01-2026 10:20||NIFTY27JAN2625700CE,0.105837051333645
23-01-2026 10:20||NIFTY27JAN2625800CE,0.1135591395867694
23-01-2026 10:20||NIFTY27JAN2626100CE,0.1444396885570442
23-01-2026 10:20||NIFTY27JAN2626500CE,0.1891280701378248
23-01-2026 10:25||NIFTY27JAN2623800PE,0.2446572144132935
23-01-2026 10:25||NIFTY27JAN2624400PE,0.1687368680087062
23-01-2026 10:25||NIFTY27JAN2624600PE,0.1437890778552256
23-01-2026 10:25||NIFTY27JAN2625100PE,0.0957300385686031
23-01-2026 10:25||NIFTY27JAN2625400CE,0.1130415801807356
23-01-2026 10:25||NIFTY27JAN2626000CE,0.1320411330317199
23-01-2026 10:30||NIFTY27JAN2624100PE,0.2124001625328742
23-01-2026 10:30||NIFTY27JAN2624400PE,0.1733400166633323
23-01-2026 10:30||NIFTY27JAN2624600PE,0.1494540924660558
23-01-2026 10:30||NIFTY27JAN2625100PE,0.1039598207613177
23-01-2026 10:35||NIFTY27JAN2624000PE,0.2263724625749732
23-01-2026 10:35||NIFTY27JAN2624100PE,0.2121329795162682
23-01-2026 10:35||NIFTY27JAN2624200PE,0.2019028692059725
23-01-2026 10:35||NIFTY27JAN2624500PE,0.1659408511374099
23-01-2026 10:35||NIFTY27JAN2624900PE,0.1235633311937167
23-01-2026 10:35||NIFTY27JAN2625100PE,0.1072132520502425
23-01-2026 10:35||NIFTY27JAN2625600CE,0.0987187046969104
23-01-2026 10:40||NIFTY27JAN2624000PE,0.2244184759899036
23-01-2026 10:40||NIFTY27JAN2624600PE,0.1503855181106054
23-01-2026 10:40||NIFTY27JAN2624800PE,0.1293761620454575
23-01-2026 10:40||NIFTY27JAN2625300CE,0.1038080343759602
23-01-2026 10:40||NIFTY27JAN2625800CE,0.1062897470193613
23-01-2026 10:45||NIFTY27JAN2624100PE,0.2139786618051897
23-01-2026 10:45||NIFTY27JAN2625100PE,0.112173815577226
23-01-2026 10:45||NIFTY27JAN2625900CE,0.1113100568166019
23-01-2026 10:45||NIFTY27JAN2626200CE,0.1469198132762963
23-01-2026 10:45||NIFTY27JAN2626500CE,0.1820299426426127
23-01-2026 10:50||NIFTY27JAN2623900PE,0.2382868271107148
23-01-2026 10:50||NIFTY27JAN2625400CE,0.1018245429482698
23-01-2026 10:50||NIFTY27JAN2625700CE,0.0984877075808991
23-01-2026 10:50||NIFTY27JAN2626200CE,0.1510733272813063
23-01-2026 10:50||NIFTY27JAN2626300CE,0.1586346008585032
23-01-2026 10:50||NIFTY27JAN2626400CE,0.1680010639139733
23-01-2026 10:55||NIFTY27JAN2623800PE,0.2477175246542642
23-01-2026 10:55||NIFTY27JAN2624600PE,0.1469181014694245
23-01-2026 10:55||NIFTY27JAN2624900PE,0.116789561898378
23-01-2026 10:55||NIFTY27JAN2626200CE,0.1486968536497256
23-01-2026 11:00||NIFTY27JAN2625100PE,0.1096608431646424
23-01-2026 11:00||NIFTY27JAN2625400CE,0.0942629724121515
23-01-2026 11:00||NIFTY27JAN2625800CE,0.1066566146548211
23-01-2026 11:00||NIFTY27JAN2626100CE,0.1383511020504629
23-01-2026 11:05||NIFTY27JAN2624200PE,0.1973664121753361
23-01-2026 11:05||NIFTY27JAN2625600CE,0.1006912548181596
23-01-2026 11:05||NIFTY27JAN2625700CE,0.102860649828918
23-01-2026 11:05||NIFTY27JAN2626200CE,0.1518270940933234
23-01-2026 11:05||NIFTY27JAN2626500CE,0.1844675526619467
23-01-2026 11:10||NIFTY27JAN2624000PE,0.221557100073262
23-01-2026 11:10||NIFTY27JAN2624100PE,0.2099683470773003
23-01-2026 11:10||NIFTY27JAN2625300CE,0.1027526810072085
23-01-2026 11:10||NIFTY27JAN2626300CE,0.1622120457795323
23-01-2026 11:15||NIFTY27JAN2624200PE,0.1970787901560627
23-01-2026 11:15||NIFTY27JAN2624800PE,0.1278905822081805
23-01-2026 11:15||NIFTY27JAN2624900PE,0.1196931768168164
23-01-2026 11:15||NIFTY27JAN2625300CE,0.0924465126346143
23-01-2026 11:15||NIFTY27JAN2625400CE,0.0891336183033056
23-01-2026 11:15||NIFTY27JAN2625500CE,0.0904774913250196
23-01-2026 11:15||NIFTY27JAN2625700CE,0.0985272938441892
23-01-2026 11:15||NIFTY27JAN2626300CE,0.1624091376293597
23-01-2026 11:20||NIFTY27JAN2624100PE,0.2055575713684293
23-01-2026 11:20||NIFTY27JAN2624400PE,0.1686600813293005
23-01-2026 11:20||NIFTY27JAN2624800PE,0.1246226780782106
23-01-2026 11:20||NIFTY27JAN2625100PE,0.0980101377283031
23-01-2026 11:20||NIFTY27JAN2626000CE,0.1300509105655223
23-01-2026 11:20||NIFTY27JAN2626300CE,0.1662708215793932
23-01-2026 11:25||NIFTY27JAN2623800PE,0.2472660268380915
23-01-2026 11:25||NIFTY27JAN2623900PE,0.2338851004752322
23-01-2026 11:25||NIFTY27JAN2624900PE,0.1141999385142036
23-01-2026 11:25||NIFTY27JAN2625200CE,0.1105386957498467
23-01-2026 11:25||NIFTY27JAN2625800CE,0.1085242245879659
23-01-2026 11:25||NIFTY27JAN2626400CE,0.1749088748057027
23-01-2026 11:30||NIFTY27JAN2624700PE,0.1361311775008052
23-01-2026 11:30||NIFTY27JAN2624900PE,0.1200227345373616
23-01-2026 11:30||NIFTY27JAN2625000PE,0.1137651154617015
23-01-2026 11:30||NIFTY27JAN2625500CE,0.0909122221988323
23-01-2026 11:30||NIFTY27JAN2625800CE,0.1068241616613169
23-01-2026 11:30||NIFTY27JAN2626000CE,0.1288304572010935
23-01-2026 11:30||NIFTY27JAN2626200CE,0.1519619542381041
23-01-2026 11:30||NIFTY27JAN2626400CE,0.1737628528387811
23-01-2026 11:35||NIFTY27JAN2624900PE,0.1204313804037212
23-01-2026 11:35||NIFTY27JAN2625400CE,0.0923067740800383
23-01-2026 11:35||NIFTY27JAN2626000CE,0.132825577759551
23-01-2026 11:40||NIFTY27JAN2623900PE,0.2285683576757791
23-01-2026 11:40||NIFTY27JAN2624300PE,0.1763101879669359
23-01-2026 11:40||NIFTY27JAN2624900PE,0.1150077082462131
23-01-2026 11:40||NIFTY27JAN2625500CE,0.0975134824570242
23-01-2026 11:40||NIFTY27JAN2626300CE,0.1728601317743717
23-01-2026 11:40||NIFTY27JAN2626500CE,0.1977003179497263
23-01-2026 11:45||NIFTY27JAN2625300CE,0.094332949235595
23-01-2026 11:45||NIFTY27JAN2626100CE,0.1510989725273889
23-01-2026 11:45||NIFTY27JAN2626400CE,0.1849964165664174
23-01-2026 11:50||NIFTY27JAN2624100PE,0.1956367524113366
23-01-2026 11:50||NIFTY27JAN2624500PE,0.1466378661450966
23-01-2026 11:50||NIFTY27JAN2625400CE,0.1049803838805998
23-01-2026 11:50||NIFTY27JAN2625500CE,0.1046696978465832
23-01-2026 11:50||NIFTY27JAN2625700CE,0.1130443498557873
23-01-2026 11:55||NIFTY27JAN2624800PE,0.1200574788913445
23-01-2026 11:55||NIFTY27JAN2625100PE,0.1003075775581788
23-01-2026 11:55||NIFTY27JAN2625700CE,0.1109511166958711
23-01-2026 11:55||NIFTY27JAN2626200CE,0.1644364237679275
23-01-2026 11:55||NIFTY27JAN2626500CE,0.1966340864539373
23-01-2026 12:00||NIFTY27JAN2624000PE,0.2103629799699328
23-01-2026 12:00||NIFTY27JAN2624300PE,0.1727951572280458
23-01-2026 12:00||NIFTY27JAN2624800PE,0.1183480706421006
23-01-2026 12:00||NIFTY27JAN2625200CE,0.1093080712822057
23-01-2026 12:00||NIFTY27JAN2625800CE,0.1195710798582647
23-01-2026 12:00||NIFTY27JAN2625900CE,0.1303027304156392
23-01-2026 12:00||NIFTY27JAN2626400CE,0.1864042687285715
23-01-2026 12:05||NIFTY27JAN2624600PE,0.1381804455192299
23-01-2026 12:05||NIFTY27JAN2625300CE,0.0962662705143571
23-01-2026 12:05||NIFTY27JAN2625400CE,0.0987125619773028
23-01-2026 12:05||NIFTY27JAN2626400CE,0.1859843955994528
23-01-2026 12:10||NIFTY27JAN2623900PE,0.2200562627430414
23-01-2026 12:10||NIFTY27JAN2624000PE,0.206367108780084
23-01-2026 12:10||NIFTY27JAN2625000PE,0.1067667264490077
23-01-2026 12:10||NIFTY27JAN2625700CE,0.1133140020166503
23-01-2026 12:10||NIFTY27JAN2626200CE,0.1676995649044045
23-01-2026 12:10||NIFTY27JAN2626500CE,0.2002285526210755
23-01-2026 12:15||NIFTY27JAN2625500CE,0.1078161485181725
23-01-2026 12:15||NIFTY27JAN2626100CE,0.1562585477061844
23-01-2026 12:15||NIFTY27JAN2626300CE,0.1774118199194042
23-01-2026 12:20||NIFTY27JAN2624200PE,0.1864375712518495
23-01-2026 12:20||NIFTY27JAN2625200CE,0.1036554141717346
23-01-2026 12:20||NIFTY27JAN2625300CE,0.1003094141081887
23-01-2026 12:20||NIFTY27JAN2625400CE,0.0990721315901055
23-01-2026 12:20||NIFTY27JAN2625800CE,0.1178534350433879
23-01-2026 12:20||NIFTY27JAN2626100CE,0.151823124013902
23-01-2026 12:25||NIFTY27JAN2624300PE,0.1727262002961229
23-01-2026 12:25||NIFTY27JAN2624500PE,0.1468863861514207
23-01-2026 12:25||NIFTY27JAN2624600PE,0.1350428049374903
23-01-2026 12:25||NIFTY27JAN2624900PE,0.1078021320054541
23-01-2026 12:25||NIFTY27JAN2625400CE,0.1012872614578948
23-01-2026 12:25||NIFTY27JAN2625600CE,0.1069455506303931
23-01-2026 12:25||NIFTY27JAN2626400CE,0.1874559421542895
23-01-2026 12:30||NIFTY27JAN2623800PE,0.2351041047095235
23-01-2026 12:30||NIFTY27JAN2624100PE,0.195815701050175
23-01-2026 12:30||NIFTY27JAN2624200PE,0.1844067337048544
23-01-2026 12:30||NIFTY27JAN2624500PE,0.1454066682714437
23-01-2026 12:30||NIFTY27JAN2625900CE,0.1299841022496869
23-01-2026 12:30||NIFTY27JAN2626100CE,0.1539740683023513
23-01-2026 12:30||NIFTY27JAN2626200CE,0.1633585378331155
23-01-2026 12:35||NIFTY27JAN2624100PE,0.1964884113338834
23-01-2026 12:35||NIFTY27JAN2624400PE,0.1569500374046471
23-01-2026 12:35||NIFTY27JAN2625100PE,0.0885427564210715
23-01-2026 12:35||NIFTY27JAN2625300CE,0.1085230178550053
23-01-2026 12:35||NIFTY27JAN2626100CE,0.1539626559955876
23-01-2026 12:40||NIFTY27JAN2624500PE,0.1439026930346273
23-01-2026 12:40||NIFTY27JAN2624600PE,0.1323357519630593
23-01-2026 12:40||NIFTY27JAN2624900PE,0.1028035634977241
23-01-2026 12:40||NIFTY27JAN2625300CE,0.1086328056943184
23-01-2026 12:45||NIFTY27JAN2623800PE,0.2370885312059588
23-01-2026 12:45||NIFTY27JAN2623900PE,0.2254765737223188
23-01-2026 12:45||NIFTY27JAN2624600PE,0.1368404014347728
23-01-2026 12:45||NIFTY27JAN2625900CE,0.1236785506316447
23-01-2026 12:50||NIFTY27JAN2623800PE,0.2364711585450001
23-01-2026 12:50||NIFTY27JAN2624400PE,0.1559261051841628
23-01-2026 12:50||NIFTY27JAN2624800PE,0.1092293493179392
23-01-2026 12:50||NIFTY27JAN2625300CE,0.1105656395095999
23-01-2026 12:50||NIFTY27JAN2625600CE,0.1092463866642645
23-01-2026 12:50||NIFTY27JAN2625700CE,0.1121045971340064
23-01-2026 12:50||NIFTY27JAN2626000CE,0.1407075971373328
23-01-2026 12:50||NIFTY27JAN2626400CE,0.187505212456893
23-01-2026 12:55||NIFTY27JAN2624200PE,0.1881074053386876
23-01-2026 12:55||NIFTY27JAN2625400CE,0.0909776802497573
23-01-2026 12:55||NIFTY27JAN2625600CE,0.0991953424546732
23-01-2026 12:55||NIFTY27JAN2625800CE,0.1147994300408941
23-01-2026 12:55||NIFTY27JAN2626400CE,0.1860978507433957
23-01-2026 13:00||NIFTY27JAN2624900PE,0.1028625612195383
23-01-2026 13:00||NIFTY27JAN2625700CE,0.1100401959734135
23-01-2026 13:00||NIFTY27JAN2626000CE,0.1426154390372825
23-01-2026 13:05||NIFTY27JAN2623800PE,0.2322456100964265
23-01-2026 13:05||NIFTY27JAN2625200CE,0.1076318536083255
23-01-2026 13:05||NIFTY27JAN2625900CE,0.1307294132392174
23-01-2026 13:10||NIFTY27JAN2623900PE,0.2211284794716501
23-01-2026 13:10||NIFTY27JAN2624000PE,0.2049009634104354
23-01-2026 13:10||NIFTY27JAN2624100PE,0.1944545258899198
23-01-2026 13:10||NIFTY27JAN2624700PE,0.1199004390878801
23-01-2026 13:10||NIFTY27JAN2625100PE,0.092089754696585
23-01-2026 13:10||NIFTY27JAN2625800CE,0.1227302129747603
23-01-2026 13:10||NIFTY27JAN2626000CE,0.1444275206080545
23-01-2026 13:15||NIFTY27JAN2623800PE,0.2263309563643417
23-01-2026 13:15||NIFTY27JAN2624200PE,0.178216349075888
23-01-2026 13:15||NIFTY27JAN2625300CE,0.0939261748289927
23-01-2026 13:15||NIFTY27JAN2625600CE,0.1056487789853803
23-01-2026 13:15||NIFTY27JAN2625900CE,0.1349533722437965
23-01-2026 13:15||NIFTY27JAN2626000CE,0.1474402222711995
23-01-2026 13:20||NIFTY27JAN2624700PE,0.1212738602563121
23-01-2026 13:20||NIFTY27JAN2624800PE,0.1137039173688222
23-01-2026 13:20||NIFTY27JAN2625700CE,0.1219526146184454
23-01-2026 13:20||NIFTY27JAN2626200CE,0.1768868208754372
23-01-2026 13:20||NIFTY27JAN2626500CE,0.2071299032367369
23-01-2026 13:25||NIFTY27JAN2624100PE,0.1863704363473292
23-01-2026 13:25||NIFTY27JAN2624500PE,0.1380737564823378
23-01-2026 13:25||NIFTY27JAN2625000PE,0.1030684904454411
23-01-2026 13:25||NIFTY27JAN2625400CE,0.1009508395418295
23-01-2026 13:30||NIFTY27JAN2624700PE,0.1287247086258632
23-01-2026 13:30||NIFTY27JAN2624800PE,0.1226507430633317
23-01-2026 13:30||NIFTY27JAN2625000PE,0.1153675968627432
23-01-2026 13:30||NIFTY27JAN2625400CE,0.1086834065880411
23-01-2026 13:30||NIFTY27JAN2625700CE,0.1320267796173846
23-01-2026 13:30||NIFTY27JAN2626000CE,0.1650005695836148
23-01-2026 13:35||NIFTY27JAN2623900PE,0.2076542387132378
23-01-2026 13:35||NIFTY27JAN2624100PE,0.1834080173926039
23-01-2026 13:35||NIFTY27JAN2624900PE,0.1108060786966856
23-01-2026 13:35||NIFTY27JAN2625600CE,0.1249193835822791
23-01-2026 13:35||NIFTY27JAN2626000CE,0.1646310590909447
23-01-2026 13:35||NIFTY27JAN2626200CE,0.1918946867488327
23-01-2026 13:35||NIFTY27JAN2626500CE,0.222379794511886
23-01-2026 13:40||NIFTY27JAN2623900PE,0.2128612592375676
23-01-2026 13:40||NIFTY27JAN2624600PE,0.1357954645410744
23-01-2026 13:40||NIFTY27JAN2624900PE,0.1220465346198225
23-01-2026 13:40||NIFTY27JAN2625700CE,0.1333049998867942
23-01-2026 13:40||NIFTY27JAN2625800CE,0.1449442939814363
23-01-2026 13:40||NIFTY27JAN2626300CE,0.1986354072931651
23-01-2026 13:45||NIFTY27JAN2623900PE,0.205311490435658
23-01-2026 13:45||NIFTY27JAN2624000PE,0.1936029179878737
23-01-2026 13:45||NIFTY27JAN2624500PE,0.1327885982810535
23-01-2026 13:45||NIFTY27JAN2624600PE,0.1245953611197312
23-01-2026 13:45||NIFTY27JAN2625000PE,0.1007178747917217
23-01-2026 13:45||NIFTY27JAN2625300CE,0.1126613628123759
23-01-2026 13:45||NIFTY27JAN2626100CE,0.1841586533701447
23-01-2026 13:45||NIFTY27JAN2626300CE,0.2053594057488738
23-01-2026 13:50||NIFTY27JAN2624000PE,0.1967136746588725
23-01-2026 13:50||NIFTY27JAN2624500PE,0.1335994902076502
23-01-2026 13:50||NIFTY27JAN2625100PE,0.0973724218148046
23-01-2026 13:50||NIFTY27JAN2626400CE,0.2171034472389624
23-01-2026 13:55||NIFTY27JAN2625500CE,0.1215596370409113
23-01-2026 13:55||NIFTY27JAN2625700CE,0.1369297572897976
23-01-2026 13:55||NIFTY27JAN2625800CE,0.1485757431269681
23-01-2026 13:55||NIFTY27JAN2626400CE,0.2165949175887497
23-01-2026 13:55||NIFTY27JAN2626500CE,0.2267701123821773
23-01-2026 14:00||NIFTY27JAN2624200PE,0.1695326422294943
23-01-2026 14:00||NIFTY27JAN2624300PE,0.157866894635242
23-01-2026 14:00||NIFTY27JAN2625300CE,0.1178999514306625
23-01-2026 14:00||NIFTY27JAN2625400CE,0.1190711413755998
23-01-2026 14:00||NIFTY27JAN2625500CE,0.1234061738039124
23-01-2026 14:00||NIFTY27JAN2625800CE,0.1461025003651181
23-01-2026 14:05||NIFTY27JAN2624200PE,0.1693325699479288
23-01-2026 14:05||NIFTY27JAN2624800PE,0.1106070126360986
23-01-2026 14:05||NIFTY27JAN2626300CE,0.2015454343036547
23-01-2026 14:10||NIFTY27JAN2623900PE,0.2106795673356931
23-01-2026 14:10||NIFTY27JAN2625800CE,0.1479124643404296
23-01-2026 14:10||NIFTY27JAN2626400CE,0.2143446578966035
23-01-2026 14:15||NIFTY27JAN2625000PE,0.1134761585621085
23-01-2026 14:15||NIFTY27JAN2625400CE,0.1032462133708416
23-01-2026 14:15||NIFTY27JAN2626400CE,0.2070971446525396
23-01-2026 14:20||NIFTY27JAN2624100PE,0.1850652442941742
23-01-2026 14:20||NIFTY27JAN2624800PE,0.1151144449416627
23-01-2026 14:20||NIFTY27JAN2625400CE,0.1122985712724891
23-01-2026 14:20||NIFTY27JAN2625600CE,0.1266907773492919
23-01-2026 14:20||NIFTY27JAN2625800CE,0.1445019878847435
23-01-2026 14:20||NIFTY27JAN2626400CE,0.2105103437776926
23-01-2026 14:20||NIFTY27JAN2626500CE,0.2224289875139345
23-01-2026 14:25||NIFTY27JAN2624200PE,0.1673000013427489
23-01-2026 14:25||NIFTY27JAN2624400PE,0.1423072186358786
23-01-2026 14:25||NIFTY27JAN2624500PE,0.1289389046590485
23-01-2026 14:25||NIFTY27JAN2625200CE,0.1110623790332544
23-01-2026 14:25||NIFTY27JAN2626200CE,0.185624202800394
23-01-2026 14:25||NIFTY27JAN2626300CE,0.1975051687621116
23-01-2026 14:25||NIFTY27JAN2626400CE,0.208964622475108
23-01-2026 14:30||NIFTY27JAN2624600PE,0.1224494249462386
23-01-2026 14:30||NIFTY27JAN2625700CE,0.1320064203824949
23-01-2026 14:35||NIFTY27JAN2623900PE,0.2058010385007139
23-01-2026 14:35||NIFTY27JAN2624500PE,0.1331572782016887
23-01-2026 14:35||NIFTY27JAN2624700PE,0.115264595630711
23-01-2026 14:35||NIFTY27JAN2625400CE,0.113756558978767
23-01-2026 14:35||NIFTY27JAN2625600CE,0.1187266928352438
23-01-2026 14:35||NIFTY27JAN2625800CE,0.1314185351291315
23-01-2026 14:35||NIFTY27JAN2625900CE,0.1425398504598531
23-01-2026 14:35||NIFTY27JAN2626000CE,0.1541093838110871
23-01-2026 14:35||NIFTY27JAN2626300CE,0.1910042420039026
23-01-2026 14:40||NIFTY27JAN2623900PE,0.2123481063253856
23-01-2026 14:40||NIFTY27JAN2624300PE,0.1618457180189135
23-01-2026 14:40||NIFTY27JAN2624400PE,0.1498786221155626
23-01-2026 14:40||NIFTY27JAN2625000PE,0.1015785823439952
23-01-2026 14:40||NIFTY27JAN2625100PE,0.0959649025406924
23-01-2026 14:40||NIFTY27JAN2625200CE,0.1022416265224465
23-01-2026 14:40||NIFTY27JAN2625700CE,0.1308277992989778
23-01-2026 14:40||NIFTY27JAN2625800CE,0.1415684631685519
23-01-2026 14:40||NIFTY27JAN2626400CE,0.208748413301645
23-01-2026 14:45||NIFTY27JAN2624400PE,0.1500289913964733
23-01-2026 14:45||NIFTY27JAN2624700PE,0.1206477650623963
23-01-2026 14:45||NIFTY27JAN2625100PE,0.1033137340478499
23-01-2026 14:45||NIFTY27JAN2625400CE,0.107621335042529
23-01-2026 14:45||NIFTY27JAN2625600CE,0.124291627895687
23-01-2026 14:45||NIFTY27JAN2626000CE,0.1624175467101817
23-01-2026 14:45||NIFTY27JAN2626200CE,0.1849341825347754
23-01-2026 14:50||NIFTY27JAN2623800PE,0.2170421507475609
23-01-2026 14:50||NIFTY27JAN2624500PE,0.1283912833113719
23-01-2026 14:50||NIFTY27JAN2624800PE,0.1026688408162429
23-01-2026 14:50||NIFTY27JAN2625200CE,0.1178642561138382
23-01-2026 14:50||NIFTY27JAN2625300CE,0.1199680311137848
23-01-2026 14:50||NIFTY27JAN2625500CE,0.1232088725959965
23-01-2026 14:55||NIFTY27JAN2623900PE,0.2127761644111255
23-01-2026 14:55||NIFTY27JAN2624400PE,0.1495279577153533
23-01-2026 14:55||NIFTY27JAN2625200CE,0.1011942912159428
23-01-2026 14:55||NIFTY27JAN2625900CE,0.1473249302883387
23-01-2026 14:55||NIFTY27JAN2626200CE,0.1799325871672606
23-01-2026 15:00||NIFTY27JAN2623900PE,0.2098761614009169
23-01-2026 15:00||NIFTY27JAN2624100PE,0.1835320256797262
23-01-2026 15:00||NIFTY27JAN2624300PE,0.1578380619157545
23-01-2026 15:00||NIFTY27JAN2624600PE,0.1244872478018161
23-01-2026 15:05||NIFTY27JAN2623900PE,0.2097126744351584
23-01-2026 15:05||NIFTY27JAN2624800PE,0.1188338101533576
23-01-2026 15:05||NIFTY27JAN2626200CE,0.1939649560046698
23-01-2026 15:10||NIFTY27JAN2623800PE,0.2166659718245105
23-01-2026 15:10||NIFTY27JAN2624000PE,0.1952400995917574
23-01-2026 15:10||NIFTY27JAN2624200PE,0.1671134781932727
23-01-2026 15:10||NIFTY27JAN2624600PE,0.1213641511718588
23-01-2026 15:10||NIFTY27JAN2625000PE,0.1006072166948833
23-01-2026 15:10||NIFTY27JAN2625300CE,0.1144114374915135
23-01-2026 15:10||NIFTY27JAN2625700CE,0.1386713575274819
23-01-2026 15:10||NIFTY27JAN2626100CE,0.1819799881947269
23-01-2026 15:10||NIFTY27JAN2626200CE,0.1909100735722043
23-01-2026 15:10||NIFTY27JAN2626300CE,0.2071056371462156
23-01-2026 15:15||NIFTY27JAN2624100PE,0.1799440955967878
23-01-2026 15:15||NIFTY27JAN2624200PE,0.166589143700109
23-01-2026 15:15||NIFTY27JAN2625000PE,0.1055679801481221
23-01-2026 15:20||NIFTY27JAN2623800PE,0.2169301064423559
23-01-2026 15:20||NIFTY27JAN2623900PE,0.2057346737464687
23-01-2026 15:20||NIFTY27JAN2624800PE,0.1010164730925276
23-01-2026 15:20||NIFTY27JAN2625400CE,0.1211598021260578
23-01-2026 15:20||NIFTY27JAN2625500CE,0.1286638172104494
23-01-2026 15:20||NIFTY27JAN2625700CE,0.1390811202303236
23-01-2026 15:20||NIFTY27JAN2625900CE,0.1606453879322699
23-01-2026 15:20||NIFTY27JAN2626200CE,0.1922411408038489
23-01-2026 15:25||NIFTY27JAN2624500PE,0.1271252330035795
23-01-2026 15:25||NIFTY27JAN2624600PE,0.1149690218307987
23-01-2026 15:25||NIFTY27JAN2625700CE,0.1379275028349322
27-01-2026 09:15||NIFTY27JAN2626200CE,0.6803019033384803
27-01-2026 09:15||NIFTY27JAN2626400CE,0.7412121389313948
27-01-2026 09:15||NIFTY27JAN2626500CE,0.8182194244964477
27-01-2026 09:20||NIFTY27JAN2624400PE,0.4326779710965803
27-01-2026 09:20||NIFTY27JAN2624900PE,0.4000916782062933
27-01-2026 09:20||NIFTY27JAN2625100PE,0.4435940720320006
27-01-2026 09:20||NIFTY27JAN2625400CE,0.374961726810829
27-01-2026 09:20||NIFTY27JAN2625500CE,0.3959254561462202
27-01-2026 09:20||NIFTY27JAN2625600CE,0.4236863856355533
27-01-2026 09:20||NIFTY27JAN2625700CE,0.4883332771763352
27-01-2026 09:20||NIFTY27JAN2626500CE,0.9125173813749592
27-01-2026 09:25||NIFTY27JAN2623900PE,0.6352082197688903
27-01-2026 09:25||NIFTY27JAN2624600PE,0.3286877472981386
27-01-2026 09:25||NIFTY27JAN2625100PE,0.2505798732055246
27-01-2026 09:25||NIFTY27JAN2625500CE,0.4491358375550349
27-01-2026 09:25||NIFTY27JAN2625900CE,0.6409309470657617
27-01-2026 09:25||NIFTY27JAN2626500CE,0.9198373558658344
27-01-2026 09:30||NIFTY27JAN2624400PE,0.3985809653503582
27-01-2026 09:30||NIFTY27JAN2624800PE,0.2848627704703738
27-01-2026 09:30||NIFTY27JAN2624900PE,0.2633474769903159
27-01-2026 09:30||NIFTY27JAN2625400CE,0.4501421768193621
27-01-2026 09:30||NIFTY27JAN2625600CE,0.4795645675168845
27-01-2026 09:30||NIFTY27JAN2625800CE,0.5848868399019936
27-01-2026 09:30||NIFTY27JAN2626100CE,0.7535550682357784
27-01-2026 09:30||NIFTY27JAN2626400CE,0.8654781486872383
27-01-2026 09:35||NIFTY27JAN2623800PE,0.7517610552187306
27-01-2026 09:35||NIFTY27JAN2624500PE,0.4042648011868023
27-01-2026 09:35||NIFTY27JAN2625700CE,0.4925109425590682
27-01-2026 09:35||NIFTY27JAN2626200CE,0.7367980587247294
27-01-2026 09:45||NIFTY27JAN2623800PE,0.8244364654021408
27-01-2026 09:45||NIFTY27JAN2624000PE,0.7202384059533118
27-01-2026 09:45||NIFTY27JAN2624500PE,0.4826665624266026
27-01-2026 09:45||NIFTY27JAN2625000PE,0.328498703853134
27-01-2026 09:45||NIFTY27JAN2625600CE,0.3646258456043618
27-01-2026 09:45||NIFTY27JAN2626200CE,0.6440921490848219
27-01-2026 09:45||NIFTY27JAN2626300CE,0.6911531059209255
27-01-2026 09:50||NIFTY27JAN2623800PE,0.8293202072159551
27-01-2026 09:50||NIFTY27JAN2624200PE,0.6325278684185192
27-01-2026 09:50||NIFTY27JAN2624800PE,0.3920745811452085
27-01-2026 09:50||NIFTY27JAN2624900PE,0.3641627441440638
27-01-2026 09:50||NIFTY27JAN2626300CE,0.6984075758206121
27-01-2026 09:55||NIFTY27JAN2624100PE,0.6766860924569835
27-01-2026 09:55||NIFTY27JAN2624700PE,0.3969480827330576
27-01-2026 09:55||NIFTY27JAN2624800PE,0.3882194264369887
27-01-2026 09:55||NIFTY27JAN2625000PE,0.3632732233780705
27-01-2026 09:55||NIFTY27JAN2625700CE,0.4154654022807701
27-01-2026 09:55||NIFTY27JAN2626000CE,0.5536482791330946
27-01-2026 09:55||NIFTY27JAN2626200CE,0.6850467164282099
27-01-2026 10:00||NIFTY27JAN2624000PE,0.7231224256001013
27-01-2026 10:00||NIFTY27JAN2625300CE,0.311352128023069
27-01-2026 10:00||NIFTY27JAN2625400CE,0.3074323841338836
27-01-2026 10:00||NIFTY27JAN2625600CE,0.3553924205596397
27-01-2026 10:00||NIFTY27JAN2625800CE,0.4623856213153799
27-01-2026 10:00||NIFTY27JAN2626100CE,0.6028288525408715
27-01-2026 10:00||NIFTY27JAN2626400CE,0.7569193150333188
27-01-2026 10:00||NIFTY27JAN2626500CE,0.7880869257038686
27-01-2026 10:05||NIFTY27JAN2623800PE,0.8286337522470917
27-01-2026 10:05||NIFTY27JAN2623900PE,0.7812943769431206
27-01-2026 10:05||NIFTY27JAN2624100PE,0.686255355824111
27-01-2026 10:05||NIFTY27JAN2626400CE,0.7607445513256414
27-01-2026 10:10||NIFTY27JAN2624200PE,0.6135850487887824
27-01-2026 10:10||NIFTY27JAN2624900PE,0.3030205841360949
27-01-2026 10:10||NIFTY27JAN2625300CE,0.3635316812629695
27-01-2026 10:10||NIFTY27JAN2625600CE,0.3735725299706947
27-01-2026 10:15||NIFTY27JAN2625800CE,0.4609952977722747
27-01-2026 10:20||NIFTY27JAN2623900PE,0.8257207115115561
27-01-2026 10:20||NIFTY27JAN2624500PE,0.5178917878417545
27-01-2026 10:20||NIFTY27JAN2624600PE,0.4641300731215048
27-01-2026 10:20||NIFTY27JAN2624800PE,0.3902050669607407
27-01-2026 10:20||NIFTY27JAN2625000PE,0.3388122549359716
27-01-2026 10:20||NIFTY27JAN2625400CE,0.2966088341364566
27-01-2026 10:20||NIFTY27JAN2625800CE,0.4458608402503224
27-01-2026 10:25||NIFTY27JAN2624600PE,0.4662925024365544
27-01-2026 10:25||NIFTY27JAN2624900PE,0.3916539417859743
27-01-2026 10:25||NIFTY27JAN2626000CE,0.5558443373748063
27-01-2026 10:25||NIFTY27JAN2626300CE,0.7046113782279362
27-01-2026 10:25||NIFTY27JAN2626400CE,0.7557921917568398
27-01-2026 10:30||NIFTY27JAN2624100PE,0.6982254682765485
27-01-2026 10:30||NIFTY27JAN2624800PE,0.3670910025733743
27-01-2026 10:30||NIFTY27JAN2625400CE,0.3237604185770333
27-01-2026 10:30||NIFTY27JAN2625600CE,0.3773572001438245
27-01-2026 10:30||NIFTY27JAN2625900CE,0.5339981142775863
27-01-2026 10:30||NIFTY27JAN2626200CE,0.7013595551872058
27-01-2026 10:35||NIFTY27JAN2624300PE,0.5989275399666161
27-01-2026 10:35||NIFTY27JAN2624400PE,0.5427287764368471
27-01-2026 10:35||NIFTY27JAN2624800PE,0.3792976919650124
27-01-2026 10:35||NIFTY27JAN2625200CE,0.2568818858191949
27-01-2026 10:35||NIFTY27JAN2625300CE,0.2897636135534677
27-01-2026 10:35||NIFTY27JAN2625700CE,0.4336410112270908
27-01-2026 10:40||NIFTY27JAN2624400PE,0.5108789518892952
27-01-2026 10:40||NIFTY27JAN2625200CE,0.2351865092659181
27-01-2026 10:40||NIFTY27JAN2625700CE,0.4625392165482932
27-01-2026 10:40||NIFTY27JAN2626100CE,0.6751152325117491
27-01-2026 10:40||NIFTY27JAN2626200CE,0.7277375906994603
27-01-2026 10:45||NIFTY27JAN2624000PE,0.7100627054105804
27-01-2026 10:45||NIFTY27JAN2624700PE,0.3523287513384148
27-01-2026 10:45||NIFTY27JAN2624900PE,0.3161282350798089
27-01-2026 10:45||NIFTY27JAN2625500CE,0.3915032303995358
27-01-2026 10:45||NIFTY27JAN2626200CE,0.7769152153006016
27-01-2026 10:45||NIFTY27JAN2626400CE,0.8672686345753171
27-01-2026 10:50||NIFTY27JAN2623900PE,0.7622505568314286
27-01-2026 10:50||NIFTY27JAN2624000PE,0.7136230972926033
27-01-2026 10:50||NIFTY27JAN2624600PE,0.3864181684529283
27-01-2026 10:50||NIFTY27JAN2625000PE,0.385498650346907
27-01-2026 10:50||NIFTY27JAN2625200CE,0.2724346251367465
27-01-2026 10:50||NIFTY27JAN2625400CE,0.3732545194883563
27-01-2026 10:50||NIFTY27JAN2625700CE,0.5244976338363992
27-01-2026 10:55||NIFTY27JAN2623900PE,0.752365184322381
27-01-2026 10:55||NIFTY27JAN2624400PE,0.4808694154419874
27-01-2026 10:55||NIFTY27JAN2624900PE,0.3502273400944864
27-01-2026 10:55||NIFTY27JAN2625000PE,0.357313654263819
27-01-2026 10:55||NIFTY27JAN2625300CE,0.3609053066276716
27-01-2026 10:55||NIFTY27JAN2625400CE,0.3794328315149336
27-01-2026 10:55||NIFTY27JAN2625600CE,0.4723663840413077
27-01-2026 10:55||NIFTY27JAN2626400CE,0.920961975862848
27-01-2026 11:00||NIFTY27JAN2623800PE,0.8210744830385788
27-01-2026 11:00||NIFTY27JAN2623900PE,0.7541550602393873
27-01-2026 11:00||NIFTY27JAN2624300PE,0.5163041389990761
27-01-2026 11:00||NIFTY27JAN2625200CE,0.2641779372602385
27-01-2026 11:00||NIFTY27JAN2625300CE,0.3586866398993066
27-01-2026 11:00||NIFTY27JAN2625400CE,0.3921959977577741
27-01-2026 11:00||NIFTY27JAN2626300CE,0.9044144117211936
27-01-2026 11:05||NIFTY27JAN2623800PE,0.8240990474947227
27-01-2026 11:05||NIFTY27JAN2624100PE,0.6560469381833868
27-01-2026 11:05||NIFTY27JAN2624200PE,0.5963588246590663
27-01-2026 11:05||NIFTY27JAN2624900PE,0.3160750685665194
27-01-2026 11:05||NIFTY27JAN2625300CE,0.3737175157885061
27-01-2026 11:05||NIFTY27JAN2625700CE,0.5476608118771119
27-01-2026 11:10||NIFTY27JAN2624200PE,0.6199001350988685
27-01-2026 11:10||NIFTY27JAN2624400PE,0.4863713085838044
27-01-2026 11:10||NIFTY27JAN2624900PE,0.3079583211334979
27-01-2026 11:10||NIFTY27JAN2625300CE,0.3735095881352021
27-01-2026 11:10||NIFTY27JAN2625500CE,0.4360793306666195
27-01-2026 11:10||NIFTY27JAN2625800CE,0.5998840849896335
27-01-2026 11:10||NIFTY27JAN2626500CE,0.9945272489175416
27-01-2026 11:15||NIFTY27JAN2624300PE,0.5509056810275371
27-01-2026 11:15||NIFTY27JAN2625000PE,0.2891983156649397
27-01-2026 11:15||NIFTY27JAN2625100PE,0.2651331357863046
27-01-2026 11:15||NIFTY27JAN2626400CE,0.925864529492745
27-01-2026 11:20||NIFTY27JAN2625300CE,0.3140433801162251
27-01-2026 11:20||NIFTY27JAN2626100CE,0.7553104604016251
27-01-2026 11:25||NIFTY27JAN2623800PE,0.8591958194438329
27-01-2026 11:25||NIFTY27JAN2624000PE,0.759098062845489
27-01-2026 11:25||NIFTY27JAN2624200PE,0.6471670151362332
27-01-2026 11:25||NIFTY27JAN2624900PE,0.2854067118444865
27-01-2026 11:25||NIFTY27JAN2625600CE,0.4673888880959098
27-01-2026 11:25||NIFTY27JAN2626500CE,0.981921767263025
27-01-2026 11:30||NIFTY27JAN2624200PE,0.6684128415994828
27-01-2026 11:30||NIFTY27JAN2625100PE,0.3034292011029837
27-01-2026 11:30||NIFTY27JAN2625600CE,0.4433265531647565
27-01-2026 11:30||NIFTY27JAN2625900CE,0.6160643092353297
27-01-2026 11:30||NIFTY27JAN2626200CE,0.7969121096062399
27-01-2026 11:35||NIFTY27JAN2624000PE,0.7792550533816981
27-01-2026 11:35||NIFTY27JAN2624900PE,0.3104100167030261
27-01-2026 11:35||NIFTY27JAN2625200CE,0.3588326739302997
27-01-2026 11:40||NIFTY27JAN2623800PE,0.9192995677060688
27-01-2026 11:40||NIFTY27JAN2624000PE,0.806203293889927
27-01-2026 11:40||NIFTY27JAN2626000CE,0.6595029331778293
27-01-2026 11:40||NIFTY27JAN2626300CE,0.8192523122325372
27-01-2026 11:45||NIFTY27JAN2624300PE,0.6657676719898805
27-01-2026 11:45||NIFTY27JAN2624400PE,0.6014147083676993
27-01-2026 11:45||NIFTY27JAN2624500PE,0.5400464914385168
27-01-2026 11:45||NIFTY27JAN2626100CE,0.661863243385152
27-01-2026 11:45||NIFTY27JAN2626400CE,0.8316640573963865
27-01-2026 11:50||NIFTY27JAN2624700PE,0.4108316383190844
27-01-2026 11:50||NIFTY27JAN2624900PE,0.372688939484556
27-01-2026 11:50||NIFTY27JAN2625700CE,0.4650642037742837
27-01-2026 11:50||NIFTY27JAN2626000CE,0.638361150285695
27-01-2026 11:55||NIFTY27JAN2623900PE,0.8799048374753684
27-01-2026 11:55||NIFTY27JAN2624000PE,0.8171605700746473
27-01-2026 11:55||NIFTY27JAN2624400PE,0.5624571168600251
27-01-2026 11:55||NIFTY27JAN2624500PE,0.4931477088692447
27-01-2026 11:55||NIFTY27JAN2624800PE,0.3580658868903185
27-01-2026 11:55||NIFTY27JAN2625200CE,0.4225662076334898
27-01-2026 11:55||NIFTY27JAN2625400CE,0.3857517336751462
27-01-2026 11:55||NIFTY27JAN2626500CE,0.9536874089590768
27-01-2026 12:00||NIFTY27JAN2624200PE,0.7031436233824586
27-01-2026 12:00||NIFTY27JAN2624300PE,0.6415543917986603
27-01-2026 12:00||NIFTY27JAN2624500PE,0.5098842549916428
27-01-2026 12:00||NIFTY27JAN2625100PE,0.2847469810944482
27-01-2026 12:00||NIFTY27JAN2625500CE,0.4031187240576475
27-01-2026 12:00||NIFTY27JAN2626100CE,0.7059822145982947
27-01-2026 12:00||NIFTY27JAN2626400CE,0.8876719626614915
27-01-2026 12:00||NIFTY27JAN2626500CE,0.920347618662361
27-01-2026 12:05||NIFTY27JAN2624500PE,0.5305995758897178
27-01-2026 12:05||NIFTY27JAN2624700PE,0.4279448141949213
27-01-2026 12:05||NIFTY27JAN2625100PE,0.3296057047860616
27-01-2026 12:05||NIFTY27JAN2625900CE,0.5973409769465958
27-01-2026 12:05||NIFTY27JAN2626500CE,0.9358869364055904
27-01-2026 12:10||NIFTY27JAN2624400PE,0.6121139926405351
27-01-2026 12:10||NIFTY27JAN2625700CE,0.4936694039767343
27-01-2026 12:10||NIFTY27JAN2626400CE,0.9171742953978514
27-01-2026 12:15||NIFTY27JAN2624500PE,0.5401801383496545
27-01-2026 12:15||NIFTY27JAN2624600PE,0.4925483851972771
27-01-2026 12:15||NIFTY27JAN2626000CE,0.6747852972004451
27-01-2026 12:15||NIFTY27JAN2626200CE,0.8062755561471926
27-01-2026 12:20||NIFTY27JAN2624000PE,0.8674635475022543
27-01-2026 12:20||NIFTY27JAN2624200PE,0.7484625197501782
27-01-2026 12:20||NIFTY27JAN2625000PE,0.3053661256388026
27-01-2026 12:20||NIFTY27JAN2625300CE,0.3724123319893672
27-01-2026 12:20||NIFTY27JAN2625600CE,0.4583946691308274
27-01-2026 12:25||NIFTY27JAN2624100PE,0.8465662639409114
27-01-2026 12:25||NIFTY27JAN2624700PE,0.4682595420201449
27-01-2026 12:25||NIFTY27JAN2625400CE,0.3148109753295525
27-01-2026 12:25||NIFTY27JAN2625900CE,0.6223793351321725
27-01-2026 12:30||NIFTY27JAN2625300CE,0.3611977131197786
27-01-2026 12:35||NIFTY27JAN2624100PE,0.8543463752832607
27-01-2026 12:35||NIFTY27JAN2624400PE,0.6467045357956128
27-01-2026 12:35||NIFTY27JAN2624900PE,0.3838920473696661
27-01-2026 12:35||NIFTY27JAN2625100PE,0.3502239639751502
27-01-2026 12:35||NIFTY27JAN2625800CE,0.6121142871562487
27-01-2026 12:35||NIFTY27JAN2626100CE,0.7738141914354763
27-01-2026 12:40||NIFTY27JAN2624200PE,0.7876883283023177
27-01-2026 12:40||NIFTY27JAN2624700PE,0.4388423679144331
27-01-2026 12:40||NIFTY27JAN2624800PE,0.3995386039314099
27-01-2026 12:40||NIFTY27JAN2624900PE,0.367960249898458
27-01-2026 12:40||NIFTY27JAN2625100PE,0.3119475148950218
27-01-2026 12:40||NIFTY27JAN2625200CE,0.3394447343296295
27-01-2026 12:40||NIFTY27JAN2625900CE,0.6873733961391159
27-01-2026 12:40||NIFTY27JAN2626000CE,0.7503243767880285
27-01-2026 12:40||NIFTY27JAN2626300CE,0.9360255823452815
27-01-2026 12:45||NIFTY27JAN2625200CE,0.3056174486532913
27-01-2026 12:45||NIFTY27JAN2625700CE,0.5771122941363344
27-01-2026 12:45||NIFTY27JAN2625900CE,0.7047822238867714
27-01-2026 12:45||NIFTY27JAN2626200CE,0.9146287710264264
27-01-2026 12:50||NIFTY27JAN2624600PE,0.4706829230272912
27-01-2026 12:50||NIFTY27JAN2625000PE,0.2800924354299824
27-01-2026 12:50||NIFTY27JAN2625100PE,0.2587067211136926
27-01-2026 12:50||NIFTY27JAN2625900CE,0.7249659013651039
27-01-2026 12:50||NIFTY27JAN2626200CE,0.9240071303811852
27-01-2026 12:50||NIFTY27JAN2626500CE,1.0791551650274394
27-01-2026 12:55||NIFTY27JAN2623900PE,1.0210374607698354
27-01-2026 12:55||NIFTY27JAN2624000PE,0.948921402208056
27-01-2026 12:55||NIFTY27JAN2625500CE,0.4550049874754298
27-01-2026 12:55||NIFTY27JAN2625600CE,0.5138167437843753
27-01-2026 12:55||NIFTY27JAN2625800CE,0.6528340275820378
27-01-2026 12:55||NIFTY27JAN2626200CE,0.9363478020534336
27-01-2026 13:00||NIFTY27JAN2624100PE,0.8924219176549419
27-01-2026 13:00||NIFTY27JAN2624500PE,0.5879965447930892
27-01-2026 13:00||NIFTY27JAN2625400CE,0.3983414025830177
27-01-2026 13:00||NIFTY27JAN2626000CE,0.7954667724405626
27-01-2026 13:05||NIFTY27JAN2623900PE,1.0424448589056
27-01-2026 13:05||NIFTY27JAN2624500PE,0.5815552913005002
27-01-2026 13:05||NIFTY27JAN2624800PE,0.3892773847837015
27-01-2026 13:10||NIFTY27JAN2624200PE,0.8317923421779843
27-01-2026 13:10||NIFTY27JAN2624500PE,0.6010755305040182
27-01-2026 13:10||NIFTY27JAN2624600PE,0.5201119433421167
27-01-2026 13:10||NIFTY27JAN2624700PE,0.4545339764740457
27-01-2026 13:15||NIFTY27JAN2624400PE,0.7017605817913963
27-01-2026 13:15||NIFTY27JAN2625000PE,0.315031457719208
27-01-2026 13:15||NIFTY27JAN2625200CE,0.4451294351455167
27-01-2026 13:15||NIFTY27JAN2626300CE,1.0451742628465646
27-01-2026 13:20||NIFTY27JAN2624000PE,0.9884228902573214
27-01-2026 13:20||NIFTY27JAN2624200PE,0.8505429020950265
27-01-2026 13:20||NIFTY27JAN2624600PE,0.526359969894991
27-01-2026 13:20||NIFTY27JAN2624900PE,0.3491507114583052
27-01-2026 13:20||NIFTY27JAN2625700CE,0.6419107541756343
27-01-2026 13:20||NIFTY27JAN2625900CE,0.7761337988413473
27-01-2026 13:25||NIFTY27JAN2623800PE,1.1896806976128145
27-01-2026 13:25||NIFTY27JAN2625100PE,0.2296571772081643
27-01-2026 13:25||NIFTY27JAN2625700CE,0.637404669466222
27-01-2026 13:30||NIFTY27JAN2624100PE,1.006858507512782
27-01-2026 13:30||NIFTY27JAN2624300PE,0.8495943407958201
27-01-2026 13:30||NIFTY27JAN2625100PE,0.288594434553288
27-01-2026 13:30||NIFTY27JAN2625400CE,0.4277835064229539
27-01-2026 13:30||NIFTY27JAN2626300CE,1.0834431296308449
27-01-2026 13:35||NIFTY27JAN2623900PE,1.1556100569733478
27-01-2026 13:35||NIFTY27JAN2624300PE,0.843753152478242
27-01-2026 13:35||NIFTY27JAN2624400PE,0.770421634456268
27-01-2026 13:35||NIFTY27JAN2624600PE,0.62546561823908
27-01-2026 13:35||NIFTY27JAN2624800PE,0.5416513894458117
27-01-2026 13:35||NIFTY27JAN2625300CE,0.367317357409103
27-01-2026 13:35||NIFTY27JAN2625600CE,0.5530215421684792
27-01-2026 13:35||NIFTY27JAN2626000CE,0.8891166974655282
27-01-2026 13:35||NIFTY27JAN2626200CE,1.0823501301660805
27-01-2026 13:35||NIFTY27JAN2626300CE,1.1406467841248176
27-01-2026 13:35||NIFTY27JAN2626400CE,1.2108052232838786
27-01-2026 13:40||NIFTY27JAN2625500CE,0.5873203319075848
27-01-2026 13:40||NIFTY27JAN2626300CE,1.1982072960978267
27-01-2026 13:45||NIFTY27JAN2623800PE,1.174476463514894
27-01-2026 13:45||NIFTY27JAN2623900PE,1.2190200141589678
27-01-2026 13:45||NIFTY27JAN2624100PE,1.0444837890611025
27-01-2026 13:45||NIFTY27JAN2624700PE,0.4395138403069671
27-01-2026 13:45||NIFTY27JAN2625300CE,0.4265704368260786
27-01-2026 13:45||NIFTY27JAN2625600CE,0.400532946955737
27-01-2026 13:45||NIFTY27JAN2625700CE,0.5362461080884099
27-01-2026 13:45||NIFTY27JAN2625800CE,0.6667191661584785
27-01-2026 13:45||NIFTY27JAN2625900CE,0.6585111324533636
27-01-2026 13:45||NIFTY27JAN2626000CE,0.8074474242747629
27-01-2026 13:45||NIFTY27JAN2626300CE,1.0495827663306028
27-01-2026 13:45||NIFTY27JAN2626400CE,1.0738859537672167
27-01-2026 13:50||NIFTY27JAN2623900PE,1.2175425410217555
27-01-2026 13:50||NIFTY27JAN2624800PE,0.4457179564800801
27-01-2026 13:50||NIFTY27JAN2625000PE,0.370624790831357
27-01-2026 13:50||NIFTY27JAN2626200CE,1.1621573643093353
27-01-2026 13:55||NIFTY27JAN2623800PE,1.3130795202562573
27-01-2026 13:55||NIFTY27JAN2624000PE,1.1577573757630513
27-01-2026 13:55||NIFTY27JAN2624100PE,1.0651212350482593
27-01-2026 13:55||NIFTY27JAN2624300PE,0.8789599211237403
27-01-2026 13:55||NIFTY27JAN2624400PE,0.7751212309135591
27-01-2026 13:55||NIFTY27JAN2624600PE,0.5867405740072219
27-01-2026 13:55||NIFTY27JAN2624900PE,0.3506151689164543
27-01-2026 13:55||NIFTY27JAN2625400CE,0.5184747687062552
27-01-2026 13:55||NIFTY27JAN2625700CE,0.7964356281814507
27-01-2026 14:00||NIFTY27JAN2623800PE,1.354358828591415
27-01-2026 14:00||NIFTY27JAN2624300PE,0.9043800683820424
27-01-2026 14:00||NIFTY27JAN2624500PE,0.7137526004053704
27-01-2026 14:00||NIFTY27JAN2625000PE,0.3813685245530921
27-01-2026 14:00||NIFTY27JAN2625100PE,0.2877423846838438
27-01-2026 14:05||NIFTY27JAN2624000PE,1.2137347731542016
27-01-2026 14:05||NIFTY27JAN2624800PE,0.3958265576252597
27-01-2026 14:05||NIFTY27JAN2625400CE,0.5901826279493514
27-01-2026 14:05||NIFTY27JAN2625700CE,0.8996038408195212
27-01-2026 14:05||NIFTY27JAN2625800CE,0.9737460525389252
27-01-2026 14:05||NIFTY27JAN2626100CE,1.254404229517095
27-01-2026 14:05||NIFTY27JAN2626200CE,1.322610958563784
27-01-2026 14:05||NIFTY27JAN2626400CE,1.5029326611927705
27-01-2026 14:10||NIFTY27JAN2623900PE,1.3012948438812528
27-01-2026 14:10||NIFTY27JAN2624000PE,1.2313997093809406
27-01-2026 14:10||NIFTY27JAN2624600PE,0.6190156653476381
27-01-2026 14:10||NIFTY27JAN2625500CE,0.6359961717649021
27-01-2026 14:10||NIFTY27JAN2626000CE,1.1456122402005802
27-01-2026 14:10||NIFTY27JAN2626200CE,1.338888858785845
27-01-2026 14:15||NIFTY27JAN2624000PE,1.2832124183944575
27-01-2026 14:15||NIFTY27JAN2624400PE,0.85544011450042
27-01-2026 14:15||NIFTY27JAN2624900PE,0.3667606204448062
27-01-2026 14:15||NIFTY27JAN2625600CE,0.7755495939467245
27-01-2026 14:15||NIFTY27JAN2625800CE,1.0120433360785364
27-01-2026 14:20||NIFTY27JAN2624100PE,1.1886160960827103
27-01-2026 14:20||NIFTY27JAN2625500CE,0.6465650616240992
27-01-2026 14:20||NIFTY27JAN2626000CE,1.1550954710588677
27-01-2026 14:20||NIFTY27JAN2626100CE,1.2526735876793471
27-01-2026 14:20||NIFTY27JAN2626500CE,1.6258591756789378
27-01-2026 14:25||NIFTY27JAN2623800PE,1.5352906528642865
27-01-2026 14:25||NIFTY27JAN2623900PE,1.4309693697112484
27-01-2026 14:25||NIFTY27JAN2624000PE,1.3304561548106155
27-01-2026 14:25||NIFTY27JAN2624200PE,1.1176272545797088
27-01-2026 14:25||NIFTY27JAN2624300PE,1.001199449570252
27-01-2026 14:25||NIFTY27JAN2624800PE,0.4180205545044554
27-01-2026 14:25||NIFTY27JAN2624900PE,0.3283650052409224
27-01-2026 14:25||NIFTY27JAN2625000PE,0.2512682014300108
27-01-2026 14:25||NIFTY27JAN2625700CE,0.9467111216806212
27-01-2026 14:30||NIFTY27JAN2624000PE,1.4177385574252106
27-01-2026 14:30||NIFTY27JAN2624200PE,1.1815569836635584
27-01-2026 14:30||NIFTY27JAN2624600PE,0.7127915506776156
27-01-2026 14:30||NIFTY27JAN2625100PE,0.1989847276568427
27-01-2026 14:30||NIFTY27JAN2626400CE,1.7751851320136605
27-01-2026 14:35||NIFTY27JAN2624000PE,1.4850264324714426
27-01-2026 14:35||NIFTY27JAN2624200PE,1.2681601541953829
27-01-2026 14:35||NIFTY27JAN2624900PE,0.3692762413940447
27-01-2026 14:35||NIFTY27JAN2625000PE,0.267162100395005
27-01-2026 14:35||NIFTY27JAN2626200CE,1.5635375546156656
27-01-2026 14:40||NIFTY27JAN2624000PE,1.5848672679742264
27-01-2026 14:40||NIFTY27JAN2624800PE,0.5411574242435033
27-01-2026 14:40||NIFTY27JAN2626200CE,1.5650348271906775
27-01-2026 14:40||NIFTY27JAN2626400CE,1.7299519984314409
27-01-2026 14:45||NIFTY27JAN2624000PE,1.652313936904528
27-01-2026 14:45||NIFTY27JAN2624200PE,1.4210597288069344
27-01-2026 14:45||NIFTY27JAN2624700PE,0.72477784275644
27-01-2026 14:45||NIFTY27JAN2625400CE,0.5701104159006991
27-01-2026 14:45||NIFTY27JAN2626400CE,1.8075987088634944
27-01-2026 14:45||NIFTY27JAN2626500CE,1.8613122081165483
27-01-2026 14:50||NIFTY27JAN2623800PE,2.0691185212389303
27-01-2026 14:50||NIFTY27JAN2624000PE,1.766399263666783
27-01-2026 14:50||NIFTY27JAN2624200PE,1.5140460983235362
27-01-2026 14:50||NIFTY27JAN2624800PE,0.6238993395633532
27-01-2026 14:50||NIFTY27JAN2625200CE,0.3670987126875601
27-01-2026 14:50||NIFTY27JAN2625900CE,1.2413502849361693
27-01-2026 14:55||NIFTY27JAN2623800PE,2.2818961113353637
27-01-2026 14:55||NIFTY27JAN2624000PE,1.952303415798613
27-01-2026 14:55||NIFTY27JAN2624800PE,0.74974082168458
27-01-2026 14:55||NIFTY27JAN2625500CE,0.7161961946804716
27-01-2026 14:55||NIFTY27JAN2625800CE,1.1699043506795004
27-01-2026 14:55||NIFTY27JAN2626400CE,1.9105793331696688
27-01-2026 15:00||NIFTY27JAN2624100PE,1.7992363008052032
27-01-2026 15:00||NIFTY27JAN2624700PE,0.8484002397481551
27-01-2026 15:00||NIFTY27JAN2625100PE,0.1098893407828366
27-01-2026 15:00||NIFTY27JAN2625400CE,0.5378179333906103
27-01-2026 15:05||NIFTY27JAN2624000PE,2.2031522970443134
27-01-2026 15:05||NIFTY27JAN2624100PE,1.992678250417083
27-01-2026 15:05||NIFTY27JAN2624200PE,1.8898248023943096
27-01-2026 15:05||NIFTY27JAN2624500PE,1.2873571821694525
27-01-2026 15:05||NIFTY27JAN2626300CE,2.051224314874444
27-01-2026 15:10||NIFTY27JAN2623900PE,2.558511731600361
27-01-2026 15:10||NIFTY27JAN2624000PE,2.38855344166009
27-01-2026 15:10||NIFTY27JAN2624900PE,0.6041089123712953
27-01-2026 15:10||NIFTY27JAN2625400CE,0.5856289129587935
27-01-2026 15:10||NIFTY27JAN2625600CE,0.9464535290426364
27-01-2026 15:10||NIFTY27JAN2625800CE,1.3941904476036058
27-01-2026 15:10||NIFTY27JAN2626000CE,1.772123678289765
27-01-2026 15:15||NIFTY27JAN2625000PE,0.5763480950049579
27-01-2026 15:15||NIFTY27JAN2625900CE,1.7294654725112266
27-01-2026 15:15||NIFTY27JAN2626000CE,1.9560457539807108
27-01-2026 15:15||NIFTY27JAN2626400CE,2.6225111968867307
27-01-2026 15:20||NIFTY27JAN2623800PE,3.93728182229578
27-01-2026 15:20||NIFTY27JAN2623900PE,3.7811279392966752
27-01-2026 15:20||NIFTY27JAN2624900PE,0.9701016666899628
27-01-2026 15:20||NIFTY27JAN2625500CE,1.0967038002075078
27-01-2026 15:20||NIFTY27JAN2626000CE,2.380736468764268
27-01-2026 15:20||NIFTY27JAN2626300CE,3.0891626845739597
27-01-2026 15:20||NIFTY27JAN2626400CE,3.211299238973114
27-01-2026 15:25||NIFTY27JAN2623800PE,5.851212405346459
27-01-2026 15:25||NIFTY27JAN2624900PE,1.4799169988551055
27-01-2026 15:25||NIFTY27JAN2625100PE,0.6184760344767908
27-01-2026 15:25||NIFTY27JAN2626100CE,3.334070963702193
27-01-2026 15:25||NIFTY27JAN2626300CE,4.044472421024736
27-01-2026 15:25||NIFTY27JAN2626400CE,4.394866667919221
27-01-2026 15:25||NIFTY27JAN2626500CE,4.743065924334267
