id,value
07-01-2026 09:15||NIFTY27JAN2624100PE,0.1638295965736285
07-01-2026 09:15||NIFTY27JAN2625500CE,0.113566630526046
07-01-2026 09:15||NIFTY27JAN2625800CE,0.1009683882129502
07-01-2026 09:20||NIFTY27JAN2624000PE,0.170134476000733
07-01-2026 09:20||NIFTY27JAN2624200PE,0.1600262098122543
07-01-2026 09:20||NIFTY27JAN2624800PE,0.1281439486741257
07-01-2026 09:20||NIFTY27JAN2625000PE,0.1186964330611716
07-01-2026 09:20||NIFTY27JAN2625300CE,0.1045777777777777
07-01-2026 09:20||NIFTY27JAN2625400CE,0.1146805555555555
07-01-2026 09:20||NIFTY27JAN2625800CE,0.1068013434402738
07-01-2026 09:20||NIFTY27JAN2625900CE,0.1021571018915851
07-01-2026 09:25||NIFTY27JAN2624300PE,0.1542666683372784
07-01-2026 09:25||NIFTY27JAN2625100PE,0.1128101509433962
07-01-2026 09:25||NIFTY27JAN2625300CE,0.0927042184788895
07-01-2026 09:25||NIFTY27JAN2626500CE,0.0844064102564102
07-01-2026 09:30||NIFTY27JAN2623900PE,0.1775208683473389
07-01-2026 09:30||NIFTY27JAN2624300PE,0.1519043856294039
07-01-2026 09:30||NIFTY27JAN2625900CE,0.1008087847289365
07-01-2026 09:30||NIFTY27JAN2626400CE,0.0897112804307116
07-01-2026 09:35||NIFTY27JAN2623900PE,0.1777171377901977
07-01-2026 09:35||NIFTY27JAN2624600PE,0.1371528380585208
07-01-2026 09:35||NIFTY27JAN2625100PE,0.109909298245614
07-01-2026 09:35||NIFTY27JAN2625900CE,0.1017092086182369
07-01-2026 09:35||NIFTY27JAN2626100CE,0.0964967966686111
07-01-2026 09:40||NIFTY27JAN2625100PE,0.1135814516129032
07-01-2026 09:40||NIFTY27JAN2625600CE,0.0866495246800731
07-01-2026 09:40||NIFTY27JAN2625800CE,0.0867681179958791
07-01-2026 09:40||NIFTY27JAN2625900CE,0.0855651248806472
07-01-2026 09:40||NIFTY27JAN2626200CE,0.0834055745370846
07-01-2026 09:45||NIFTY27JAN2625000PE,0.1158641373829562
07-01-2026 09:45||NIFTY27JAN2625200CE,0.14224
07-01-2026 09:45||NIFTY27JAN2625900CE,0.0998121566912752
07-01-2026 09:45||NIFTY27JAN2626400CE,0.0893349473216552
07-01-2026 09:50||NIFTY27JAN2623800PE,0.1754036466165413
07-01-2026 09:50||NIFTY27JAN2624500PE,0.1413589967779949
07-01-2026 09:50||NIFTY27JAN2624900PE,0.1211033728775563
07-01-2026 09:50||NIFTY27JAN2625200CE,0.1258278801263917
07-01-2026 09:50||NIFTY27JAN2625500CE,0.1076262864324732
07-01-2026 09:50||NIFTY27JAN2625600CE,0.1065674217959659
07-01-2026 09:50||NIFTY27JAN2626400CE,0.0880672448979591
07-01-2026 09:55||NIFTY27JAN2624300PE,0.1514268361944483
07-01-2026 09:55||NIFTY27JAN2624700PE,0.1304935623383547
07-01-2026 09:55||NIFTY27JAN2625000PE,0.1151745192038127
07-01-2026 09:55||NIFTY27JAN2625500CE,0.1292440329490574
07-01-2026 09:55||NIFTY27JAN2625800CE,0.1097347509126372
07-01-2026 09:55||NIFTY27JAN2625900CE,0.1071580720822639
07-01-2026 10:00||NIFTY27JAN2624600PE,0.1372165911403448
07-01-2026 10:00||NIFTY27JAN2625000PE,0.1173035044929396
07-01-2026 10:00||NIFTY27JAN2625900CE,0.0992922317091704
07-01-2026 10:00||NIFTY27JAN2626100CE,0.0949815409259614
07-01-2026 10:00||NIFTY27JAN2626500CE,0.0880712790697673
07-01-2026 10:05||NIFTY27JAN2625200CE,0.0703666666666666
07-01-2026 10:05||NIFTY27JAN2625500CE,0.111705
07-01-2026 10:05||NIFTY27JAN2626300CE,0.0938000772736494
07-01-2026 10:10||NIFTY27JAN2623800PE,0.1852039732888146
07-01-2026 10:10||NIFTY27JAN2623900PE,0.179087328881469
07-01-2026 10:10||NIFTY27JAN2624200PE,0.1608570566877438
07-01-2026 10:10||NIFTY27JAN2625500CE,0.099956875
07-01-2026 10:10||NIFTY27JAN2625600CE,0.10237
07-01-2026 10:10||NIFTY27JAN2625700CE,0.104783125
07-01-2026 10:10||NIFTY27JAN2625900CE,0.1042374359962738
07-01-2026 10:10||NIFTY27JAN2626000CE,0.1007237608814365
07-01-2026 10:15||NIFTY27JAN2623900PE,0.178922139959432
07-01-2026 10:15||NIFTY27JAN2625700CE,0.09264
07-01-2026 10:15||NIFTY27JAN2626100CE,0.0878145264502251
07-01-2026 10:15||NIFTY27JAN2626200CE,0.0865579417893392
07-01-2026 10:15||NIFTY27JAN2626500CE,0.0830192619479733
07-01-2026 10:20||NIFTY27JAN2624000PE,0.1720796151525035
07-01-2026 10:20||NIFTY27JAN2624200PE,0.161938827274845
07-01-2026 10:20||NIFTY27JAN2624300PE,0.1559766352504581
07-01-2026 10:20||NIFTY27JAN2624500PE,0.1450643655988457
07-01-2026 10:20||NIFTY27JAN2625500CE,0.1168301594090202
07-01-2026 10:20||NIFTY27JAN2625700CE,0.1017583900921309
07-01-2026 10:20||NIFTY27JAN2626100CE,0.0910635335271149
07-01-2026 10:25||NIFTY27JAN2624000PE,0.1703604555426926
07-01-2026 10:25||NIFTY27JAN2624100PE,0.165395897276764
07-01-2026 10:25||NIFTY27JAN2625600CE,0.0978167021906453
07-01-2026 10:25||NIFTY27JAN2625700CE,0.0946233510953226
07-01-2026 10:25||NIFTY27JAN2626100CE,0.0893902159419824
07-01-2026 10:30||NIFTY27JAN2624200PE,0.1590846636461142
07-01-2026 10:30||NIFTY27JAN2625100PE,0.1100575971093044
07-01-2026 10:30||NIFTY27JAN2625500CE,0.115555185314343
07-01-2026 10:30||NIFTY27JAN2625600CE,0.1108193254430133
07-01-2026 10:30||NIFTY27JAN2626000CE,0.0960770198000529
07-01-2026 10:30||NIFTY27JAN2626200CE,0.0919787610239521
07-01-2026 10:30||NIFTY27JAN2626300CE,0.0899671005249826
07-01-2026 10:35||NIFTY27JAN2623800PE,0.1787098228520814
07-01-2026 10:35||NIFTY27JAN2624200PE,0.1586876710475527
07-01-2026 10:35||NIFTY27JAN2624500PE,0.142771768656623
07-01-2026 10:35||NIFTY27JAN2625000PE,0.1163257312792512
07-01-2026 10:35||NIFTY27JAN2625400CE,0.1244634723437898
07-01-2026 10:35||NIFTY27JAN2625500CE,0.1162261000772203
07-01-2026 10:35||NIFTY27JAN2626100CE,0.0962551982378854
07-01-2026 10:35||NIFTY27JAN2626300CE,0.0910566759679595
07-01-2026 10:40||NIFTY27JAN2623900PE,0.1777891375641507
07-01-2026 10:40||NIFTY27JAN2624900PE,0.1223796111586758
07-01-2026 10:40||NIFTY27JAN2625100PE,0.1113388334760274
07-01-2026 10:40||NIFTY27JAN2625200CE,0.1321749915184838
07-01-2026 10:40||NIFTY27JAN2625400CE,0.1165891638394946
07-01-2026 10:40||NIFTY27JAN2625600CE,0.1061163006100466
07-01-2026 10:40||NIFTY27JAN2625800CE,0.0999431736508953
07-01-2026 10:40||NIFTY27JAN2626100CE,0.0926807595998292
07-01-2026 10:40||NIFTY27JAN2626300CE,0.0889162090546066
07-01-2026 10:45||NIFTY27JAN2624000PE,0.1711462721600778
07-01-2026 10:45||NIFTY27JAN2625100PE,0.1103043186180422
07-01-2026 10:45||NIFTY27JAN2625300CE,0.1177777909270216
07-01-2026 10:45||NIFTY27JAN2626000CE,0.0944585721304003
07-01-2026 10:45||NIFTY27JAN2626400CE,0.087290868869936
07-01-2026 10:50||NIFTY27JAN2623900PE,0.1765944508830021
07-01-2026 10:50||NIFTY27JAN2624200PE,0.1598876070325168
07-01-2026 10:50||NIFTY27JAN2625600CE,0.11319
07-01-2026 10:50||NIFTY27JAN2625800CE,0.102415
07-01-2026 10:55||NIFTY27JAN2624300PE,0.1555819973007931
07-01-2026 10:55||NIFTY27JAN2624900PE,0.1236331407672787
07-01-2026 10:55||NIFTY27JAN2625500CE,0.1035029067990832
07-01-2026 11:00||NIFTY27JAN2624200PE,0.1605354157515008
07-01-2026 11:00||NIFTY27JAN2626500CE,0.0899903592814371
07-01-2026 11:05||NIFTY27JAN2624300PE,0.156359025690029
07-01-2026 11:05||NIFTY27JAN2624600PE,0.1403805416241026
07-01-2026 11:05||NIFTY27JAN2624800PE,0.1299626357048005
07-01-2026 11:05||NIFTY27JAN2625200CE,0.0113348013042592
07-01-2026 11:05||NIFTY27JAN2626000CE,0.095056358925101
07-01-2026 11:05||NIFTY27JAN2626200CE,0.0899777558457333
07-01-2026 11:10||NIFTY27JAN2624400PE,0.1489377823241974
07-01-2026 11:10||NIFTY27JAN2624800PE,0.1289537896444257
07-01-2026 11:10||NIFTY27JAN2625200CE,0.08467
07-01-2026 11:10||NIFTY27JAN2625500CE,0.1136771974455611
07-01-2026 11:10||NIFTY27JAN2625700CE,0.0998238701991006
07-01-2026 11:10||NIFTY27JAN2625900CE,0.0941247623148524
07-01-2026 11:10||NIFTY27JAN2626300CE,0.0869724735806163
07-01-2026 11:15||NIFTY27JAN2624000PE,0.1710740193464463
07-01-2026 11:15||NIFTY27JAN2624800PE,0.1273664900552486
07-01-2026 11:15||NIFTY27JAN2625400CE,0.1187321862722096
07-01-2026 11:15||NIFTY27JAN2626100CE,0.0955275948726705
07-01-2026 11:15||NIFTY27JAN2626300CE,0.0909589203025429
07-01-2026 11:20||NIFTY27JAN2623800PE,0.1767268264621284
07-01-2026 11:20||NIFTY27JAN2624200PE,0.1597853422834555
07-01-2026 11:20||NIFTY27JAN2624900PE,0.1224380663454018
07-01-2026 11:20||NIFTY27JAN2625300CE,0.1330155178112376
07-01-2026 11:20||NIFTY27JAN2625700CE,0.0991449870017331
07-01-2026 11:20||NIFTY27JAN2626000CE,0.0938210246216978
07-01-2026 11:25||NIFTY27JAN2623800PE,0.1758954082612872
07-01-2026 11:25||NIFTY27JAN2624400PE,0.1481790755983575
07-01-2026 11:25||NIFTY27JAN2624800PE,0.126561284967315
07-01-2026 11:25||NIFTY27JAN2625300CE,0.1394783610644409
07-01-2026 11:25||NIFTY27JAN2625700CE,0.104868364339149
07-01-2026 11:25||NIFTY27JAN2625800CE,0.1013824233209913
07-01-2026 11:25||NIFTY27JAN2625900CE,0.098463300133259
07-01-2026 11:25||NIFTY27JAN2626000CE,0.0959221179636845
07-01-2026 11:25||NIFTY27JAN2626200CE,0.09147453872306
07-01-2026 11:30||NIFTY27JAN2624300PE,0.1539082247849346
07-01-2026 11:30||NIFTY27JAN2624400PE,0.1486641242548635
07-01-2026 11:35||NIFTY27JAN2624900PE,0.1225618754435798
07-01-2026 11:35||NIFTY27JAN2626300CE,0.0873425158116222
07-01-2026 11:40||NIFTY27JAN2624000PE,0.1711693650519819
07-01-2026 11:40||NIFTY27JAN2624500PE,0.1429393234431906
07-01-2026 11:40||NIFTY27JAN2625200CE,0.07053
07-01-2026 11:40||NIFTY27JAN2625900CE,0.1006754946146216
07-01-2026 11:45||NIFTY27JAN2624000PE,0.1705162165899413
07-01-2026 11:45||NIFTY27JAN2625000PE,0.1157118783266371
07-01-2026 11:45||NIFTY27JAN2625500CE,0.1172229022257364
07-01-2026 11:45||NIFTY27JAN2625600CE,0.1114397601434245
07-01-2026 11:45||NIFTY27JAN2626400CE,0.0884676324735053
07-01-2026 11:50||NIFTY27JAN2624000PE,0.1702636500249327
07-01-2026 11:50||NIFTY27JAN2624600PE,0.1370832699671126
07-01-2026 11:50||NIFTY27JAN2625700CE,0.1052209890344631
07-01-2026 11:50||NIFTY27JAN2626400CE,0.0854201597073519
07-01-2026 11:55||NIFTY27JAN2623900PE,0.1758577438474423
07-01-2026 11:55||NIFTY27JAN2625200CE,0.1583893914236211
07-01-2026 11:55||NIFTY27JAN2625400CE,0.1199031304745403
07-01-2026 11:55||NIFTY27JAN2626100CE,0.0934871423244548
07-01-2026 11:55||NIFTY27JAN2626300CE,0.0889572687116749
07-01-2026 12:00||NIFTY27JAN2624300PE,0.1521603808947008
07-01-2026 12:00||NIFTY27JAN2624500PE,0.1411883037360246
07-01-2026 12:00||NIFTY27JAN2625500CE,0.1136547395470758
07-01-2026 12:00||NIFTY27JAN2625600CE,0.1092718227380775
07-01-2026 12:00||NIFTY27JAN2626400CE,0.0871629644808743
07-01-2026 12:05||NIFTY27JAN2624200PE,0.1576515539851032
07-01-2026 12:05||NIFTY27JAN2624300PE,0.1516956993309296
07-01-2026 12:05||NIFTY27JAN2625300CE,0.1428054200308084
07-01-2026 12:05||NIFTY27JAN2625900CE,0.1011259032924633
07-01-2026 12:05||NIFTY27JAN2626000CE,0.097919258497124
07-01-2026 12:05||NIFTY27JAN2626300CE,0.0905804663550932
07-01-2026 12:05||NIFTY27JAN2626400CE,0.0887768998442132
07-01-2026 12:10||NIFTY27JAN2624000PE,0.1686582073882611
07-01-2026 12:10||NIFTY27JAN2625200CE,0.1727746688605512
07-01-2026 12:10||NIFTY27JAN2625600CE,0.1156959117795283
07-01-2026 12:10||NIFTY27JAN2626500CE,0.087333257918552
07-01-2026 12:15||NIFTY27JAN2624300PE,0.1510711186313311
07-01-2026 12:15||NIFTY27JAN2625000PE,0.113035602294455
07-01-2026 12:15||NIFTY27JAN2625100PE,0.1057836137667303
07-01-2026 12:15||NIFTY27JAN2625300CE,0.1455183150371924
07-01-2026 12:15||NIFTY27JAN2625500CE,0.1208483356510149
07-01-2026 12:15||NIFTY27JAN2625600CE,0.1161059558456542
07-01-2026 12:20||NIFTY27JAN2624000PE,0.1682212021455482
07-01-2026 12:20||NIFTY27JAN2624400PE,0.1456376864839245
07-01-2026 12:20||NIFTY27JAN2625100PE,0.1104301185770751
07-01-2026 12:20||NIFTY27JAN2626100CE,0.0959156225451688
07-01-2026 12:25||NIFTY27JAN2624400PE,0.1458431095994262
07-01-2026 12:25||NIFTY27JAN2624600PE,0.1358057115552033
07-01-2026 12:25||NIFTY27JAN2624700PE,0.1308691982567785
07-01-2026 12:25||NIFTY27JAN2625300CE,0.1364751677400945
07-01-2026 12:25||NIFTY27JAN2626300CE,0.0902108227765094
07-01-2026 12:30||NIFTY27JAN2623800PE,0.1790630195686821
07-01-2026 12:30||NIFTY27JAN2624000PE,0.1683931764510077
07-01-2026 12:30||NIFTY27JAN2624100PE,0.1628180195686821
07-01-2026 12:30||NIFTY27JAN2624500PE,0.1418327776389928
07-01-2026 12:30||NIFTY27JAN2624600PE,0.1360775378001123
07-01-2026 12:30||NIFTY27JAN2625200CE,0.1337051612903226
07-01-2026 12:30||NIFTY27JAN2626300CE,0.0915719777325054
07-01-2026 12:35||NIFTY27JAN2625100PE,0.1101121327014218
07-01-2026 12:35||NIFTY27JAN2625300CE,0.1298717655894596
07-01-2026 12:35||NIFTY27JAN2625400CE,0.1221068645122527
07-01-2026 12:35||NIFTY27JAN2626300CE,0.0912326856087262
07-01-2026 12:35||NIFTY27JAN2626500CE,0.0872880568261787
07-01-2026 12:40||NIFTY27JAN2625100PE,0.1104757616580311
07-01-2026 12:40||NIFTY27JAN2625700CE,0.0990812467252571
07-01-2026 12:45||NIFTY27JAN2623800PE,0.1781801325214899
07-01-2026 12:45||NIFTY27JAN2624000PE,0.1661833775071633
07-01-2026 12:45||NIFTY27JAN2624900PE,0.1197000858927642
07-01-2026 12:45||NIFTY27JAN2625000PE,0.1146775429463821
07-01-2026 12:45||NIFTY27JAN2625800CE,0.1018969178882522
07-01-2026 12:45||NIFTY27JAN2626400CE,0.0876569987309644
07-01-2026 12:50||NIFTY27JAN2624400PE,0.1454405154342262
07-01-2026 12:50||NIFTY27JAN2624700PE,0.1291869452984241
07-01-2026 12:50||NIFTY27JAN2625100PE,0.1084334744947064
07-01-2026 12:50||NIFTY27JAN2626300CE,0.0906142163315518
07-01-2026 12:55||NIFTY27JAN2623800PE,0.1808791136974037
07-01-2026 12:55||NIFTY27JAN2623900PE,0.1740948522829006
07-01-2026 12:55||NIFTY27JAN2625100PE,0.1077320992366412
07-01-2026 12:55||NIFTY27JAN2625200CE,0.1057546997389033
07-01-2026 12:55||NIFTY27JAN2625300CE,0.1190007832898172
07-01-2026 13:00||NIFTY27JAN2624000PE,0.1686200134539958
07-01-2026 13:00||NIFTY27JAN2624400PE,0.1456761600316931
07-01-2026 13:00||NIFTY27JAN2624600PE,0.1348046344078088
07-01-2026 13:00||NIFTY27JAN2625300CE,0.1268670855968798
07-01-2026 13:00||NIFTY27JAN2625800CE,0.1046277040569848
07-01-2026 13:05||NIFTY27JAN2623900PE,0.1742536700170805
07-01-2026 13:05||NIFTY27JAN2624700PE,0.1298728454534515
07-01-2026 13:05||NIFTY27JAN2625200CE,0.1171905021392916
07-01-2026 13:05||NIFTY27JAN2625400CE,0.1171785007130972
07-01-2026 13:05||NIFTY27JAN2626100CE,0.0937696889824224
07-01-2026 13:10||NIFTY27JAN2624400PE,0.1460836002302907
07-01-2026 13:10||NIFTY27JAN2624700PE,0.1303622031282157
07-01-2026 13:10||NIFTY27JAN2625400CE,0.117165
07-01-2026 13:10||NIFTY27JAN2625900CE,0.0977067372737735
07-01-2026 13:10||NIFTY27JAN2626400CE,0.0867228021891858
07-01-2026 13:15||NIFTY27JAN2624600PE,0.1349427434525615
07-01-2026 13:15||NIFTY27JAN2625400CE,0.1184563793751096
07-01-2026 13:15||NIFTY27JAN2625500CE,0.1164001331144982
07-01-2026 13:15||NIFTY27JAN2625700CE,0.1097091796299943
07-01-2026 13:15||NIFTY27JAN2625800CE,0.1047733572249865
07-01-2026 13:15||NIFTY27JAN2626400CE,0.0877328739892183
07-01-2026 13:20||NIFTY27JAN2624000PE,0.1677495753787507
07-01-2026 13:20||NIFTY27JAN2624500PE,0.1399530311737595
07-01-2026 13:20||NIFTY27JAN2624800PE,0.1247700354166666
07-01-2026 13:20||NIFTY27JAN2624900PE,0.1196816981481481
07-01-2026 13:20||NIFTY27JAN2625000PE,0.1145450118055555
07-01-2026 13:20||NIFTY27JAN2626300CE,0.0873522111635055
07-01-2026 13:25||NIFTY27JAN2624200PE,0.1556112789824465
07-01-2026 13:25||NIFTY27JAN2624600PE,0.1334612952604664
07-01-2026 13:25||NIFTY27JAN2624700PE,0.128194800401394
07-01-2026 13:25||NIFTY27JAN2625100PE,0.1084351042701092
07-01-2026 13:25||NIFTY27JAN2626300CE,0.0897571428571428
07-01-2026 13:25||NIFTY27JAN2626400CE,0.0895628571428571
07-01-2026 13:25||NIFTY27JAN2626500CE,0.0907285714285714
07-01-2026 13:30||NIFTY27JAN2624000PE,0.1660509062437964
07-01-2026 13:30||NIFTY27JAN2624400PE,0.1441922164875848
07-01-2026 13:30||NIFTY27JAN2624600PE,0.1329396496530329
07-01-2026 13:30||NIFTY27JAN2624900PE,0.1177130273971395
07-01-2026 13:30||NIFTY27JAN2625300CE,0.1401305017932423
07-01-2026 13:30||NIFTY27JAN2625700CE,0.1084279450055092
07-01-2026 13:30||NIFTY27JAN2625800CE,0.1038504171030351
07-01-2026 13:30||NIFTY27JAN2626500CE,0.0876694472361809
07-01-2026 13:35||NIFTY27JAN2623900PE,0.1727226322555481
07-01-2026 13:35||NIFTY27JAN2624200PE,0.1555911617902307
07-01-2026 13:35||NIFTY27JAN2624300PE,0.1502385869256571
07-01-2026 13:35||NIFTY27JAN2625100PE,0.1073213980582524
07-01-2026 13:35||NIFTY27JAN2625200CE,0.1704818604651162
07-01-2026 13:35||NIFTY27JAN2625300CE,0.154686976744186
07-01-2026 13:40||NIFTY27JAN2624300PE,0.1497069271712305
07-01-2026 13:40||NIFTY27JAN2625000PE,0.1127741354570239
07-01-2026 13:40||NIFTY27JAN2625700CE,0.1084075279262059
07-01-2026 13:40||NIFTY27JAN2626100CE,0.094815262063515
07-01-2026 13:45||NIFTY27JAN2623900PE,0.1724824151103565
07-01-2026 13:45||NIFTY27JAN2624200PE,0.1554351429732186
07-01-2026 13:45||NIFTY27JAN2624600PE,0.1329173090279952
07-01-2026 13:45||NIFTY27JAN2625200CE,0.1434636350074589
07-01-2026 13:45||NIFTY27JAN2625400CE,0.1311545450024863
07-01-2026 13:50||NIFTY27JAN2623800PE,0.1803921765417171
07-01-2026 13:50||NIFTY27JAN2623900PE,0.1734479081015719
07-01-2026 13:50||NIFTY27JAN2624100PE,0.1610626360338573
07-01-2026 13:55||NIFTY27JAN2624400PE,0.1443438851220585
07-01-2026 13:55||NIFTY27JAN2625100PE,0.1083948727615457
07-01-2026 13:55||NIFTY27JAN2625300CE,0.1337615803090934
07-01-2026 13:55||NIFTY27JAN2625800CE,0.1088639295375499
07-01-2026 13:55||NIFTY27JAN2626400CE,0.0893806319941295
07-01-2026 14:00||NIFTY27JAN2623800PE,0.1631889595375724
07-01-2026 14:00||NIFTY27JAN2623900PE,0.1677098265895954
07-01-2026 14:00||NIFTY27JAN2625400CE,0.1227190696308345
07-01-2026 14:00||NIFTY27JAN2625500CE,0.1139848059283358
07-01-2026 14:00||NIFTY27JAN2625900CE,0.1030564375142106
07-01-2026 14:00||NIFTY27JAN2626200CE,0.0925020721956906
07-01-2026 14:05||NIFTY27JAN2624000PE,0.1668833298928069
07-01-2026 14:05||NIFTY27JAN2624200PE,0.1566530875182478
07-01-2026 14:05||NIFTY27JAN2624400PE,0.1450297040769523
07-01-2026 14:05||NIFTY27JAN2625900CE,0.0989526998981051
07-01-2026 14:05||NIFTY27JAN2626000CE,0.0956500914915256
07-01-2026 14:05||NIFTY27JAN2626300CE,0.0889187036234094
07-01-2026 14:10||NIFTY27JAN2623800PE,0.1727694650180646
07-01-2026 14:10||NIFTY27JAN2624000PE,0.1680464883393549
07-01-2026 14:10||NIFTY27JAN2624700PE,0.1295750882152071
07-01-2026 14:10||NIFTY27JAN2626100CE,0.0925545606462609
07-01-2026 14:10||NIFTY27JAN2626200CE,0.0899073809245235
07-01-2026 14:10||NIFTY27JAN2626400CE,0.0862210078822885
07-01-2026 14:15||NIFTY27JAN2625200CE,0.1289421041445271
07-01-2026 14:15||NIFTY27JAN2625600CE,0.1077619579762922
07-01-2026 14:15||NIFTY27JAN2625900CE,0.095468137129112
07-01-2026 14:15||NIFTY27JAN2626200CE,0.0890659403917078
07-01-2026 14:20||NIFTY27JAN2623800PE,0.1689135852911134
07-01-2026 14:20||NIFTY27JAN2624500PE,0.1393139186227839
07-01-2026 14:20||NIFTY27JAN2625400CE,0.1215360316977245
07-01-2026 14:20||NIFTY27JAN2625700CE,0.1050714775620898
07-01-2026 14:20||NIFTY27JAN2626300CE,0.0879753772564553
07-01-2026 14:25||NIFTY27JAN2623900PE,0.1732022207254842
07-01-2026 14:25||NIFTY27JAN2625400CE,0.1198173869346733
07-01-2026 14:25||NIFTY27JAN2625700CE,0.1074414600354343
07-01-2026 14:25||NIFTY27JAN2625900CE,0.0994045681378701
07-01-2026 14:25||NIFTY27JAN2626300CE,0.0892695367858707
07-01-2026 14:30||NIFTY27JAN2624800PE,0.1238485807507666
07-01-2026 14:30||NIFTY27JAN2625100PE,0.1085078265989549
07-01-2026 14:30||NIFTY27JAN2625300CE,0.1149522642857142
07-01-2026 14:30||NIFTY27JAN2626300CE,0.0862717575435444
07-01-2026 14:35||NIFTY27JAN2624000PE,0.166267295835021
07-01-2026 14:35||NIFTY27JAN2624100PE,0.1620567822261631
07-01-2026 14:35||NIFTY27JAN2624400PE,0.1451001692958904
07-01-2026 14:35||NIFTY27JAN2624700PE,0.1290200084480965
07-01-2026 14:35||NIFTY27JAN2625000PE,0.1129683443762675
07-01-2026 14:35||NIFTY27JAN2626400CE,0.0874361275626424
07-01-2026 14:35||NIFTY27JAN2626500CE,0.0843467653758542
07-01-2026 14:40||NIFTY27JAN2623800PE,0.1760639231271358
07-01-2026 14:40||NIFTY27JAN2624100PE,0.1635304412613921
07-01-2026 14:40||NIFTY27JAN2625100PE,0.1068254669084315
07-01-2026 14:40||NIFTY27JAN2625400CE,0.1218898599320883
07-01-2026 14:40||NIFTY27JAN2626200CE,0.0919178175197842
07-01-2026 14:45||NIFTY27JAN2623800PE,0.1767097777777777
07-01-2026 14:45||NIFTY27JAN2624000PE,0.1690032592592592
07-01-2026 14:45||NIFTY27JAN2624200PE,0.1579393945868945
07-01-2026 14:45||NIFTY27JAN2624500PE,0.1407056611419597
07-01-2026 14:45||NIFTY27JAN2624900PE,0.1194832038863257
07-01-2026 14:50||NIFTY27JAN2623900PE,0.1726728953071994
07-01-2026 14:50||NIFTY27JAN2624900PE,0.1188061518848377
07-01-2026 14:50||NIFTY27JAN2625600CE,0.1177153777557324
07-01-2026 14:50||NIFTY27JAN2626400CE,0.0892056102783726
07-01-2026 14:50||NIFTY27JAN2626500CE,0.0876236616702355
07-01-2026 14:55||NIFTY27JAN2624100PE,0.1643442066582632
07-01-2026 14:55||NIFTY27JAN2624300PE,0.1526257603927091
07-01-2026 14:55||NIFTY27JAN2624600PE,0.135172089084649
07-01-2026 14:55||NIFTY27JAN2625900CE,0.0984582834309755
07-01-2026 14:55||NIFTY27JAN2626300CE,0.0881911909156566
07-01-2026 15:00||NIFTY27JAN2623900PE,0.1738086418895636
07-01-2026 15:00||NIFTY27JAN2625100PE,0.1099113457943925
07-01-2026 15:00||NIFTY27JAN2625700CE,0.1005807805910532
07-01-2026 15:00||NIFTY27JAN2626000CE,0.0921466176231946
07-01-2026 15:00||NIFTY27JAN2626400CE,0.0856580225752508
07-01-2026 15:05||NIFTY27JAN2624200PE,0.1589190365266145
07-01-2026 15:05||NIFTY27JAN2624500PE,0.1423771266639798
07-01-2026 15:05||NIFTY27JAN2625400CE,0.110925
07-01-2026 15:05||NIFTY27JAN2626000CE,0.0919389212703018
07-01-2026 15:05||NIFTY27JAN2626400CE,0.0852115945990722
07-01-2026 15:10||NIFTY27JAN2623800PE,0.1777713934782608
07-01-2026 15:10||NIFTY27JAN2624000PE,0.1702937978260869
07-01-2026 15:10||NIFTY27JAN2624400PE,0.1486432819873771
07-01-2026 15:10||NIFTY27JAN2624500PE,0.1432602887343954
07-01-2026 15:10||NIFTY27JAN2626500CE,0.0841002803738317
07-01-2026 15:15||NIFTY27JAN2624200PE,0.1601413051381643
07-01-2026 15:15||NIFTY27JAN2624900PE,0.1224815123543516
07-01-2026 15:15||NIFTY27JAN2625100PE,0.1097545370630549
07-01-2026 15:15||NIFTY27JAN2625600CE,0.0938649250240835
07-01-2026 15:20||NIFTY27JAN2624100PE,0.1668622370242673
07-01-2026 15:20||NIFTY27JAN2625900CE,0.0925443622375537
07-01-2026 15:20||NIFTY27JAN2626300CE,0.0859958814255344
07-01-2026 15:25||NIFTY27JAN2624700PE,0.131842008773196
07-01-2026 15:25||NIFTY27JAN2625500CE,0.10518464058159
07-01-2026 15:25||NIFTY27JAN2626100CE,0.0899358063638836
07-01-2026 15:25||NIFTY27JAN2626400CE,0.0845502157555978
07-01-2026 15:25||NIFTY27JAN2626500CE,0.0842012945335871
08-01-2026 09:15||NIFTY27JAN2624100PE,0.164806546425352
08-01-2026 09:15||NIFTY27JAN2624300PE,0.1536679852970245
08-01-2026 09:15||NIFTY27JAN2625100PE,0.1094134024505184
08-01-2026 09:15||NIFTY27JAN2625300CE,0.0951725
08-01-2026 09:15||NIFTY27JAN2626300CE,0.087537129719159
08-01-2026 09:20||NIFTY27JAN2623800PE,0.1808935341365462
08-01-2026 09:20||NIFTY27JAN2624100PE,0.1660103568922012
08-01-2026 09:20||NIFTY27JAN2624800PE,0.1258467546027831
08-01-2026 09:20||NIFTY27JAN2624900PE,0.120752268130213
08-01-2026 09:20||NIFTY27JAN2625300CE,0.0871029166666666
08-01-2026 09:20||NIFTY27JAN2625900CE,0.0865401373071332
08-01-2026 09:20||NIFTY27JAN2626000CE,0.0856757372283501
08-01-2026 09:20||NIFTY27JAN2626400CE,0.0818157894736841
08-01-2026 09:20||NIFTY27JAN2626500CE,0.0810747368421052
08-01-2026 09:25||NIFTY27JAN2623900PE,0.1772606505705655
08-01-2026 09:25||NIFTY27JAN2624100PE,0.1656335962731388
08-01-2026 09:25||NIFTY27JAN2624200PE,0.159406927401119
08-01-2026 09:25||NIFTY27JAN2625300CE,0.1085426431718061
08-01-2026 09:25||NIFTY27JAN2626200CE,0.0837653430204897
08-01-2026 09:25||NIFTY27JAN2626400CE,0.0828238277363184
08-01-2026 09:30||NIFTY27JAN2624100PE,0.163063247081215
08-01-2026 09:30||NIFTY27JAN2624700PE,0.1285946410663607
08-01-2026 09:30||NIFTY27JAN2624800PE,0.1232327211996558
08-01-2026 09:30||NIFTY27JAN2624900PE,0.1180744807997705
08-01-2026 09:30||NIFTY27JAN2625000PE,0.1131701602665902
08-01-2026 09:30||NIFTY27JAN2626200CE,0.0876695040290545
08-01-2026 09:30||NIFTY27JAN2626300CE,0.0865302065599818
08-01-2026 09:35||NIFTY27JAN2623900PE,0.173639615831012
08-01-2026 09:35||NIFTY27JAN2624100PE,0.1625256038175502
08-01-2026 09:35||NIFTY27JAN2624400PE,0.1455977844094864
08-01-2026 09:35||NIFTY27JAN2625300CE,0.1379050879196953
08-01-2026 09:35||NIFTY27JAN2625400CE,0.132082398061613
08-01-2026 09:35||NIFTY27JAN2626100CE,0.0966334637834545
08-01-2026 09:35||NIFTY27JAN2626200CE,0.0938481416675781
08-01-2026 09:35||NIFTY27JAN2626500CE,0.0888682080115612
08-01-2026 09:40||NIFTY27JAN2623800PE,0.1793597260273972
08-01-2026 09:40||NIFTY27JAN2624800PE,0.1252613759164921
08-01-2026 09:40||NIFTY27JAN2624900PE,0.1200505563702152
08-01-2026 09:40||NIFTY27JAN2625000PE,0.1149144586388307
08-01-2026 09:40||NIFTY27JAN2625200CE,0.026
08-01-2026 09:40||NIFTY27JAN2625700CE,0.0937814411238556
08-01-2026 09:40||NIFTY27JAN2626200CE,0.0859959910116581
08-01-2026 09:40||NIFTY27JAN2626400CE,0.0843573692693409
08-01-2026 09:45||NIFTY27JAN2624200PE,0.1596784016536965
08-01-2026 09:45||NIFTY27JAN2624600PE,0.1352997159390196
08-01-2026 09:45||NIFTY27JAN2625400CE,0.10257
08-01-2026 09:45||NIFTY27JAN2625900CE,0.0932813410069785
08-01-2026 09:45||NIFTY27JAN2626500CE,0.08422304
08-01-2026 09:50||NIFTY27JAN2624400PE,0.1462225923358239
08-01-2026 09:50||NIFTY27JAN2625100PE,0.1101057066189624
08-01-2026 09:50||NIFTY27JAN2625500CE,0.1198871189010393
08-01-2026 09:50||NIFTY27JAN2625600CE,0.11512287168186
08-01-2026 09:50||NIFTY27JAN2626400CE,0.0887665651834504
08-01-2026 09:55||NIFTY27JAN2624200PE,0.1600742842306211
08-01-2026 09:55||NIFTY27JAN2624600PE,0.1370484810586415
08-01-2026 09:55||NIFTY27JAN2625000PE,0.115303562315996
08-01-2026 09:55||NIFTY27JAN2625100PE,0.1091013738959763
08-01-2026 09:55||NIFTY27JAN2625300CE,0.113643057246609
08-01-2026 09:55||NIFTY27JAN2626000CE,0.0898467226785266
08-01-2026 09:55||NIFTY27JAN2626200CE,0.0872229527619518
08-01-2026 10:00||NIFTY27JAN2624600PE,0.1362514414736304
08-01-2026 10:00||NIFTY27JAN2625900CE,0.0895778695600547
08-01-2026 10:00||NIFTY27JAN2626100CE,0.0853931426155111
08-01-2026 10:00||NIFTY27JAN2626200CE,0.0842905274294823
08-01-2026 10:05||NIFTY27JAN2624800PE,0.1248012429008386
08-01-2026 10:05||NIFTY27JAN2625500CE,0.1011822809247255
08-01-2026 10:05||NIFTY27JAN2625800CE,0.0907490060989303
08-01-2026 10:05||NIFTY27JAN2626000CE,0.0875853955775191
08-01-2026 10:05||NIFTY27JAN2626500CE,0.0837534736842105
08-01-2026 10:10||NIFTY27JAN2624100PE,0.1637149990345159
08-01-2026 10:10||NIFTY27JAN2625000PE,0.1119978597785977
08-01-2026 10:10||NIFTY27JAN2625100PE,0.1055671586715866
08-01-2026 10:10||NIFTY27JAN2625200CE,0.16231
08-01-2026 10:10||NIFTY27JAN2625600CE,0.1097102827289489
08-01-2026 10:10||NIFTY27JAN2625800CE,0.1002616303498487
08-01-2026 10:10||NIFTY27JAN2626400CE,0.0861348973305955
08-01-2026 10:15||NIFTY27JAN2625100PE,0.1090706299212598
08-01-2026 10:15||NIFTY27JAN2625700CE,0.0930416689443207
08-01-2026 10:15||NIFTY27JAN2625800CE,0.0896607578438078
08-01-2026 10:15||NIFTY27JAN2626500CE,0.0825572340425532
08-01-2026 10:20||NIFTY27JAN2625200CE,0.1141227835051546
08-01-2026 10:20||NIFTY27JAN2626400CE,0.086250557738815
08-01-2026 10:25||NIFTY27JAN2623900PE,0.1742904933077493
08-01-2026 10:25||NIFTY27JAN2624000PE,0.1689693199488319
08-01-2026 10:25||NIFTY27JAN2624400PE,0.1455720363053769
08-01-2026 10:25||NIFTY27JAN2624800PE,0.1235395532085939
08-01-2026 10:25||NIFTY27JAN2625000PE,0.1127286596257818
08-01-2026 10:25||NIFTY27JAN2625100PE,0.1071328513375031
08-01-2026 10:25||NIFTY27JAN2625200CE,0.1261187566862361
08-01-2026 10:25||NIFTY27JAN2625500CE,0.1105600578632612
08-01-2026 10:25||NIFTY27JAN2625600CE,0.1067655326451481
08-01-2026 10:25||NIFTY27JAN2625700CE,0.103258241104461
08-01-2026 10:25||NIFTY27JAN2626100CE,0.0922061606967723
08-01-2026 10:25||NIFTY27JAN2626500CE,0.0869304498269896
08-01-2026 10:30||NIFTY27JAN2623800PE,0.1725523735199138
08-01-2026 10:30||NIFTY27JAN2624000PE,0.1702307911733046
08-01-2026 10:30||NIFTY27JAN2624400PE,0.1461254512798756
08-01-2026 10:30||NIFTY27JAN2624500PE,0.1400968728121779
08-01-2026 10:30||NIFTY27JAN2626000CE,0.0945376921340625
08-01-2026 10:30||NIFTY27JAN2626400CE,0.086853152173913
08-01-2026 10:30||NIFTY27JAN2626500CE,0.0845289130434782
08-01-2026 10:35||NIFTY27JAN2624000PE,0.1695235756460975
08-01-2026 10:35||NIFTY27JAN2624200PE,0.1586703347993403
08-01-2026 10:35||NIFTY27JAN2625800CE,0.0950049541351194
08-01-2026 10:35||NIFTY27JAN2626300CE,0.0867985180055401
08-01-2026 10:35||NIFTY27JAN2626500CE,0.0842555540166204
08-01-2026 10:40||NIFTY27JAN2624000PE,0.167305260218406
08-01-2026 10:40||NIFTY27JAN2624300PE,0.1507240525147671
08-01-2026 10:40||NIFTY27JAN2625000PE,0.112373298672875
08-01-2026 10:40||NIFTY27JAN2625500CE,0.1124209577905316
08-01-2026 10:40||NIFTY27JAN2625900CE,0.0958289753103453
08-01-2026 10:40||NIFTY27JAN2626100CE,0.0918866921078725
08-01-2026 10:40||NIFTY27JAN2626300CE,0.0886786249484758
08-01-2026 10:40||NIFTY27JAN2626400CE,0.0873289791409045
08-01-2026 10:45||NIFTY27JAN2623900PE,0.1734981571774402
08-01-2026 10:45||NIFTY27JAN2624200PE,0.1576905176990694
08-01-2026 10:45||NIFTY27JAN2625200CE,0.1181824245577523
08-01-2026 10:45||NIFTY27JAN2625300CE,0.123798737426292
08-01-2026 10:45||NIFTY27JAN2625600CE,0.1042985029836023
08-01-2026 10:45||NIFTY27JAN2626400CE,0.085768432055749
08-01-2026 10:45||NIFTY27JAN2626500CE,0.0838505923344947
08-01-2026 10:50||NIFTY27JAN2623900PE,0.1732030543602983
08-01-2026 10:50||NIFTY27JAN2625500CE,0.1002746853856562
08-01-2026 10:50||NIFTY27JAN2625800CE,0.0966374090219863
08-01-2026 10:50||NIFTY27JAN2626100CE,0.0907599017448936
08-01-2026 10:50||NIFTY27JAN2626500CE,0.0856191126279863
08-01-2026 10:55||NIFTY27JAN2624000PE,0.1674085033723213
08-01-2026 10:55||NIFTY27JAN2624700PE,0.1285777739790363
08-01-2026 10:55||NIFTY27JAN2624800PE,0.1227492560982501
08-01-2026 10:55||NIFTY27JAN2625100PE,0.1104944520142745
08-01-2026 10:55||NIFTY27JAN2625400CE,0.1210902095903461
08-01-2026 10:55||NIFTY27JAN2625600CE,0.1040398908141612
08-01-2026 11:00||NIFTY27JAN2623800PE,0.1722998480420807
08-01-2026 11:00||NIFTY27JAN2623900PE,0.1690466160140269
08-01-2026 11:00||NIFTY27JAN2624000PE,0.1656744360023378
08-01-2026 11:00||NIFTY27JAN2624300PE,0.1504587240827201
08-01-2026 11:00||NIFTY27JAN2624600PE,0.1343999774699813
08-01-2026 11:00||NIFTY27JAN2625000PE,0.1131725925925926
08-01-2026 11:00||NIFTY27JAN2625100PE,0.1065755555555555
08-01-2026 11:00||NIFTY27JAN2626200CE,0.0900067436632819
08-01-2026 11:00||NIFTY27JAN2626500CE,0.0868040206185566
08-01-2026 11:05||NIFTY27JAN2623800PE,0.1843817079889807
08-01-2026 11:05||NIFTY27JAN2624200PE,0.1554636104869163
08-01-2026 11:05||NIFTY27JAN2624400PE,0.144617322681508
08-01-2026 11:05||NIFTY27JAN2624800PE,0.1238574652391818
08-01-2026 11:05||NIFTY27JAN2625400CE,0.1208268052083253
08-01-2026 11:05||NIFTY27JAN2626000CE,0.0943289042390572
08-01-2026 11:05||NIFTY27JAN2626200CE,0.0908575807066337
08-01-2026 11:05||NIFTY27JAN2626300CE,0.0894658314693227
08-01-2026 11:10||NIFTY27JAN2624000PE,0.1671873033885265
08-01-2026 11:10||NIFTY27JAN2624200PE,0.1553209171816301
08-01-2026 11:10||NIFTY27JAN2624400PE,0.1449752325480762
08-01-2026 11:10||NIFTY27JAN2624600PE,0.1353992084642736
08-01-2026 11:10||NIFTY27JAN2624700PE,0.1305158665586662
08-01-2026 11:10||NIFTY27JAN2625200CE,0.1538558865564984
08-01-2026 11:10||NIFTY27JAN2625600CE,0.1038711393778732
08-01-2026 11:10||NIFTY27JAN2625900CE,0.09616246060724
08-01-2026 11:10||NIFTY27JAN2626000CE,0.0934555681357583
08-01-2026 11:15||NIFTY27JAN2624100PE,0.1653513468502022
08-01-2026 11:15||NIFTY27JAN2624200PE,0.1588018069621649
08-01-2026 11:15||NIFTY27JAN2624900PE,0.1210617100130038
08-01-2026 11:15||NIFTY27JAN2625200CE,0.1404199047619047
08-01-2026 11:15||NIFTY27JAN2626200CE,0.0899292414046779
08-01-2026 11:15||NIFTY27JAN2626400CE,0.0879670583740831
08-01-2026 11:20||NIFTY27JAN2624300PE,0.1544521874482625
08-01-2026 11:20||NIFTY27JAN2625700CE,0.0970649984125921
08-01-2026 11:20||NIFTY27JAN2626400CE,0.0880848356807511
08-01-2026 11:20||NIFTY27JAN2626500CE,0.086569014084507
08-01-2026 11:25||NIFTY27JAN2623800PE,0.1758969656699889
08-01-2026 11:25||NIFTY27JAN2624300PE,0.1540765082399521
08-01-2026 11:25||NIFTY27JAN2624400PE,0.1473754205500488
08-01-2026 11:25||NIFTY27JAN2624700PE,0.1310982220038204
08-01-2026 11:25||NIFTY27JAN2625400CE,0.1329187249448546
08-01-2026 11:25||NIFTY27JAN2626200CE,0.0939322756109801
08-01-2026 11:30||NIFTY27JAN2623800PE,0.1776687277424116
08-01-2026 11:30||NIFTY27JAN2624100PE,0.1655453343020455
08-01-2026 11:30||NIFTY27JAN2624200PE,0.1594146889626727
08-01-2026 11:30||NIFTY27JAN2625200CE,0.1632705471089399
08-01-2026 11:30||NIFTY27JAN2625400CE,0.1292186068878033
08-01-2026 11:30||NIFTY27JAN2625500CE,0.11762554710894
08-01-2026 11:30||NIFTY27JAN2625800CE,0.1020874620940205
08-01-2026 11:30||NIFTY27JAN2626000CE,0.0969776690160386
08-01-2026 11:30||NIFTY27JAN2626100CE,0.095323408992476
08-01-2026 11:35||NIFTY27JAN2623800PE,0.1782288482455229
08-01-2026 11:35||NIFTY27JAN2624100PE,0.1646117388176305
08-01-2026 11:35||NIFTY27JAN2624400PE,0.1461337775340387
08-01-2026 11:35||NIFTY27JAN2624500PE,0.1405021672511432
08-01-2026 11:35||NIFTY27JAN2624700PE,0.1299748127507399
08-01-2026 11:35||NIFTY27JAN2624900PE,0.1196372908753782
08-01-2026 11:35||NIFTY27JAN2625200CE,0.1065066917293233
08-01-2026 11:35||NIFTY27JAN2625300CE,0.1176127819548872
08-01-2026 11:35||NIFTY27JAN2626500CE,0.0904441104294478
08-01-2026 11:40||NIFTY27JAN2624100PE,0.1654239919717697
08-01-2026 11:40||NIFTY27JAN2624200PE,0.1591950150655706
08-01-2026 11:40||NIFTY27JAN2624400PE,0.1471329615766253
08-01-2026 11:40||NIFTY27JAN2624900PE,0.1205895385644011
08-01-2026 11:40||NIFTY27JAN2625600CE,0.1055638039105213
08-01-2026 11:40||NIFTY27JAN2625800CE,0.0985337800007081
08-01-2026 11:45||NIFTY27JAN2624200PE,0.1577595704558906
08-01-2026 11:45||NIFTY27JAN2625500CE,0.1082218136079524
08-01-2026 11:45||NIFTY27JAN2625900CE,0.0952253937170529
08-01-2026 11:45||NIFTY27JAN2626100CE,0.0926458049906132
08-01-2026 11:50||NIFTY27JAN2623800PE,0.1805661770623742
08-01-2026 11:50||NIFTY27JAN2625700CE,0.1054261505529839
08-01-2026 11:50||NIFTY27JAN2625800CE,0.1018994880398692
08-01-2026 11:50||NIFTY27JAN2626500CE,0.0898136231884058
08-01-2026 11:55||NIFTY27JAN2624200PE,0.1587795910451266
08-01-2026 11:55||NIFTY27JAN2624700PE,0.131422573706781
08-01-2026 11:55||NIFTY27JAN2625100PE,0.1139201244813277
08-01-2026 11:55||NIFTY27JAN2625400CE,0.1069783461772888
08-01-2026 11:55||NIFTY27JAN2625600CE,0.1005361552148033
08-01-2026 11:55||NIFTY27JAN2625800CE,0.0947858272167517
08-01-2026 12:00||NIFTY27JAN2624500PE,0.14199325708697
08-01-2026 12:00||NIFTY27JAN2624700PE,0.1325501052512662
08-01-2026 12:00||NIFTY27JAN2625000PE,0.1174115008336143
08-01-2026 12:00||NIFTY27JAN2625500CE,0.1049804497722368
08-01-2026 12:00||NIFTY27JAN2626300CE,0.0914423837520042
08-01-2026 12:05||NIFTY27JAN2624000PE,0.1704919840743594
08-01-2026 12:05||NIFTY27JAN2624200PE,0.1562640735037883
08-01-2026 12:05||NIFTY27JAN2624500PE,0.1386501003032943
08-01-2026 12:05||NIFTY27JAN2624900PE,0.1198619337104302
08-01-2026 12:05||NIFTY27JAN2625300CE,0.13661089277703
08-01-2026 12:05||NIFTY27JAN2625800CE,0.1100050634754222
08-01-2026 12:05||NIFTY27JAN2625900CE,0.1073606254936062
08-01-2026 12:05||NIFTY27JAN2626400CE,0.0976495183937096
08-01-2026 12:10||NIFTY27JAN2624000PE,0.1702766564272788
08-01-2026 12:10||NIFTY27JAN2624400PE,0.1455235184339535
08-01-2026 12:15||NIFTY27JAN2624100PE,0.166709742718067
08-01-2026 12:15||NIFTY27JAN2624400PE,0.1495368979415662
08-01-2026 12:15||NIFTY27JAN2625200CE,0.1287564382435139
08-01-2026 12:15||NIFTY27JAN2625400CE,0.1174038857884236
08-01-2026 12:15||NIFTY27JAN2625500CE,0.1125524382435139
08-01-2026 12:15||NIFTY27JAN2625700CE,0.1043903694168076
08-01-2026 12:20||NIFTY27JAN2624800PE,0.1280664722557735
08-01-2026 12:20||NIFTY27JAN2625800CE,0.1043363289682207
08-01-2026 12:20||NIFTY27JAN2626300CE,0.0952135350073855
08-01-2026 12:25||NIFTY27JAN2624100PE,0.1678550975429137
08-01-2026 12:25||NIFTY27JAN2624400PE,0.1526369407667965
08-01-2026 12:25||NIFTY27JAN2624900PE,0.1232929699976396
08-01-2026 12:25||NIFTY27JAN2625700CE,0.1064156156567255
08-01-2026 12:25||NIFTY27JAN2626000CE,0.0992275953463096
08-01-2026 12:30||NIFTY27JAN2624200PE,0.1646308106753972
08-01-2026 12:30||NIFTY27JAN2624300PE,0.1572408650710489
08-01-2026 12:30||NIFTY27JAN2625100PE,0.1154149852216748
08-01-2026 12:30||NIFTY27JAN2625700CE,0.1012183597177696
08-01-2026 12:30||NIFTY27JAN2626000CE,0.0962312749400382
08-01-2026 12:35||NIFTY27JAN2624800PE,0.1267253584720655
08-01-2026 12:35||NIFTY27JAN2625000PE,0.1169800202839756
08-01-2026 12:35||NIFTY27JAN2625400CE,0.1288910718837162
08-01-2026 12:35||NIFTY27JAN2625500CE,0.1224964319566377
08-01-2026 12:35||NIFTY27JAN2625800CE,0.1070477788230157
08-01-2026 12:35||NIFTY27JAN2626100CE,0.1001931184761801
08-01-2026 12:35||NIFTY27JAN2626200CE,0.0982855933289991
08-01-2026 12:40||NIFTY27JAN2624100PE,0.1670091921320813
08-01-2026 12:40||NIFTY27JAN2624400PE,0.1517505213667641
08-01-2026 12:40||NIFTY27JAN2624800PE,0.1265387258924299
08-01-2026 12:40||NIFTY27JAN2625000PE,0.1171464275090533
08-01-2026 12:40||NIFTY27JAN2625200CE,0.137866877217885
08-01-2026 12:40||NIFTY27JAN2626000CE,0.1013418031970173
08-01-2026 12:45||NIFTY27JAN2624400PE,0.1520250730257935
08-01-2026 12:45||NIFTY27JAN2624600PE,0.1381677098369892
08-01-2026 12:45||NIFTY27JAN2625000PE,0.1179545081821415
08-01-2026 12:45||NIFTY27JAN2625300CE,0.1236394660130448
08-01-2026 12:45||NIFTY27JAN2625800CE,0.1037367464593596
08-01-2026 12:45||NIFTY27JAN2626200CE,0.0962223585295332
08-01-2026 12:45||NIFTY27JAN2626300CE,0.0945728459314333
08-01-2026 12:50||NIFTY27JAN2623800PE,0.1737055462184874
08-01-2026 12:50||NIFTY27JAN2624900PE,0.1223264370421057
08-01-2026 12:50||NIFTY27JAN2625600CE,0.1168195415647921
08-01-2026 12:50||NIFTY27JAN2626300CE,0.0970361541072641
08-01-2026 12:50||NIFTY27JAN2626400CE,0.095970577053632
08-01-2026 12:55||NIFTY27JAN2624200PE,0.162460451647947
08-01-2026 12:55||NIFTY27JAN2624300PE,0.1562717053197171
08-01-2026 12:55||NIFTY27JAN2624400PE,0.1500771063316286
08-01-2026 12:55||NIFTY27JAN2626100CE,0.098928653112557
08-01-2026 13:00||NIFTY27JAN2624200PE,0.1625283910527196
08-01-2026 13:00||NIFTY27JAN2624500PE,0.1435379272900948
08-01-2026 13:00||NIFTY27JAN2624600PE,0.137588632135651
08-01-2026 13:00||NIFTY27JAN2624700PE,0.1319025209133817
08-01-2026 13:00||NIFTY27JAN2625000PE,0.1166861527332661
08-01-2026 13:00||NIFTY27JAN2625100PE,0.1110359163995971
08-01-2026 13:00||NIFTY27JAN2625400CE,0.1343724077717658
08-01-2026 13:00||NIFTY27JAN2625800CE,0.1102087272727272
08-01-2026 13:05||NIFTY27JAN2623800PE,0.1806259709618875
08-01-2026 13:05||NIFTY27JAN2624600PE,0.1382029948328267
08-01-2026 13:05||NIFTY27JAN2625700CE,0.1056148987691117
08-01-2026 13:05||NIFTY27JAN2625800CE,0.1038229633327615
08-01-2026 13:05||NIFTY27JAN2626000CE,0.1001607800183674
08-01-2026 13:05||NIFTY27JAN2626100CE,0.0980869902686428
08-01-2026 13:05||NIFTY27JAN2626200CE,0.0961648105097344
08-01-2026 13:05||NIFTY27JAN2626300CE,0.0946104205005507
08-01-2026 13:10||NIFTY27JAN2624100PE,0.1684243218603958
08-01-2026 13:10||NIFTY27JAN2624900PE,0.1218016445466357
08-01-2026 13:10||NIFTY27JAN2625400CE,0.1230006940184479
08-01-2026 13:10||NIFTY27JAN2625700CE,0.1069844877588732
08-01-2026 13:10||NIFTY27JAN2625800CE,0.1055521237143344
08-01-2026 13:10||NIFTY27JAN2626100CE,0.0989064691217553
08-01-2026 13:10||NIFTY27JAN2626200CE,0.097227881571156
08-01-2026 13:15||NIFTY27JAN2624300PE,0.1579870435558839
08-01-2026 13:15||NIFTY27JAN2625000PE,0.116734235108996
08-01-2026 13:15||NIFTY27JAN2625900CE,0.1005397655917836
08-01-2026 13:15||NIFTY27JAN2626300CE,0.0940830553370464
08-01-2026 13:20||NIFTY27JAN2623800PE,0.1836316527879294
08-01-2026 13:20||NIFTY27JAN2624000PE,0.1738938842626431
08-01-2026 13:20||NIFTY27JAN2624400PE,0.150856874231272
08-01-2026 13:20||NIFTY27JAN2625000PE,0.1164660061059157
08-01-2026 13:20||NIFTY27JAN2625300CE,0.1321865297964154
08-01-2026 13:20||NIFTY27JAN2625400CE,0.1239063929261641
08-01-2026 13:20||NIFTY27JAN2626200CE,0.0962042472156845
08-01-2026 13:25||NIFTY27JAN2624600PE,0.1386722872288384
08-01-2026 13:25||NIFTY27JAN2624900PE,0.1241128976186626
08-01-2026 13:25||NIFTY27JAN2625400CE,0.1105210169570142
08-01-2026 13:25||NIFTY27JAN2625500CE,0.1070678202863956
08-01-2026 13:25||NIFTY27JAN2625900CE,0.098051716715766
08-01-2026 13:25||NIFTY27JAN2626000CE,0.0967904025880009
08-01-2026 13:25||NIFTY27JAN2626100CE,0.0956238871662353
08-01-2026 13:30||NIFTY27JAN2624300PE,0.1554084197534782
08-01-2026 13:30||NIFTY27JAN2624400PE,0.1488716064895787
08-01-2026 13:30||NIFTY27JAN2625600CE,0.1164277699515359
08-01-2026 13:30||NIFTY27JAN2625700CE,0.1117891313363502
08-01-2026 13:30||NIFTY27JAN2626100CE,0.1008658292214741
08-01-2026 13:30||NIFTY27JAN2626500CE,0.0949766189111747
08-01-2026 13:35||NIFTY27JAN2624600PE,0.137161950176357
08-01-2026 13:35||NIFTY27JAN2624700PE,0.131670766408415
08-01-2026 13:35||NIFTY27JAN2624800PE,0.1263096075522947
08-01-2026 13:35||NIFTY27JAN2624900PE,0.1209916324641162
08-01-2026 13:40||NIFTY27JAN2624100PE,0.1685986720323214
08-01-2026 13:40||NIFTY27JAN2624800PE,0.1248056794947067
08-01-2026 13:40||NIFTY27JAN2624900PE,0.1199860885952796
08-01-2026 13:40||NIFTY27JAN2625300CE,0.1260429804261444
08-01-2026 13:40||NIFTY27JAN2625600CE,0.1132191911715506
08-01-2026 13:40||NIFTY27JAN2625700CE,0.1084653364885895
08-01-2026 13:40||NIFTY27JAN2626000CE,0.1011852713043919
08-01-2026 13:40||NIFTY27JAN2626200CE,0.097162669587183
08-01-2026 13:40||NIFTY27JAN2626300CE,0.0954199323845453
08-01-2026 13:45||NIFTY27JAN2624600PE,0.1365477278502475
08-01-2026 13:45||NIFTY27JAN2624700PE,0.1308246659303401
08-01-2026 13:45||NIFTY27JAN2625100PE,0.1104678727445394
08-01-2026 13:45||NIFTY27JAN2625600CE,0.113068622243287
08-01-2026 13:45||NIFTY27JAN2625700CE,0.1089052423032424
08-01-2026 13:50||NIFTY27JAN2624600PE,0.1351357943300142
08-01-2026 13:50||NIFTY27JAN2625500CE,0.1168718254959275
08-01-2026 13:55||NIFTY27JAN2624200PE,0.1618549247542512
08-01-2026 13:55||NIFTY27JAN2624600PE,0.135376860602225
08-01-2026 13:55||NIFTY27JAN2625000PE,0.1139808818312394
08-01-2026 13:55||NIFTY27JAN2625200CE,0.139423456686291
08-01-2026 13:55||NIFTY27JAN2625700CE,0.1061462441843752
08-01-2026 14:00||NIFTY27JAN2623800PE,0.1867880548628429
08-01-2026 14:00||NIFTY27JAN2623900PE,0.1800830091438071
08-01-2026 14:00||NIFTY27JAN2625300CE,0.109477037037037
08-01-2026 14:00||NIFTY27JAN2625400CE,0.1103896296296296
08-01-2026 14:00||NIFTY27JAN2625900CE,0.0983801419454546
08-01-2026 14:00||NIFTY27JAN2626000CE,0.0963221562311856
08-01-2026 14:00||NIFTY27JAN2626100CE,0.0945760960183493
08-01-2026 14:00||NIFTY27JAN2626200CE,0.093142014468102
08-01-2026 14:00||NIFTY27JAN2626300CE,0.0920199647416001
08-01-2026 14:05||NIFTY27JAN2623900PE,0.17868949080387
08-01-2026 14:05||NIFTY27JAN2624500PE,0.1423458927356167
08-01-2026 14:05||NIFTY27JAN2625300CE,0.11367375
08-01-2026 14:05||NIFTY27JAN2626000CE,0.0961911958246966
08-01-2026 14:05||NIFTY27JAN2626200CE,0.0931459593405892
08-01-2026 14:05||NIFTY27JAN2626300CE,0.0917733130036279
08-01-2026 14:05||NIFTY27JAN2626500CE,0.0893439593405891
08-01-2026 14:10||NIFTY27JAN2624800PE,0.1241363884848637
08-01-2026 14:10||NIFTY27JAN2625000PE,0.1141000788954635
08-01-2026 14:10||NIFTY27JAN2625200CE,0.1149441291585127
08-01-2026 14:10||NIFTY27JAN2625300CE,0.1186290215264188
08-01-2026 14:10||NIFTY27JAN2625700CE,0.1096188402391259
08-01-2026 14:15||NIFTY27JAN2623800PE,0.1832294265232975
08-01-2026 14:15||NIFTY27JAN2624200PE,0.1603264897950193
08-01-2026 14:15||NIFTY27JAN2624300PE,0.153730561199585
08-01-2026 14:15||NIFTY27JAN2625000PE,0.1130618339572009
08-01-2026 14:15||NIFTY27JAN2625200CE,0.14128
08-01-2026 14:15||NIFTY27JAN2625600CE,0.1163176004360012
08-01-2026 14:15||NIFTY27JAN2626100CE,0.0970683175826213
08-01-2026 14:15||NIFTY27JAN2626400CE,0.0920938713456427
08-01-2026 14:20||NIFTY27JAN2624500PE,0.1406819037656338
08-01-2026 14:20||NIFTY27JAN2625000PE,0.1130747433493088
08-01-2026 14:20||NIFTY27JAN2625700CE,0.104063308497796
08-01-2026 14:20||NIFTY27JAN2626400CE,0.0893991836215666
08-01-2026 14:25||NIFTY27JAN2624600PE,0.1360337025220505
08-01-2026 14:25||NIFTY27JAN2624800PE,0.1243183343299876
08-01-2026 14:25||NIFTY27JAN2625200CE,0.0853299999999999
08-01-2026 14:25||NIFTY27JAN2625600CE,0.1033627902935361
08-01-2026 14:25||NIFTY27JAN2625900CE,0.0976857346878406
08-01-2026 14:25||NIFTY27JAN2626000CE,0.095785447372415
08-01-2026 14:30||NIFTY27JAN2624500PE,0.1400479059270314
08-01-2026 14:30||NIFTY27JAN2626200CE,0.098109254317621
08-01-2026 14:30||NIFTY27JAN2626400CE,0.0946077629528632
08-01-2026 14:30||NIFTY27JAN2626500CE,0.0943580690819374
08-01-2026 14:35||NIFTY27JAN2624200PE,0.1603672795927309
08-01-2026 14:35||NIFTY27JAN2624800PE,0.1234064728326452
08-01-2026 14:35||NIFTY27JAN2625100PE,0.108982360585134
08-01-2026 14:35||NIFTY27JAN2626100CE,0.0952385181461877
08-01-2026 14:40||NIFTY27JAN2624200PE,0.1596129507217409
08-01-2026 14:40||NIFTY27JAN2624600PE,0.1346924159276053
08-01-2026 14:40||NIFTY27JAN2625000PE,0.1126787037037037
08-01-2026 14:40||NIFTY27JAN2625300CE,0.1198732150447825
08-01-2026 14:40||NIFTY27JAN2625400CE,0.1157712401194199
08-01-2026 14:40||NIFTY27JAN2625500CE,0.1120536451343474
08-01-2026 14:40||NIFTY27JAN2626200CE,0.0926868719423814
08-01-2026 14:40||NIFTY27JAN2626300CE,0.0909787977248614
08-01-2026 14:45||NIFTY27JAN2624000PE,0.1699141532965903
08-01-2026 14:45||NIFTY27JAN2624700PE,0.1282756304437282
08-01-2026 14:45||NIFTY27JAN2625000PE,0.1122158735123722
08-01-2026 14:45||NIFTY27JAN2625300CE,0.1227453473678953
08-01-2026 14:45||NIFTY27JAN2625700CE,0.1057864594468219
08-01-2026 14:50||NIFTY27JAN2624100PE,0.1661132841089263
08-01-2026 14:50||NIFTY27JAN2624300PE,0.153362616039945
08-01-2026 14:50||NIFTY27JAN2625100PE,0.1104522003929273
08-01-2026 14:50||NIFTY27JAN2625400CE,0.1146909266232495
08-01-2026 14:50||NIFTY27JAN2625500CE,0.1086976962749511
08-01-2026 14:50||NIFTY27JAN2626000CE,0.093509112428913
08-01-2026 14:50||NIFTY27JAN2626200CE,0.0903962069076442
08-01-2026 14:55||NIFTY27JAN2626300CE,0.0907095539304361
08-01-2026 15:00||NIFTY27JAN2623900PE,0.1740527092042537
08-01-2026 15:00||NIFTY27JAN2624000PE,0.1679020850751741
08-01-2026 15:00||NIFTY27JAN2624900PE,0.1181796833000457
08-01-2026 15:00||NIFTY27JAN2625100PE,0.1073290499001373
08-01-2026 15:00||NIFTY27JAN2625200CE,0.1385533260393873
08-01-2026 15:00||NIFTY27JAN2625600CE,0.0983926427685466
08-01-2026 15:00||NIFTY27JAN2625700CE,0.0959560199333122
08-01-2026 15:00||NIFTY27JAN2626300CE,0.0885144553077367
08-01-2026 15:00||NIFTY27JAN2626400CE,0.0880355609872016
08-01-2026 15:05||NIFTY27JAN2624400PE,0.1431053351734452
08-01-2026 15:05||NIFTY27JAN2624800PE,0.1196433093221562
08-01-2026 15:05||NIFTY27JAN2624900PE,0.1148133387502452
08-01-2026 15:05||NIFTY27JAN2626000CE,0.0982665608659984
08-01-2026 15:05||NIFTY27JAN2626100CE,0.0964822870626639
08-01-2026 15:05||NIFTY27JAN2626200CE,0.0948793697279975
08-01-2026 15:10||NIFTY27JAN2624000PE,0.1668025672936313
08-01-2026 15:10||NIFTY27JAN2624200PE,0.1553808146026941
08-01-2026 15:10||NIFTY27JAN2624600PE,0.1309694895262395
08-01-2026 15:10||NIFTY27JAN2625100PE,0.1061540194174757
08-01-2026 15:10||NIFTY27JAN2625700CE,0.1038660099482053
08-01-2026 15:10||NIFTY27JAN2626100CE,0.0948374140148599
08-01-2026 15:10||NIFTY27JAN2626300CE,0.092217617481203
08-01-2026 15:10||NIFTY27JAN2626500CE,0.090227852443609
08-01-2026 15:15||NIFTY27JAN2624800PE,0.1199867575055109
08-01-2026 15:15||NIFTY27JAN2625100PE,0.1057155123185826
08-01-2026 15:15||NIFTY27JAN2625500CE,0.1101221246050735
08-01-2026 15:15||NIFTY27JAN2626100CE,0.0941395304085737
08-01-2026 15:20||NIFTY27JAN2624000PE,0.1670077909370424
08-01-2026 15:20||NIFTY27JAN2624500PE,0.1367657527293321
08-01-2026 15:20||NIFTY27JAN2624800PE,0.1203360326480419
08-01-2026 15:20||NIFTY27JAN2625000PE,0.1111828871918542
08-01-2026 15:20||NIFTY27JAN2625600CE,0.1041581968660818
08-01-2026 15:20||NIFTY27JAN2626100CE,0.0927360499690634
08-01-2026 15:20||NIFTY27JAN2626400CE,0.0900459988729219
08-01-2026 15:20||NIFTY27JAN2626500CE,0.0905559932375317
08-01-2026 15:25||NIFTY27JAN2623800PE,0.1807635616507552
08-01-2026 15:25||NIFTY27JAN2624100PE,0.1590089931482053
08-01-2026 15:25||NIFTY27JAN2624300PE,0.1492277915038182
08-01-2026 15:25||NIFTY27JAN2624600PE,0.1306654419955231
08-01-2026 15:25||NIFTY27JAN2625100PE,0.1100638860630722
08-01-2026 15:25||NIFTY27JAN2625800CE,0.0956954270567964
08-01-2026 15:25||NIFTY27JAN2626100CE,0.0924014408717921
09-01-2026 09:15||NIFTY27JAN2624400PE,0.1453036006353111
09-01-2026 09:15||NIFTY27JAN2625000PE,0.1121337989556136
09-01-2026 09:15||NIFTY27JAN2625400CE,0.1222656869723017
09-01-2026 09:15||NIFTY27JAN2625500CE,0.1192608272359802
09-01-2026 09:15||NIFTY27JAN2625800CE,0.1071084740097775
09-01-2026 09:15||NIFTY27JAN2626300CE,0.0939642724776938
09-01-2026 09:20||NIFTY27JAN2624100PE,0.1640211002700005
09-01-2026 09:20||NIFTY27JAN2624200PE,0.157738946347207
09-01-2026 09:20||NIFTY27JAN2624800PE,0.1243834807180851
09-01-2026 09:20||NIFTY27JAN2625000PE,0.11553109375
09-01-2026 09:20||NIFTY27JAN2625300CE,0.1078327938169132
09-01-2026 09:25||NIFTY27JAN2624100PE,0.1608835088842232
09-01-2026 09:25||NIFTY27JAN2625000PE,0.11175804238921
09-01-2026 09:25||NIFTY27JAN2625400CE,0.1187272827704009
09-01-2026 09:25||NIFTY27JAN2626100CE,0.0944456056411574
09-01-2026 09:30||NIFTY27JAN2624300PE,0.1493518942810535
09-01-2026 09:30||NIFTY27JAN2624500PE,0.1370269637732536
09-01-2026 09:30||NIFTY27JAN2624600PE,0.1311112596644046
09-01-2026 09:30||NIFTY27JAN2625300CE,0.1149174898189065
09-01-2026 09:30||NIFTY27JAN2625400CE,0.112449979637813
09-01-2026 09:30||NIFTY27JAN2626100CE,0.0933425888938417
09-01-2026 09:30||NIFTY27JAN2626400CE,0.090511168590272
09-01-2026 09:35||NIFTY27JAN2624800PE,0.1195449225218629
09-01-2026 09:35||NIFTY27JAN2626000CE,0.0978657354497465
09-01-2026 09:35||NIFTY27JAN2626200CE,0.0945628751817965
09-01-2026 09:40||NIFTY27JAN2625500CE,0.1336636536104171
09-01-2026 09:40||NIFTY27JAN2625600CE,0.1285515826168903
09-01-2026 09:40||NIFTY27JAN2625700CE,0.1242962203149184
09-01-2026 09:40||NIFTY27JAN2625900CE,0.1143473864268175
09-01-2026 09:45||NIFTY27JAN2624000PE,0.164790305228597
09-01-2026 09:45||NIFTY27JAN2624300PE,0.1472185545917046
09-01-2026 09:45||NIFTY27JAN2624400PE,0.1410638471513237
09-01-2026 09:45||NIFTY27JAN2624700PE,0.1238403348721889
09-01-2026 09:45||NIFTY27JAN2624900PE,0.1135049075873402
09-01-2026 09:45||NIFTY27JAN2625600CE,0.122974769618249
09-01-2026 09:45||NIFTY27JAN2625900CE,0.1076348392887195
09-01-2026 09:50||NIFTY27JAN2624100PE,0.1600279459716077
09-01-2026 09:50||NIFTY27JAN2624400PE,0.1423601953075224
09-01-2026 09:50||NIFTY27JAN2624600PE,0.130048388010718
09-01-2026 09:50||NIFTY27JAN2624700PE,0.1246218149118869
09-01-2026 09:50||NIFTY27JAN2624900PE,0.1146188476621036
09-01-2026 09:50||NIFTY27JAN2625300CE,0.1364940900195695
09-01-2026 09:50||NIFTY27JAN2625600CE,0.1201946622471044
09-01-2026 09:50||NIFTY27JAN2626000CE,0.1029245245801058
09-01-2026 09:50||NIFTY27JAN2626100CE,0.1002800269959352
09-01-2026 09:50||NIFTY27JAN2626400CE,0.0946517744860943
09-01-2026 09:55||NIFTY27JAN2623800PE,0.1735850474547023
09-01-2026 09:55||NIFTY27JAN2624800PE,0.1201436288005946
09-01-2026 09:55||NIFTY27JAN2624900PE,0.1152134478227508
09-01-2026 09:55||NIFTY27JAN2625000PE,0.1107965429335315
09-01-2026 09:55||NIFTY27JAN2625200CE,0.1271667857142857
09-01-2026 10:00||NIFTY27JAN2624100PE,0.1629971314215879
09-01-2026 10:00||NIFTY27JAN2624300PE,0.1496225113061394
09-01-2026 10:00||NIFTY27JAN2625100PE,0.1097702811244979
09-01-2026 10:00||NIFTY27JAN2625500CE,0.1062450279542813
09-01-2026 10:00||NIFTY27JAN2626100CE,0.0928855341314297
09-01-2026 10:05||NIFTY27JAN2624500PE,0.1362741492530332
09-01-2026 10:05||NIFTY27JAN2624800PE,0.1192738308094661
09-01-2026 10:05||NIFTY27JAN2625600CE,0.1207581831874788
09-01-2026 10:05||NIFTY27JAN2626100CE,0.0992249744900403
09-01-2026 10:10||NIFTY27JAN2624400PE,0.1434954935760376
09-01-2026 10:10||NIFTY27JAN2626300CE,0.0911286998146203
09-01-2026 10:10||NIFTY27JAN2626400CE,0.0904551832406435
09-01-2026 10:15||NIFTY27JAN2625100PE,0.1092949152542372
09-01-2026 10:15||NIFTY27JAN2625600CE,0.1084715908812881
09-01-2026 10:15||NIFTY27JAN2626200CE,0.0922682068681883
09-01-2026 10:15||NIFTY27JAN2626300CE,0.0907991034340941
09-01-2026 10:20||NIFTY27JAN2623900PE,0.1735989168817157
09-01-2026 10:20||NIFTY27JAN2624000PE,0.1676228337634314
09-01-2026 10:20||NIFTY27JAN2625200CE,0.1423029595015575
09-01-2026 10:20||NIFTY27JAN2625700CE,0.1129084954019808
09-01-2026 10:25||NIFTY27JAN2624200PE,0.1553923406516386
09-01-2026 10:25||NIFTY27JAN2625000PE,0.109327613669273
09-01-2026 10:25||NIFTY27JAN2625600CE,0.1205489711199867
09-01-2026 10:25||NIFTY27JAN2626200CE,0.0970771373712942
09-01-2026 10:25||NIFTY27JAN2626500CE,0.0917070763869266
09-01-2026 10:30||NIFTY27JAN2624300PE,0.1497485802675778
09-01-2026 10:30||NIFTY27JAN2624900PE,0.1172568674361452
09-01-2026 10:35||NIFTY27JAN2624300PE,0.1492359478070294
09-01-2026 10:35||NIFTY27JAN2624800PE,0.1197449221365013
09-01-2026 10:35||NIFTY27JAN2626300CE,0.0913805774748924
09-01-2026 10:40||NIFTY27JAN2624000PE,0.1662200379470809
09-01-2026 10:40||NIFTY27JAN2624700PE,0.1249299992908389
09-01-2026 10:40||NIFTY27JAN2625000PE,0.1093271216048006
09-01-2026 10:40||NIFTY27JAN2625500CE,0.1162039189610703
09-01-2026 10:40||NIFTY27JAN2626000CE,0.097302505754651
09-01-2026 10:40||NIFTY27JAN2626100CE,0.0956963423627841
09-01-2026 10:40||NIFTY27JAN2626400CE,0.0907894630872483
09-01-2026 10:40||NIFTY27JAN2626500CE,0.0890567785234899
09-01-2026 10:45||NIFTY27JAN2624400PE,0.1424186898588664
09-01-2026 10:45||NIFTY27JAN2625000PE,0.1094684411802709
09-01-2026 10:45||NIFTY27JAN2625200CE,0.1342729856965491
09-01-2026 10:45||NIFTY27JAN2625400CE,0.1202964928482745
09-01-2026 10:45||NIFTY27JAN2625500CE,0.1143379856965491
09-01-2026 10:45||NIFTY27JAN2626300CE,0.090602189150264
09-01-2026 10:50||NIFTY27JAN2624100PE,0.1614469182208137
09-01-2026 10:50||NIFTY27JAN2625800CE,0.0950754168396659
09-01-2026 10:50||NIFTY27JAN2625900CE,0.0929667091665441
09-01-2026 10:50||NIFTY27JAN2626000CE,0.0912546469101503
09-01-2026 10:50||NIFTY27JAN2626400CE,0.0883389855072464
09-01-2026 10:50||NIFTY27JAN2626500CE,0.0885439130434783
09-01-2026 10:55||NIFTY27JAN2623800PE,0.1720333854645813
09-01-2026 10:55||NIFTY27JAN2624700PE,0.124058094999646
09-01-2026 10:55||NIFTY27JAN2624900PE,0.114516903831345
09-01-2026 10:55||NIFTY27JAN2626300CE,0.0911397556390977
09-01-2026 11:00||NIFTY27JAN2624900PE,0.1133589621127977
09-01-2026 11:00||NIFTY27JAN2625000PE,0.1086644810563988
09-01-2026 11:00||NIFTY27JAN2625200CE,0.1754823512747875
09-01-2026 11:00||NIFTY27JAN2625700CE,0.1025371759788121
09-01-2026 11:00||NIFTY27JAN2625800CE,0.0992027184711515
09-01-2026 11:05||NIFTY27JAN2624000PE,0.1632562455952434
09-01-2026 11:05||NIFTY27JAN2624400PE,0.1380153637350152
09-01-2026 11:05||NIFTY27JAN2625100PE,0.1063035538954109
09-01-2026 11:05||NIFTY27JAN2625300CE,0.1248792170941076
09-01-2026 11:05||NIFTY27JAN2625500CE,0.1133636702515713
09-01-2026 11:05||NIFTY27JAN2625700CE,0.1056017777095696
09-01-2026 11:10||NIFTY27JAN2623900PE,0.170411572769953
09-01-2026 11:10||NIFTY27JAN2624700PE,0.1236739363244876
09-01-2026 11:10||NIFTY27JAN2625100PE,0.1083076036866359
09-01-2026 11:10||NIFTY27JAN2625200CE,0.1192683260101662
09-01-2026 11:10||NIFTY27JAN2625500CE,0.1065529108616324
09-01-2026 11:10||NIFTY27JAN2625800CE,0.0946743064916611
09-01-2026 11:15||NIFTY27JAN2624200PE,0.1521552096580123
09-01-2026 11:15||NIFTY27JAN2624600PE,0.1279503443404514
09-01-2026 11:15||NIFTY27JAN2625700CE,0.1019174208063677
09-01-2026 11:15||NIFTY27JAN2626400CE,0.0915562499999999
09-01-2026 11:20||NIFTY27JAN2625200CE,0.132134375
09-01-2026 11:20||NIFTY27JAN2625500CE,0.1100042271917976
09-01-2026 11:25||NIFTY27JAN2624600PE,0.1273566437182957
09-01-2026 11:25||NIFTY27JAN2625100PE,0.1046308975712777
09-01-2026 11:25||NIFTY27JAN2625600CE,0.1098634006520717
09-01-2026 11:30||NIFTY27JAN2624000PE,0.162807717049348
09-01-2026 11:30||NIFTY27JAN2624100PE,0.1573537943887752
09-01-2026 11:30||NIFTY27JAN2624500PE,0.1340667216898506
09-01-2026 11:30||NIFTY27JAN2624600PE,0.1283362433797011
09-01-2026 11:30||NIFTY27JAN2624900PE,0.1132272394968783
09-01-2026 11:30||NIFTY27JAN2625000PE,0.1086569530817725
09-01-2026 11:30||NIFTY27JAN2625300CE,0.1233637275449101
09-01-2026 11:30||NIFTY27JAN2626200CE,0.0901087720312554
09-01-2026 11:35||NIFTY27JAN2624100PE,0.1575347992980793
09-01-2026 11:35||NIFTY27JAN2624600PE,0.1275316219730252
09-01-2026 11:35||NIFTY27JAN2625200CE,0.1199254814814814
09-01-2026 11:35||NIFTY27JAN2625300CE,0.1162375802469135
09-01-2026 11:35||NIFTY27JAN2625700CE,0.1009298319852704
09-01-2026 11:35||NIFTY27JAN2625800CE,0.0979820930817253
09-01-2026 11:40||NIFTY27JAN2624600PE,0.127454541624818
09-01-2026 11:40||NIFTY27JAN2624700PE,0.1224835818340496
09-01-2026 11:40||NIFTY27JAN2625000PE,0.108403850416512
09-01-2026 11:40||NIFTY27JAN2625300CE,0.1178883011130638
09-01-2026 11:40||NIFTY27JAN2625800CE,0.0978988730622849
09-01-2026 11:40||NIFTY27JAN2625900CE,0.0964317718771067
09-01-2026 11:45||NIFTY27JAN2625900CE,0.0970406677604176
09-01-2026 11:45||NIFTY27JAN2626000CE,0.0950726556528485
09-01-2026 11:45||NIFTY27JAN2626200CE,0.0932790812093803
09-01-2026 11:45||NIFTY27JAN2626500CE,0.0921467530224525
09-01-2026 11:50||NIFTY27JAN2625000PE,0.1083428693626844
09-01-2026 11:50||NIFTY27JAN2625200CE,0.1186162089212426
09-01-2026 11:50||NIFTY27JAN2625400CE,0.1125531044606213
09-01-2026 11:50||NIFTY27JAN2625500CE,0.1094812089212426
09-01-2026 11:50||NIFTY27JAN2626000CE,0.0963771850261507
09-01-2026 11:50||NIFTY27JAN2626500CE,0.0931610752688172
09-01-2026 11:55||NIFTY27JAN2624200PE,0.1515554646619381
09-01-2026 11:55||NIFTY27JAN2624300PE,0.1441257758711318
09-01-2026 11:55||NIFTY27JAN2624500PE,0.1324493031757942
09-01-2026 11:55||NIFTY27JAN2624900PE,0.1137239230265955
09-01-2026 11:55||NIFTY27JAN2625400CE,0.114500487619923
09-01-2026 11:55||NIFTY27JAN2625600CE,0.1060473160441841
09-01-2026 11:55||NIFTY27JAN2625800CE,0.1000403222694253
09-01-2026 11:55||NIFTY27JAN2626300CE,0.0936231950207469
09-01-2026 12:00||NIFTY27JAN2623800PE,0.1717543396226415
09-01-2026 12:00||NIFTY27JAN2624400PE,0.1377618382070363
09-01-2026 12:00||NIFTY27JAN2624800PE,0.1151362137546664
09-01-2026 12:00||NIFTY27JAN2625600CE,0.1120651364869115
09-01-2026 12:00||NIFTY27JAN2625800CE,0.1035534873558543
09-01-2026 12:00||NIFTY27JAN2626300CE,0.0951345569620253
09-01-2026 12:05||NIFTY27JAN2624600PE,0.1272761866415149
09-01-2026 12:05||NIFTY27JAN2625500CE,0.108038144815871
09-01-2026 12:05||NIFTY27JAN2626000CE,0.0951788213341987
09-01-2026 12:05||NIFTY27JAN2626500CE,0.093234
09-01-2026 12:10||NIFTY27JAN2624200PE,0.1521931403934061
09-01-2026 12:10||NIFTY27JAN2624300PE,0.1450970608130696
09-01-2026 12:10||NIFTY27JAN2625500CE,0.1055579411106135
09-01-2026 12:10||NIFTY27JAN2625900CE,0.0963285222131026
09-01-2026 12:10||NIFTY27JAN2626300CE,0.0933327804377565
09-01-2026 12:15||NIFTY27JAN2623800PE,0.1749529587628866
09-01-2026 12:15||NIFTY27JAN2624100PE,0.1570417095866924
09-01-2026 12:15||NIFTY27JAN2624200PE,0.1500997049459565
09-01-2026 12:15||NIFTY27JAN2624300PE,0.1433478478322423
09-01-2026 12:15||NIFTY27JAN2625400CE,0.1100449761168045
09-01-2026 12:15||NIFTY27JAN2625500CE,0.1066234567541725
09-01-2026 12:15||NIFTY27JAN2625800CE,0.0993811757832527
09-01-2026 12:15||NIFTY27JAN2625900CE,0.0973468445234287
09-01-2026 12:15||NIFTY27JAN2626200CE,0.0936557935425193
09-01-2026 12:15||NIFTY27JAN2626300CE,0.0928847612551159
09-01-2026 12:15||NIFTY27JAN2626400CE,0.0919642837653478
09-01-2026 12:15||NIFTY27JAN2626500CE,0.0906617417007729
09-01-2026 12:20||NIFTY27JAN2624000PE,0.1631015676456076
09-01-2026 12:20||NIFTY27JAN2624700PE,0.1206714215946146
09-01-2026 12:20||NIFTY27JAN2624800PE,0.1159924776695382
09-01-2026 12:20||NIFTY27JAN2625000PE,0.1074360915124934
09-01-2026 12:25||NIFTY27JAN2624200PE,0.150113117748737
09-01-2026 12:25||NIFTY27JAN2624400PE,0.1382720621791634
09-01-2026 12:25||NIFTY27JAN2624600PE,0.1266539957602759
09-01-2026 12:25||NIFTY27JAN2625000PE,0.108587476635514
09-01-2026 12:30||NIFTY27JAN2623800PE,0.163584489571899
09-01-2026 12:30||NIFTY27JAN2624400PE,0.1381087599651849
09-01-2026 12:30||NIFTY27JAN2624900PE,0.1127054000093343
09-01-2026 12:30||NIFTY27JAN2626400CE,0.0945770833333333
09-01-2026 12:35||NIFTY27JAN2624100PE,0.1595206170188949
09-01-2026 12:35||NIFTY27JAN2624300PE,0.1460122219186417
09-01-2026 12:35||NIFTY27JAN2624700PE,0.1238974330403897
09-01-2026 12:35||NIFTY27JAN2624900PE,0.115833816217895
09-01-2026 12:35||NIFTY27JAN2625700CE,0.0977727622939939
09-01-2026 12:35||NIFTY27JAN2626400CE,0.0958809936771164
09-01-2026 12:40||NIFTY27JAN2624100PE,0.15876240154213
09-01-2026 12:40||NIFTY27JAN2625800CE,0.0992016037473078
09-01-2026 12:40||NIFTY27JAN2626100CE,0.0961325
09-01-2026 12:45||NIFTY27JAN2623900PE,0.1704945885699654
09-01-2026 12:45||NIFTY27JAN2624100PE,0.1587547048856584
09-01-2026 12:45||NIFTY27JAN2624200PE,0.1518792015134468
09-01-2026 12:45||NIFTY27JAN2625100PE,0.1083576960784313
09-01-2026 12:45||NIFTY27JAN2625300CE,0.1042004166666666
09-01-2026 12:45||NIFTY27JAN2625800CE,0.096851275510204
09-01-2026 12:45||NIFTY27JAN2625900CE,0.0958222448979592
09-01-2026 12:45||NIFTY27JAN2626000CE,0.0951320918367347
09-01-2026 12:45||NIFTY27JAN2626400CE,0.0983034674867622
09-01-2026 12:50||NIFTY27JAN2623800PE,0.1793603514817367
09-01-2026 12:50||NIFTY27JAN2624100PE,0.1555825324065472
09-01-2026 12:50||NIFTY27JAN2625300CE,0.1212980918089141
09-01-2026 12:50||NIFTY27JAN2625500CE,0.1110054489338796
09-01-2026 12:50||NIFTY27JAN2626200CE,0.0978964979757085
09-01-2026 12:55||NIFTY27JAN2624100PE,0.1577682678400655
09-01-2026 12:55||NIFTY27JAN2624500PE,0.132568998800653
09-01-2026 12:55||NIFTY27JAN2624800PE,0.117182100157465
09-01-2026 12:55||NIFTY27JAN2625600CE,0.1046467500627845
09-01-2026 12:55||NIFTY27JAN2625700CE,0.1020643810463304
09-01-2026 13:00||NIFTY27JAN2624200PE,0.1505098507516867
09-01-2026 13:00||NIFTY27JAN2624900PE,0.1138641997024041
09-01-2026 13:00||NIFTY27JAN2625200CE,0.1159299344262295
09-01-2026 13:00||NIFTY27JAN2625600CE,0.1038279909899112
09-01-2026 13:00||NIFTY27JAN2625800CE,0.0993885255839966
09-01-2026 13:00||NIFTY27JAN2626400CE,0.0981151076268385
09-01-2026 13:05||NIFTY27JAN2623900PE,0.1703369640191897
09-01-2026 13:05||NIFTY27JAN2624100PE,0.1584467368482274
09-01-2026 13:05||NIFTY27JAN2624300PE,0.1454532968382767
09-01-2026 13:05||NIFTY27JAN2624400PE,0.1392503515452213
09-01-2026 13:05||NIFTY27JAN2624700PE,0.1215444380179711
09-01-2026 13:05||NIFTY27JAN2624800PE,0.1165612427702175
09-01-2026 13:05||NIFTY27JAN2624900PE,0.1120028285134783
09-01-2026 13:05||NIFTY27JAN2625000PE,0.1080016095044927
09-01-2026 13:05||NIFTY27JAN2626000CE,0.0977019408427876
09-01-2026 13:05||NIFTY27JAN2626400CE,0.0988933333333333
09-01-2026 13:05||NIFTY27JAN2626500CE,0.09971
09-01-2026 13:10||NIFTY27JAN2624000PE,0.1636448742842211
09-01-2026 13:10||NIFTY27JAN2624100PE,0.1578876912641519
09-01-2026 13:10||NIFTY27JAN2624300PE,0.1456295655810237
09-01-2026 13:10||NIFTY27JAN2625200CE,0.1136938580931263
09-01-2026 13:10||NIFTY27JAN2625900CE,0.0992994906869068
09-01-2026 13:10||NIFTY27JAN2626100CE,0.09742162109375
09-01-2026 13:10||NIFTY27JAN2626400CE,0.0985089810924369
09-01-2026 13:15||NIFTY27JAN2624100PE,0.1586599284872321
09-01-2026 13:15||NIFTY27JAN2624400PE,0.1388288949823084
09-01-2026 13:15||NIFTY27JAN2625000PE,0.108402312243757
09-01-2026 13:15||NIFTY27JAN2625300CE,0.1159208588957055
09-01-2026 13:15||NIFTY27JAN2625700CE,0.1039724867485022
09-01-2026 13:15||NIFTY27JAN2625800CE,0.1016367032167095
09-01-2026 13:15||NIFTY27JAN2625900CE,0.099740068076562
09-01-2026 13:15||NIFTY27JAN2626100CE,0.0981321577833529
09-01-2026 13:15||NIFTY27JAN2626200CE,0.097761634447232
09-01-2026 13:20||NIFTY27JAN2624100PE,0.1588847931730731
09-01-2026 13:20||NIFTY27JAN2625000PE,0.108428596024636
09-01-2026 13:20||NIFTY27JAN2625200CE,0.1217915567567567
09-01-2026 13:20||NIFTY27JAN2625600CE,0.103740977901245
09-01-2026 13:25||NIFTY27JAN2624500PE,0.1332388565721553
09-01-2026 13:25||NIFTY27JAN2625100PE,0.1075170387779083
09-01-2026 13:25||NIFTY27JAN2625300CE,0.1172805913994283
09-01-2026 13:25||NIFTY27JAN2626200CE,0.0970452093023255
09-01-2026 13:30||NIFTY27JAN2624300PE,0.1467911766978989
09-01-2026 13:30||NIFTY27JAN2624900PE,0.1153545960593091
09-01-2026 13:30||NIFTY27JAN2625900CE,0.0963115424868638
09-01-2026 13:30||NIFTY27JAN2626400CE,0.097234233917496
09-01-2026 13:35||NIFTY27JAN2623900PE,0.1692651733419466
09-01-2026 13:35||NIFTY27JAN2624100PE,0.1573902732554069
09-01-2026 13:35||NIFTY27JAN2624400PE,0.1394073583056979
09-01-2026 13:35||NIFTY27JAN2624600PE,0.1266065730929472
09-01-2026 13:35||NIFTY27JAN2625100PE,0.1063822278481013
09-01-2026 13:35||NIFTY27JAN2625300CE,0.1215389428501349
09-01-2026 13:35||NIFTY27JAN2625400CE,0.1163145523669364
09-01-2026 13:35||NIFTY27JAN2625900CE,0.1006154100459182
09-01-2026 13:35||NIFTY27JAN2626100CE,0.0983711011235955
09-01-2026 13:40||NIFTY27JAN2624500PE,0.1338654546304986
09-01-2026 13:40||NIFTY27JAN2624800PE,0.1189246615895458
09-01-2026 13:40||NIFTY27JAN2625100PE,0.1087666540386324
09-01-2026 13:40||NIFTY27JAN2625300CE,0.1066396045474325
09-01-2026 13:40||NIFTY27JAN2625500CE,0.100777208357535
09-01-2026 13:40||NIFTY27JAN2626500CE,0.0979325691699604
09-01-2026 13:45||NIFTY27JAN2623900PE,0.1688992611683848
09-01-2026 13:45||NIFTY27JAN2624100PE,0.1571153125143018
09-01-2026 13:45||NIFTY27JAN2624300PE,0.1446803098552138
09-01-2026 13:45||NIFTY27JAN2624400PE,0.1387772606420367
09-01-2026 13:45||NIFTY27JAN2625200CE,0.110480814479638
09-01-2026 13:45||NIFTY27JAN2626000CE,0.0963994617273843
09-01-2026 13:50||NIFTY27JAN2623800PE,0.1609787878787878
09-01-2026 13:50||NIFTY27JAN2624600PE,0.1279506498371296
09-01-2026 13:50||NIFTY27JAN2624700PE,0.1227255167031992
09-01-2026 13:50||NIFTY27JAN2625400CE,0.1102295889653483
09-01-2026 13:50||NIFTY27JAN2625800CE,0.0982110308337489
09-01-2026 13:50||NIFTY27JAN2626100CE,0.0962626635514018
09-01-2026 13:55||NIFTY27JAN2624000PE,0.1597869360975046
09-01-2026 13:55||NIFTY27JAN2625400CE,0.1147693821011717
09-01-2026 13:55||NIFTY27JAN2625500CE,0.1122899008407956
09-01-2026 13:55||NIFTY27JAN2626400CE,0.1010687202894383
09-01-2026 14:00||NIFTY27JAN2624200PE,0.151036366813099
09-01-2026 14:00||NIFTY27JAN2624300PE,0.1454484371671991
09-01-2026 14:00||NIFTY27JAN2624400PE,0.1399062889376996
09-01-2026 14:00||NIFTY27JAN2625500CE,0.1053070915856088
09-01-2026 14:00||NIFTY27JAN2625800CE,0.098370326231018
09-01-2026 14:00||NIFTY27JAN2626000CE,0.0958472782258064
09-01-2026 14:05||NIFTY27JAN2624100PE,0.157233063594421
09-01-2026 14:05||NIFTY27JAN2624300PE,0.144583668162271
09-01-2026 14:05||NIFTY27JAN2624400PE,0.1387437198245143
09-01-2026 14:05||NIFTY27JAN2625200CE,0.1267093046776232
09-01-2026 14:05||NIFTY27JAN2625400CE,0.1145231015592077
09-01-2026 14:10||NIFTY27JAN2624300PE,0.1447725434520917
09-01-2026 14:10||NIFTY27JAN2624700PE,0.1224194841684023
09-01-2026 14:10||NIFTY27JAN2625300CE,0.1114328522549262
09-01-2026 14:10||NIFTY27JAN2626300CE,0.0988199999999999
09-01-2026 14:10||NIFTY27JAN2626400CE,0.1052199999999999
09-01-2026 14:10||NIFTY27JAN2626500CE,0.1167799999999999
09-01-2026 14:15||NIFTY27JAN2625500CE,0.1048627400920113
09-01-2026 14:20||NIFTY27JAN2624100PE,0.1562546157023488
09-01-2026 14:20||NIFTY27JAN2624300PE,0.1444637521417019
09-01-2026 14:20||NIFTY27JAN2624400PE,0.1388102600081673
09-01-2026 14:20||NIFTY27JAN2625000PE,0.1088160737676663
09-01-2026 14:20||NIFTY27JAN2625200CE,0.1144045044720138
09-01-2026 14:20||NIFTY27JAN2625400CE,0.1090048348240046
09-01-2026 14:20||NIFTY27JAN2625900CE,0.0976903743355731
09-01-2026 14:25||NIFTY27JAN2624100PE,0.1569505895623715
09-01-2026 14:25||NIFTY27JAN2624200PE,0.1505233947342643
09-01-2026 14:25||NIFTY27JAN2624300PE,0.1443520025390249
09-01-2026 14:25||NIFTY27JAN2625100PE,0.1083236254501801
09-01-2026 14:25||NIFTY27JAN2625300CE,0.1107244907917068
09-01-2026 14:25||NIFTY27JAN2625600CE,0.1001442734844619
09-01-2026 14:30||NIFTY27JAN2624000PE,0.1617835231329839
09-01-2026 14:30||NIFTY27JAN2624200PE,0.1485457423100618
09-01-2026 14:30||NIFTY27JAN2625900CE,0.1007557665687919
09-01-2026 14:30||NIFTY27JAN2626300CE,0.0991309694594748
09-01-2026 14:35||NIFTY27JAN2624200PE,0.1493354115073905
09-01-2026 14:35||NIFTY27JAN2624300PE,0.1432880957420538
09-01-2026 14:35||NIFTY27JAN2624600PE,0.1266236609345134
09-01-2026 14:35||NIFTY27JAN2625800CE,0.100031459145195
09-01-2026 14:40||NIFTY27JAN2623800PE,0.17434397521449
09-01-2026 14:40||NIFTY27JAN2625200CE,0.1257255109070034
09-01-2026 14:40||NIFTY27JAN2625600CE,0.1069583602681238
09-01-2026 14:40||NIFTY27JAN2625900CE,0.0997447025075444
09-01-2026 14:40||NIFTY27JAN2626100CE,0.0981856090651558
09-01-2026 14:40||NIFTY27JAN2626400CE,0.1000615643008795
09-01-2026 14:45||NIFTY27JAN2624500PE,0.132024962796952
09-01-2026 14:45||NIFTY27JAN2624600PE,0.1265367082025997
09-01-2026 14:45||NIFTY27JAN2625300CE,0.1141874512820512
09-01-2026 14:45||NIFTY27JAN2625600CE,0.1047707861930547
09-01-2026 14:50||NIFTY27JAN2623900PE,0.1693834488368872
09-01-2026 14:50||NIFTY27JAN2626000CE,0.0971912246248896
09-01-2026 14:50||NIFTY27JAN2626300CE,0.0979347507986933
09-01-2026 14:55||NIFTY27JAN2623900PE,0.1680707369247375
09-01-2026 14:55||NIFTY27JAN2624000PE,0.1624014738494749
09-01-2026 14:55||NIFTY27JAN2624800PE,0.1171698302582855
09-01-2026 14:55||NIFTY27JAN2625600CE,0.1031213618862194
09-01-2026 14:55||NIFTY27JAN2625900CE,0.0975037185952686
09-01-2026 15:00||NIFTY27JAN2624000PE,0.1616563702458905
09-01-2026 15:00||NIFTY27JAN2624300PE,0.143662560245001
09-01-2026 15:00||NIFTY27JAN2625400CE,0.1125195485979583
09-01-2026 15:00||NIFTY27JAN2625600CE,0.1057199752228995
09-01-2026 15:00||NIFTY27JAN2625700CE,0.1024754576877044
09-01-2026 15:00||NIFTY27JAN2625800CE,0.099878211308657
09-01-2026 15:00||NIFTY27JAN2626500CE,0.1013010909090909
09-01-2026 15:05||NIFTY27JAN2624200PE,0.1499915190296593
09-01-2026 15:05||NIFTY27JAN2624300PE,0.1435486290067124
09-01-2026 15:05||NIFTY27JAN2625000PE,0.1063628272251309
09-01-2026 15:05||NIFTY27JAN2625100PE,0.1007769633507853
09-01-2026 15:05||NIFTY27JAN2625600CE,0.1055941324936613
09-01-2026 15:05||NIFTY27JAN2626500CE,0.1013179245283018
09-01-2026 15:10||NIFTY27JAN2623800PE,0.1719402864705882
09-01-2026 15:10||NIFTY27JAN2624000PE,0.162190095490196
09-01-2026 15:10||NIFTY27JAN2624600PE,0.1268267501653437
09-01-2026 15:10||NIFTY27JAN2625000PE,0.1073873878020713
09-01-2026 15:10||NIFTY27JAN2625100PE,0.101804326812428
09-01-2026 15:10||NIFTY27JAN2625200CE,0.1176227272727273
09-01-2026 15:10||NIFTY27JAN2626200CE,0.0967577753544165
09-01-2026 15:15||NIFTY27JAN2624200PE,0.1516512535033309
09-01-2026 15:15||NIFTY27JAN2624300PE,0.1450864621765822
09-01-2026 15:15||NIFTY27JAN2624500PE,0.1331149192233915
09-01-2026 15:15||NIFTY27JAN2624700PE,0.1230456149744509
09-01-2026 15:15||NIFTY27JAN2624900PE,0.1146526764744731
09-01-2026 15:15||NIFTY27JAN2625200CE,0.1130860310077519
09-01-2026 15:15||NIFTY27JAN2625900CE,0.0963686928104575
09-01-2026 15:15||NIFTY27JAN2626000CE,0.095522679738562
09-01-2026 15:20||NIFTY27JAN2623800PE,0.1647837424892704
09-01-2026 15:20||NIFTY27JAN2624700PE,0.123603376656037
09-01-2026 15:20||NIFTY27JAN2625100PE,0.1079378255675029
09-01-2026 15:20||NIFTY27JAN2625200CE,0.1170169478977511
09-01-2026 15:20||NIFTY27JAN2625300CE,0.1193478246496251
09-01-2026 15:20||NIFTY27JAN2625600CE,0.1046388654860483
09-01-2026 15:20||NIFTY27JAN2625800CE,0.1003643633340033
09-01-2026 15:20||NIFTY27JAN2626100CE,0.0973719900849858
09-01-2026 15:25||NIFTY27JAN2624100PE,0.1598584280665464
09-01-2026 15:25||NIFTY27JAN2624200PE,0.1530871633856831
09-01-2026 15:25||NIFTY27JAN2624400PE,0.1405116726690133
09-01-2026 15:25||NIFTY27JAN2625500CE,0.1160150071707698
09-01-2026 15:25||NIFTY27JAN2626000CE,0.1016770473543469
09-01-2026 15:25||NIFTY27JAN2626100CE,0.1002324125660623
12-01-2026 09:15||NIFTY27JAN2624000PE,0.1760966720588982
12-01-2026 09:15||NIFTY27JAN2624900PE,0.1249430519531345
12-01-2026 09:15||NIFTY27JAN2625200CE,0.1131901995012468
12-01-2026 09:15||NIFTY27JAN2626000CE,0.1025359349838969
12-01-2026 09:15||NIFTY27JAN2626100CE,0.1026540921900161
12-01-2026 09:20||NIFTY27JAN2624200PE,0.1632132747924882
12-01-2026 09:20||NIFTY27JAN2624600PE,0.1385634856963313
12-01-2026 09:20||NIFTY27JAN2624800PE,0.1281917485337243
12-01-2026 09:20||NIFTY27JAN2625000PE,0.119720245601173
12-01-2026 09:20||NIFTY27JAN2625100PE,0.1162479765395894
12-01-2026 09:20||NIFTY27JAN2625200CE,0.1280131740614334
12-01-2026 09:20||NIFTY27JAN2625600CE,0.1143039893646701
12-01-2026 09:20||NIFTY27JAN2625800CE,0.109841262829489
12-01-2026 09:25||NIFTY27JAN2624700PE,0.132365849286606
12-01-2026 09:25||NIFTY27JAN2625800CE,0.1144544789356984
12-01-2026 09:25||NIFTY27JAN2626200CE,0.1128124729241877
12-01-2026 09:30||NIFTY27JAN2623900PE,0.1814021225363902
12-01-2026 09:30||NIFTY27JAN2624000PE,0.1753225784061138
12-01-2026 09:30||NIFTY27JAN2624400PE,0.1487724640727992
12-01-2026 09:30||NIFTY27JAN2625200CE,0.1410396937416777
12-01-2026 09:30||NIFTY27JAN2625600CE,0.1236777720297306
12-01-2026 09:30||NIFTY27JAN2625800CE,0.1171791049768243
12-01-2026 09:30||NIFTY27JAN2626000CE,0.1141570700636942
12-01-2026 09:35||NIFTY27JAN2623900PE,0.1797655884879725
12-01-2026 09:35||NIFTY27JAN2624500PE,0.1425149103839298
12-01-2026 09:35||NIFTY27JAN2624600PE,0.1370318838245948
12-01-2026 09:35||NIFTY27JAN2624700PE,0.1316829153529623
12-01-2026 09:35||NIFTY27JAN2625000PE,0.1168647918904403
12-01-2026 09:35||NIFTY27JAN2625700CE,0.1176747722312645
12-01-2026 09:35||NIFTY27JAN2625800CE,0.1152989549565858
12-01-2026 09:35||NIFTY27JAN2625900CE,0.1135161602036142
12-01-2026 09:35||NIFTY27JAN2626200CE,0.1128495355731225
12-01-2026 09:35||NIFTY27JAN2626500CE,0.1192337154150197
12-01-2026 09:40||NIFTY27JAN2623900PE,0.1806998329741379
12-01-2026 09:40||NIFTY27JAN2624600PE,0.1393800848702174
12-01-2026 09:40||NIFTY27JAN2624700PE,0.1337341508750543
12-01-2026 09:40||NIFTY27JAN2625200CE,0.132981298076923
12-01-2026 09:40||NIFTY27JAN2625400CE,0.1239604326923076
12-01-2026 09:45||NIFTY27JAN2623900PE,0.1808360571979435
12-01-2026 09:45||NIFTY27JAN2624800PE,0.1257306051965417
12-01-2026 09:45||NIFTY27JAN2625000PE,0.1154556657740993
12-01-2026 09:45||NIFTY27JAN2626400CE,0.1178506748466257
12-01-2026 09:45||NIFTY27JAN2626500CE,0.1190940490797545
12-01-2026 09:50||NIFTY27JAN2625000PE,0.1190645384123941
12-01-2026 09:50||NIFTY27JAN2625400CE,0.1265663124445182
12-01-2026 09:50||NIFTY27JAN2625900CE,0.111627794676806
12-01-2026 09:50||NIFTY27JAN2626000CE,0.110318897338403
12-01-2026 09:55||NIFTY27JAN2623800PE,0.1857616041848299
12-01-2026 09:55||NIFTY27JAN2625000PE,0.1195750501002004
12-01-2026 09:55||NIFTY27JAN2625100PE,0.1134603006012024
12-01-2026 09:55||NIFTY27JAN2625400CE,0.1163086860453054
12-01-2026 09:55||NIFTY27JAN2625700CE,0.1090612395906845
12-01-2026 09:55||NIFTY27JAN2625900CE,0.106883934065934
12-01-2026 09:55||NIFTY27JAN2626200CE,0.1080344962484231
12-01-2026 09:55||NIFTY27JAN2626400CE,0.1127753470785935
12-01-2026 10:00||NIFTY27JAN2624800PE,0.1247643962499558
12-01-2026 10:00||NIFTY27JAN2625200CE,0.1461885254413291
12-01-2026 10:00||NIFTY27JAN2625700CE,0.1204176245040487
12-01-2026 10:00||NIFTY27JAN2626100CE,0.1138484381725927
12-01-2026 10:00||NIFTY27JAN2626200CE,0.1141446541229633
12-01-2026 10:05||NIFTY27JAN2623900PE,0.1829616592407701
12-01-2026 10:05||NIFTY27JAN2624300PE,0.1573269083258896
12-01-2026 10:05||NIFTY27JAN2624600PE,0.1398862934284474
12-01-2026 10:05||NIFTY27JAN2624700PE,0.1339917256236754
12-01-2026 10:05||NIFTY27JAN2624800PE,0.1282562950070657
12-01-2026 10:05||NIFTY27JAN2625100PE,0.1141545445430003
12-01-2026 10:10||NIFTY27JAN2624000PE,0.1749352974138584
12-01-2026 10:10||NIFTY27JAN2624100PE,0.1689432484735108
12-01-2026 10:10||NIFTY27JAN2624900PE,0.1225636618511813
12-01-2026 10:10||NIFTY27JAN2625600CE,0.1167199932068057
12-01-2026 10:10||NIFTY27JAN2626300CE,0.1129276241514052
12-01-2026 10:10||NIFTY27JAN2626400CE,0.1154179787423692
12-01-2026 10:15||NIFTY27JAN2623800PE,0.1833987650360867
12-01-2026 10:15||NIFTY27JAN2624500PE,0.1418627854951008
12-01-2026 10:15||NIFTY27JAN2624800PE,0.1243747502702063
12-01-2026 10:15||NIFTY27JAN2625000PE,0.114634250810619
12-01-2026 10:15||NIFTY27JAN2625100PE,0.1105160043233019
12-01-2026 10:15||NIFTY27JAN2626200CE,0.1125854166666666
12-01-2026 10:15||NIFTY27JAN2626400CE,0.11608625
12-01-2026 10:15||NIFTY27JAN2626500CE,0.1190366666666667
12-01-2026 10:20||NIFTY27JAN2624200PE,0.1634986436652969
12-01-2026 10:20||NIFTY27JAN2624800PE,0.1273356626940006
12-01-2026 10:20||NIFTY27JAN2624900PE,0.1222913714799892
12-01-2026 10:20||NIFTY27JAN2625200CE,0.1333163009404389
12-01-2026 10:20||NIFTY27JAN2626500CE,0.1167095592286501
12-01-2026 10:25||NIFTY27JAN2623800PE,0.1839266187050359
12-01-2026 10:25||NIFTY27JAN2624300PE,0.1564823620988093
12-01-2026 10:25||NIFTY27JAN2624400PE,0.1503995117330294
12-01-2026 10:25||NIFTY27JAN2624900PE,0.1212309530686154
12-01-2026 10:25||NIFTY27JAN2625200CE,0.1434061186848435
12-01-2026 10:25||NIFTY27JAN2625800CE,0.1137393108239237
12-01-2026 10:25||NIFTY27JAN2625900CE,0.1116457762879322
12-01-2026 10:25||NIFTY27JAN2626000CE,0.1101018536079746
12-01-2026 10:30||NIFTY27JAN2624500PE,0.1450182109083017
12-01-2026 10:30||NIFTY27JAN2625200CE,0.1272933333333333
12-01-2026 10:30||NIFTY27JAN2625800CE,0.1091057419474103
12-01-2026 10:30||NIFTY27JAN2626200CE,0.1076695240554733
12-01-2026 10:35||NIFTY27JAN2624600PE,0.1376561906217896
12-01-2026 10:35||NIFTY27JAN2625400CE,0.1236440483522288
12-01-2026 10:35||NIFTY27JAN2625700CE,0.113459993874427
12-01-2026 10:35||NIFTY27JAN2626400CE,0.1130236493274996
12-01-2026 10:40||NIFTY27JAN2625000PE,0.116639303000968
12-01-2026 10:40||NIFTY27JAN2625100PE,0.1107458180058083
12-01-2026 10:40||NIFTY27JAN2625300CE,0.1287810770694576
12-01-2026 10:40||NIFTY27JAN2625400CE,0.1227782055185537
12-01-2026 10:40||NIFTY27JAN2625500CE,0.1179712312083729
12-01-2026 10:40||NIFTY27JAN2626400CE,0.1123853516427104
12-01-2026 10:45||NIFTY27JAN2624400PE,0.1490968791072305
12-01-2026 10:45||NIFTY27JAN2625000PE,0.1152944560371992
12-01-2026 10:45||NIFTY27JAN2626000CE,0.1099996672283066
12-01-2026 10:45||NIFTY27JAN2626200CE,0.1104037688761723
12-01-2026 10:45||NIFTY27JAN2626300CE,0.112321982196789
12-01-2026 10:50||NIFTY27JAN2623900PE,0.1835564161197703
12-01-2026 10:50||NIFTY27JAN2624900PE,0.1234134167070475
12-01-2026 10:50||NIFTY27JAN2625500CE,0.1116044550086971
12-01-2026 10:50||NIFTY27JAN2625600CE,0.1101980462177988
12-01-2026 10:50||NIFTY27JAN2626200CE,0.1056327757889822
12-01-2026 10:55||NIFTY27JAN2624000PE,0.1753436277240998
12-01-2026 10:55||NIFTY27JAN2624300PE,0.1563271973505653
12-01-2026 10:55||NIFTY27JAN2624400PE,0.1502011458450939
12-01-2026 10:55||NIFTY27JAN2624900PE,0.1220947542907719
12-01-2026 10:55||NIFTY27JAN2625100PE,0.1125842628723158
12-01-2026 10:55||NIFTY27JAN2625500CE,0.1168585176970683
12-01-2026 10:55||NIFTY27JAN2626200CE,0.1079801402805611
12-01-2026 10:55||NIFTY27JAN2626400CE,0.1129686097194389
12-01-2026 11:00||NIFTY27JAN2623800PE,0.18698576056584
12-01-2026 11:00||NIFTY27JAN2624000PE,0.1743752535219467
12-01-2026 11:00||NIFTY27JAN2624500PE,0.1422179283747882
12-01-2026 11:00||NIFTY27JAN2624800PE,0.1261052261456512
12-01-2026 11:00||NIFTY27JAN2624900PE,0.1213489787961344
12-01-2026 11:00||NIFTY27JAN2625000PE,0.1167907420485504
12-01-2026 11:00||NIFTY27JAN2625200CE,0.1296847078856484
12-01-2026 11:00||NIFTY27JAN2625400CE,0.1226424026285494
12-01-2026 11:00||NIFTY27JAN2625600CE,0.1160612134867067
12-01-2026 11:00||NIFTY27JAN2626000CE,0.1084992279411764
12-01-2026 11:00||NIFTY27JAN2626300CE,0.111620993760538
12-01-2026 11:05||NIFTY27JAN2624100PE,0.1673400947325522
12-01-2026 11:05||NIFTY27JAN2624700PE,0.1299169406102751
12-01-2026 11:05||NIFTY27JAN2625200CE,0.1318238616714697
12-01-2026 11:05||NIFTY27JAN2625500CE,0.1201236421657687
12-01-2026 11:05||NIFTY27JAN2625600CE,0.1169516432777847
12-01-2026 11:05||NIFTY27JAN2625700CE,0.1141338227509084
12-01-2026 11:10||NIFTY27JAN2624400PE,0.1488371712096646
12-01-2026 11:10||NIFTY27JAN2624500PE,0.1425856813470963
12-01-2026 11:10||NIFTY27JAN2625200CE,0.1292114705882353
12-01-2026 11:10||NIFTY27JAN2625800CE,0.1086357428052563
12-01-2026 11:10||NIFTY27JAN2626000CE,0.106990487804878
12-01-2026 11:15||NIFTY27JAN2625400CE,0.1186510874167597
12-01-2026 11:15||NIFTY27JAN2625700CE,0.111170766899829
12-01-2026 11:15||NIFTY27JAN2625800CE,0.1093074587483534
12-01-2026 11:20||NIFTY27JAN2624800PE,0.1237404537993325
12-01-2026 11:20||NIFTY27JAN2626400CE,0.1162588773217495
12-01-2026 11:25||NIFTY27JAN2623800PE,0.1797376179056754
12-01-2026 11:25||NIFTY27JAN2624200PE,0.157329732422406
12-01-2026 11:25||NIFTY27JAN2624300PE,0.1514056787128153
12-01-2026 11:25||NIFTY27JAN2624700PE,0.1283423090593685
12-01-2026 11:25||NIFTY27JAN2625400CE,0.1207242894323901
12-01-2026 11:30||NIFTY27JAN2623900PE,0.1761531393281021
12-01-2026 11:30||NIFTY27JAN2624000PE,0.1703696119895376
12-01-2026 11:35||NIFTY27JAN2624200PE,0.1569253028977607
12-01-2026 11:35||NIFTY27JAN2624400PE,0.1452470227375302
12-01-2026 11:35||NIFTY27JAN2624700PE,0.1280620464832302
12-01-2026 11:35||NIFTY27JAN2624900PE,0.1190734962426054
12-01-2026 11:35||NIFTY27JAN2625300CE,0.123451790082277
12-01-2026 11:35||NIFTY27JAN2625600CE,0.1155740179029161
12-01-2026 11:35||NIFTY27JAN2625800CE,0.1113418463516005
12-01-2026 11:40||NIFTY27JAN2624300PE,0.1519378357199784
12-01-2026 11:40||NIFTY27JAN2624400PE,0.1461559287881291
12-01-2026 11:40||NIFTY27JAN2625000PE,0.1156801231232278
12-01-2026 11:40||NIFTY27JAN2625200CE,0.1222477142857143
12-01-2026 11:40||NIFTY27JAN2625300CE,0.121549619047619
12-01-2026 11:50||NIFTY27JAN2624700PE,0.1278777524091976
12-01-2026 11:50||NIFTY27JAN2625600CE,0.1156953420317526
12-01-2026 11:50||NIFTY27JAN2625800CE,0.1120269497442755
12-01-2026 11:50||NIFTY27JAN2625900CE,0.1109512526499155
12-01-2026 11:55||NIFTY27JAN2624000PE,0.1696149911292392
12-01-2026 11:55||NIFTY27JAN2624900PE,0.1185801124437781
12-01-2026 11:55||NIFTY27JAN2625100PE,0.1114803373313343
12-01-2026 11:55||NIFTY27JAN2625700CE,0.1137949557907785
12-01-2026 11:55||NIFTY27JAN2626000CE,0.1109200959525471
12-01-2026 11:55||NIFTY27JAN2626500CE,0.122072480620155
12-01-2026 12:00||NIFTY27JAN2624100PE,0.1635720900006246
12-01-2026 12:00||NIFTY27JAN2624900PE,0.1186499495919607
12-01-2026 12:00||NIFTY27JAN2625100PE,0.1120398487758822
12-01-2026 12:00||NIFTY27JAN2625900CE,0.10999796875
12-01-2026 12:05||NIFTY27JAN2624000PE,0.1699347187245918
12-01-2026 12:05||NIFTY27JAN2624900PE,0.1175636431234533
12-01-2026 12:05||NIFTY27JAN2625500CE,0.1190014122512546
12-01-2026 12:05||NIFTY27JAN2625800CE,0.1118425868157739
12-01-2026 12:05||NIFTY27JAN2626000CE,0.1105789332247556
12-01-2026 12:10||NIFTY27JAN2623800PE,0.1820253137410643
12-01-2026 12:10||NIFTY27JAN2624200PE,0.1564752218031187
12-01-2026 12:10||NIFTY27JAN2624700PE,0.1242456939494854
12-01-2026 12:10||NIFTY27JAN2624800PE,0.1186014492280432
12-01-2026 12:10||NIFTY27JAN2625000PE,0.1086961316433579
12-01-2026 12:10||NIFTY27JAN2625800CE,0.1197917995412256
12-01-2026 12:15||NIFTY27JAN2625100PE,0.1090618498367791
12-01-2026 12:15||NIFTY27JAN2625900CE,0.1139011065620975
12-01-2026 12:15||NIFTY27JAN2626200CE,0.112668250121773
12-01-2026 12:20||NIFTY27JAN2624400PE,0.14904
12-01-2026 12:20||NIFTY27JAN2624700PE,0.1302897932397329
12-01-2026 12:20||NIFTY27JAN2625100PE,0.1116710271903323
12-01-2026 12:20||NIFTY27JAN2625300CE,0.1443139647766323
12-01-2026 12:20||NIFTY27JAN2625500CE,0.132822393091388
12-01-2026 12:20||NIFTY27JAN2626400CE,0.1169885391080511
12-01-2026 12:25||NIFTY27JAN2624800PE,0.1291086512992783
12-01-2026 12:25||NIFTY27JAN2625200CE,0.12189
12-01-2026 12:25||NIFTY27JAN2626300CE,0.1118030935984757
12-01-2026 12:30||NIFTY27JAN2623800PE,0.1848205029013539
12-01-2026 12:30||NIFTY27JAN2624800PE,0.1299178262757035
12-01-2026 12:30||NIFTY27JAN2624900PE,0.1252703602923233
12-01-2026 12:30||NIFTY27JAN2625500CE,0.1339572457744572
12-01-2026 12:30||NIFTY27JAN2625700CE,0.1248885903436531
12-01-2026 12:30||NIFTY27JAN2626500CE,0.1184184615384615
12-01-2026 12:35||NIFTY27JAN2624300PE,0.1621287350051029
12-01-2026 12:35||NIFTY27JAN2624600PE,0.1444039162421406
12-01-2026 12:35||NIFTY27JAN2624900PE,0.129457189809926
12-01-2026 12:35||NIFTY27JAN2625100PE,0.1184615694297782
12-01-2026 12:35||NIFTY27JAN2626000CE,0.1102005491803278
12-01-2026 12:35||NIFTY27JAN2626300CE,0.1110183573400034
12-01-2026 12:40||NIFTY27JAN2624300PE,0.1590606220277426
12-01-2026 12:40||NIFTY27JAN2624400PE,0.1525703088965597
12-01-2026 12:40||NIFTY27JAN2624500PE,0.1461323413170969
12-01-2026 12:40||NIFTY27JAN2625000PE,0.1187963293692556
12-01-2026 12:40||NIFTY27JAN2625300CE,0.1491578315412186
12-01-2026 12:40||NIFTY27JAN2625500CE,0.1378083113159242
12-01-2026 12:40||NIFTY27JAN2626000CE,0.1193963616588641
12-01-2026 12:40||NIFTY27JAN2626200CE,0.1175225062656641
12-01-2026 12:45||NIFTY27JAN2624300PE,0.1647303455573739
12-01-2026 12:45||NIFTY27JAN2624500PE,0.1520628801398041
12-01-2026 12:45||NIFTY27JAN2624800PE,0.1349250270701865
12-01-2026 12:45||NIFTY27JAN2625000PE,0.1257037583244539
12-01-2026 12:45||NIFTY27JAN2625300CE,0.129198379607657
12-01-2026 12:45||NIFTY27JAN2625700CE,0.1137505144162762
12-01-2026 12:45||NIFTY27JAN2625800CE,0.111219816533584
12-01-2026 12:45||NIFTY27JAN2626000CE,0.1093361638392489
12-01-2026 12:45||NIFTY27JAN2626200CE,0.1093206834112149
12-01-2026 12:45||NIFTY27JAN2626400CE,0.111084316588785
12-01-2026 12:50||NIFTY27JAN2624500PE,0.1510621039934449
12-01-2026 12:50||NIFTY27JAN2625300CE,0.1374273090427942
12-01-2026 12:50||NIFTY27JAN2625800CE,0.1186100116771993
12-01-2026 12:55||NIFTY27JAN2624500PE,0.150958477001951
12-01-2026 12:55||NIFTY27JAN2624600PE,0.1452577311912768
12-01-2026 12:55||NIFTY27JAN2624700PE,0.1396181197849641
12-01-2026 12:55||NIFTY27JAN2625000PE,0.1238869410410633
12-01-2026 12:55||NIFTY27JAN2625400CE,0.1299474839137606
12-01-2026 12:55||NIFTY27JAN2625900CE,0.1128130886108357
12-01-2026 12:55||NIFTY27JAN2626200CE,0.1114110355029585
12-01-2026 13:00||NIFTY27JAN2624200PE,0.1674837603921221
12-01-2026 13:00||NIFTY27JAN2624500PE,0.1496748573274975
12-01-2026 13:00||NIFTY27JAN2624600PE,0.1433249947151421
12-01-2026 13:00||NIFTY27JAN2625500CE,0.1278384995620251
12-01-2026 13:00||NIFTY27JAN2626000CE,0.1144858119658119
12-01-2026 13:00||NIFTY27JAN2626100CE,0.1133695726495726
12-01-2026 13:00||NIFTY27JAN2626300CE,0.11316775
12-01-2026 13:00||NIFTY27JAN2626500CE,0.1155052499999999
12-01-2026 13:05||NIFTY27JAN2623900PE,0.1861206740099659
12-01-2026 13:05||NIFTY27JAN2624200PE,0.1682661300569934
12-01-2026 13:05||NIFTY27JAN2624500PE,0.1494327904831589
12-01-2026 13:05||NIFTY27JAN2624900PE,0.1280789050697157
12-01-2026 13:05||NIFTY27JAN2625300CE,0.1407674685297079
12-01-2026 13:05||NIFTY27JAN2625500CE,0.1305708262029548
12-01-2026 13:05||NIFTY27JAN2626400CE,0.1146238013553579
12-01-2026 13:10||NIFTY27JAN2624700PE,0.137771658934391
12-01-2026 13:10||NIFTY27JAN2624800PE,0.1327233496238414
12-01-2026 13:10||NIFTY27JAN2626400CE,0.1123141666666666
12-01-2026 13:15||NIFTY27JAN2623800PE,0.1871161122661123
12-01-2026 13:15||NIFTY27JAN2624500PE,0.1513993812944803
12-01-2026 13:15||NIFTY27JAN2624700PE,0.1397600025927208
12-01-2026 13:15||NIFTY27JAN2624800PE,0.1345417874365987
12-01-2026 13:15||NIFTY27JAN2625100PE,0.1232859498252363
12-01-2026 13:15||NIFTY27JAN2625500CE,0.1162647834472241
12-01-2026 13:15||NIFTY27JAN2625800CE,0.1097041107532455
12-01-2026 13:15||NIFTY27JAN2626100CE,0.1070934766555502
12-01-2026 13:15||NIFTY27JAN2626300CE,0.1076984859456884
12-01-2026 13:15||NIFTY27JAN2626400CE,0.1090962429728442
12-01-2026 13:20||NIFTY27JAN2624200PE,0.1670839956195454
12-01-2026 13:20||NIFTY27JAN2624300PE,0.1611766055664937
12-01-2026 13:20||NIFTY27JAN2625000PE,0.1220986259541984
12-01-2026 13:20||NIFTY27JAN2625200CE,0.1406079224923373
12-01-2026 13:20||NIFTY27JAN2625500CE,0.1261849659696337
12-01-2026 13:20||NIFTY27JAN2626200CE,0.1111086462882096
12-01-2026 13:20||NIFTY27JAN2626500CE,0.1140766666666666
12-01-2026 13:25||NIFTY27JAN2624300PE,0.1623007442493319
12-01-2026 13:25||NIFTY27JAN2624500PE,0.1506806143690907
12-01-2026 13:25||NIFTY27JAN2624600PE,0.1448964945511423
12-01-2026 13:25||NIFTY27JAN2624800PE,0.134551373133647
12-01-2026 13:25||NIFTY27JAN2625500CE,0.1163297287989668
12-01-2026 13:25||NIFTY27JAN2625800CE,0.1096068625698414
12-01-2026 13:25||NIFTY27JAN2626000CE,0.1074634789823008
12-01-2026 13:25||NIFTY27JAN2626400CE,0.1092366666666666
12-01-2026 13:25||NIFTY27JAN2626500CE,0.1101
12-01-2026 13:30||NIFTY27JAN2623900PE,0.1836886638259544
12-01-2026 13:30||NIFTY27JAN2624400PE,0.1546154067325192
12-01-2026 13:30||NIFTY27JAN2624800PE,0.1306797373751457
12-01-2026 13:30||NIFTY27JAN2624900PE,0.1256082020209062
12-01-2026 13:30||NIFTY27JAN2625100PE,0.1165197373751457
12-01-2026 13:30||NIFTY27JAN2625300CE,0.151955367919553
12-01-2026 13:30||NIFTY27JAN2625500CE,0.1384102675118957
12-01-2026 13:30||NIFTY27JAN2625600CE,0.1327821850432671
12-01-2026 13:30||NIFTY27JAN2625700CE,0.127673010053005
12-01-2026 13:35||NIFTY27JAN2624700PE,0.1401608401239107
12-01-2026 13:35||NIFTY27JAN2624900PE,0.1296373618536177
12-01-2026 13:35||NIFTY27JAN2625500CE,0.1195630138174999
12-01-2026 13:35||NIFTY27JAN2625600CE,0.1175224922814644
12-01-2026 13:35||NIFTY27JAN2625900CE,0.11053560343706
12-01-2026 13:40||NIFTY27JAN2623900PE,0.1864098017402776
12-01-2026 13:40||NIFTY27JAN2624000PE,0.1808891379740737
12-01-2026 13:40||NIFTY27JAN2624100PE,0.1752464052208329
12-01-2026 13:40||NIFTY27JAN2624800PE,0.134444518679379
12-01-2026 13:40||NIFTY27JAN2624900PE,0.1299816109232192
12-01-2026 13:40||NIFTY27JAN2625200CE,0.1480187580206105
12-01-2026 13:40||NIFTY27JAN2625400CE,0.1245729193402035
12-01-2026 13:40||NIFTY27JAN2626100CE,0.1079260215053763
12-01-2026 13:40||NIFTY27JAN2626200CE,0.1078980107526881
12-01-2026 13:45||NIFTY27JAN2623800PE,0.1907990255986789
12-01-2026 13:45||NIFTY27JAN2623900PE,0.1863031709331132
12-01-2026 13:45||NIFTY27JAN2624600PE,0.144385513029341
12-01-2026 13:45||NIFTY27JAN2625100PE,0.120734799154334
12-01-2026 13:50||NIFTY27JAN2624200PE,0.1696289515735229
12-01-2026 13:50||NIFTY27JAN2625200CE,0.1395767658998646
12-01-2026 13:50||NIFTY27JAN2625300CE,0.1346355886332881
12-01-2026 13:50||NIFTY27JAN2625400CE,0.129952598105548
12-01-2026 13:50||NIFTY27JAN2626200CE,0.1091976128557409
12-01-2026 13:55||NIFTY27JAN2623800PE,0.1945322963365029
12-01-2026 13:55||NIFTY27JAN2624000PE,0.1829778148349181
12-01-2026 13:55||NIFTY27JAN2624100PE,0.1769522963365029
12-01-2026 13:55||NIFTY27JAN2624700PE,0.1398758608015847
12-01-2026 13:55||NIFTY27JAN2624900PE,0.1299233287179574
12-01-2026 13:55||NIFTY27JAN2626100CE,0.1076206628242075
12-01-2026 13:55||NIFTY27JAN2626400CE,0.108932923537019
12-01-2026 14:00||NIFTY27JAN2624000PE,0.1820490329806755
12-01-2026 14:00||NIFTY27JAN2624400PE,0.15761924237935
12-01-2026 14:00||NIFTY27JAN2624500PE,0.1512147378148335
12-01-2026 14:00||NIFTY27JAN2624600PE,0.1451028643429002
12-01-2026 14:00||NIFTY27JAN2625000PE,0.1243553743239396
12-01-2026 14:00||NIFTY27JAN2625400CE,0.122238341716798
12-01-2026 14:00||NIFTY27JAN2625600CE,0.1170306562719846
12-01-2026 14:00||NIFTY27JAN2625700CE,0.1132442483237857
12-01-2026 14:00||NIFTY27JAN2626300CE,0.1077315995652998
12-01-2026 14:00||NIFTY27JAN2626400CE,0.1089599664493166
12-01-2026 14:05||NIFTY27JAN2624400PE,0.157093461242102
12-01-2026 14:05||NIFTY27JAN2624600PE,0.1446803976167568
12-01-2026 14:05||NIFTY27JAN2624800PE,0.1329550277116732
12-01-2026 14:05||NIFTY27JAN2625800CE,0.1149648322026519
12-01-2026 14:05||NIFTY27JAN2626000CE,0.1104961001542053
12-01-2026 14:05||NIFTY27JAN2626200CE,0.1092255592105263
12-01-2026 14:05||NIFTY27JAN2626400CE,0.1092666776315789
12-01-2026 14:05||NIFTY27JAN2626500CE,0.109908947368421
12-01-2026 14:10||NIFTY27JAN2624100PE,0.1772275013552323
12-01-2026 14:10||NIFTY27JAN2624600PE,0.146106178827484
12-01-2026 14:10||NIFTY27JAN2624800PE,0.134493087627507
12-01-2026 14:10||NIFTY27JAN2625200CE,0.1402042082149315
12-01-2026 14:10||NIFTY27JAN2625500CE,0.1159223922516635
12-01-2026 14:10||NIFTY27JAN2626400CE,0.1073750194318338
12-01-2026 14:15||NIFTY27JAN2624100PE,0.1757909098558035
12-01-2026 14:15||NIFTY27JAN2624200PE,0.1693930207173754
12-01-2026 14:15||NIFTY27JAN2624900PE,0.1285557503094758
12-01-2026 14:15||NIFTY27JAN2625800CE,0.1121995023782679
12-01-2026 14:20||NIFTY27JAN2624400PE,0.1556402485333776
12-01-2026 14:20||NIFTY27JAN2624500PE,0.1491099253695878
12-01-2026 14:20||NIFTY27JAN2624600PE,0.1429671395210041
12-01-2026 14:20||NIFTY27JAN2625000PE,0.1210477488657593
12-01-2026 14:20||NIFTY27JAN2625200CE,0.150389991326973
12-01-2026 14:20||NIFTY27JAN2625700CE,0.1229677463866267
12-01-2026 14:20||NIFTY27JAN2626200CE,0.1115515084835631
12-01-2026 14:20||NIFTY27JAN2626500CE,0.1126266666666666
12-01-2026 14:25||NIFTY27JAN2623900PE,0.1880438850896672
12-01-2026 14:25||NIFTY27JAN2624200PE,0.1710339432463136
12-01-2026 14:25||NIFTY27JAN2624500PE,0.1526393602478459
12-01-2026 14:25||NIFTY27JAN2624600PE,0.1462601791001057
12-01-2026 14:25||NIFTY27JAN2626300CE,0.10633375
12-01-2026 14:25||NIFTY27JAN2626500CE,0.1095112499999999
12-01-2026 14:30||NIFTY27JAN2623900PE,0.1880991677495928
12-01-2026 14:30||NIFTY27JAN2624200PE,0.1710824989672772
12-01-2026 14:30||NIFTY27JAN2625200CE,0.1244766666666666
12-01-2026 14:30||NIFTY27JAN2625700CE,0.1088361293496851
12-01-2026 14:30||NIFTY27JAN2626200CE,0.1045812209302325
12-01-2026 14:35||NIFTY27JAN2624500PE,0.1490078580248204
12-01-2026 14:35||NIFTY27JAN2625100PE,0.1177020563380281
12-01-2026 14:35||NIFTY27JAN2625900CE,0.1164227781413612
12-01-2026 14:35||NIFTY27JAN2626000CE,0.1138341361256544
12-01-2026 14:35||NIFTY27JAN2626100CE,0.1119734260471204
12-01-2026 14:35||NIFTY27JAN2626400CE,0.11126
12-01-2026 14:35||NIFTY27JAN2626500CE,0.11126
12-01-2026 14:40||NIFTY27JAN2624100PE,0.1765025008772947
12-01-2026 14:40||NIFTY27JAN2624300PE,0.1640268818513962
12-01-2026 14:40||NIFTY27JAN2624500PE,0.151659942799863
12-01-2026 14:40||NIFTY27JAN2625100PE,0.1211204725168756
12-01-2026 14:40||NIFTY27JAN2625300CE,0.1332265267030983
12-01-2026 14:40||NIFTY27JAN2625600CE,0.1191254777642245
12-01-2026 14:40||NIFTY27JAN2626400CE,0.1090896267478574
12-01-2026 14:45||NIFTY27JAN2624000PE,0.1824421119225783
12-01-2026 14:45||NIFTY27JAN2624600PE,0.1465712166932608
12-01-2026 14:45||NIFTY27JAN2625000PE,0.1247093908629441
12-01-2026 14:45||NIFTY27JAN2625300CE,0.1265938793231961
12-01-2026 14:45||NIFTY27JAN2625500CE,0.1181555048334064
12-01-2026 14:45||NIFTY27JAN2626000CE,0.1070896203184511
12-01-2026 14:45||NIFTY27JAN2626100CE,0.1064571625052898
12-01-2026 14:45||NIFTY27JAN2626200CE,0.1060586234394837
12-01-2026 14:45||NIFTY27JAN2626500CE,0.10733
12-01-2026 14:50||NIFTY27JAN2624000PE,0.1831290814800724
12-01-2026 14:50||NIFTY27JAN2624400PE,0.1581945677101022
12-01-2026 14:50||NIFTY27JAN2624800PE,0.1339105649477529
12-01-2026 14:50||NIFTY27JAN2625100PE,0.1184817673378076
12-01-2026 14:50||NIFTY27JAN2625600CE,0.1220748584196941
12-01-2026 14:50||NIFTY27JAN2626000CE,0.1094067381390269
12-01-2026 14:50||NIFTY27JAN2626300CE,0.1070092592592592
12-01-2026 14:50||NIFTY27JAN2626400CE,0.1076329629629629
12-01-2026 14:55||NIFTY27JAN2624300PE,0.1644743492179144
12-01-2026 14:55||NIFTY27JAN2624500PE,0.151939788062938
12-01-2026 14:55||NIFTY27JAN2624700PE,0.1397219695645263
12-01-2026 14:55||NIFTY27JAN2624900PE,0.1289995428321678
12-01-2026 14:55||NIFTY27JAN2625100PE,0.1196961284965035
12-01-2026 14:55||NIFTY27JAN2626200CE,0.1071846551724137
12-01-2026 15:00||NIFTY27JAN2623800PE,0.1937497893030793
12-01-2026 15:00||NIFTY27JAN2623900PE,0.1885882982171798
12-01-2026 15:00||NIFTY27JAN2624300PE,0.1644051410514456
12-01-2026 15:00||NIFTY27JAN2624700PE,0.1393976112662149
12-01-2026 15:00||NIFTY27JAN2624800PE,0.1340340495554439
12-01-2026 15:00||NIFTY27JAN2626000CE,0.10805156013008
12-01-2026 15:00||NIFTY27JAN2626100CE,0.1064646689539289
12-01-2026 15:05||NIFTY27JAN2623800PE,0.1925268349514563
12-01-2026 15:05||NIFTY27JAN2624200PE,0.1719980950706554
12-01-2026 15:05||NIFTY27JAN2624300PE,0.165385927877208
12-01-2026 15:05||NIFTY27JAN2624900PE,0.1300607515644874
12-01-2026 15:05||NIFTY27JAN2625900CE,0.1074350927419354
12-01-2026 15:05||NIFTY27JAN2626200CE,0.1047658829787234
12-01-2026 15:10||NIFTY27JAN2624000PE,0.1833045182977483
12-01-2026 15:10||NIFTY27JAN2624500PE,0.1527144031976518
12-01-2026 15:10||NIFTY27JAN2624600PE,0.1460663476471788
12-01-2026 15:10||NIFTY27JAN2625200CE,0.1401074466268147
12-01-2026 15:10||NIFTY27JAN2625600CE,0.1134942732067596
12-01-2026 15:10||NIFTY27JAN2625900CE,0.1064199186688039
12-01-2026 15:10||NIFTY27JAN2626200CE,0.10330296875
12-01-2026 15:10||NIFTY27JAN2626300CE,0.10360375
12-01-2026 15:10||NIFTY27JAN2626400CE,0.10442015625
12-01-2026 15:15||NIFTY27JAN2623900PE,0.1912967274214277
12-01-2026 15:15||NIFTY27JAN2624000PE,0.1854867881761888
12-01-2026 15:15||NIFTY27JAN2624500PE,0.1536503645658312
12-01-2026 15:15||NIFTY27JAN2624900PE,0.1298656606003443
12-01-2026 15:15||NIFTY27JAN2625200CE,0.1432946538594669
12-01-2026 15:15||NIFTY27JAN2625400CE,0.1278206602630668
12-01-2026 15:15||NIFTY27JAN2625500CE,0.1220246538594669
12-01-2026 15:20||NIFTY27JAN2624100PE,0.1823890335577025
12-01-2026 15:20||NIFTY27JAN2624200PE,0.1750805112727098
12-01-2026 15:20||NIFTY27JAN2624400PE,0.1613495142791569
12-01-2026 15:20||NIFTY27JAN2624500PE,0.1549243508793643
12-01-2026 15:20||NIFTY27JAN2625000PE,0.1242098546878948
12-01-2026 15:20||NIFTY27JAN2625200CE,0.1409026432532346
12-01-2026 15:20||NIFTY27JAN2625300CE,0.1344821072088724
12-01-2026 15:20||NIFTY27JAN2626200CE,0.1052142158103433
12-01-2026 15:20||NIFTY27JAN2626300CE,0.1052295427317978
12-01-2026 15:25||NIFTY27JAN2624200PE,0.1737711621816856
12-01-2026 15:25||NIFTY27JAN2624600PE,0.1483682042244534
12-01-2026 15:25||NIFTY27JAN2625400CE,0.1172928425183274
12-01-2026 15:25||NIFTY27JAN2625500CE,0.1141048514306161
12-01-2026 15:25||NIFTY27JAN2625700CE,0.1083681594793844
13-01-2026 09:15||NIFTY27JAN2624000PE,0.191376100323425
13-01-2026 09:15||NIFTY27JAN2624700PE,0.1448755084744706
13-01-2026 09:15||NIFTY27JAN2625500CE,0.1010255998582314
13-01-2026 09:15||NIFTY27JAN2625600CE,0.0999089774942406
13-01-2026 09:15||NIFTY27JAN2625800CE,0.0982685447441549
13-01-2026 09:15||NIFTY27JAN2625900CE,0.0976850001741153
13-01-2026 09:15||NIFTY27JAN2626100CE,0.0972944541484716
13-01-2026 09:20||NIFTY27JAN2623800PE,0.1985425876902714
13-01-2026 09:20||NIFTY27JAN2624500PE,0.1559560458438409
13-01-2026 09:20||NIFTY27JAN2624600PE,0.1490908250633579
13-01-2026 09:20||NIFTY27JAN2624800PE,0.1368246695756387
13-01-2026 09:25||NIFTY27JAN2623800PE,0.1913092307692308
13-01-2026 09:25||NIFTY27JAN2624200PE,0.1755705288653994
13-01-2026 09:25||NIFTY27JAN2624400PE,0.1651834219262927
13-01-2026 09:25||NIFTY27JAN2624600PE,0.1540328849389573
13-01-2026 09:25||NIFTY27JAN2624800PE,0.1426744831064618
13-01-2026 09:25||NIFTY27JAN2625300CE,0.0761572132471728
13-01-2026 09:25||NIFTY27JAN2625500CE,0.0825540940393997
13-01-2026 09:30||NIFTY27JAN2624500PE,0.155072580568381
13-01-2026 09:30||NIFTY27JAN2625300CE,0.095953755387931
13-01-2026 09:30||NIFTY27JAN2625500CE,0.0980098283559113
13-01-2026 09:30||NIFTY27JAN2625700CE,0.0989859647511409
13-01-2026 09:30||NIFTY27JAN2626000CE,0.0997988723859315
13-01-2026 09:30||NIFTY27JAN2626200CE,0.1009310761275018
13-01-2026 09:35||NIFTY27JAN2624000PE,0.1871265676991431
13-01-2026 09:35||NIFTY27JAN2625000PE,0.1255350245098039
13-01-2026 09:35||NIFTY27JAN2625300CE,0.1124783333333333
13-01-2026 09:35||NIFTY27JAN2625700CE,0.1077669814318339
13-01-2026 09:35||NIFTY27JAN2625800CE,0.1065807129381392
13-01-2026 09:40||NIFTY27JAN2625200CE,0.1188154343525179
13-01-2026 09:40||NIFTY27JAN2625400CE,0.1141376447841726
13-01-2026 09:40||NIFTY27JAN2625600CE,0.1108194118470816
13-01-2026 09:45||NIFTY27JAN2623800PE,0.1857665152919368
13-01-2026 09:45||NIFTY27JAN2624500PE,0.1533821600643032
13-01-2026 09:45||NIFTY27JAN2625400CE,0.0989577618142958
13-01-2026 09:45||NIFTY27JAN2625800CE,0.0992894854845168
13-01-2026 09:45||NIFTY27JAN2625900CE,0.0995402757600632
13-01-2026 09:50||NIFTY27JAN2623900PE,0.1919739176151646
13-01-2026 09:50||NIFTY27JAN2624500PE,0.1532852238910518
13-01-2026 09:50||NIFTY27JAN2624600PE,0.1467233333689661
13-01-2026 09:50||NIFTY27JAN2625000PE,0.1242692673644148
13-01-2026 09:50||NIFTY27JAN2625100PE,0.117985604186489
13-01-2026 09:50||NIFTY27JAN2626300CE,0.1053846011603292
13-01-2026 09:55||NIFTY27JAN2624100PE,0.1785591064589205
13-01-2026 09:55||NIFTY27JAN2624200PE,0.1716242204483635
13-01-2026 09:55||NIFTY27JAN2624300PE,0.1647247242136247
13-01-2026 09:55||NIFTY27JAN2624700PE,0.1410995818368803
13-01-2026 09:55||NIFTY27JAN2625600CE,0.1044970144804088
13-01-2026 10:00||NIFTY27JAN2624200PE,0.1695631925214756
13-01-2026 10:00||NIFTY27JAN2626300CE,0.1116974999999999
13-01-2026 10:00||NIFTY27JAN2626500CE,0.1142925
13-01-2026 10:05||NIFTY27JAN2624000PE,0.1812355069197841
13-01-2026 10:05||NIFTY27JAN2624800PE,0.1339881762935584
13-01-2026 10:05||NIFTY27JAN2626400CE,0.109513646804261
13-01-2026 10:10||NIFTY27JAN2624100PE,0.1794611033034479
13-01-2026 10:10||NIFTY27JAN2624200PE,0.172673086628277
13-01-2026 10:10||NIFTY27JAN2624500PE,0.1537345134540877
13-01-2026 10:10||NIFTY27JAN2624700PE,0.1421685471806674
13-01-2026 10:10||NIFTY27JAN2625100PE,0.1267851557465091
13-01-2026 10:10||NIFTY27JAN2625800CE,0.101475
13-01-2026 10:15||NIFTY27JAN2624500PE,0.1527412539177029
13-01-2026 10:15||NIFTY27JAN2624800PE,0.1361089799017171
13-01-2026 10:15||NIFTY27JAN2624900PE,0.1312319899508585
13-01-2026 10:15||NIFTY27JAN2625100PE,0.1221439799017172
13-01-2026 10:15||NIFTY27JAN2625800CE,0.1023
13-01-2026 10:20||NIFTY27JAN2623900PE,0.1911211569255404
13-01-2026 10:20||NIFTY27JAN2624100PE,0.1784617479167538
13-01-2026 10:20||NIFTY27JAN2625300CE,0.1185140909137221
13-01-2026 10:20||NIFTY27JAN2625700CE,0.1063201708249993
13-01-2026 10:20||NIFTY27JAN2626500CE,0.1083434959349593
13-01-2026 10:25||NIFTY27JAN2623900PE,0.1912304798962386
13-01-2026 10:25||NIFTY27JAN2624200PE,0.1726498213942257
13-01-2026 10:25||NIFTY27JAN2624500PE,0.1517777439060746
13-01-2026 10:25||NIFTY27JAN2624700PE,0.1391717552391543
13-01-2026 10:25||NIFTY27JAN2625100PE,0.1191326629422718
13-01-2026 10:25||NIFTY27JAN2625700CE,0.115079302894093
13-01-2026 10:30||NIFTY27JAN2623800PE,0.1972809212730318
13-01-2026 10:30||NIFTY27JAN2624400PE,0.1617448606525925
13-01-2026 10:30||NIFTY27JAN2624600PE,0.1493451781284314
13-01-2026 10:30||NIFTY27JAN2624700PE,0.1430674788135972
13-01-2026 10:30||NIFTY27JAN2624900PE,0.1317809791472294
13-01-2026 10:30||NIFTY27JAN2625300CE,0.11297
13-01-2026 10:30||NIFTY27JAN2625900CE,0.1021834275159744
13-01-2026 10:30||NIFTY27JAN2626000CE,0.1015477689030883
13-01-2026 10:30||NIFTY27JAN2626100CE,0.1011607258386581
13-01-2026 10:30||NIFTY27JAN2626400CE,0.1031620813032886
13-01-2026 10:35||NIFTY27JAN2623800PE,0.2047652685050799
13-01-2026 10:35||NIFTY27JAN2623900PE,0.1958458780841799
13-01-2026 10:35||NIFTY27JAN2624300PE,0.167642415839275
13-01-2026 10:35||NIFTY27JAN2624600PE,0.1486583295131344
13-01-2026 10:35||NIFTY27JAN2625000PE,0.1263210327049035
13-01-2026 10:35||NIFTY27JAN2626000CE,0.1021918518518518
13-01-2026 10:35||NIFTY27JAN2626100CE,0.1021581481481481
13-01-2026 10:40||NIFTY27JAN2623900PE,0.1928577911913709
13-01-2026 10:40||NIFTY27JAN2624000PE,0.1869839157160752
13-01-2026 10:40||NIFTY27JAN2624400PE,0.1604618864753223
13-01-2026 10:40||NIFTY27JAN2624500PE,0.1543718471924634
13-01-2026 10:40||NIFTY27JAN2624800PE,0.1361408152023639
13-01-2026 10:40||NIFTY27JAN2626300CE,0.1033775640435185
13-01-2026 10:45||NIFTY27JAN2623900PE,0.1900518822770689
13-01-2026 10:45||NIFTY27JAN2624900PE,0.1285634185040043
13-01-2026 10:45||NIFTY27JAN2625200CE,0.1477899999999999
13-01-2026 10:45||NIFTY27JAN2625600CE,0.1106374566724436
13-01-2026 10:50||NIFTY27JAN2624900PE,0.1312929976929374
13-01-2026 10:50||NIFTY27JAN2625000PE,0.1263314988464687
13-01-2026 10:50||NIFTY27JAN2625500CE,0.1075726307673822
13-01-2026 10:50||NIFTY27JAN2625600CE,0.103174005126562
13-01-2026 10:50||NIFTY27JAN2625700CE,0.0995233769224607
13-01-2026 10:50||NIFTY27JAN2625900CE,0.0981046153846153
13-01-2026 10:55||NIFTY27JAN2624300PE,0.1633573590732546
13-01-2026 10:55||NIFTY27JAN2624400PE,0.1572898495710191
13-01-2026 10:55||NIFTY27JAN2625200CE,0.1394911101163832
13-01-2026 10:55||NIFTY27JAN2625700CE,0.1100650821002049
13-01-2026 10:55||NIFTY27JAN2626400CE,0.106301553131493
13-01-2026 11:00||NIFTY27JAN2623900PE,0.1904256415205443
13-01-2026 11:00||NIFTY27JAN2624200PE,0.1711036200349453
13-01-2026 11:00||NIFTY27JAN2625000PE,0.124186106870229
13-01-2026 11:00||NIFTY27JAN2625700CE,0.102922200847227
13-01-2026 11:00||NIFTY27JAN2625800CE,0.1017372115347246
13-01-2026 11:00||NIFTY27JAN2626400CE,0.1034537785171102
13-01-2026 11:05||NIFTY27JAN2624100PE,0.1764561950640405
13-01-2026 11:05||NIFTY27JAN2624800PE,0.1326422469661158
13-01-2026 11:05||NIFTY27JAN2625100PE,0.1181687878787878
13-01-2026 11:05||NIFTY27JAN2625800CE,0.1092719278399619
13-01-2026 11:10||NIFTY27JAN2623900PE,0.1893991569086651
13-01-2026 11:10||NIFTY27JAN2624800PE,0.1359276452119309
13-01-2026 11:10||NIFTY27JAN2624900PE,0.1350958712715854
13-01-2026 11:10||NIFTY27JAN2625000PE,0.1376676138147565
13-01-2026 11:10||NIFTY27JAN2625100PE,0.1443558084772367
13-01-2026 11:10||NIFTY27JAN2625900CE,0.1032610759714893
13-01-2026 11:10||NIFTY27JAN2626400CE,0.1034455377210378
13-01-2026 11:15||NIFTY27JAN2624500PE,0.1508590687394718
13-01-2026 11:15||NIFTY27JAN2625100PE,0.1213571668311945
13-01-2026 11:15||NIFTY27JAN2625200CE,0.1145191525423729
13-01-2026 11:15||NIFTY27JAN2625300CE,0.1129581920903955
13-01-2026 11:20||NIFTY27JAN2624900PE,0.1285196513474823
13-01-2026 11:20||NIFTY27JAN2626100CE,0.1011391943521594
13-01-2026 11:25||NIFTY27JAN2624000PE,0.1827214663702162
13-01-2026 11:25||NIFTY27JAN2624500PE,0.1498330456202657
13-01-2026 11:25||NIFTY27JAN2624800PE,0.1322669793666747
13-01-2026 11:25||NIFTY27JAN2625600CE,0.1128408157894736
13-01-2026 11:25||NIFTY27JAN2626000CE,0.1027112464120386
13-01-2026 11:25||NIFTY27JAN2626200CE,0.1020976236263736
13-01-2026 11:25||NIFTY27JAN2626400CE,0.1031225
13-01-2026 11:30||NIFTY27JAN2625100PE,0.1179361613216715
13-01-2026 11:30||NIFTY27JAN2625500CE,0.1146621512730722
13-01-2026 11:30||NIFTY27JAN2625800CE,0.1083105659981308
13-01-2026 11:30||NIFTY27JAN2625900CE,0.1059335567816675
13-01-2026 11:35||NIFTY27JAN2623800PE,0.1966912134189863
13-01-2026 11:35||NIFTY27JAN2623900PE,0.1905964775160599
13-01-2026 11:35||NIFTY27JAN2624100PE,0.1776988258386866
13-01-2026 11:35||NIFTY27JAN2624900PE,0.1294664609956427
13-01-2026 11:35||NIFTY27JAN2625300CE,0.1102934336817126
13-01-2026 11:35||NIFTY27JAN2626000CE,0.0993017002012072
13-01-2026 11:35||NIFTY27JAN2626300CE,0.1000488971485208
13-01-2026 11:35||NIFTY27JAN2626500CE,0.1022366914455626
13-01-2026 11:40||NIFTY27JAN2623800PE,0.1890875112714157
13-01-2026 11:40||NIFTY27JAN2624500PE,0.1513788437602817
13-01-2026 11:40||NIFTY27JAN2624900PE,0.1301894452219683
13-01-2026 11:40||NIFTY27JAN2625300CE,0.0978366666666666
13-01-2026 11:40||NIFTY27JAN2625400CE,0.0976383333333333
13-01-2026 11:45||NIFTY27JAN2623800PE,0.1901629477292202
13-01-2026 11:45||NIFTY27JAN2625000PE,0.1221451916413829
13-01-2026 11:45||NIFTY27JAN2625400CE,0.111649223107135
13-01-2026 11:45||NIFTY27JAN2625800CE,0.1044457170267608
13-01-2026 11:45||NIFTY27JAN2626200CE,0.1011690625
13-01-2026 11:45||NIFTY27JAN2626300CE,0.1018725
13-01-2026 11:45||NIFTY27JAN2626400CE,0.1032396875
13-01-2026 11:50||NIFTY27JAN2624000PE,0.1806596088163303
13-01-2026 11:50||NIFTY27JAN2624300PE,0.1624870009818151
13-01-2026 11:50||NIFTY27JAN2625100PE,0.1208127213114753
13-01-2026 11:50||NIFTY27JAN2626200CE,0.0979793174604025
13-01-2026 11:50||NIFTY27JAN2626300CE,0.0990718286380825
13-01-2026 11:55||NIFTY27JAN2624300PE,0.1606531881689758
13-01-2026 11:55||NIFTY27JAN2624800PE,0.1315021651671556
13-01-2026 11:55||NIFTY27JAN2625000PE,0.1219311080287206
13-01-2026 11:55||NIFTY27JAN2625400CE,0.1093277043709866
13-01-2026 11:55||NIFTY27JAN2625500CE,0.1067752889784555
13-01-2026 12:00||NIFTY27JAN2624500PE,0.1475921909075464
13-01-2026 12:00||NIFTY27JAN2625000PE,0.1209780925575799
13-01-2026 12:00||NIFTY27JAN2625900CE,0.1022971148667258
13-01-2026 12:05||NIFTY27JAN2623800PE,0.1905857419354838
13-01-2026 12:05||NIFTY27JAN2624500PE,0.1465187944108189
13-01-2026 12:05||NIFTY27JAN2624700PE,0.1346121919531675
13-01-2026 12:05||NIFTY27JAN2625000PE,0.1197195723936742
13-01-2026 12:05||NIFTY27JAN2625300CE,0.1110708333333333
13-01-2026 12:05||NIFTY27JAN2625800CE,0.1046178027308659
13-01-2026 12:10||NIFTY27JAN2624500PE,0.1481436660907727
13-01-2026 12:10||NIFTY27JAN2625000PE,0.1224105126935542
13-01-2026 12:10||NIFTY27JAN2625200CE,0.1080013869683637
13-01-2026 12:10||NIFTY27JAN2625500CE,0.0999519140070302
13-01-2026 12:10||NIFTY27JAN2625600CE,0.099809845892404
13-01-2026 12:15||NIFTY27JAN2624200PE,0.1654124165787675
13-01-2026 12:15||NIFTY27JAN2624300PE,0.1589953534663634
13-01-2026 12:15||NIFTY27JAN2625300CE,0.1158654603399433
13-01-2026 12:15||NIFTY27JAN2625800CE,0.1060702110954332
13-01-2026 12:15||NIFTY27JAN2626500CE,0.1076059813084111
13-01-2026 12:20||NIFTY27JAN2624100PE,0.1717791058542765
13-01-2026 12:20||NIFTY27JAN2624700PE,0.1361488395673467
13-01-2026 12:20||NIFTY27JAN2625100PE,0.1199756331877729
13-01-2026 12:20||NIFTY27JAN2625700CE,0.1019217936152598
13-01-2026 12:25||NIFTY27JAN2623800PE,0.1866481818181818
13-01-2026 12:25||NIFTY27JAN2624200PE,0.1645407423013182
13-01-2026 12:25||NIFTY27JAN2624300PE,0.1579933450677527
13-01-2026 12:25||NIFTY27JAN2624500PE,0.1448673655388798
13-01-2026 12:25||NIFTY27JAN2625700CE,0.1104350519781759
13-01-2026 12:30||NIFTY27JAN2623900PE,0.1829862498761149
13-01-2026 12:30||NIFTY27JAN2624000PE,0.1767753330029732
13-01-2026 12:30||NIFTY27JAN2624100PE,0.1706667496283449
13-01-2026 12:30||NIFTY27JAN2624400PE,0.1534132517528541
13-01-2026 12:30||NIFTY27JAN2624700PE,0.1354540108626655
13-01-2026 12:30||NIFTY27JAN2624900PE,0.1258806668242152
13-01-2026 12:30||NIFTY27JAN2626000CE,0.1004783511979823
13-01-2026 12:30||NIFTY27JAN2626400CE,0.1043031032906764
13-01-2026 12:35||NIFTY27JAN2624200PE,0.1629387974072687
13-01-2026 12:35||NIFTY27JAN2624300PE,0.1573884747519641
13-01-2026 12:35||NIFTY27JAN2624600PE,0.1405808312841308
13-01-2026 12:35||NIFTY27JAN2624800PE,0.1290918272273945
13-01-2026 12:35||NIFTY27JAN2625100PE,0.116184817987152
13-01-2026 12:35||NIFTY27JAN2625900CE,0.1030312678976102
13-01-2026 12:35||NIFTY27JAN2626100CE,0.1029051041666666
13-01-2026 12:35||NIFTY27JAN2626400CE,0.1057748026315789
13-01-2026 12:40||NIFTY27JAN2624100PE,0.1697989242410438
13-01-2026 12:40||NIFTY27JAN2624300PE,0.1573374189397337
13-01-2026 12:40||NIFTY27JAN2624600PE,0.1407278918124712
13-01-2026 12:40||NIFTY27JAN2624700PE,0.1350261196781715
13-01-2026 12:40||NIFTY27JAN2625100PE,0.1180068171557562
13-01-2026 12:40||NIFTY27JAN2626500CE,0.1069781911262798
13-01-2026 12:45||NIFTY27JAN2625300CE,0.0989463858195211
13-01-2026 12:45||NIFTY27JAN2626200CE,0.1012495324479324
13-01-2026 12:50||NIFTY27JAN2623900PE,0.1814770819292333
13-01-2026 12:50||NIFTY27JAN2624100PE,0.1693440290304176
13-01-2026 12:50||NIFTY27JAN2624600PE,0.1402025981954407
13-01-2026 12:50||NIFTY27JAN2625400CE,0.1072828038268447
13-01-2026 12:50||NIFTY27JAN2625500CE,0.1057233854314672
13-01-2026 12:55||NIFTY27JAN2624000PE,0.1736910332036521
13-01-2026 12:55||NIFTY27JAN2624300PE,0.1575782132916498
13-01-2026 12:55||NIFTY27JAN2624500PE,0.1453654382933464
13-01-2026 12:55||NIFTY27JAN2624700PE,0.1346751376931985
13-01-2026 12:55||NIFTY27JAN2625000PE,0.1205471632519195
13-01-2026 12:55||NIFTY27JAN2625100PE,0.1158529795115175
13-01-2026 12:55||NIFTY27JAN2625300CE,0.1114947092455042
13-01-2026 12:55||NIFTY27JAN2625500CE,0.1061364772056309
13-01-2026 12:55||NIFTY27JAN2626200CE,0.1040682719554402
13-01-2026 12:55||NIFTY27JAN2626400CE,0.1087148158663205
13-01-2026 12:55||NIFTY27JAN2626500CE,0.111192351287043
13-01-2026 13:00||NIFTY27JAN2624000PE,0.174609571802899
13-01-2026 13:00||NIFTY27JAN2624600PE,0.1398585481157551
13-01-2026 13:00||NIFTY27JAN2624700PE,0.1339421852692877
13-01-2026 13:00||NIFTY27JAN2626400CE,0.108819791293235
13-01-2026 13:05||NIFTY27JAN2624000PE,0.174786571440229
13-01-2026 13:05||NIFTY27JAN2624600PE,0.1386957114490152
13-01-2026 13:05||NIFTY27JAN2625200CE,0.12231
13-01-2026 13:05||NIFTY27JAN2625700CE,0.1080399074270808
13-01-2026 13:05||NIFTY27JAN2626500CE,0.1147354457831325
13-01-2026 13:10||NIFTY27JAN2623900PE,0.1837348766502403
13-01-2026 13:10||NIFTY27JAN2624400PE,0.1522022519026317
13-01-2026 13:10||NIFTY27JAN2624500PE,0.1460336207102257
13-01-2026 13:10||NIFTY27JAN2624700PE,0.1351022272242209
13-01-2026 13:10||NIFTY27JAN2625000PE,0.1207815599320068
13-01-2026 13:10||NIFTY27JAN2625600CE,0.1045492890262751
13-01-2026 13:10||NIFTY27JAN2626000CE,0.1018437764514378
13-01-2026 13:10||NIFTY27JAN2626400CE,0.1070454810495627
13-01-2026 13:10||NIFTY27JAN2626500CE,0.1079128862973761
13-01-2026 13:15||NIFTY27JAN2623800PE,0.1878639869497787
13-01-2026 13:15||NIFTY27JAN2624000PE,0.176258660141556
13-01-2026 13:15||NIFTY27JAN2624100PE,0.1702239869497787
13-01-2026 13:15||NIFTY27JAN2624700PE,0.1342127299294184
13-01-2026 13:15||NIFTY27JAN2625000PE,0.1198884054575523
13-01-2026 13:15||NIFTY27JAN2625800CE,0.1066125793810868
13-01-2026 13:15||NIFTY27JAN2626100CE,0.1057430075424649
13-01-2026 13:15||NIFTY27JAN2626200CE,0.1069288534465731
13-01-2026 13:15||NIFTY27JAN2626300CE,0.1086977726273948
13-01-2026 13:20||NIFTY27JAN2624300PE,0.1574355714468646
13-01-2026 13:20||NIFTY27JAN2624400PE,0.1520248218397226
13-01-2026 13:20||NIFTY27JAN2624800PE,0.1286149006018835
13-01-2026 13:20||NIFTY27JAN2625000PE,0.1194829079956188
13-01-2026 13:20||NIFTY27JAN2625300CE,0.1172906029153196
13-01-2026 13:20||NIFTY27JAN2625400CE,0.1142545391639725
13-01-2026 13:20||NIFTY27JAN2625900CE,0.1049040006075334
13-01-2026 13:20||NIFTY27JAN2626500CE,0.1132481443298969
13-01-2026 13:25||NIFTY27JAN2624000PE,0.1772678899011423
13-01-2026 13:25||NIFTY27JAN2624200PE,0.1648513731702691
13-01-2026 13:25||NIFTY27JAN2624300PE,0.1579978531628716
13-01-2026 13:25||NIFTY27JAN2624600PE,0.1402765346870217
13-01-2026 13:25||NIFTY27JAN2625600CE,0.1043050011893672
13-01-2026 13:25||NIFTY27JAN2626400CE,0.108584883593536
13-01-2026 13:30||NIFTY27JAN2623800PE,0.1893399004304955
13-01-2026 13:30||NIFTY27JAN2624000PE,0.1762232835485811
13-01-2026 13:30||NIFTY27JAN2624100PE,0.1698549004304955
13-01-2026 13:30||NIFTY27JAN2625500CE,0.1097769594427664
13-01-2026 13:35||NIFTY27JAN2624300PE,0.1585949682327777
13-01-2026 13:35||NIFTY27JAN2624800PE,0.1296767221479632
13-01-2026 13:35||NIFTY27JAN2625700CE,0.1019809402280508
13-01-2026 13:40||NIFTY27JAN2623800PE,0.1919964696611504
13-01-2026 13:40||NIFTY27JAN2624400PE,0.149723371592924
13-01-2026 13:40||NIFTY27JAN2624500PE,0.143558523189145
13-01-2026 13:40||NIFTY27JAN2625500CE,0.1123568681318681
13-01-2026 13:40||NIFTY27JAN2625700CE,0.1075172681445234
13-01-2026 13:40||NIFTY27JAN2625900CE,0.1048808637236084
13-01-2026 13:40||NIFTY27JAN2626100CE,0.1046272028613353
13-01-2026 13:45||NIFTY27JAN2624000PE,0.1771867608331004
13-01-2026 13:45||NIFTY27JAN2624100PE,0.1694078958410656
13-01-2026 13:45||NIFTY27JAN2625100PE,0.1183228103044496
13-01-2026 13:45||NIFTY27JAN2625300CE,0.1094251864480557
13-01-2026 13:45||NIFTY27JAN2625800CE,0.1015426237623762
13-01-2026 13:45||NIFTY27JAN2626000CE,0.1011013207547169
13-01-2026 13:50||NIFTY27JAN2624200PE,0.1623375311606475
13-01-2026 13:50||NIFTY27JAN2624400PE,0.1500353572162495
13-01-2026 13:50||NIFTY27JAN2624500PE,0.1437532960974943
13-01-2026 13:50||NIFTY27JAN2626000CE,0.102003028169014
13-01-2026 13:55||NIFTY27JAN2624200PE,0.1618745299195949
13-01-2026 13:55||NIFTY27JAN2624300PE,0.1551834638585939
13-01-2026 13:55||NIFTY27JAN2625000PE,0.1187131821915557
13-01-2026 13:55||NIFTY27JAN2625500CE,0.108874774296271
13-01-2026 13:55||NIFTY27JAN2626000CE,0.1032084617428267
13-01-2026 14:00||NIFTY27JAN2623900PE,0.1803669511770557
13-01-2026 14:00||NIFTY27JAN2624000PE,0.1740245364721485
13-01-2026 14:00||NIFTY27JAN2624100PE,0.1678848535311671
13-01-2026 14:00||NIFTY27JAN2624600PE,0.1388809224016136
13-01-2026 14:00||NIFTY27JAN2625300CE,0.1031483333333333
13-01-2026 14:00||NIFTY27JAN2625700CE,0.1017300009662111
13-01-2026 14:05||NIFTY27JAN2623900PE,0.1806220021773555
13-01-2026 14:05||NIFTY27JAN2624200PE,0.1612215408974217
13-01-2026 14:05||NIFTY27JAN2624500PE,0.1432242102520602
13-01-2026 14:05||NIFTY27JAN2625700CE,0.1045255408648906
13-01-2026 14:05||NIFTY27JAN2626300CE,0.1064430687830687
13-01-2026 14:05||NIFTY27JAN2626500CE,0.1118292063492063
13-01-2026 14:10||NIFTY27JAN2624300PE,0.1545167282899097
13-01-2026 14:10||NIFTY27JAN2624700PE,0.1320233687141134
13-01-2026 14:10||NIFTY27JAN2625200CE,0.102115
13-01-2026 14:10||NIFTY27JAN2625400CE,0.103285
13-01-2026 14:10||NIFTY27JAN2626100CE,0.1012373928835117
13-01-2026 14:15||NIFTY27JAN2623800PE,0.1819800518134714
13-01-2026 14:15||NIFTY27JAN2624800PE,0.1249949126955868
13-01-2026 14:15||NIFTY27JAN2626200CE,0.1035352119412119
13-01-2026 14:20||NIFTY27JAN2624000PE,0.1717174048845892
13-01-2026 14:20||NIFTY27JAN2624400PE,0.1480184096343103
13-01-2026 14:20||NIFTY27JAN2624800PE,0.1266482203157557
13-01-2026 14:20||NIFTY27JAN2624900PE,0.1224614678167894
13-01-2026 14:20||NIFTY27JAN2625200CE,0.1112780163599182
13-01-2026 14:20||NIFTY27JAN2625800CE,0.0993119553072625
13-01-2026 14:25||NIFTY27JAN2624000PE,0.1711478318166091
13-01-2026 14:25||NIFTY27JAN2624100PE,0.164676434972084
13-01-2026 14:25||NIFTY27JAN2624200PE,0.1582993206415168
13-01-2026 14:25||NIFTY27JAN2624500PE,0.1414068980583704
13-01-2026 14:25||NIFTY27JAN2624600PE,0.1354703415712862
13-01-2026 14:25||NIFTY27JAN2625600CE,0.1031724395721925
13-01-2026 14:25||NIFTY27JAN2626000CE,0.1014941244939271
13-01-2026 14:25||NIFTY27JAN2626200CE,0.1037536252223044
13-01-2026 14:30||NIFTY27JAN2624500PE,0.1399443047245434
13-01-2026 14:30||NIFTY27JAN2624600PE,0.133852141863584
13-01-2026 14:30||NIFTY27JAN2624900PE,0.1192035302806499
13-01-2026 14:30||NIFTY27JAN2625100PE,0.1104505908419497
13-01-2026 14:30||NIFTY27JAN2625600CE,0.111316679122784
13-01-2026 14:35||NIFTY27JAN2623800PE,0.1813572440944881
13-01-2026 14:35||NIFTY27JAN2624200PE,0.1584187740958837
13-01-2026 14:35||NIFTY27JAN2625100PE,0.1129448909299655
13-01-2026 14:35||NIFTY27JAN2625400CE,0.1167321760856236
13-01-2026 14:35||NIFTY27JAN2626300CE,0.1075832915883949
13-01-2026 14:35||NIFTY27JAN2626500CE,0.1129098747651847
13-01-2026 14:40||NIFTY27JAN2624500PE,0.14170824970457
13-01-2026 14:40||NIFTY27JAN2624600PE,0.1356064687225271
13-01-2026 14:40||NIFTY27JAN2624800PE,0.1242536094676582
13-01-2026 14:40||NIFTY27JAN2625300CE,0.1199990020284932
13-01-2026 14:40||NIFTY27JAN2625600CE,0.1116775371267488
13-01-2026 14:40||NIFTY27JAN2625800CE,0.1065540483000681
13-01-2026 14:45||NIFTY27JAN2625100PE,0.1150640528634361
13-01-2026 14:45||NIFTY27JAN2626000CE,0.10048552060849
13-01-2026 14:45||NIFTY27JAN2626100CE,0.1007677078836468
13-01-2026 14:45||NIFTY27JAN2626500CE,0.1094498039215686
13-01-2026 14:50||NIFTY27JAN2624400PE,0.1485684376160662
13-01-2026 14:50||NIFTY27JAN2624500PE,0.1419734565915743
13-01-2026 14:55||NIFTY27JAN2623800PE,0.1911468135326514
13-01-2026 14:55||NIFTY27JAN2623900PE,0.1833887775373721
13-01-2026 14:55||NIFTY27JAN2624100PE,0.1693529258457907
13-01-2026 14:55||NIFTY27JAN2624400PE,0.1506234249466196
13-01-2026 14:55||NIFTY27JAN2624500PE,0.1442859941475179
13-01-2026 14:55||NIFTY27JAN2624800PE,0.1277240866906867
13-01-2026 14:55||NIFTY27JAN2624900PE,0.1228670433453433
13-01-2026 14:55||NIFTY27JAN2625100PE,0.1141640866906867
13-01-2026 14:55||NIFTY27JAN2625700CE,0.1002866375873878
13-01-2026 14:55||NIFTY27JAN2625900CE,0.0982917794578195
13-01-2026 14:55||NIFTY27JAN2626400CE,0.1030783735253296
13-01-2026 15:00||NIFTY27JAN2623900PE,0.1846438205573791
13-01-2026 15:00||NIFTY27JAN2624500PE,0.1474065429770657
13-01-2026 15:00||NIFTY27JAN2624600PE,0.1412898580689528
13-01-2026 15:00||NIFTY27JAN2625100PE,0.1181329157667386
13-01-2026 15:00||NIFTY27JAN2625700CE,0.0884695326958503
13-01-2026 15:00||NIFTY27JAN2626200CE,0.0927751731088816
13-01-2026 15:05||NIFTY27JAN2624000PE,0.1750913946849585
13-01-2026 15:05||NIFTY27JAN2624500PE,0.142354533390675
13-01-2026 15:05||NIFTY27JAN2624900PE,0.1203553147551466
13-01-2026 15:05||NIFTY27JAN2625400CE,0.1151424609469187
13-01-2026 15:05||NIFTY27JAN2625700CE,0.106053114538526
13-01-2026 15:05||NIFTY27JAN2625800CE,0.1034578225397691
13-01-2026 15:05||NIFTY27JAN2626000CE,0.1015809055652511
13-01-2026 15:05||NIFTY27JAN2626100CE,0.10127989722707
13-01-2026 15:05||NIFTY27JAN2626500CE,0.1076492561983471
13-01-2026 15:10||NIFTY27JAN2624000PE,0.1770896716489702
13-01-2026 15:10||NIFTY27JAN2624200PE,0.1643022220015907
13-01-2026 15:10||NIFTY27JAN2624400PE,0.1517087135111398
13-01-2026 15:10||NIFTY27JAN2624900PE,0.1240385451210782
13-01-2026 15:10||NIFTY27JAN2625300CE,0.0948120833333333
13-01-2026 15:10||NIFTY27JAN2625600CE,0.0942295466321243
13-01-2026 15:10||NIFTY27JAN2626200CE,0.0947015235385411
13-01-2026 15:15||NIFTY27JAN2623800PE,0.1821004110996917
13-01-2026 15:15||NIFTY27JAN2624200PE,0.1652265987239559
13-01-2026 15:15||NIFTY27JAN2624600PE,0.1410628053540379
13-01-2026 15:15||NIFTY27JAN2624700PE,0.1354211542187613
13-01-2026 15:15||NIFTY27JAN2625700CE,0.0927713736263736
13-01-2026 15:15||NIFTY27JAN2626000CE,0.0920587330316742
13-01-2026 15:15||NIFTY27JAN2626300CE,0.0965555766978922
13-01-2026 15:15||NIFTY27JAN2626500CE,0.1023367300936768
13-01-2026 15:20||NIFTY27JAN2623900PE,0.1828834401552886
13-01-2026 15:20||NIFTY27JAN2624300PE,0.1578323063595452
13-01-2026 15:20||NIFTY27JAN2624800PE,0.1279226612193384
13-01-2026 15:20||NIFTY27JAN2625300CE,0.1036294710635099
13-01-2026 15:20||NIFTY27JAN2625600CE,0.0984889149423051
13-01-2026 15:20||NIFTY27JAN2626200CE,0.0964418462847419
13-01-2026 15:25||NIFTY27JAN2624500PE,0.145983116159011
13-01-2026 15:25||NIFTY27JAN2624700PE,0.1350090016981983
13-01-2026 15:25||NIFTY27JAN2624900PE,0.1247209167883438
13-01-2026 15:25||NIFTY27JAN2626000CE,0.0934668261964735
14-01-2026 09:15||NIFTY27JAN2624300PE,0.162428221819812
14-01-2026 09:15||NIFTY27JAN2624400PE,0.1559588288128714
14-01-2026 09:15||NIFTY27JAN2625300CE,0.1244828584235691
14-01-2026 09:15||NIFTY27JAN2626100CE,0.1016772807017543
14-01-2026 09:15||NIFTY27JAN2626500CE,0.1098745739910313
14-01-2026 09:20||NIFTY27JAN2624100PE,0.1769268752461834
14-01-2026 09:25||NIFTY27JAN2624000PE,0.1829795684973106
14-01-2026 09:25||NIFTY27JAN2624200PE,0.1697959408703898
14-01-2026 09:25||NIFTY27JAN2624700PE,0.1366371991626361
14-01-2026 09:25||NIFTY27JAN2625300CE,0.1276472615650759
14-01-2026 09:25||NIFTY27JAN2626500CE,0.1089983838383838
14-01-2026 09:30||NIFTY27JAN2623800PE,0.1956299916190712
14-01-2026 09:30||NIFTY27JAN2624000PE,0.1859799972063571
14-01-2026 09:30||NIFTY27JAN2624600PE,0.1463863758174607
14-01-2026 09:30||NIFTY27JAN2624700PE,0.1400639422224234
14-01-2026 09:30||NIFTY27JAN2626200CE,0.0970694770374303
14-01-2026 09:30||NIFTY27JAN2626500CE,0.1048375170338908
14-01-2026 09:35||NIFTY27JAN2624000PE,0.1843690995417471
14-01-2026 09:35||NIFTY27JAN2625500CE,0.10046
14-01-2026 09:35||NIFTY27JAN2626400CE,0.102577941324815
14-01-2026 09:40||NIFTY27JAN2623800PE,0.1934829886994448
14-01-2026 09:40||NIFTY27JAN2624000PE,0.1825059962331483
14-01-2026 09:40||NIFTY27JAN2624200PE,0.1697608962249522
14-01-2026 09:40||NIFTY27JAN2624700PE,0.1372687680352292
14-01-2026 09:40||NIFTY27JAN2624800PE,0.1315548853138044
14-01-2026 09:40||NIFTY27JAN2625000PE,0.1205335406945243
14-01-2026 09:40||NIFTY27JAN2625500CE,0.100215257246197
14-01-2026 09:40||NIFTY27JAN2625800CE,0.0969914192777482
14-01-2026 09:45||NIFTY27JAN2624300PE,0.16237659355736
14-01-2026 09:45||NIFTY27JAN2624400PE,0.1556983524626262
14-01-2026 09:45||NIFTY27JAN2624500PE,0.1490228145892126
14-01-2026 09:45||NIFTY27JAN2624600PE,0.1424975178105326
14-01-2026 09:45||NIFTY27JAN2625400CE,0.1063389194373401
14-01-2026 09:50||NIFTY27JAN2623800PE,0.1919956550703183
14-01-2026 09:50||NIFTY27JAN2623900PE,0.1867276091783864
14-01-2026 09:50||NIFTY27JAN2624600PE,0.1413109551434004
14-01-2026 09:50||NIFTY27JAN2625200CE,0.1458779999999999
14-01-2026 09:50||NIFTY27JAN2625300CE,0.1375296666666666
14-01-2026 09:50||NIFTY27JAN2626400CE,0.1081688952740923
14-01-2026 09:55||NIFTY27JAN2624100PE,0.1788653065916284
14-01-2026 09:55||NIFTY27JAN2626000CE,0.0939462762237762
14-01-2026 10:00||NIFTY27JAN2624000PE,0.1825569687290174
14-01-2026 10:00||NIFTY27JAN2624400PE,0.1557873139756229
14-01-2026 10:00||NIFTY27JAN2625100PE,0.1158568803827751
14-01-2026 10:00||NIFTY27JAN2625500CE,0.1024564575419771
14-01-2026 10:00||NIFTY27JAN2626100CE,0.0969213461538461
14-01-2026 10:00||NIFTY27JAN2626500CE,0.1056748668280871
14-01-2026 10:05||NIFTY27JAN2624600PE,0.1419862590686481
14-01-2026 10:05||NIFTY27JAN2624800PE,0.1299673883503657
14-01-2026 10:05||NIFTY27JAN2625000PE,0.118921014427412
14-01-2026 10:05||NIFTY27JAN2625300CE,0.1134199383206417
14-01-2026 10:05||NIFTY27JAN2625400CE,0.1085382099746167
14-01-2026 10:05||NIFTY27JAN2626200CE,0.09812946875
14-01-2026 10:05||NIFTY27JAN2626300CE,0.09993275
14-01-2026 10:05||NIFTY27JAN2626400CE,0.1027821562499999
14-01-2026 10:10||NIFTY27JAN2624000PE,0.1805170445701579
14-01-2026 10:10||NIFTY27JAN2624200PE,0.1673406840035687
14-01-2026 10:10||NIFTY27JAN2624500PE,0.1474518932070796
14-01-2026 10:10||NIFTY27JAN2624600PE,0.1410830306195123
14-01-2026 10:10||NIFTY27JAN2625400CE,0.1099698218887028
14-01-2026 10:10||NIFTY27JAN2625600CE,0.1037395005973469
14-01-2026 10:10||NIFTY27JAN2626400CE,0.1044450058940877
14-01-2026 10:15||NIFTY27JAN2624100PE,0.1750561292055327
14-01-2026 10:15||NIFTY27JAN2625000PE,0.1193413485615812
14-01-2026 10:15||NIFTY27JAN2625200CE,0.0933499999999999
14-01-2026 10:15||NIFTY27JAN2625600CE,0.097137591776373
14-01-2026 10:15||NIFTY27JAN2625900CE,0.0956619711538461
14-01-2026 10:20||NIFTY27JAN2624200PE,0.1665529072149356
14-01-2026 10:20||NIFTY27JAN2624700PE,0.1339191886587975
14-01-2026 10:20||NIFTY27JAN2625000PE,0.1172644339622641
14-01-2026 10:20||NIFTY27JAN2625500CE,0.1013421420707286
14-01-2026 10:20||NIFTY27JAN2625600CE,0.0996929598295696
14-01-2026 10:20||NIFTY27JAN2625700CE,0.0982757065530464
14-01-2026 10:20||NIFTY27JAN2625800CE,0.0972836355176821
14-01-2026 10:25||NIFTY27JAN2623800PE,0.1907727949326999
14-01-2026 10:25||NIFTY27JAN2624300PE,0.1597946606568632
14-01-2026 10:25||NIFTY27JAN2625000PE,0.1173448629489603
14-01-2026 10:25||NIFTY27JAN2626100CE,0.0988228263089368
14-01-2026 10:25||NIFTY27JAN2626200CE,0.1001367637289847
14-01-2026 10:25||NIFTY27JAN2626400CE,0.1045673204024461
14-01-2026 10:30||NIFTY27JAN2623900PE,0.1852029733337994
14-01-2026 10:30||NIFTY27JAN2624000PE,0.1792976133342655
14-01-2026 10:30||NIFTY27JAN2624700PE,0.1330562817336658
14-01-2026 10:30||NIFTY27JAN2624800PE,0.1274232595851363
14-01-2026 10:30||NIFTY27JAN2625100PE,0.1126626210235131
14-01-2026 10:30||NIFTY27JAN2625200CE,0.1259549896907216
14-01-2026 10:30||NIFTY27JAN2626500CE,0.1085121774193548
14-01-2026 10:35||NIFTY27JAN2623900PE,0.1872122531030761
14-01-2026 10:35||NIFTY27JAN2624400PE,0.1546043102743465
14-01-2026 10:35||NIFTY27JAN2625600CE,0.0993966801090755
14-01-2026 10:35||NIFTY27JAN2625700CE,0.0977569965817874
14-01-2026 10:35||NIFTY27JAN2626300CE,0.1002980383064578
14-01-2026 10:40||NIFTY27JAN2623800PE,0.1846946451612903
14-01-2026 10:40||NIFTY27JAN2624100PE,0.174537366949614
14-01-2026 10:40||NIFTY27JAN2625300CE,0.10365125
14-01-2026 10:40||NIFTY27JAN2625600CE,0.099028424437299
14-01-2026 10:40||NIFTY27JAN2626300CE,0.1003837389135255
14-01-2026 10:40||NIFTY27JAN2626500CE,0.1068012167405765
14-01-2026 10:45||NIFTY27JAN2624000PE,0.176587274376733
14-01-2026 10:45||NIFTY27JAN2624600PE,0.1380426891556987
14-01-2026 10:45||NIFTY27JAN2624800PE,0.1252107878431141
14-01-2026 10:45||NIFTY27JAN2625400CE,0.1227781063224232
14-01-2026 10:50||NIFTY27JAN2624000PE,0.1796120826320255
14-01-2026 10:50||NIFTY27JAN2624300PE,0.1606227361861017
14-01-2026 10:50||NIFTY27JAN2624800PE,0.128270541229092
14-01-2026 10:50||NIFTY27JAN2625200CE,0.1146532868245357
14-01-2026 10:50||NIFTY27JAN2625400CE,0.1097277622748452
14-01-2026 10:50||NIFTY27JAN2625800CE,0.0997753918933139
14-01-2026 10:55||NIFTY27JAN2624600PE,0.1406148867430378
14-01-2026 10:55||NIFTY27JAN2625000PE,0.1166958425309948
14-01-2026 10:55||NIFTY27JAN2625200CE,0.1236520427236315
14-01-2026 10:55||NIFTY27JAN2626200CE,0.1011442331288343
14-01-2026 10:55||NIFTY27JAN2626300CE,0.1020753987730062
14-01-2026 10:55||NIFTY27JAN2626400CE,0.1043261963190187
14-01-2026 10:55||NIFTY27JAN2626500CE,0.1082693251533748
14-01-2026 11:00||NIFTY27JAN2624100PE,0.1751082860148858
14-01-2026 11:00||NIFTY27JAN2626100CE,0.0996026640419947
14-01-2026 11:00||NIFTY27JAN2626300CE,0.1009115890335764
14-01-2026 11:05||NIFTY27JAN2624000PE,0.1820179272415975
14-01-2026 11:05||NIFTY27JAN2624800PE,0.1306844323636278
14-01-2026 11:05||NIFTY27JAN2625300CE,0.1047586436514093
14-01-2026 11:05||NIFTY27JAN2626000CE,0.0965653648915187
14-01-2026 11:05||NIFTY27JAN2626100CE,0.0968107297830374
14-01-2026 11:05||NIFTY27JAN2626300CE,0.0987909418270162
14-01-2026 11:10||NIFTY27JAN2624000PE,0.1816784211772583
14-01-2026 11:10||NIFTY27JAN2624300PE,0.1620216744392469
14-01-2026 11:10||NIFTY27JAN2624500PE,0.148864723940434
14-01-2026 11:10||NIFTY27JAN2625200CE,0.1164422362869198
14-01-2026 11:15||NIFTY27JAN2624100PE,0.1762574644526223
14-01-2026 11:15||NIFTY27JAN2624300PE,0.1624845612671865
14-01-2026 11:15||NIFTY27JAN2624400PE,0.155719642867987
14-01-2026 11:15||NIFTY27JAN2624500PE,0.1490214438351942
14-01-2026 11:15||NIFTY27JAN2624600PE,0.1424761632016009
14-01-2026 11:15||NIFTY27JAN2625500CE,0.1092075312118354
14-01-2026 11:15||NIFTY27JAN2625800CE,0.1012151550751879
14-01-2026 11:15||NIFTY27JAN2626000CE,0.0982792105263157
14-01-2026 11:20||NIFTY27JAN2623800PE,0.2007253115727004
14-01-2026 11:20||NIFTY27JAN2623900PE,0.1920725519287834
14-01-2026 11:20||NIFTY27JAN2624600PE,0.1438438029983539
14-01-2026 11:20||NIFTY27JAN2624800PE,0.1311492374734721
14-01-2026 11:20||NIFTY27JAN2625100PE,0.117122534040672
14-01-2026 11:20||NIFTY27JAN2625300CE,0.1089928759168704
14-01-2026 11:20||NIFTY27JAN2625600CE,0.1015867256308016
14-01-2026 11:20||NIFTY27JAN2625800CE,0.0974208717431309
14-01-2026 11:25||NIFTY27JAN2623900PE,0.1885144835545519
14-01-2026 11:25||NIFTY27JAN2624700PE,0.1348975519972539
14-01-2026 11:25||NIFTY27JAN2624900PE,0.1234033190568434
14-01-2026 11:25||NIFTY27JAN2625400CE,0.1283664207445872
14-01-2026 11:25||NIFTY27JAN2626200CE,0.1020697563559322
14-01-2026 11:30||NIFTY27JAN2624200PE,0.1711415847408546
14-01-2026 11:30||NIFTY27JAN2624300PE,0.1649707336813407
14-01-2026 11:30||NIFTY27JAN2624400PE,0.1588995157811564
14-01-2026 11:30||NIFTY27JAN2625000PE,0.1215856239015817
14-01-2026 11:30||NIFTY27JAN2625300CE,0.1072329011487863
14-01-2026 11:30||NIFTY27JAN2625800CE,0.0970234462704771
14-01-2026 11:30||NIFTY27JAN2626000CE,0.0952888705234159
14-01-2026 11:35||NIFTY27JAN2623900PE,0.190354830371567
14-01-2026 11:35||NIFTY27JAN2624400PE,0.1573826537400088
14-01-2026 11:35||NIFTY27JAN2624500PE,0.1504331794369432
14-01-2026 11:35||NIFTY27JAN2624700PE,0.1376500886412948
14-01-2026 11:35||NIFTY27JAN2625100PE,0.1166129132420091
14-01-2026 11:35||NIFTY27JAN2625500CE,0.1030272064321856
14-01-2026 11:35||NIFTY27JAN2625700CE,0.1001887992240942
14-01-2026 11:35||NIFTY27JAN2626100CE,0.0964843167202572
14-01-2026 11:40||NIFTY27JAN2623900PE,0.1905149529509856
14-01-2026 11:40||NIFTY27JAN2625500CE,0.1002220737914253
14-01-2026 11:40||NIFTY27JAN2625600CE,0.0986769537327951
14-01-2026 11:40||NIFTY27JAN2626500CE,0.1022975961538461
14-01-2026 11:45||NIFTY27JAN2623900PE,0.1903516170926875
14-01-2026 11:45||NIFTY27JAN2624300PE,0.1633292092317626
14-01-2026 11:45||NIFTY27JAN2624500PE,0.1499694892594161
14-01-2026 11:45||NIFTY27JAN2626400CE,0.1024128522336769
14-01-2026 11:50||NIFTY27JAN2625100PE,0.1168070856102003
14-01-2026 11:50||NIFTY27JAN2625700CE,0.1000493442083218
14-01-2026 11:50||NIFTY27JAN2625800CE,0.0980798659288172
14-01-2026 11:50||NIFTY27JAN2626100CE,0.0960891666666666
14-01-2026 11:55||NIFTY27JAN2624200PE,0.1713840751905442
14-01-2026 11:55||NIFTY27JAN2624400PE,0.1579931608941441
14-01-2026 11:55||NIFTY27JAN2624800PE,0.1315149075206203
14-01-2026 11:55||NIFTY27JAN2625200CE,0.115411214057508
14-01-2026 11:55||NIFTY27JAN2625600CE,0.1014622137797099
14-01-2026 12:00||NIFTY27JAN2623800PE,0.2016534299516908
14-01-2026 12:00||NIFTY27JAN2624400PE,0.1592690830056921
14-01-2026 12:00||NIFTY27JAN2624900PE,0.1284805152979066
14-01-2026 12:00||NIFTY27JAN2625000PE,0.1251730917874396
14-01-2026 12:00||NIFTY27JAN2625100PE,0.1234292753623189
14-01-2026 12:05||NIFTY27JAN2624400PE,0.1593597528470967
14-01-2026 12:05||NIFTY27JAN2624600PE,0.1454963057014955
14-01-2026 12:05||NIFTY27JAN2626500CE,0.097965027027027
14-01-2026 12:10||NIFTY27JAN2624400PE,0.1571521263445913
14-01-2026 12:10||NIFTY27JAN2624600PE,0.1435602322855485
14-01-2026 12:10||NIFTY27JAN2624800PE,0.1313359746274124
14-01-2026 12:10||NIFTY27JAN2624900PE,0.1258266539803729
14-01-2026 12:10||NIFTY27JAN2625100PE,0.1161539746274124
14-01-2026 12:10||NIFTY27JAN2625900CE,0.0923706239750642
14-01-2026 12:10||NIFTY27JAN2626300CE,0.0947283883655734
14-01-2026 12:15||NIFTY27JAN2624200PE,0.1684228967622626
14-01-2026 12:15||NIFTY27JAN2624800PE,0.1280024277832603
14-01-2026 12:15||NIFTY27JAN2626500CE,0.1042964745762712
14-01-2026 12:20||NIFTY27JAN2623800PE,0.1986571513353116
14-01-2026 12:20||NIFTY27JAN2623900PE,0.1917195252225519
14-01-2026 12:20||NIFTY27JAN2625300CE,0.1005916666666666
14-01-2026 12:20||NIFTY27JAN2626400CE,0.0974325860881542
14-01-2026 12:25||NIFTY27JAN2624500PE,0.150846632709548
14-01-2026 12:25||NIFTY27JAN2625400CE,0.0949118518518518
14-01-2026 12:25||NIFTY27JAN2625500CE,0.0950081481481481
14-01-2026 12:25||NIFTY27JAN2625900CE,0.0919110391354226
14-01-2026 12:30||NIFTY27JAN2623900PE,0.1905860825045799
14-01-2026 12:30||NIFTY27JAN2624300PE,0.1637614374451624
14-01-2026 12:30||NIFTY27JAN2624900PE,0.1257432493523022
14-01-2026 12:30||NIFTY27JAN2625800CE,0.0963732727759096
14-01-2026 12:30||NIFTY27JAN2626300CE,0.0956256465371751
14-01-2026 12:30||NIFTY27JAN2626400CE,0.0981986566019208
14-01-2026 12:35||NIFTY27JAN2623900PE,0.1911042977018993
14-01-2026 12:35||NIFTY27JAN2625300CE,0.1044175835308057
14-01-2026 12:35||NIFTY27JAN2625500CE,0.099901847259883
14-01-2026 12:35||NIFTY27JAN2625900CE,0.0942808249154482
14-01-2026 12:45||NIFTY27JAN2625600CE,0.09556227486559
14-01-2026 12:45||NIFTY27JAN2625700CE,0.0938913608273501
14-01-2026 12:50||NIFTY27JAN2624900PE,0.1246527963702416
14-01-2026 12:50||NIFTY27JAN2626300CE,0.0953317966360856
14-01-2026 12:50||NIFTY27JAN2626500CE,0.1007353899082568
14-01-2026 12:55||NIFTY27JAN2623900PE,0.1885463095238095
14-01-2026 12:55||NIFTY27JAN2624300PE,0.1620115839308435
14-01-2026 12:55||NIFTY27JAN2625000PE,0.1181681468531468
14-01-2026 13:00||NIFTY27JAN2624700PE,0.1363509798053757
14-01-2026 13:00||NIFTY27JAN2625400CE,0.0987583728296574
14-01-2026 13:00||NIFTY27JAN2625700CE,0.0949849578720969
14-01-2026 13:00||NIFTY27JAN2625800CE,0.0929047011582706
14-01-2026 13:00||NIFTY27JAN2626200CE,0.0927481481481481
14-01-2026 13:00||NIFTY27JAN2626300CE,0.0946174074074074
14-01-2026 13:00||NIFTY27JAN2626500CE,0.1009381481481481
14-01-2026 13:05||NIFTY27JAN2624000PE,0.1828811564167403
14-01-2026 13:05||NIFTY27JAN2624400PE,0.1561314269559051
14-01-2026 13:05||NIFTY27JAN2624800PE,0.1294841880691403
14-01-2026 13:05||NIFTY27JAN2624900PE,0.1241831777292059
14-01-2026 13:05||NIFTY27JAN2625800CE,0.0956519025696518
14-01-2026 13:05||NIFTY27JAN2626200CE,0.094149168765743
14-01-2026 13:05||NIFTY27JAN2626300CE,0.0958183375314861
14-01-2026 13:10||NIFTY27JAN2624000PE,0.1831024317899243
14-01-2026 13:10||NIFTY27JAN2624600PE,0.1433851459020895
14-01-2026 13:10||NIFTY27JAN2624700PE,0.1368725039175142
14-01-2026 13:10||NIFTY27JAN2624900PE,0.1248302218934911
14-01-2026 13:10||NIFTY27JAN2625300CE,0.0968568534482758
14-01-2026 13:10||NIFTY27JAN2625800CE,0.0899729361621299
14-01-2026 13:10||NIFTY27JAN2625900CE,0.0896784266498032
14-01-2026 13:10||NIFTY27JAN2626400CE,0.0958466458205704
14-01-2026 13:15||NIFTY27JAN2624000PE,0.1824001544337965
14-01-2026 13:15||NIFTY27JAN2624600PE,0.1417625613213247
14-01-2026 13:15||NIFTY27JAN2624800PE,0.1292886981195951
14-01-2026 13:15||NIFTY27JAN2625200CE,0.11376
14-01-2026 13:15||NIFTY27JAN2625600CE,0.0937176937984496
14-01-2026 13:15||NIFTY27JAN2626100CE,0.0913358537988937
14-01-2026 13:15||NIFTY27JAN2626200CE,0.0924050198367991
14-01-2026 13:20||NIFTY27JAN2624400PE,0.1548445624534743
14-01-2026 13:20||NIFTY27JAN2624700PE,0.1354741950275567
14-01-2026 13:20||NIFTY27JAN2624900PE,0.1245005952354643
14-01-2026 13:20||NIFTY27JAN2625200CE,0.0889199999999999
14-01-2026 13:20||NIFTY27JAN2625900CE,0.0886546126760563
14-01-2026 13:25||NIFTY27JAN2624100PE,0.1726675561143519
14-01-2026 13:25||NIFTY27JAN2624700PE,0.1338129654931906
14-01-2026 13:25||NIFTY27JAN2624900PE,0.1224727503258345
14-01-2026 13:25||NIFTY27JAN2625200CE,0.1068459898477157
14-01-2026 13:25||NIFTY27JAN2625600CE,0.0955315810496511
14-01-2026 13:25||NIFTY27JAN2626400CE,0.0991482558139534
14-01-2026 13:25||NIFTY27JAN2626500CE,0.1018595348837209
14-01-2026 13:30||NIFTY27JAN2624200PE,0.1665083694009263
14-01-2026 13:30||NIFTY27JAN2624300PE,0.1597181044522476
14-01-2026 13:30||NIFTY27JAN2625200CE,0.10037
14-01-2026 13:30||NIFTY27JAN2625700CE,0.0899250688612697
14-01-2026 13:30||NIFTY27JAN2626500CE,0.1012949530956847
14-01-2026 13:35||NIFTY27JAN2624000PE,0.1778391057281897
14-01-2026 13:35||NIFTY27JAN2624100PE,0.1712187129527683
14-01-2026 13:35||NIFTY27JAN2625100PE,0.1175389626556017
14-01-2026 13:35||NIFTY27JAN2625500CE,0.081741178063809
14-01-2026 13:35||NIFTY27JAN2625700CE,0.0841451441969745
14-01-2026 13:40||NIFTY27JAN2626500CE,0.1053948484848484
14-01-2026 13:45||NIFTY27JAN2624100PE,0.1684895148630402
14-01-2026 13:45||NIFTY27JAN2624200PE,0.1618475493291388
14-01-2026 13:45||NIFTY27JAN2624400PE,0.1487414299829654
14-01-2026 13:45||NIFTY27JAN2624600PE,0.1361265440296556
14-01-2026 13:45||NIFTY27JAN2624700PE,0.1299248797037997
14-01-2026 13:45||NIFTY27JAN2624800PE,0.124005775526044
14-01-2026 13:45||NIFTY27JAN2625400CE,0.1031597264260768
14-01-2026 13:45||NIFTY27JAN2626200CE,0.0974740336856976
14-01-2026 13:45||NIFTY27JAN2626300CE,0.0999176966095089
14-01-2026 13:45||NIFTY27JAN2626400CE,0.1034350112285658
14-01-2026 13:50||NIFTY27JAN2625400CE,0.0855983333333333
14-01-2026 13:50||NIFTY27JAN2625600CE,0.0878173484848485
14-01-2026 13:50||NIFTY27JAN2626300CE,0.0981663113040499
14-01-2026 13:55||NIFTY27JAN2623800PE,0.1852557759336099
14-01-2026 13:55||NIFTY27JAN2624600PE,0.1359451233528636
14-01-2026 13:55||NIFTY27JAN2624900PE,0.1196286015729262
14-01-2026 13:55||NIFTY27JAN2625200CE,0.1036437404580152
14-01-2026 13:55||NIFTY27JAN2626200CE,0.0981803303850565
14-01-2026 14:00||NIFTY27JAN2623800PE,0.1869149785407726
14-01-2026 14:00||NIFTY27JAN2623900PE,0.1819708297567954
14-01-2026 14:00||NIFTY27JAN2624400PE,0.1493490035507599
14-01-2026 14:00||NIFTY27JAN2624500PE,0.143102372090134
14-01-2026 14:05||NIFTY27JAN2624000PE,0.1753083657855031
14-01-2026 14:05||NIFTY27JAN2624300PE,0.1550077959972735
14-01-2026 14:05||NIFTY27JAN2624700PE,0.1295756181491966
14-01-2026 14:05||NIFTY27JAN2624800PE,0.1241005691487848
14-01-2026 14:05||NIFTY27JAN2625200CE,0.1086596969696969
14-01-2026 14:05||NIFTY27JAN2625700CE,0.0974459060721062
14-01-2026 14:05||NIFTY27JAN2625900CE,0.0966017324955116
14-01-2026 14:10||NIFTY27JAN2624200PE,0.1622140270025299
14-01-2026 14:10||NIFTY27JAN2624800PE,0.123131558563154
14-01-2026 14:10||NIFTY27JAN2625700CE,0.0991802109316633
14-01-2026 14:15||NIFTY27JAN2624600PE,0.1378469532671271
14-01-2026 14:15||NIFTY27JAN2625300CE,0.0909116666666666
14-01-2026 14:15||NIFTY27JAN2625900CE,0.0909444815720365
14-01-2026 14:15||NIFTY27JAN2626000CE,0.0919567409218509
14-01-2026 14:15||NIFTY27JAN2626500CE,0.1064589057750759
14-01-2026 14:20||NIFTY27JAN2624400PE,0.1497910388664072
14-01-2026 14:20||NIFTY27JAN2624900PE,0.1206897624637025
14-01-2026 14:20||NIFTY27JAN2625100PE,0.1119792873911075
14-01-2026 14:25||NIFTY27JAN2623800PE,0.1857246835443038
14-01-2026 14:25||NIFTY27JAN2625600CE,0.1016518235125743
14-01-2026 14:25||NIFTY27JAN2626100CE,0.1003455611536587
14-01-2026 14:30||NIFTY27JAN2623900PE,0.1814728173231974
14-01-2026 14:30||NIFTY27JAN2624300PE,0.1541571335416244
14-01-2026 14:30||NIFTY27JAN2624500PE,0.1413475929115046
14-01-2026 14:30||NIFTY27JAN2625000PE,0.1118836168307967
14-01-2026 14:30||NIFTY27JAN2625100PE,0.1053917009847806
14-01-2026 14:30||NIFTY27JAN2625400CE,0.1081654709576138
14-01-2026 14:30||NIFTY27JAN2626000CE,0.0984609486510008
14-01-2026 14:30||NIFTY27JAN2626100CE,0.099775230635335
14-01-2026 14:30||NIFTY27JAN2626400CE,0.1068914621409921
14-01-2026 14:30||NIFTY27JAN2626500CE,0.1048187728459529
14-01-2026 14:35||NIFTY27JAN2624000PE,0.1749802983913544
14-01-2026 14:35||NIFTY27JAN2624300PE,0.1547392870438215
14-01-2026 14:35||NIFTY27JAN2625500CE,0.1079160642557043
14-01-2026 14:35||NIFTY27JAN2625900CE,0.0996028117206982
14-01-2026 14:35||NIFTY27JAN2626400CE,0.1077685683987274
14-01-2026 14:40||NIFTY27JAN2624300PE,0.156852210186106
14-01-2026 14:40||NIFTY27JAN2624400PE,0.1499944236770461
14-01-2026 14:40||NIFTY27JAN2624500PE,0.1432794253294631
14-01-2026 14:40||NIFTY27JAN2624700PE,0.1307979995180438
14-01-2026 14:40||NIFTY27JAN2624800PE,0.1249898060593247
14-01-2026 14:40||NIFTY27JAN2625000PE,0.1142065619414395
14-01-2026 14:40||NIFTY27JAN2625400CE,0.1052381337741473
14-01-2026 14:40||NIFTY27JAN2625800CE,0.0973805585831062
14-01-2026 14:45||NIFTY27JAN2624500PE,0.1461804466238405
14-01-2026 14:45||NIFTY27JAN2624800PE,0.1272365496760853
14-01-2026 14:45||NIFTY27JAN2625100PE,0.1119868656716417
14-01-2026 14:45||NIFTY27JAN2625400CE,0.0978531255522704
14-01-2026 14:45||NIFTY27JAN2625500CE,0.0972717673593781
14-01-2026 14:45||NIFTY27JAN2625800CE,0.094365847245409
14-01-2026 14:45||NIFTY27JAN2626100CE,0.0959694210719499
14-01-2026 14:45||NIFTY27JAN2626200CE,0.0979167814345848
14-01-2026 14:45||NIFTY27JAN2626300CE,0.1003057510799273
14-01-2026 14:50||NIFTY27JAN2624400PE,0.1530433661859378
14-01-2026 14:50||NIFTY27JAN2624600PE,0.1395232693214171
14-01-2026 14:50||NIFTY27JAN2624900PE,0.1223871201950608
14-01-2026 14:50||NIFTY27JAN2625200CE,0.1105565934065933
14-01-2026 14:50||NIFTY27JAN2625700CE,0.0949282559111157
14-01-2026 14:50||NIFTY27JAN2625800CE,0.0939630168444467
14-01-2026 14:50||NIFTY27JAN2626300CE,0.0994092867878801
14-01-2026 14:55||NIFTY27JAN2624100PE,0.1713642036015314
14-01-2026 14:55||NIFTY27JAN2624200PE,0.1651668357147183
14-01-2026 14:55||NIFTY27JAN2624600PE,0.1394354793785864
14-01-2026 14:55||NIFTY27JAN2624800PE,0.1269738929909793
14-01-2026 14:55||NIFTY27JAN2625100PE,0.1125209817351598
14-01-2026 14:55||NIFTY27JAN2625300CE,0.0960198712223886
14-01-2026 14:55||NIFTY27JAN2625400CE,0.0937017424447773
14-01-2026 14:55||NIFTY27JAN2625600CE,0.0911311448748127
14-01-2026 14:55||NIFTY27JAN2626400CE,0.1007370411887382
14-01-2026 15:00||NIFTY27JAN2624300PE,0.1564852662606065
14-01-2026 15:00||NIFTY27JAN2624700PE,0.1310989137140235
14-01-2026 15:00||NIFTY27JAN2625800CE,0.0959222262617622
14-01-2026 15:05||NIFTY27JAN2623900PE,0.1852083657432072
14-01-2026 15:05||NIFTY27JAN2624400PE,0.1528738050602529
14-01-2026 15:05||NIFTY27JAN2624800PE,0.1280673823944751
14-01-2026 15:05||NIFTY27JAN2626300CE,0.099275772758225
14-01-2026 15:10||NIFTY27JAN2624100PE,0.1698632479870273
14-01-2026 15:10||NIFTY27JAN2624500PE,0.1438997333233864
14-01-2026 15:10||NIFTY27JAN2624900PE,0.1222354431442344
14-01-2026 15:10||NIFTY27JAN2625500CE,0.0961042544940888
14-01-2026 15:10||NIFTY27JAN2626200CE,0.0981851680754703
14-01-2026 15:15||NIFTY27JAN2624400PE,0.1496881567608477
14-01-2026 15:15||NIFTY27JAN2624700PE,0.1302104352959293
14-01-2026 15:15||NIFTY27JAN2625100PE,0.111417374749499
14-01-2026 15:15||NIFTY27JAN2625500CE,0.1032589607205013
14-01-2026 15:15||NIFTY27JAN2625900CE,0.0978613347457627
14-01-2026 15:15||NIFTY27JAN2626100CE,0.098738545624416
14-01-2026 15:20||NIFTY27JAN2624500PE,0.1426189214918856
14-01-2026 15:20||NIFTY27JAN2624800PE,0.1254111942147476
14-01-2026 15:20||NIFTY27JAN2626100CE,0.0997874841732402
14-01-2026 15:20||NIFTY27JAN2626300CE,0.1038594355438692
14-01-2026 15:20||NIFTY27JAN2626400CE,0.1068410511052679
14-01-2026 15:25||NIFTY27JAN2623900PE,0.1857322425530732
14-01-2026 15:25||NIFTY27JAN2624600PE,0.139447287282817
14-01-2026 15:25||NIFTY27JAN2625100PE,0.11454393629124
14-01-2026 15:25||NIFTY27JAN2625200CE,0.1033183815028901
14-01-2026 15:25||NIFTY27JAN2626400CE,0.1024110916179337
14-01-2026 15:25||NIFTY27JAN2626500CE,0.1009065497076023
16-01-2026 09:15||NIFTY27JAN2624100PE,0.1795191701120138
16-01-2026 09:15||NIFTY27JAN2624200PE,0.1720029964371371
16-01-2026 09:15||NIFTY27JAN2624300PE,0.1643853245436917
16-01-2026 09:15||NIFTY27JAN2624800PE,0.1307859839047367
16-01-2026 09:15||NIFTY27JAN2625000PE,0.1191191980277185
16-01-2026 09:15||NIFTY27JAN2626000CE,0.1063236431226765
16-01-2026 09:15||NIFTY27JAN2626100CE,0.1054718215613382
16-01-2026 09:20||NIFTY27JAN2624100PE,0.178406430661234
16-01-2026 09:20||NIFTY27JAN2624400PE,0.1582508731603475
16-01-2026 09:20||NIFTY27JAN2624600PE,0.1444778888852937
16-01-2026 09:20||NIFTY27JAN2625000PE,0.1205203601122855
16-01-2026 09:20||NIFTY27JAN2625200CE,0.1235616889164855
16-01-2026 09:20||NIFTY27JAN2625400CE,0.1105472296388285
16-01-2026 09:20||NIFTY27JAN2625700CE,0.1019126407336375
16-01-2026 09:20||NIFTY27JAN2626000CE,0.0975494765465669
16-01-2026 09:25||NIFTY27JAN2624600PE,0.1413230040773379
16-01-2026 09:25||NIFTY27JAN2624700PE,0.1349160081546757
16-01-2026 09:25||NIFTY27JAN2625300CE,0.1302504143107875
16-01-2026 09:25||NIFTY27JAN2625600CE,0.11055759744171
16-01-2026 09:25||NIFTY27JAN2626300CE,0.1011408210936422
16-01-2026 09:25||NIFTY27JAN2626500CE,0.1058124632809267
16-01-2026 09:30||NIFTY27JAN2623800PE,0.1943610933333333
16-01-2026 09:30||NIFTY27JAN2624300PE,0.1596818454067131
16-01-2026 09:30||NIFTY27JAN2624400PE,0.1531194590044347
16-01-2026 09:30||NIFTY27JAN2624900PE,0.1223710554720176
16-01-2026 09:30||NIFTY27JAN2625100PE,0.1114631664160531
16-01-2026 09:30||NIFTY27JAN2625500CE,0.1054314803431061
16-01-2026 09:30||NIFTY27JAN2625700CE,0.1012141240490257
16-01-2026 09:30||NIFTY27JAN2625900CE,0.0965750706678549
16-01-2026 09:30||NIFTY27JAN2626000CE,0.0951514242228163
16-01-2026 09:35||NIFTY27JAN2624100PE,0.1747733247005232
16-01-2026 09:35||NIFTY27JAN2624200PE,0.1674291944167903
16-01-2026 09:35||NIFTY27JAN2624800PE,0.1273102486611957
16-01-2026 09:35||NIFTY27JAN2625100PE,0.1131117717020303
16-01-2026 09:35||NIFTY27JAN2626300CE,0.0984865882352941
16-01-2026 09:35||NIFTY27JAN2626400CE,0.101293294117647
16-01-2026 09:40||NIFTY27JAN2624200PE,0.1664384703249181
16-01-2026 09:40||NIFTY27JAN2624300PE,0.1601281441296944
16-01-2026 09:40||NIFTY27JAN2625900CE,0.1037414199497553
16-01-2026 09:40||NIFTY27JAN2626500CE,0.1052203496503496
16-01-2026 09:45||NIFTY27JAN2623900PE,0.1902424417009602
16-01-2026 09:45||NIFTY27JAN2624500PE,0.1468748300288534
16-01-2026 09:45||NIFTY27JAN2624800PE,0.1250699580292043
16-01-2026 09:45||NIFTY27JAN2624900PE,0.1193577348460543
16-01-2026 09:45||NIFTY27JAN2625400CE,0.1261682334240349
16-01-2026 09:45||NIFTY27JAN2626000CE,0.1014368009399127
16-01-2026 09:45||NIFTY27JAN2626100CE,0.0999667338032897
16-01-2026 09:50||NIFTY27JAN2623900PE,0.1928453010279001
16-01-2026 09:50||NIFTY27JAN2624200PE,0.1718024676956945
16-01-2026 09:50||NIFTY27JAN2624900PE,0.1217330667520251
16-01-2026 09:50||NIFTY27JAN2625500CE,0.1133784701083106
16-01-2026 09:50||NIFTY27JAN2625600CE,0.108849272004486
16-01-2026 09:50||NIFTY27JAN2625700CE,0.104877838846506
16-01-2026 09:50||NIFTY27JAN2625800CE,0.1015596037923507
16-01-2026 09:50||NIFTY27JAN2626000CE,0.0968241307228029
16-01-2026 09:50||NIFTY27JAN2626200CE,0.096142435064935
16-01-2026 09:55||NIFTY27JAN2623800PE,0.2006096131805157
16-01-2026 09:55||NIFTY27JAN2624000PE,0.1864098710601719
16-01-2026 09:55||NIFTY27JAN2624200PE,0.1724898432255423
16-01-2026 09:55||NIFTY27JAN2624500PE,0.1506220671663779
16-01-2026 09:55||NIFTY27JAN2624900PE,0.1224635557282732
16-01-2026 09:55||NIFTY27JAN2625000PE,0.1164476111974699
16-01-2026 09:55||NIFTY27JAN2625300CE,0.115529446730427
16-01-2026 09:55||NIFTY27JAN2625400CE,0.1105318579478054
16-01-2026 09:55||NIFTY27JAN2625500CE,0.1061758401912811
16-01-2026 09:55||NIFTY27JAN2625700CE,0.0993420137724846
16-01-2026 09:55||NIFTY27JAN2625900CE,0.0949718054879038
16-01-2026 09:55||NIFTY27JAN2626000CE,0.0933342360772852
16-01-2026 09:55||NIFTY27JAN2626400CE,0.0965264615384615
16-01-2026 09:55||NIFTY27JAN2626500CE,0.0976087692307692
16-01-2026 10:00||NIFTY27JAN2624000PE,0.185935
16-01-2026 10:00||NIFTY27JAN2625400CE,0.1322381720151641
16-01-2026 10:00||NIFTY27JAN2625900CE,0.1040368115332874
16-01-2026 10:00||NIFTY27JAN2626000CE,0.1008786675780658
16-01-2026 10:00||NIFTY27JAN2626400CE,0.10202
16-01-2026 10:00||NIFTY27JAN2626500CE,0.10073
16-01-2026 10:05||NIFTY27JAN2624000PE,0.1865347633774107
16-01-2026 10:05||NIFTY27JAN2624100PE,0.1800227218280357
16-01-2026 10:05||NIFTY27JAN2624400PE,0.1584013001122528
16-01-2026 10:05||NIFTY27JAN2625100PE,0.1113419476268412
16-01-2026 10:05||NIFTY27JAN2625700CE,0.1091720364357951
16-01-2026 10:05||NIFTY27JAN2626400CE,0.1010588652482269
16-01-2026 10:05||NIFTY27JAN2626500CE,0.0985331914893615
16-01-2026 10:10||NIFTY27JAN2623900PE,0.19622121439153
16-01-2026 10:10||NIFTY27JAN2624800PE,0.1298104358317206
16-01-2026 10:10||NIFTY27JAN2625300CE,0.1411014099247412
16-01-2026 10:10||NIFTY27JAN2625600CE,0.1176395176749425
16-01-2026 10:10||NIFTY27JAN2626100CE,0.1006541755737189
16-01-2026 10:10||NIFTY27JAN2626400CE,0.1030442878039861
16-01-2026 10:15||NIFTY27JAN2623800PE,0.2052964705882353
16-01-2026 10:15||NIFTY27JAN2624400PE,0.1648973550809162
16-01-2026 10:15||NIFTY27JAN2624500PE,0.1569528603756267
16-01-2026 10:15||NIFTY27JAN2625300CE,0.1587378397806432
16-01-2026 10:20||NIFTY27JAN2623800PE,0.2098897998570408
16-01-2026 10:20||NIFTY27JAN2624300PE,0.1763710215107461
16-01-2026 10:20||NIFTY27JAN2624500PE,0.1616817042873577
16-01-2026 10:20||NIFTY27JAN2624800PE,0.1383688994921711
16-01-2026 10:20||NIFTY27JAN2625700CE,0.1184788105929523
16-01-2026 10:20||NIFTY27JAN2625900CE,0.1107936432821041
16-01-2026 10:20||NIFTY27JAN2626400CE,0.1046263669434029
16-01-2026 10:25||NIFTY27JAN2624000PE,0.1980147695581926
16-01-2026 10:25||NIFTY27JAN2624200PE,0.1844414843865554
16-01-2026 10:25||NIFTY27JAN2624300PE,0.1776372814026102
16-01-2026 10:25||NIFTY27JAN2624600PE,0.1539090945002088
16-01-2026 10:25||NIFTY27JAN2625400CE,0.1385712472684487
16-01-2026 10:25||NIFTY27JAN2626000CE,0.1052814157953276
16-01-2026 10:30||NIFTY27JAN2624200PE,0.1843376007882029
16-01-2026 10:30||NIFTY27JAN2624400PE,0.1694533424925586
16-01-2026 10:30||NIFTY27JAN2624800PE,0.1403749141507842
16-01-2026 10:30||NIFTY27JAN2625500CE,0.1244884257766682
16-01-2026 10:35||NIFTY27JAN2624000PE,0.1986342113632292
16-01-2026 10:35||NIFTY27JAN2624200PE,0.1850987168368441
16-01-2026 10:35||NIFTY27JAN2624900PE,0.1351051096933064
16-01-2026 10:35||NIFTY27JAN2625100PE,0.1207353290799194
16-01-2026 10:35||NIFTY27JAN2625200CE,0.1528100135777325
16-01-2026 10:35||NIFTY27JAN2625600CE,0.1197637771765357
16-01-2026 10:35||NIFTY27JAN2626300CE,0.099592037037037
16-01-2026 10:35||NIFTY27JAN2626400CE,0.1006318518518518
16-01-2026 10:40||NIFTY27JAN2623800PE,0.2117009638554216
16-01-2026 10:40||NIFTY27JAN2624200PE,0.1858960400511997
16-01-2026 10:40||NIFTY27JAN2624700PE,0.149425789830064
16-01-2026 10:40||NIFTY27JAN2624900PE,0.1358739961679086
16-01-2026 10:40||NIFTY27JAN2626200CE,0.0940897831926323
16-01-2026 10:45||NIFTY27JAN2623800PE,0.2124152292220343
16-01-2026 10:45||NIFTY27JAN2624000PE,0.1981750764073447
16-01-2026 10:45||NIFTY27JAN2624400PE,0.1700825838886595
16-01-2026 10:45||NIFTY27JAN2624600PE,0.1547710360476268
16-01-2026 10:45||NIFTY27JAN2624900PE,0.1345725312170883
16-01-2026 10:45||NIFTY27JAN2625200CE,0.1304490529875986
16-01-2026 10:50||NIFTY27JAN2624200PE,0.1832793016710096
16-01-2026 10:50||NIFTY27JAN2624300PE,0.1758648153624726
16-01-2026 10:50||NIFTY27JAN2624400PE,0.1684204213726993
16-01-2026 10:50||NIFTY27JAN2624600PE,0.153779916796851
16-01-2026 10:50||NIFTY27JAN2625400CE,0.1304600151113977
16-01-2026 10:50||NIFTY27JAN2626300CE,0.0975464814814814
16-01-2026 10:50||NIFTY27JAN2626400CE,0.098974074074074
16-01-2026 10:55||NIFTY27JAN2623800PE,0.2125617154811716
16-01-2026 10:55||NIFTY27JAN2623900PE,0.2047652859135285
16-01-2026 10:55||NIFTY27JAN2624900PE,0.1334129948474738
16-01-2026 10:55||NIFTY27JAN2625400CE,0.1229613799596422
16-01-2026 10:55||NIFTY27JAN2625800CE,0.1034216991225446
16-01-2026 10:55||NIFTY27JAN2625900CE,0.1004467152147535
16-01-2026 10:55||NIFTY27JAN2626100CE,0.0965760174265557
16-01-2026 10:55||NIFTY27JAN2626500CE,0.0992797849462365
16-01-2026 11:00||NIFTY27JAN2624400PE,0.1680163661843799
16-01-2026 11:00||NIFTY27JAN2624900PE,0.1324737061968304
16-01-2026 11:00||NIFTY27JAN2625000PE,0.1257026864317485
16-01-2026 11:00||NIFTY27JAN2625300CE,0.1370376604515474
16-01-2026 11:00||NIFTY27JAN2626000CE,0.0991531535072049
16-01-2026 11:00||NIFTY27JAN2626100CE,0.0971693545313802
16-01-2026 11:05||NIFTY27JAN2624300PE,0.1746147060945052
16-01-2026 11:05||NIFTY27JAN2624400PE,0.1672980833353432
16-01-2026 11:05||NIFTY27JAN2625100PE,0.1191632233883058
16-01-2026 11:05||NIFTY27JAN2626100CE,0.1000340380761523
16-01-2026 11:10||NIFTY27JAN2624000PE,0.1942538083530843
16-01-2026 11:10||NIFTY27JAN2625800CE,0.1018398463837086
16-01-2026 11:10||NIFTY27JAN2626000CE,0.097181060723759
16-01-2026 11:15||NIFTY27JAN2623900PE,0.20091565807327
16-01-2026 11:15||NIFTY27JAN2624600PE,0.150767643437842
16-01-2026 11:15||NIFTY27JAN2625800CE,0.1016098540965416
16-01-2026 11:15||NIFTY27JAN2626200CE,0.0952534913793103
16-01-2026 11:20||NIFTY27JAN2623800PE,0.2056021341057126
16-01-2026 11:20||NIFTY27JAN2624000PE,0.1915810670528563
16-01-2026 11:20||NIFTY27JAN2624100PE,0.1847071341057126
16-01-2026 11:20||NIFTY27JAN2624900PE,0.1307284562480491
16-01-2026 11:20||NIFTY27JAN2625900CE,0.0996651889452904
16-01-2026 11:20||NIFTY27JAN2626000CE,0.0970492611393119
16-01-2026 11:20||NIFTY27JAN2626200CE,0.0961424528598365
16-01-2026 11:25||NIFTY27JAN2624200PE,0.1778686604147607
16-01-2026 11:25||NIFTY27JAN2624800PE,0.1361299185219982
16-01-2026 11:25||NIFTY27JAN2625000PE,0.1236842568582298
16-01-2026 11:25||NIFTY27JAN2626300CE,0.0981522780678851
16-01-2026 11:30||NIFTY27JAN2624300PE,0.1716618296248188
16-01-2026 11:30||NIFTY27JAN2625600CE,0.1050344147164726
16-01-2026 11:30||NIFTY27JAN2626500CE,0.0992444615384615
16-01-2026 11:35||NIFTY27JAN2624500PE,0.156060306554078
16-01-2026 11:35||NIFTY27JAN2624800PE,0.1358983490113594
16-01-2026 11:35||NIFTY27JAN2625300CE,0.1195849601648351
16-01-2026 11:35||NIFTY27JAN2625500CE,0.1101340596148343
16-01-2026 11:35||NIFTY27JAN2626200CE,0.0961096621621621
16-01-2026 11:40||NIFTY27JAN2624400PE,0.1628588758563073
16-01-2026 11:40||NIFTY27JAN2624500PE,0.1556822963845693
16-01-2026 11:40||NIFTY27JAN2625500CE,0.1114775898997096
16-01-2026 11:40||NIFTY27JAN2626100CE,0.0959429909936083
16-01-2026 11:45||NIFTY27JAN2624300PE,0.1695458303058528
16-01-2026 11:45||NIFTY27JAN2625000PE,0.1216443534355101
16-01-2026 11:45||NIFTY27JAN2625400CE,0.123422963887529
16-01-2026 11:50||NIFTY27JAN2623900PE,0.1981431220221459
16-01-2026 11:50||NIFTY27JAN2624300PE,0.1692744114583401
16-01-2026 11:50||NIFTY27JAN2625500CE,0.1174741282915132
16-01-2026 11:55||NIFTY27JAN2624000PE,0.1908358130579478
16-01-2026 11:55||NIFTY27JAN2624500PE,0.1557265460619411
16-01-2026 11:55||NIFTY27JAN2624800PE,0.1351684870633156
16-01-2026 11:55||NIFTY27JAN2625000PE,0.1232454611899469
16-01-2026 11:55||NIFTY27JAN2625100PE,0.1179357930130506
16-01-2026 11:55||NIFTY27JAN2626200CE,0.094177347504621
16-01-2026 12:00||NIFTY27JAN2623900PE,0.1949719321834079
16-01-2026 12:00||NIFTY27JAN2624000PE,0.1879845310334826
16-01-2026 12:00||NIFTY27JAN2624200PE,0.1739777362540112
16-01-2026 12:00||NIFTY27JAN2624400PE,0.1596850047936904
16-01-2026 12:00||NIFTY27JAN2624800PE,0.1323939812234615
16-01-2026 12:00||NIFTY27JAN2624900PE,0.126327105926756
16-01-2026 12:00||NIFTY27JAN2625200CE,0.1537379169139465
16-01-2026 12:00||NIFTY27JAN2626200CE,0.1016122009569378
16-01-2026 12:05||NIFTY27JAN2623800PE,0.2017732127955493
16-01-2026 12:05||NIFTY27JAN2624200PE,0.1744102888462103
16-01-2026 12:05||NIFTY27JAN2624500PE,0.1532104127655171
16-01-2026 12:05||NIFTY27JAN2624800PE,0.1326601225870136
16-01-2026 12:05||NIFTY27JAN2625000PE,0.1197842592321219
16-01-2026 12:05||NIFTY27JAN2625200CE,0.1449020269058295
16-01-2026 12:05||NIFTY27JAN2625900CE,0.1115298548482045
16-01-2026 12:10||NIFTY27JAN2624800PE,0.1338137658820863
16-01-2026 12:10||NIFTY27JAN2625100PE,0.1168654587434682
16-01-2026 12:10||NIFTY27JAN2625300CE,0.1471666926292805
16-01-2026 12:10||NIFTY27JAN2625800CE,0.1124768360195556
16-01-2026 12:10||NIFTY27JAN2626000CE,0.1053653250777836
16-01-2026 12:10||NIFTY27JAN2626100CE,0.1027771069833362
16-01-2026 12:15||NIFTY27JAN2624000PE,0.1916724527653398
16-01-2026 12:15||NIFTY27JAN2624600PE,0.1475823521538619
16-01-2026 12:15||NIFTY27JAN2624800PE,0.134935558946914
16-01-2026 12:15||NIFTY27JAN2624900PE,0.1288004968417013
16-01-2026 12:15||NIFTY27JAN2625000PE,0.1228201863156379
16-01-2026 12:15||NIFTY27JAN2625800CE,0.1046378392815
16-01-2026 12:15||NIFTY27JAN2626000CE,0.0992607033597377
16-01-2026 12:20||NIFTY27JAN2623900PE,0.1984621984512774
16-01-2026 12:20||NIFTY27JAN2624300PE,0.1685599829950726
16-01-2026 12:20||NIFTY27JAN2624500PE,0.1542307472253916
16-01-2026 12:20||NIFTY27JAN2624900PE,0.1288514682962545
16-01-2026 12:20||NIFTY27JAN2625400CE,0.1256582256623884
16-01-2026 12:20||NIFTY27JAN2625600CE,0.1143591694319567
16-01-2026 12:20||NIFTY27JAN2625700CE,0.1097905039756895
16-01-2026 12:25||NIFTY27JAN2623800PE,0.1993063894811656
16-01-2026 12:25||NIFTY27JAN2624500PE,0.1553267191787994
16-01-2026 12:25||NIFTY27JAN2624700PE,0.1427432359852868
16-01-2026 12:25||NIFTY27JAN2624800PE,0.1370719513259767
16-01-2026 12:25||NIFTY27JAN2625000PE,0.1270312359852868
16-01-2026 12:25||NIFTY27JAN2625100PE,0.1228095132597673
16-01-2026 12:25||NIFTY27JAN2626400CE,0.0944046948690603
16-01-2026 12:30||NIFTY27JAN2623800PE,0.1997720968769916
16-01-2026 12:30||NIFTY27JAN2624400PE,0.1533960218066103
16-01-2026 12:30||NIFTY27JAN2624600PE,0.1397229281273251
16-01-2026 12:35||NIFTY27JAN2623800PE,0.2032267034990791
16-01-2026 12:35||NIFTY27JAN2623900PE,0.1946177839165132
16-01-2026 12:35||NIFTY27JAN2624800PE,0.1301840057306526
16-01-2026 12:35||NIFTY27JAN2625600CE,0.110281652864138
16-01-2026 12:35||NIFTY27JAN2625700CE,0.1063512267772078
16-01-2026 12:35||NIFTY27JAN2625800CE,0.1028397850932691
16-01-2026 12:35||NIFTY27JAN2625900CE,0.1000083911663817
16-01-2026 12:35||NIFTY27JAN2626000CE,0.0981181083506053
16-01-2026 12:35||NIFTY27JAN2626200CE,0.0979238273018781
16-01-2026 12:40||NIFTY27JAN2623800PE,0.2016889638258737
16-01-2026 12:40||NIFTY27JAN2625200CE,0.1183254716981132
16-01-2026 12:40||NIFTY27JAN2625900CE,0.0989888411397616
16-01-2026 12:45||NIFTY27JAN2624000PE,0.1838571758019846
16-01-2026 12:45||NIFTY27JAN2624800PE,0.1301067748296671
16-01-2026 12:45||NIFTY27JAN2625700CE,0.1036348818473943
16-01-2026 12:45||NIFTY27JAN2625900CE,0.0999677566676209
16-01-2026 12:45||NIFTY27JAN2626000CE,0.0983261005560326
16-01-2026 12:45||NIFTY27JAN2626300CE,0.0990058368501134
16-01-2026 12:50||NIFTY27JAN2624300PE,0.1619469479586444
16-01-2026 12:50||NIFTY27JAN2626000CE,0.1029607396243913
16-01-2026 12:50||NIFTY27JAN2626200CE,0.10184875
16-01-2026 12:55||NIFTY27JAN2623900PE,0.1926849298472441
16-01-2026 12:55||NIFTY27JAN2624700PE,0.1368381583618875
16-01-2026 12:55||NIFTY27JAN2624900PE,0.1255049158011256
16-01-2026 12:55||NIFTY27JAN2625500CE,0.1042225054084712
16-01-2026 12:55||NIFTY27JAN2625800CE,0.0983619604863221
16-01-2026 13:00||NIFTY27JAN2623800PE,0.1970384779706274
16-01-2026 13:00||NIFTY27JAN2624700PE,0.1349212112274259
16-01-2026 13:00||NIFTY27JAN2624800PE,0.1288260073170765
16-01-2026 13:00||NIFTY27JAN2625400CE,0.1113156148331722
16-01-2026 13:00||NIFTY27JAN2625900CE,0.098424307370269
16-01-2026 13:00||NIFTY27JAN2626000CE,0.0974699314629123
16-01-2026 13:05||NIFTY27JAN2624100PE,0.1752535531837456
16-01-2026 13:05||NIFTY27JAN2625000PE,0.1149709976874793
16-01-2026 13:05||NIFTY27JAN2625300CE,0.1279631852500604
16-01-2026 13:10||NIFTY27JAN2625200CE,0.1326772307692308
16-01-2026 13:15||NIFTY27JAN2623800PE,0.1961195121951219
16-01-2026 13:15||NIFTY27JAN2624100PE,0.173221953344379
16-01-2026 13:15||NIFTY27JAN2624600PE,0.1375305823539919
16-01-2026 13:15||NIFTY27JAN2624700PE,0.1313519355252048
16-01-2026 13:15||NIFTY27JAN2625800CE,0.1014606024718746
16-01-2026 13:15||NIFTY27JAN2626100CE,0.0993550191570881
16-01-2026 13:15||NIFTY27JAN2626200CE,0.1002567049808429
16-01-2026 13:20||NIFTY27JAN2624300PE,0.1572790778930691
16-01-2026 13:20||NIFTY27JAN2624700PE,0.1311863182242009
16-01-2026 13:20||NIFTY27JAN2625100PE,0.1132030549898166
16-01-2026 13:20||NIFTY27JAN2625600CE,0.1050147742824725
16-01-2026 13:20||NIFTY27JAN2626100CE,0.0987690679264555
16-01-2026 13:25||NIFTY27JAN2623900PE,0.1844346254418428
16-01-2026 13:25||NIFTY27JAN2624300PE,0.1542981512602422
16-01-2026 13:25||NIFTY27JAN2624400PE,0.1474568978837212
16-01-2026 13:25||NIFTY27JAN2625200CE,0.1419615000388409
16-01-2026 13:25||NIFTY27JAN2625300CE,0.1348046562572826
16-01-2026 13:25||NIFTY27JAN2625500CE,0.1229282187524275
16-01-2026 13:25||NIFTY27JAN2625800CE,0.110289588733838
16-01-2026 13:25||NIFTY27JAN2626400CE,0.1083050632911392
16-01-2026 13:25||NIFTY27JAN2626500CE,0.1099903797468354
16-01-2026 13:30||NIFTY27JAN2624000PE,0.1782909952818517
16-01-2026 13:30||NIFTY27JAN2624200PE,0.1633553881249109
16-01-2026 13:30||NIFTY27JAN2624400PE,0.149949680647176
16-01-2026 13:30||NIFTY27JAN2624900PE,0.1209268368677762
16-01-2026 13:30||NIFTY27JAN2625000PE,0.1159117517672214
16-01-2026 13:30||NIFTY27JAN2625200CE,0.1214956323930846
16-01-2026 13:35||NIFTY27JAN2624400PE,0.1487140240628952
16-01-2026 13:35||NIFTY27JAN2624500PE,0.141754448916977
16-01-2026 13:35||NIFTY27JAN2624900PE,0.1191641296165889
16-01-2026 13:35||NIFTY27JAN2625500CE,0.1177443967577247
16-01-2026 13:35||NIFTY27JAN2626100CE,0.1025207856272838
16-01-2026 13:35||NIFTY27JAN2626400CE,0.1075045037313432
16-01-2026 13:40||NIFTY27JAN2623900PE,0.1866664489528796
16-01-2026 13:40||NIFTY27JAN2624500PE,0.1438104211712166
16-01-2026 13:40||NIFTY27JAN2624700PE,0.1317608199569623
16-01-2026 13:40||NIFTY27JAN2625200CE,0.1144772069464544
16-01-2026 13:40||NIFTY27JAN2625300CE,0.1210412011577424
16-01-2026 13:40||NIFTY27JAN2625900CE,0.1002841505051124
16-01-2026 13:40||NIFTY27JAN2626000CE,0.0991626308081117
16-01-2026 13:40||NIFTY27JAN2626200CE,0.099988950777202
16-01-2026 13:40||NIFTY27JAN2626500CE,0.1076517271157167
16-01-2026 13:45||NIFTY27JAN2623900PE,0.1865140900503778
16-01-2026 13:45||NIFTY27JAN2624100PE,0.1703464884340605
16-01-2026 13:45||NIFTY27JAN2624500PE,0.1430699756373774
16-01-2026 13:50||NIFTY27JAN2624700PE,0.1340608595444847
16-01-2026 13:50||NIFTY27JAN2625900CE,0.0955808192640262
16-01-2026 13:50||NIFTY27JAN2626000CE,0.0955838607502747
16-01-2026 13:55||NIFTY27JAN2623900PE,0.1870278010647095
16-01-2026 13:55||NIFTY27JAN2624200PE,0.1627642530195271
16-01-2026 13:55||NIFTY27JAN2624300PE,0.1564117997607247
16-01-2026 13:55||NIFTY27JAN2625000PE,0.1154020756646216
16-01-2026 13:55||NIFTY27JAN2625700CE,0.103107196717442
16-01-2026 13:55||NIFTY27JAN2626100CE,0.1000365932642487
16-01-2026 14:00||NIFTY27JAN2624500PE,0.1428369870119313
16-01-2026 14:00||NIFTY27JAN2624900PE,0.1214354611211572
16-01-2026 14:00||NIFTY27JAN2625000PE,0.1191327667269437
16-01-2026 14:00||NIFTY27JAN2625100PE,0.1186483001808314
16-01-2026 14:00||NIFTY27JAN2626000CE,0.0989278272251309
16-01-2026 14:05||NIFTY27JAN2624100PE,0.1717806873774634
16-01-2026 14:05||NIFTY27JAN2625500CE,0.1030508517383155
16-01-2026 14:05||NIFTY27JAN2625800CE,0.0976609652814308
16-01-2026 14:05||NIFTY27JAN2626100CE,0.0979546105812118
16-01-2026 14:10||NIFTY27JAN2624500PE,0.1441485096316115
16-01-2026 14:10||NIFTY27JAN2625100PE,0.1128109302325581
16-01-2026 14:10||NIFTY27JAN2625500CE,0.1094158315161671
16-01-2026 14:10||NIFTY27JAN2626400CE,0.1066324761904761
16-01-2026 14:10||NIFTY27JAN2626500CE,0.1100448571428571
16-01-2026 14:15||NIFTY27JAN2624300PE,0.1569314681257118
16-01-2026 14:15||NIFTY27JAN2624600PE,0.1361206157929334
16-01-2026 14:15||NIFTY27JAN2624900PE,0.1196427390241172
16-01-2026 14:15||NIFTY27JAN2625500CE,0.1134234737034952
16-01-2026 14:20||NIFTY27JAN2624200PE,0.1642604982066524
16-01-2026 14:20||NIFTY27JAN2624800PE,0.1248854613264701
16-01-2026 14:20||NIFTY27JAN2625100PE,0.1115242404227212
16-01-2026 14:20||NIFTY27JAN2626000CE,0.0996146442753143
16-01-2026 14:20||NIFTY27JAN2626300CE,0.1028583943395137
16-01-2026 14:25||NIFTY27JAN2623900PE,0.1903172419354838
16-01-2026 14:25||NIFTY27JAN2624900PE,0.1228062685866897
16-01-2026 14:25||NIFTY27JAN2625100PE,0.1114788057600692
16-01-2026 14:25||NIFTY27JAN2625500CE,0.0999392835266742
16-01-2026 14:25||NIFTY27JAN2626500CE,0.1072316357504215
16-01-2026 14:30||NIFTY27JAN2623800PE,0.1904468965517241
16-01-2026 14:30||NIFTY27JAN2624300PE,0.1574064222159283
16-01-2026 14:30||NIFTY27JAN2626300CE,0.1032586883571953
16-01-2026 14:35||NIFTY27JAN2623800PE,0.1929743401015227
16-01-2026 14:35||NIFTY27JAN2624800PE,0.1262916318807339
16-01-2026 14:35||NIFTY27JAN2624900PE,0.1207152283384301
16-01-2026 14:35||NIFTY27JAN2625000PE,0.1157012106269113
16-01-2026 14:35||NIFTY27JAN2625300CE,0.1058070833333333
16-01-2026 14:35||NIFTY27JAN2625900CE,0.0963591740550629
16-01-2026 14:35||NIFTY27JAN2626100CE,0.096428125
16-01-2026 14:35||NIFTY27JAN2626200CE,0.0977949999999999
16-01-2026 14:35||NIFTY27JAN2626300CE,0.1000043749999999
16-01-2026 14:35||NIFTY27JAN2626500CE,0.1067256249999999
16-01-2026 14:40||NIFTY27JAN2624200PE,0.1648233188816475
16-01-2026 14:40||NIFTY27JAN2624600PE,0.137648798608515
16-01-2026 14:40||NIFTY27JAN2624900PE,0.120821785842043
16-01-2026 14:40||NIFTY27JAN2625800CE,0.100083718022315
16-01-2026 14:40||NIFTY27JAN2626500CE,0.1082122550831792
16-01-2026 14:45||NIFTY27JAN2623900PE,0.1869978124935134
16-01-2026 14:45||NIFTY27JAN2624000PE,0.1789544999827025
16-01-2026 14:45||NIFTY27JAN2624100PE,0.1714464374805404
16-01-2026 14:45||NIFTY27JAN2625000PE,0.1158924908650652
16-01-2026 14:45||NIFTY27JAN2625300CE,0.1109220917579331
16-01-2026 14:45||NIFTY27JAN2625600CE,0.1012609941453715
16-01-2026 14:45||NIFTY27JAN2626300CE,0.1000032635113527
16-01-2026 14:45||NIFTY27JAN2626400CE,0.1033641317556763
16-01-2026 14:50||NIFTY27JAN2623900PE,0.18735645292127
16-01-2026 14:50||NIFTY27JAN2624100PE,0.1723625407862973
16-01-2026 14:50||NIFTY27JAN2624200PE,0.1648192537818731
16-01-2026 14:50||NIFTY27JAN2624300PE,0.1574063398865122
16-01-2026 14:50||NIFTY27JAN2624700PE,0.1314061007339462
16-01-2026 14:50||NIFTY27JAN2625100PE,0.1126917322834645
16-01-2026 14:55||NIFTY27JAN2624200PE,0.1632648691128388
16-01-2026 14:55||NIFTY27JAN2624900PE,0.1209094301694399
16-01-2026 14:55||NIFTY27JAN2625200CE,0.1196682015423402
16-01-2026 14:55||NIFTY27JAN2625300CE,0.11792253359039
16-01-2026 14:55||NIFTY27JAN2625600CE,0.1064469886867586
16-01-2026 14:55||NIFTY27JAN2625700CE,0.1030784032932181
16-01-2026 14:55||NIFTY27JAN2625800CE,0.1002531162530685
16-01-2026 15:00||NIFTY27JAN2624000PE,0.179753407477814
16-01-2026 15:00||NIFTY27JAN2624800PE,0.1271733402253922
16-01-2026 15:00||NIFTY27JAN2624900PE,0.1223081336994192
16-01-2026 15:00||NIFTY27JAN2625500CE,0.1017462294812869
16-01-2026 15:05||NIFTY27JAN2623900PE,0.1870578582298999
16-01-2026 15:05||NIFTY27JAN2624100PE,0.1717862450370247
16-01-2026 15:05||NIFTY27JAN2624200PE,0.1636772231315604
16-01-2026 15:05||NIFTY27JAN2624600PE,0.1370533520412689
16-01-2026 15:05||NIFTY27JAN2624900PE,0.1217149526105753
16-01-2026 15:05||NIFTY27JAN2626200CE,0.0977034192825112
16-01-2026 15:10||NIFTY27JAN2623900PE,0.1866388510517632
16-01-2026 15:10||NIFTY27JAN2624700PE,0.1315149710212432
16-01-2026 15:10||NIFTY27JAN2624800PE,0.1262049932224375
16-01-2026 15:10||NIFTY27JAN2625100PE,0.1117616203957715
16-01-2026 15:10||NIFTY27JAN2625600CE,0.1008228614316414
16-01-2026 15:15||NIFTY27JAN2623800PE,0.191744093637455
16-01-2026 15:15||NIFTY27JAN2624200PE,0.1624022803527995
16-01-2026 15:15||NIFTY27JAN2624400PE,0.1491134599690443
16-01-2026 15:15||NIFTY27JAN2624500PE,0.1428506267424699
16-01-2026 15:15||NIFTY27JAN2624700PE,0.1311617458368894
16-01-2026 15:15||NIFTY27JAN2624800PE,0.1257023963007854
16-01-2026 15:15||NIFTY27JAN2625000PE,0.1151118574632444
16-01-2026 15:15||NIFTY27JAN2625300CE,0.1194084536082474
16-01-2026 15:15||NIFTY27JAN2625500CE,0.109976803574329
16-01-2026 15:15||NIFTY27JAN2626000CE,0.0995045199117612
16-01-2026 15:15||NIFTY27JAN2626100CE,0.0995501509346337
16-01-2026 15:15||NIFTY27JAN2626300CE,0.1014117460462566
16-01-2026 15:20||NIFTY27JAN2623900PE,0.1865354300542581
16-01-2026 15:20||NIFTY27JAN2624000PE,0.1785728601085161
16-01-2026 15:20||NIFTY27JAN2624200PE,0.1637651907681766
16-01-2026 15:20||NIFTY27JAN2624400PE,0.1501604225246187
16-01-2026 15:20||NIFTY27JAN2624600PE,0.1371926261867626
16-01-2026 15:20||NIFTY27JAN2624800PE,0.1254688804373776
16-01-2026 15:20||NIFTY27JAN2625500CE,0.1084624679611417
16-01-2026 15:20||NIFTY27JAN2625900CE,0.0988302092050209
16-01-2026 15:20||NIFTY27JAN2626100CE,0.0983803954305799
16-01-2026 15:20||NIFTY27JAN2626400CE,0.1044235032220269
16-01-2026 15:20||NIFTY27JAN2626500CE,0.1021710193321617
16-01-2026 15:25||NIFTY27JAN2626400CE,0.104104775510204
16-01-2026 15:25||NIFTY27JAN2626500CE,0.1080786530612244
19-01-2026 09:15||NIFTY27JAN2624700PE,0.1359324303251168
19-01-2026 09:15||NIFTY27JAN2624900PE,0.1241613617370289
19-01-2026 09:15||NIFTY27JAN2625400CE,0.1296835894127396
19-01-2026 09:15||NIFTY27JAN2625500CE,0.1250114989237014
19-01-2026 09:15||NIFTY27JAN2625900CE,0.1181876270417422
19-01-2026 09:15||NIFTY27JAN2626300CE,0.1265524578183549
19-01-2026 09:15||NIFTY27JAN2626400CE,0.1311645622425108
19-01-2026 09:20||NIFTY27JAN2624600PE,0.1468379377352194
19-01-2026 09:20||NIFTY27JAN2625700CE,0.0991871404308666
19-01-2026 09:20||NIFTY27JAN2626100CE,0.1092172105039215
19-01-2026 09:20||NIFTY27JAN2626400CE,0.12239817887614
19-01-2026 09:25||NIFTY27JAN2624500PE,0.1522291275779686
19-01-2026 09:25||NIFTY27JAN2625500CE,0.1030612983268241
19-01-2026 09:25||NIFTY27JAN2625600CE,0.1033619686750296
19-01-2026 09:25||NIFTY27JAN2625700CE,0.1036591546857204
19-01-2026 09:25||NIFTY27JAN2626100CE,0.111842305665671
19-01-2026 09:25||NIFTY27JAN2626200CE,0.1157099763518546
19-01-2026 09:25||NIFTY27JAN2626400CE,0.1256422990274023
19-01-2026 09:30||NIFTY27JAN2623800PE,0.2067276055345879
19-01-2026 09:30||NIFTY27JAN2624000PE,0.1910883685115293
19-01-2026 09:30||NIFTY27JAN2624200PE,0.1751208554529866
19-01-2026 09:30||NIFTY27JAN2624300PE,0.1670707552540817
19-01-2026 09:30||NIFTY27JAN2624400PE,0.1588677774281359
19-01-2026 09:30||NIFTY27JAN2624800PE,0.1276289155906908
19-01-2026 09:30||NIFTY27JAN2625400CE,0.128734381516194
19-01-2026 09:30||NIFTY27JAN2625800CE,0.1155385777385158
19-01-2026 09:30||NIFTY27JAN2626500CE,0.1377714617940199
19-01-2026 09:35||NIFTY27JAN2624500PE,0.1553793578705539
19-01-2026 09:35||NIFTY27JAN2624800PE,0.1336486102542762
19-01-2026 09:35||NIFTY27JAN2625500CE,0.1002038627867529
19-01-2026 09:35||NIFTY27JAN2625600CE,0.1006991963506414
19-01-2026 09:35||NIFTY27JAN2626200CE,0.1136994001595573
19-01-2026 09:40||NIFTY27JAN2624100PE,0.184437583896059
19-01-2026 09:40||NIFTY27JAN2624200PE,0.1757548077794445
19-01-2026 09:40||NIFTY27JAN2624400PE,0.1586948451672802
19-01-2026 09:40||NIFTY27JAN2624500PE,0.1501276346069922
19-01-2026 09:40||NIFTY27JAN2624600PE,0.1419866067432081
19-01-2026 09:40||NIFTY27JAN2624900PE,0.1237006765473206
19-01-2026 09:40||NIFTY27JAN2625700CE,0.1096137439239947
19-01-2026 09:40||NIFTY27JAN2626200CE,0.1181483333333333
19-01-2026 09:40||NIFTY27JAN2626300CE,0.1226291666666666
19-01-2026 09:40||NIFTY27JAN2626500CE,0.1344083333333333
19-01-2026 09:45||NIFTY27JAN2623900PE,0.2004827400103788
19-01-2026 09:45||NIFTY27JAN2624000PE,0.1922504800207576
19-01-2026 09:45||NIFTY27JAN2626200CE,0.1165520069535528
19-01-2026 09:50||NIFTY27JAN2623900PE,0.2017836804144656
19-01-2026 09:50||NIFTY27JAN2624700PE,0.1372095865858229
19-01-2026 09:50||NIFTY27JAN2624800PE,0.1310214632261794
19-01-2026 09:50||NIFTY27JAN2625300CE,0.1007328158540325
19-01-2026 09:50||NIFTY27JAN2625900CE,0.1050754248945583
19-01-2026 09:50||NIFTY27JAN2626200CE,0.1149974837657317
19-01-2026 09:55||NIFTY27JAN2624700PE,0.1376978874945883
19-01-2026 09:55||NIFTY27JAN2625400CE,0.101215
19-01-2026 09:55||NIFTY27JAN2625700CE,0.1026020917044718
19-01-2026 09:55||NIFTY27JAN2626400CE,0.1266741869587408
19-01-2026 10:00||NIFTY27JAN2624400PE,0.1576384945388117
19-01-2026 10:00||NIFTY27JAN2625000PE,0.1192532093297903
19-01-2026 10:00||NIFTY27JAN2625700CE,0.105891189591078
19-01-2026 10:00||NIFTY27JAN2625900CE,0.1079128501752242
19-01-2026 10:05||NIFTY27JAN2624500PE,0.1478453031043147
19-01-2026 10:05||NIFTY27JAN2624800PE,0.1266668980981709
19-01-2026 10:05||NIFTY27JAN2625200CE,0.1260253284086354
19-01-2026 10:05||NIFTY27JAN2625500CE,0.114429453483405
19-01-2026 10:05||NIFTY27JAN2626100CE,0.1181258419937611
19-01-2026 10:05||NIFTY27JAN2626200CE,0.1220215529066605
19-01-2026 10:10||NIFTY27JAN2623800PE,0.2084029718875502
19-01-2026 10:10||NIFTY27JAN2624200PE,0.1744017056447995
19-01-2026 10:10||NIFTY27JAN2624400PE,0.1580366123318635
19-01-2026 10:10||NIFTY27JAN2625100PE,0.1179752556237218
19-01-2026 10:15||NIFTY27JAN2624200PE,0.1744123596979869
19-01-2026 10:15||NIFTY27JAN2624400PE,0.1575689246409656
19-01-2026 10:15||NIFTY27JAN2624700PE,0.1346921324791095
19-01-2026 10:15||NIFTY27JAN2624800PE,0.1287643864881645
19-01-2026 10:15||NIFTY27JAN2625100PE,0.1162900785083415
19-01-2026 10:15||NIFTY27JAN2625500CE,0.1092368061538605
19-01-2026 10:15||NIFTY27JAN2625700CE,0.1077462427745664
19-01-2026 10:15||NIFTY27JAN2626200CE,0.1195402324155343
19-01-2026 10:15||NIFTY27JAN2626500CE,0.1365873264263616
19-01-2026 10:20||NIFTY27JAN2623900PE,0.2011735752960423
19-01-2026 10:20||NIFTY27JAN2624100PE,0.1850887908849887
19-01-2026 10:20||NIFTY27JAN2625500CE,0.107636286379511
19-01-2026 10:20||NIFTY27JAN2626300CE,0.1230206114917546
19-01-2026 10:25||NIFTY27JAN2625400CE,0.1023664873417721
19-01-2026 10:25||NIFTY27JAN2626100CE,0.1144007630374162
19-01-2026 10:25||NIFTY27JAN2626400CE,0.12902789570067
19-01-2026 10:25||NIFTY27JAN2626500CE,0.1335973742040204
19-01-2026 10:30||NIFTY27JAN2623800PE,0.2099944028520499
19-01-2026 10:30||NIFTY27JAN2623900PE,0.2004257338086749
19-01-2026 10:30||NIFTY27JAN2624600PE,0.1427527494871903
19-01-2026 10:30||NIFTY27JAN2624700PE,0.1369979360453183
19-01-2026 10:30||NIFTY27JAN2624800PE,0.1317247478598511
19-01-2026 10:30||NIFTY27JAN2624900PE,0.1266423731162559
19-01-2026 10:30||NIFTY27JAN2626200CE,0.1201799261258325
19-01-2026 10:35||NIFTY27JAN2623800PE,0.2020354754307593
19-01-2026 10:35||NIFTY27JAN2624700PE,0.1363643224635675
19-01-2026 10:35||NIFTY27JAN2624800PE,0.1311642322201543
19-01-2026 10:35||NIFTY27JAN2625000PE,0.1219605300920553
19-01-2026 10:35||NIFTY27JAN2625200CE,0.1094918181818181
19-01-2026 10:35||NIFTY27JAN2626300CE,0.1251268392049322
19-01-2026 10:40||NIFTY27JAN2623800PE,0.1989128263473051
19-01-2026 10:40||NIFTY27JAN2623900PE,0.1941042754491016
19-01-2026 10:40||NIFTY27JAN2624000PE,0.1881257125748502
19-01-2026 10:40||NIFTY27JAN2624700PE,0.1345555778514106
19-01-2026 10:40||NIFTY27JAN2625400CE,0.1175243928095295
19-01-2026 10:40||NIFTY27JAN2625700CE,0.112083938012762
19-01-2026 10:45||NIFTY27JAN2624000PE,0.191681775730117
19-01-2026 10:45||NIFTY27JAN2624700PE,0.1376697804063164
19-01-2026 10:45||NIFTY27JAN2625600CE,0.107075
19-01-2026 10:45||NIFTY27JAN2626200CE,0.1189907201556888
19-01-2026 10:50||NIFTY27JAN2625100PE,0.1168864705882353
19-01-2026 10:50||NIFTY27JAN2625200CE,0.1238302473498233
19-01-2026 10:50||NIFTY27JAN2626200CE,0.120546902054748
19-01-2026 10:55||NIFTY27JAN2624100PE,0.1838183221330835
19-01-2026 10:55||NIFTY27JAN2624200PE,0.1748536077237815
19-01-2026 10:55||NIFTY27JAN2624500PE,0.1489604872550451
19-01-2026 10:55||NIFTY27JAN2625400CE,0.1217456217863932
19-01-2026 10:55||NIFTY27JAN2625500CE,0.1177566393808584
19-01-2026 10:55||NIFTY27JAN2625900CE,0.1116692588145034
19-01-2026 10:55||NIFTY27JAN2626000CE,0.1138451842956736
19-01-2026 11:00||NIFTY27JAN2623900PE,0.2030621485216318
19-01-2026 11:00||NIFTY27JAN2624400PE,0.1599038874074849
19-01-2026 11:00||NIFTY27JAN2625400CE,0.1163022794735843
19-01-2026 11:00||NIFTY27JAN2625600CE,0.112049083209233
19-01-2026 11:00||NIFTY27JAN2625700CE,0.110643907297096
19-01-2026 11:00||NIFTY27JAN2625800CE,0.109654277736411
19-01-2026 11:00||NIFTY27JAN2626300CE,0.1229498213518852
19-01-2026 11:00||NIFTY27JAN2626500CE,0.1340894640556558
19-01-2026 11:05||NIFTY27JAN2623800PE,0.2131064943457188
19-01-2026 11:05||NIFTY27JAN2623900PE,0.2043710823909531
19-01-2026 11:05||NIFTY27JAN2624200PE,0.1784212973172124
19-01-2026 11:05||NIFTY27JAN2624500PE,0.1547173501324767
19-01-2026 11:05||NIFTY27JAN2625000PE,0.1251503034497849
19-01-2026 11:05||NIFTY27JAN2625600CE,0.102105
19-01-2026 11:05||NIFTY27JAN2626100CE,0.1103595897849462
19-01-2026 11:10||NIFTY27JAN2624300PE,0.1685769319676583
19-01-2026 11:10||NIFTY27JAN2625800CE,0.1053246904688936
19-01-2026 11:15||NIFTY27JAN2624400PE,0.1601475996347092
19-01-2026 11:15||NIFTY27JAN2624500PE,0.1527857985319654
19-01-2026 11:15||NIFTY27JAN2624600PE,0.145785197611867
19-01-2026 11:15||NIFTY27JAN2624700PE,0.1392463977945124
19-01-2026 11:15||NIFTY27JAN2624900PE,0.1279756556428068
19-01-2026 11:15||NIFTY27JAN2625100PE,0.1190241097855632
19-01-2026 11:20||NIFTY27JAN2623800PE,0.2014690087829359
19-01-2026 11:20||NIFTY27JAN2624200PE,0.1737663295608328
19-01-2026 11:20||NIFTY27JAN2624300PE,0.1658651788171808
19-01-2026 11:20||NIFTY27JAN2624500PE,0.1497751450021384
19-01-2026 11:20||NIFTY27JAN2624900PE,0.1251729523110824
19-01-2026 11:20||NIFTY27JAN2625400CE,0.1154407673605093
19-01-2026 11:20||NIFTY27JAN2625500CE,0.112782663280573
19-01-2026 11:20||NIFTY27JAN2625600CE,0.110752175520382
19-01-2026 11:20||NIFTY27JAN2625700CE,0.1094557918401273
19-01-2026 11:20||NIFTY27JAN2626200CE,0.1199162838553999
19-01-2026 11:20||NIFTY27JAN2626300CE,0.1248556419276999
19-01-2026 11:20||NIFTY27JAN2626500CE,0.1378712838553999
19-01-2026 11:25||NIFTY27JAN2624900PE,0.1255570028410165
19-01-2026 11:25||NIFTY27JAN2625300CE,0.1183971933061399
19-01-2026 11:25||NIFTY27JAN2625400CE,0.1154560532789466
19-01-2026 11:30||NIFTY27JAN2624100PE,0.1840505676167402
19-01-2026 11:30||NIFTY27JAN2624600PE,0.1431830522683171
19-01-2026 11:30||NIFTY27JAN2624900PE,0.1256105581327422
19-01-2026 11:30||NIFTY27JAN2625000PE,0.1203827790663711
19-01-2026 11:30||NIFTY27JAN2625500CE,0.1118535522052703
19-01-2026 11:30||NIFTY27JAN2625700CE,0.1089722479338843
19-01-2026 11:30||NIFTY27JAN2626500CE,0.1357947983870968
19-01-2026 11:35||NIFTY27JAN2623900PE,0.1996540037243948
19-01-2026 11:35||NIFTY27JAN2624600PE,0.1423322037519386
19-01-2026 11:35||NIFTY27JAN2625800CE,0.1105228414096916
19-01-2026 11:35||NIFTY27JAN2626000CE,0.1120825
19-01-2026 11:35||NIFTY27JAN2626200CE,0.1199175
19-01-2026 11:35||NIFTY27JAN2626300CE,0.12232
19-01-2026 11:35||NIFTY27JAN2626400CE,0.1212125
19-01-2026 11:35||NIFTY27JAN2626500CE,0.11472
19-01-2026 11:40||NIFTY27JAN2623800PE,0.207492351701612
19-01-2026 11:40||NIFTY27JAN2624100PE,0.185820800725733
19-01-2026 11:40||NIFTY27JAN2624200PE,0.1769823853520034
19-01-2026 11:40||NIFTY27JAN2624400PE,0.1596001450352834
19-01-2026 11:40||NIFTY27JAN2624500PE,0.1510531489377294
19-01-2026 11:40||NIFTY27JAN2625100PE,0.1171047216890594
19-01-2026 11:45||NIFTY27JAN2624300PE,0.1688940297623517
19-01-2026 11:45||NIFTY27JAN2625400CE,0.1147054547822463
19-01-2026 11:50||NIFTY27JAN2624600PE,0.1449319023389686
19-01-2026 11:50||NIFTY27JAN2625200CE,0.113639873015873
19-01-2026 11:50||NIFTY27JAN2626300CE,0.1224650729635734
19-01-2026 11:55||NIFTY27JAN2623800PE,0.2036890345727332
19-01-2026 11:55||NIFTY27JAN2624300PE,0.1690854893699952
19-01-2026 11:55||NIFTY27JAN2624500PE,0.1533356340520898
19-01-2026 11:55||NIFTY27JAN2624600PE,0.1462253455718591
19-01-2026 11:55||NIFTY27JAN2624700PE,0.1394773843056989
19-01-2026 11:55||NIFTY27JAN2625900CE,0.1051049902820755
19-01-2026 11:55||NIFTY27JAN2626200CE,0.1164678787354657
19-01-2026 12:00||NIFTY27JAN2624200PE,0.1750887493998107
19-01-2026 12:00||NIFTY27JAN2624300PE,0.1668965895035749
19-01-2026 12:00||NIFTY27JAN2624400PE,0.1590010549074337
19-01-2026 12:00||NIFTY27JAN2624500PE,0.1514996802075284
19-01-2026 12:00||NIFTY27JAN2624700PE,0.1381495978621404
19-01-2026 12:00||NIFTY27JAN2625000PE,0.1217518848167539
19-01-2026 12:00||NIFTY27JAN2626100CE,0.1140803685654022
19-01-2026 12:00||NIFTY27JAN2626500CE,0.1348640663507108
19-01-2026 12:05||NIFTY27JAN2623900PE,0.2004994534905484
19-01-2026 12:05||NIFTY27JAN2624400PE,0.1606723687018576
19-01-2026 12:05||NIFTY27JAN2624500PE,0.1525159895156558
19-01-2026 12:05||NIFTY27JAN2625200CE,0.1140518518518518
19-01-2026 12:05||NIFTY27JAN2625400CE,0.1078592592592592
19-01-2026 12:05||NIFTY27JAN2625500CE,0.1058418518518518
19-01-2026 12:05||NIFTY27JAN2625700CE,0.1052113202247191
19-01-2026 12:05||NIFTY27JAN2626100CE,0.1151336957687923
19-01-2026 12:05||NIFTY27JAN2626200CE,0.1195443478843961
19-01-2026 12:05||NIFTY27JAN2626400CE,0.1294586957687923
19-01-2026 12:05||NIFTY27JAN2626500CE,0.1350784788439616
19-01-2026 12:10||NIFTY27JAN2623900PE,0.2010076351351351
19-01-2026 12:10||NIFTY27JAN2625600CE,0.1097359064063962
19-01-2026 12:10||NIFTY27JAN2626400CE,0.130386163083257
19-01-2026 12:15||NIFTY27JAN2623900PE,0.2003218758127438
19-01-2026 12:15||NIFTY27JAN2624100PE,0.184927107636998
19-01-2026 12:15||NIFTY27JAN2624300PE,0.168392383443786
19-01-2026 12:20||NIFTY27JAN2623800PE,0.206564335839599
19-01-2026 12:20||NIFTY27JAN2624400PE,0.161936463659096
19-01-2026 12:20||NIFTY27JAN2625100PE,0.1197859252336448
19-01-2026 12:20||NIFTY27JAN2625300CE,0.1063923631493592
19-01-2026 12:20||NIFTY27JAN2626200CE,0.1155195304154961
19-01-2026 12:25||NIFTY27JAN2623800PE,0.2059153738910013
19-01-2026 12:25||NIFTY27JAN2625700CE,0.1052932634730538
19-01-2026 12:25||NIFTY27JAN2626500CE,0.1346713812677389
19-01-2026 12:30||NIFTY27JAN2623900PE,0.201298402255639
19-01-2026 12:30||NIFTY27JAN2624300PE,0.1689173820994304
19-01-2026 12:30||NIFTY27JAN2624500PE,0.1522696370618833
19-01-2026 12:30||NIFTY27JAN2625000PE,0.1204244044669282
19-01-2026 12:30||NIFTY27JAN2625400CE,0.1090151682424459
19-01-2026 12:30||NIFTY27JAN2626500CE,0.135275463049579
19-01-2026 12:35||NIFTY27JAN2624100PE,0.1853696924827843
19-01-2026 12:35||NIFTY27JAN2624200PE,0.1771993516177362
19-01-2026 12:35||NIFTY27JAN2624400PE,0.1602720885785103
19-01-2026 12:35||NIFTY27JAN2624700PE,0.138317025776158
19-01-2026 12:35||NIFTY27JAN2625000PE,0.1210870556872037
19-01-2026 12:35||NIFTY27JAN2625300CE,0.1103401537988637
19-01-2026 12:40||NIFTY27JAN2623800PE,0.2068132880098888
19-01-2026 12:40||NIFTY27JAN2625700CE,0.1096185201793722
19-01-2026 12:40||NIFTY27JAN2625800CE,0.109534260089686
19-01-2026 12:40||NIFTY27JAN2626400CE,0.1313456120378719
19-01-2026 12:45||NIFTY27JAN2626000CE,0.1094165631676641
19-01-2026 12:45||NIFTY27JAN2626100CE,0.1136707720874554
19-01-2026 12:45||NIFTY27JAN2626400CE,0.1290635881925161
19-01-2026 12:50||NIFTY27JAN2623800PE,0.2050091911764705
19-01-2026 12:50||NIFTY27JAN2624200PE,0.1752019558976772
19-01-2026 12:50||NIFTY27JAN2625900CE,0.1102007904322486
19-01-2026 12:50||NIFTY27JAN2626500CE,0.1353259919839679
19-01-2026 12:55||NIFTY27JAN2623900PE,0.2029607272395326
19-01-2026 12:55||NIFTY27JAN2624100PE,0.1875032146186026
19-01-2026 12:55||NIFTY27JAN2624300PE,0.1706616093688474
19-01-2026 12:55||NIFTY27JAN2624400PE,0.1618108924161338
19-01-2026 12:55||NIFTY27JAN2624500PE,0.1531947292553533
19-01-2026 12:55||NIFTY27JAN2624700PE,0.1383929080567925
19-01-2026 12:55||NIFTY27JAN2625100PE,0.118537352085354
19-01-2026 12:55||NIFTY27JAN2625700CE,0.1054657917920068
19-01-2026 12:55||NIFTY27JAN2626000CE,0.1087518523667768
19-01-2026 13:00||NIFTY27JAN2623900PE,0.2043222463411916
19-01-2026 13:00||NIFTY27JAN2624000PE,0.19639615934905
19-01-2026 13:00||NIFTY27JAN2624400PE,0.1631523542860862
19-01-2026 13:00||NIFTY27JAN2624700PE,0.1400382126965152
19-01-2026 13:00||NIFTY27JAN2625400CE,0.1099108767123287
19-01-2026 13:00||NIFTY27JAN2625600CE,0.1053791232876712
19-01-2026 13:00||NIFTY27JAN2625900CE,0.1060398183506389
19-01-2026 13:00||NIFTY27JAN2626200CE,0.1164612238628113
19-01-2026 13:00||NIFTY27JAN2626500CE,0.1324690307901207
19-01-2026 13:05||NIFTY27JAN2624600PE,0.146773987116003
19-01-2026 13:05||NIFTY27JAN2625100PE,0.1195412605042016
19-01-2026 13:05||NIFTY27JAN2625700CE,0.1035621981132075
19-01-2026 13:10||NIFTY27JAN2623800PE,0.2175971184293855
19-01-2026 13:10||NIFTY27JAN2623900PE,0.2070378530715642
19-01-2026 13:10||NIFTY27JAN2624400PE,0.1637057429184966
19-01-2026 13:10||NIFTY27JAN2624500PE,0.1549456788320334
19-01-2026 13:10||NIFTY27JAN2624600PE,0.1467127753295533
19-01-2026 13:10||NIFTY27JAN2626200CE,0.1153326129577437
19-01-2026 13:10||NIFTY27JAN2626300CE,0.1205805741741939
19-01-2026 13:15||NIFTY27JAN2625800CE,0.107209098143236
19-01-2026 13:20||NIFTY27JAN2624400PE,0.1627270376029328
19-01-2026 13:20||NIFTY27JAN2624800PE,0.1331012957479803
19-01-2026 13:20||NIFTY27JAN2624900PE,0.127258596220427
19-01-2026 13:20||NIFTY27JAN2625000PE,0.1218240985826601
19-01-2026 13:20||NIFTY27JAN2625200CE,0.1105531815594763
19-01-2026 13:20||NIFTY27JAN2625400CE,0.1065577271864921
19-01-2026 13:25||NIFTY27JAN2623900PE,0.2044696965300347
19-01-2026 13:25||NIFTY27JAN2625000PE,0.1198461645024851
19-01-2026 13:25||NIFTY27JAN2625300CE,0.1121033854764054
19-01-2026 13:25||NIFTY27JAN2625400CE,0.1093734376194775
19-01-2026 13:25||NIFTY27JAN2625900CE,0.106205723632971
19-01-2026 13:25||NIFTY27JAN2626200CE,0.1174881726318764
19-01-2026 13:25||NIFTY27JAN2626500CE,0.1335541642228739
19-01-2026 13:30||NIFTY27JAN2624300PE,0.170546403532856
19-01-2026 13:30||NIFTY27JAN2624900PE,0.1252427585221042
19-01-2026 13:30||NIFTY27JAN2625100PE,0.1147382755663126
19-01-2026 13:30||NIFTY27JAN2625800CE,0.1069002487103905
19-01-2026 13:30||NIFTY27JAN2626100CE,0.113851579729305
19-01-2026 13:30||NIFTY27JAN2626300CE,0.1225466452048947
19-01-2026 13:30||NIFTY27JAN2626500CE,0.1339124356146841
19-01-2026 13:35||NIFTY27JAN2624400PE,0.163922581836722
19-01-2026 13:35||NIFTY27JAN2624900PE,0.127809500490568
19-01-2026 13:35||NIFTY27JAN2626200CE,0.1158142846953824
19-01-2026 13:35||NIFTY27JAN2626400CE,0.1264849920513424
19-01-2026 13:40||NIFTY27JAN2624800PE,0.1341018169235135
19-01-2026 13:40||NIFTY27JAN2625300CE,0.1017307407407407
19-01-2026 13:40||NIFTY27JAN2625400CE,0.1020981481481481
19-01-2026 13:40||NIFTY27JAN2625600CE,0.101305
19-01-2026 13:40||NIFTY27JAN2625800CE,0.1013245863348614
19-01-2026 13:40||NIFTY27JAN2625900CE,0.1034558393363894
19-01-2026 13:45||NIFTY27JAN2624300PE,0.1693492693594017
19-01-2026 13:45||NIFTY27JAN2624700PE,0.1355958337128107
19-01-2026 13:45||NIFTY27JAN2625100PE,0.1111427962085307
19-01-2026 13:45||NIFTY27JAN2625500CE,0.1211327706748936
19-01-2026 13:45||NIFTY27JAN2626500CE,0.1333938329764454
19-01-2026 13:50||NIFTY27JAN2623900PE,0.2061285849444672
19-01-2026 13:50||NIFTY27JAN2624200PE,0.1812395501795107
19-01-2026 13:50||NIFTY27JAN2625100PE,0.1194597063621533
19-01-2026 13:50||NIFTY27JAN2625400CE,0.1162321044463426
19-01-2026 13:50||NIFTY27JAN2625700CE,0.106715455455715
19-01-2026 13:50||NIFTY27JAN2626200CE,0.1140609941854344
19-01-2026 13:55||NIFTY27JAN2624500PE,0.1586958329531141
19-01-2026 13:55||NIFTY27JAN2624600PE,0.1502695767378945
19-01-2026 13:55||NIFTY27JAN2625600CE,0.1040044933108336
19-01-2026 13:55||NIFTY27JAN2625700CE,0.1040210799325008
19-01-2026 13:55||NIFTY27JAN2625800CE,0.1040544198987512
19-01-2026 13:55||NIFTY27JAN2625900CE,0.1041091732433344
19-01-2026 13:55||NIFTY27JAN2626200CE,0.11058014821282
19-01-2026 14:00||NIFTY27JAN2624100PE,0.1936407760601548
19-01-2026 14:00||NIFTY27JAN2624600PE,0.1494317543235414
19-01-2026 14:00||NIFTY27JAN2625300CE,0.1222321800341297
19-01-2026 14:00||NIFTY27JAN2625800CE,0.1083171138468013
19-01-2026 14:00||NIFTY27JAN2625900CE,0.1080224458122895
19-01-2026 14:00||NIFTY27JAN2626100CE,0.1095710790144435
19-01-2026 14:05||NIFTY27JAN2623800PE,0.2155194433529797
19-01-2026 14:05||NIFTY27JAN2624200PE,0.1874684695799291
19-01-2026 14:05||NIFTY27JAN2624500PE,0.1609639811308842
19-01-2026 14:05||NIFTY27JAN2625000PE,0.1243112063699825
19-01-2026 14:05||NIFTY27JAN2625400CE,0.1065757069475833
19-01-2026 14:05||NIFTY27JAN2626500CE,0.1229398948475289
19-01-2026 14:10||NIFTY27JAN2624400PE,0.1696888031746258
19-01-2026 14:10||NIFTY27JAN2624500PE,0.1605662507348122
19-01-2026 14:10||NIFTY27JAN2625100PE,0.1228216513761467
19-01-2026 14:10||NIFTY27JAN2625200CE,0.0994263975155279
19-01-2026 14:10||NIFTY27JAN2626100CE,0.1036199911440153
19-01-2026 14:15||NIFTY27JAN2623800PE,0.21411573048925
19-01-2026 14:15||NIFTY27JAN2624100PE,0.1937064733427261
19-01-2026 14:15||NIFTY27JAN2624200PE,0.1851426346263134
19-01-2026 14:15||NIFTY27JAN2624500PE,0.1574927116532752
19-01-2026 14:15||NIFTY27JAN2624700PE,0.1408135283274023
19-01-2026 14:15||NIFTY27JAN2624800PE,0.1333708698047267
19-01-2026 14:15||NIFTY27JAN2625100PE,0.1152053661538461
19-01-2026 14:15||NIFTY27JAN2626400CE,0.122529403337764
19-01-2026 14:20||NIFTY27JAN2624200PE,0.1851779036958356
19-01-2026 14:20||NIFTY27JAN2624500PE,0.1599467693704238
19-01-2026 14:20||NIFTY27JAN2625800CE,0.1018732258064516
19-01-2026 14:20||NIFTY27JAN2626000CE,0.1027714330413016
19-01-2026 14:25||NIFTY27JAN2624000PE,0.2018818299484738
19-01-2026 14:25||NIFTY27JAN2625100PE,0.1225176013234077
19-01-2026 14:25||NIFTY27JAN2625700CE,0.098609102795311
19-01-2026 14:25||NIFTY27JAN2625900CE,0.0988799282377305
19-01-2026 14:25||NIFTY27JAN2626000CE,0.10062874536435
19-01-2026 14:25||NIFTY27JAN2626500CE,0.1240271428571428
19-01-2026 14:30||NIFTY27JAN2624100PE,0.1939662068905875
19-01-2026 14:30||NIFTY27JAN2624300PE,0.176635382339061
19-01-2026 14:30||NIFTY27JAN2624700PE,0.1430770365509808
19-01-2026 14:30||NIFTY27JAN2624800PE,0.1356571198657017
19-01-2026 14:30||NIFTY27JAN2625000PE,0.1230998821406749
19-01-2026 14:35||NIFTY27JAN2623800PE,0.2118968024316108
19-01-2026 14:35||NIFTY27JAN2624300PE,0.1758590260348901
19-01-2026 14:35||NIFTY27JAN2625000PE,0.1222946941019853
19-01-2026 14:35||NIFTY27JAN2625800CE,0.1040115262993112
19-01-2026 14:35||NIFTY27JAN2626100CE,0.1073214065755535
19-01-2026 14:35||NIFTY27JAN2626300CE,0.1145241968356337
19-01-2026 14:35||NIFTY27JAN2626400CE,0.1199707650844835
19-01-2026 14:40||NIFTY27JAN2624000PE,0.2010207333846613
19-01-2026 14:40||NIFTY27JAN2624300PE,0.1778304462788797
19-01-2026 14:40||NIFTY27JAN2624700PE,0.1445593565732708
19-01-2026 14:40||NIFTY27JAN2625200CE,0.1130908163265306
19-01-2026 14:45||NIFTY27JAN2623900PE,0.2112999915071031
19-01-2026 14:45||NIFTY27JAN2624100PE,0.1950941583628578
19-01-2026 14:45||NIFTY27JAN2624400PE,0.1691422494609554
19-01-2026 14:45||NIFTY27JAN2624600PE,0.1520918555836632
19-01-2026 14:45||NIFTY27JAN2624800PE,0.1369837947094589
19-01-2026 14:45||NIFTY27JAN2625800CE,0.1002348907103825
19-01-2026 14:45||NIFTY27JAN2626000CE,0.1013067650834403
19-01-2026 14:50||NIFTY27JAN2624000PE,0.2028990950280318
19-01-2026 14:50||NIFTY27JAN2624200PE,0.1870071390366669
19-01-2026 14:50||NIFTY27JAN2624500PE,0.1613076856449757
19-01-2026 14:50||NIFTY27JAN2625100PE,0.121273427697016
19-01-2026 14:50||NIFTY27JAN2625700CE,0.1019116283589958
19-01-2026 14:55||NIFTY27JAN2623800PE,0.2157337857142857
19-01-2026 14:55||NIFTY27JAN2624400PE,0.1708881147710086
19-01-2026 14:55||NIFTY27JAN2625300CE,0.1051733489347179
19-01-2026 14:55||NIFTY27JAN2625400CE,0.1031616978694359
19-01-2026 14:55||NIFTY27JAN2626000CE,0.0994485096425748
19-01-2026 14:55||NIFTY27JAN2626100CE,0.1022500480057762
19-01-2026 15:00||NIFTY27JAN2624300PE,0.1817656564664944
19-01-2026 15:00||NIFTY27JAN2625000PE,0.1282365020012949
19-01-2026 15:00||NIFTY27JAN2625600CE,0.0912505048260744
19-01-2026 15:00||NIFTY27JAN2626000CE,0.0952751598233974
19-01-2026 15:00||NIFTY27JAN2626300CE,0.1079952111609887
19-01-2026 15:05||NIFTY27JAN2623900PE,0.2107252916981448
19-01-2026 15:05||NIFTY27JAN2625700CE,0.0952227403846153
19-01-2026 15:05||NIFTY27JAN2626000CE,0.0974620752212943
19-01-2026 15:05||NIFTY27JAN2626400CE,0.1169278805375772
19-01-2026 15:10||NIFTY27JAN2624100PE,0.1938307816264664
19-01-2026 15:10||NIFTY27JAN2624300PE,0.1765878131017101
19-01-2026 15:10||NIFTY27JAN2624800PE,0.1379588725533937
19-01-2026 15:10||NIFTY27JAN2625800CE,0.0965913372093023
19-01-2026 15:10||NIFTY27JAN2626100CE,0.1026746833452044
19-01-2026 15:15||NIFTY27JAN2624200PE,0.1849131221802886
19-01-2026 15:15||NIFTY27JAN2624400PE,0.1691156121342598
19-01-2026 15:15||NIFTY27JAN2624500PE,0.1612869165374718
19-01-2026 15:15||NIFTY27JAN2624600PE,0.153644414873554
19-01-2026 15:15||NIFTY27JAN2624700PE,0.1463086088064241
19-01-2026 15:15||NIFTY27JAN2625300CE,0.0847557867682986
19-01-2026 15:15||NIFTY27JAN2625400CE,0.0891499068699306
19-01-2026 15:15||NIFTY27JAN2626200CE,0.1053339836266561
19-01-2026 15:20||NIFTY27JAN2624500PE,0.1572025306261251
19-01-2026 15:20||NIFTY27JAN2625200CE,0.09731
19-01-2026 15:20||NIFTY27JAN2625800CE,0.0961830194146624
19-01-2026 15:20||NIFTY27JAN2626400CE,0.1223895400183992
19-01-2026 15:20||NIFTY27JAN2626500CE,0.1306972401103956
19-01-2026 15:25||NIFTY27JAN2624300PE,0.1738778419239517
19-01-2026 15:25||NIFTY27JAN2624400PE,0.165654086038207
19-01-2026 15:25||NIFTY27JAN2624700PE,0.1430318339159698
19-01-2026 15:25||NIFTY27JAN2625800CE,0.0945191194072385
19-01-2026 15:25||NIFTY27JAN2626300CE,0.1135799083269671
20-01-2026 09:15||NIFTY27JAN2623900PE,0.2079428845913197
20-01-2026 09:15||NIFTY27JAN2624000PE,0.1992690255768526
20-01-2026 09:15||NIFTY27JAN2624100PE,0.1909106537739592
20-01-2026 09:15||NIFTY27JAN2624400PE,0.1668336465636273
20-01-2026 09:15||NIFTY27JAN2624600PE,0.1512031541405012
20-01-2026 09:15||NIFTY27JAN2625200CE,0.1088591666666666
20-01-2026 09:15||NIFTY27JAN2625500CE,0.1047918955838323
20-01-2026 09:15||NIFTY27JAN2626200CE,0.1138091736590816
20-01-2026 09:15||NIFTY27JAN2626300CE,0.1192739321414059
20-01-2026 09:15||NIFTY27JAN2626400CE,0.1258017245530272
20-01-2026 09:20||NIFTY27JAN2623800PE,0.2159954254112308
20-01-2026 09:20||NIFTY27JAN2624000PE,0.1976584751370769
20-01-2026 09:20||NIFTY27JAN2624700PE,0.1459207381578367
20-01-2026 09:20||NIFTY27JAN2625200CE,0.0838805992509363
20-01-2026 09:20||NIFTY27JAN2625400CE,0.0894102996254681
20-01-2026 09:20||NIFTY27JAN2625500CE,0.0915305992509363
20-01-2026 09:20||NIFTY27JAN2625800CE,0.0962376513165216
20-01-2026 09:20||NIFTY27JAN2626300CE,0.1187954459319029
20-01-2026 09:20||NIFTY27JAN2626500CE,0.1337063377957087
20-01-2026 09:25||NIFTY27JAN2623900PE,0.2032191901108269
20-01-2026 09:25||NIFTY27JAN2625000PE,0.1251335109114249
20-01-2026 09:25||NIFTY27JAN2625400CE,0.1053307871536523
20-01-2026 09:30||NIFTY27JAN2623900PE,0.2022752760110893
20-01-2026 09:30||NIFTY27JAN2624400PE,0.1604386310144455
20-01-2026 09:30||NIFTY27JAN2624800PE,0.1317757439089995
20-01-2026 09:30||NIFTY27JAN2625700CE,0.1075679025044722
20-01-2026 09:30||NIFTY27JAN2626100CE,0.1174657901952615
20-01-2026 09:30||NIFTY27JAN2626300CE,0.1285405635226354
20-01-2026 09:35||NIFTY27JAN2624500PE,0.1533813436168555
20-01-2026 09:35||NIFTY27JAN2625200CE,0.1060469090909091
20-01-2026 09:35||NIFTY27JAN2625700CE,0.1052629012345679
20-01-2026 09:35||NIFTY27JAN2625800CE,0.1063791358024691
20-01-2026 09:35||NIFTY27JAN2626200CE,0.1226741896416491
20-01-2026 09:40||NIFTY27JAN2623800PE,0.2140588093330868
20-01-2026 09:40||NIFTY27JAN2624100PE,0.1866907012293368
20-01-2026 09:40||NIFTY27JAN2625000PE,0.1215363126843657
20-01-2026 09:40||NIFTY27JAN2625900CE,0.1131463114494551
20-01-2026 09:40||NIFTY27JAN2626100CE,0.1215298595252572
20-01-2026 09:40||NIFTY27JAN2626200CE,0.1268454384712836
20-01-2026 09:40||NIFTY27JAN2626400CE,0.1396450351351754
20-01-2026 09:45||NIFTY27JAN2624800PE,0.1330163720283596
20-01-2026 09:45||NIFTY27JAN2625500CE,0.1124252273647795
20-01-2026 09:45||NIFTY27JAN2626200CE,0.1263049313268732
20-01-2026 09:45||NIFTY27JAN2626300CE,0.1327426421423297
20-01-2026 09:50||NIFTY27JAN2624100PE,0.1887076652044996
20-01-2026 09:50||NIFTY27JAN2624800PE,0.1358202156372878
20-01-2026 09:50||NIFTY27JAN2625100PE,0.1241190101237345
20-01-2026 09:50||NIFTY27JAN2625200CE,0.1025424324324324
20-01-2026 09:55||NIFTY27JAN2623900PE,0.204087132221458
20-01-2026 09:55||NIFTY27JAN2624100PE,0.1860257742039412
20-01-2026 09:55||NIFTY27JAN2625000PE,0.1222997062943593
20-01-2026 10:00||NIFTY27JAN2623900PE,0.2057342362376959
20-01-2026 10:00||NIFTY27JAN2624600PE,0.1453469220578471
20-01-2026 10:00||NIFTY27JAN2624700PE,0.1385748165363074
20-01-2026 10:00||NIFTY27JAN2625200CE,0.1219565622460037
20-01-2026 10:00||NIFTY27JAN2625400CE,0.1151555207486679
20-01-2026 10:00||NIFTY27JAN2625700CE,0.1109358776091081
20-01-2026 10:00||NIFTY27JAN2626000CE,0.1159574622926093
20-01-2026 10:00||NIFTY27JAN2626200CE,0.1260956756738605
20-01-2026 10:05||NIFTY27JAN2626100CE,0.1210564611790259
20-01-2026 10:05||NIFTY27JAN2626200CE,0.1259488938450416
20-01-2026 10:05||NIFTY27JAN2626500CE,0.144759353800161
20-01-2026 10:10||NIFTY27JAN2624900PE,0.1304457157011908
20-01-2026 10:10||NIFTY27JAN2625100PE,0.1223671471035726
20-01-2026 10:10||NIFTY27JAN2626500CE,0.1423996335078533
20-01-2026 10:15||NIFTY27JAN2624000PE,0.1946866051869064
20-01-2026 10:15||NIFTY27JAN2625800CE,0.1120581114686951
20-01-2026 10:15||NIFTY27JAN2626300CE,0.1311190034098109
20-01-2026 10:20||NIFTY27JAN2624100PE,0.1880869416970778
20-01-2026 10:20||NIFTY27JAN2625700CE,0.1057221947749612
20-01-2026 10:20||NIFTY27JAN2626000CE,0.1116143065638075
20-01-2026 10:25||NIFTY27JAN2623800PE,0.2140586803519061
20-01-2026 10:25||NIFTY27JAN2624700PE,0.1393832194315377
20-01-2026 10:25||NIFTY27JAN2625000PE,0.123398213341558
20-01-2026 10:25||NIFTY27JAN2625800CE,0.105124071146245
20-01-2026 10:25||NIFTY27JAN2626200CE,0.1202645196368423
20-01-2026 10:25||NIFTY27JAN2626400CE,0.1332382466900311
20-01-2026 10:30||NIFTY27JAN2623900PE,0.2054712757860103
20-01-2026 10:30||NIFTY27JAN2624000PE,0.1964742182386873
20-01-2026 10:30||NIFTY27JAN2624300PE,0.1707732957200679
20-01-2026 10:30||NIFTY27JAN2624600PE,0.1456953177185193
20-01-2026 10:30||NIFTY27JAN2625500CE,0.1075144112877067
20-01-2026 10:30||NIFTY27JAN2625700CE,0.1069399868832129
20-01-2026 10:30||NIFTY27JAN2625800CE,0.107742195988648
20-01-2026 10:35||NIFTY27JAN2624300PE,0.1691885899376545
20-01-2026 10:35||NIFTY27JAN2624700PE,0.1364571142463111
20-01-2026 10:35||NIFTY27JAN2625200CE,0.1313374053784861
20-01-2026 10:35||NIFTY27JAN2625400CE,0.120969135126162
20-01-2026 10:35||NIFTY27JAN2625900CE,0.11239
20-01-2026 10:40||NIFTY27JAN2624000PE,0.1975028151439455
20-01-2026 10:40||NIFTY27JAN2624300PE,0.1717079220482299
20-01-2026 10:40||NIFTY27JAN2625800CE,0.1045197790585975
20-01-2026 10:40||NIFTY27JAN2626000CE,0.1097206411255928
20-01-2026 10:45||NIFTY27JAN2624900PE,0.1267205256175362
20-01-2026 10:45||NIFTY27JAN2625900CE,0.1088089852797531
20-01-2026 10:45||NIFTY27JAN2626200CE,0.1206046182864902
20-01-2026 10:45||NIFTY27JAN2626400CE,0.1331087663934426
20-01-2026 10:50||NIFTY27JAN2623800PE,0.2147349133168223
20-01-2026 10:50||NIFTY27JAN2624100PE,0.1895469182601227
20-01-2026 10:50||NIFTY27JAN2625300CE,0.1051199999999999
20-01-2026 10:50||NIFTY27JAN2626200CE,0.1204410932229719
20-01-2026 10:55||NIFTY27JAN2624200PE,0.1791869880349879
20-01-2026 10:55||NIFTY27JAN2624500PE,0.1529235334052524
20-01-2026 10:55||NIFTY27JAN2624600PE,0.1452225315551813
20-01-2026 10:55||NIFTY27JAN2624700PE,0.138078763002484
20-01-2026 10:55||NIFTY27JAN2624800PE,0.1316939962998577
20-01-2026 10:55||NIFTY27JAN2625300CE,0.1091060658065054
20-01-2026 10:55||NIFTY27JAN2625400CE,0.1081554649463443
20-01-2026 10:55||NIFTY27JAN2625900CE,0.1094706111775943
20-01-2026 10:55||NIFTY27JAN2626400CE,0.1345600136617869
20-01-2026 11:00||NIFTY27JAN2623800PE,0.2147109831460674
20-01-2026 11:00||NIFTY27JAN2624000PE,0.1962969943820224
20-01-2026 11:00||NIFTY27JAN2624400PE,0.160817920104989
20-01-2026 11:00||NIFTY27JAN2625300CE,0.107937663133832
20-01-2026 11:05||NIFTY27JAN2623800PE,0.2147650440528634
20-01-2026 11:05||NIFTY27JAN2624400PE,0.1599308801124468
20-01-2026 11:05||NIFTY27JAN2624500PE,0.151000893282017
20-01-2026 11:05||NIFTY27JAN2625400CE,0.1074030414663397
20-01-2026 11:05||NIFTY27JAN2625500CE,0.1059407736067331
20-01-2026 11:05||NIFTY27JAN2625800CE,0.1061166606005459
20-01-2026 11:05||NIFTY27JAN2626300CE,0.129175783438449
20-01-2026 11:10||NIFTY27JAN2624500PE,0.1501548098160436
20-01-2026 11:10||NIFTY27JAN2624900PE,0.1254187061461077
20-01-2026 11:10||NIFTY27JAN2625200CE,0.1126148421052631
20-01-2026 11:10||NIFTY27JAN2625600CE,0.1061067487046632
20-01-2026 11:15||NIFTY27JAN2623800PE,0.2099791381215469
20-01-2026 11:15||NIFTY27JAN2624300PE,0.1664132974167895
20-01-2026 11:15||NIFTY27JAN2624700PE,0.1346659556984637
20-01-2026 11:15||NIFTY27JAN2625000PE,0.118990494013438
20-01-2026 11:15||NIFTY27JAN2625300CE,0.114383238231194
20-01-2026 11:15||NIFTY27JAN2625600CE,0.1074514251592356
20-01-2026 11:20||NIFTY27JAN2624500PE,0.148972099905089
20-01-2026 11:20||NIFTY27JAN2625700CE,0.1078021717171717
20-01-2026 11:20||NIFTY27JAN2626200CE,0.1237723349887383
20-01-2026 11:25||NIFTY27JAN2624000PE,0.1928754492543851
20-01-2026 11:25||NIFTY27JAN2624300PE,0.1652239199856918
20-01-2026 11:25||NIFTY27JAN2624900PE,0.1217228658916333
20-01-2026 11:25||NIFTY27JAN2625200CE,0.1259293569131832
20-01-2026 11:25||NIFTY27JAN2625300CE,0.1212865594855305
20-01-2026 11:25||NIFTY27JAN2625700CE,0.1099058752695902
20-01-2026 11:25||NIFTY27JAN2626100CE,0.1193920636784464
20-01-2026 11:30||NIFTY27JAN2623900PE,0.2042198106476399
20-01-2026 11:30||NIFTY27JAN2624200PE,0.1766697170107679
20-01-2026 11:30||NIFTY27JAN2624900PE,0.1243325466281906
20-01-2026 11:30||NIFTY27JAN2625200CE,0.1147202843601895
20-01-2026 11:30||NIFTY27JAN2625700CE,0.1067088825237141
20-01-2026 11:30||NIFTY27JAN2625800CE,0.1075744317140949
20-01-2026 11:30||NIFTY27JAN2626000CE,0.1121506337960166
20-01-2026 11:35||NIFTY27JAN2623800PE,0.2122151963574274
20-01-2026 11:35||NIFTY27JAN2625900CE,0.1081942715179914
20-01-2026 11:35||NIFTY27JAN2626300CE,0.128306050955414
20-01-2026 11:35||NIFTY27JAN2626500CE,0.142698152866242
20-01-2026 11:40||NIFTY27JAN2623800PE,0.2120046476499129
20-01-2026 11:40||NIFTY27JAN2624000PE,0.1937289904916231
20-01-2026 11:40||NIFTY27JAN2624100PE,0.1847946476499129
20-01-2026 11:40||NIFTY27JAN2624700PE,0.1339020431387408
20-01-2026 11:40||NIFTY27JAN2624800PE,0.1275528870512584
20-01-2026 11:40||NIFTY27JAN2625100PE,0.1130054737753385
20-01-2026 11:40||NIFTY27JAN2625300CE,0.116162477816756
20-01-2026 11:45||NIFTY27JAN2623900PE,0.2039286834319526
20-01-2026 11:45||NIFTY27JAN2624500PE,0.1494346174973705
20-01-2026 11:45||NIFTY27JAN2625600CE,0.1069368208092485
20-01-2026 11:45||NIFTY27JAN2625800CE,0.106850549604561
20-01-2026 11:45||NIFTY27JAN2625900CE,0.1093622989454961
20-01-2026 11:45||NIFTY27JAN2626000CE,0.1128703988136831
20-01-2026 11:50||NIFTY27JAN2624200PE,0.1770819722973625
20-01-2026 11:50||NIFTY27JAN2624600PE,0.1421045467995284
20-01-2026 11:50||NIFTY27JAN2624700PE,0.134400157171694
20-01-2026 11:50||NIFTY27JAN2624900PE,0.1220793319491205
20-01-2026 11:50||NIFTY27JAN2625400CE,0.1109968009716599
20-01-2026 11:50||NIFTY27JAN2625700CE,0.1053244198895027
20-01-2026 11:50||NIFTY27JAN2626300CE,0.1281617452140167
20-01-2026 11:55||NIFTY27JAN2623800PE,0.2242644178454843
20-01-2026 11:55||NIFTY27JAN2623900PE,0.2121389880304679
20-01-2026 11:55||NIFTY27JAN2624000PE,0.2004696626768226
20-01-2026 11:55||NIFTY27JAN2624100PE,0.1893716104461371
20-01-2026 11:55||NIFTY27JAN2625800CE,0.1017771390644198
20-01-2026 11:55||NIFTY27JAN2625900CE,0.1052898336843953
20-01-2026 12:00||NIFTY27JAN2623800PE,0.2117914479638008
20-01-2026 12:00||NIFTY27JAN2624400PE,0.1599096369180815
20-01-2026 12:00||NIFTY27JAN2624600PE,0.1439450395653748
20-01-2026 12:00||NIFTY27JAN2624700PE,0.1367173115022708
20-01-2026 12:00||NIFTY27JAN2625800CE,0.1019570567455559
20-01-2026 12:00||NIFTY27JAN2625900CE,0.1054931677909299
20-01-2026 12:05||NIFTY27JAN2624700PE,0.135744793908182
20-01-2026 12:05||NIFTY27JAN2624900PE,0.1252463353516396
20-01-2026 12:05||NIFTY27JAN2625800CE,0.1021031557056323
20-01-2026 12:10||NIFTY27JAN2624200PE,0.175224535854003
20-01-2026 12:10||NIFTY27JAN2624500PE,0.1490541549527809
20-01-2026 12:10||NIFTY27JAN2624600PE,0.1415201076743156
20-01-2026 12:10||NIFTY27JAN2624700PE,0.1344517633522045
20-01-2026 12:10||NIFTY27JAN2624800PE,0.1279630271740479
20-01-2026 12:10||NIFTY27JAN2624900PE,0.1221678043274463
20-01-2026 12:15||NIFTY27JAN2624300PE,0.1668591280860022
20-01-2026 12:15||NIFTY27JAN2624500PE,0.1492155815252486
20-01-2026 12:15||NIFTY27JAN2625000PE,0.1186258211521926
20-01-2026 12:15||NIFTY27JAN2625100PE,0.1148649269131556
20-01-2026 12:15||NIFTY27JAN2625400CE,0.1043706281236654
20-01-2026 12:15||NIFTY27JAN2626400CE,0.1390948518711018
20-01-2026 12:20||NIFTY27JAN2623900PE,0.2038099305163432
20-01-2026 12:20||NIFTY27JAN2624000PE,0.194262148043582
20-01-2026 12:20||NIFTY27JAN2624100PE,0.1847907915490297
20-01-2026 12:20||NIFTY27JAN2625200CE,0.1057565217391304
20-01-2026 12:20||NIFTY27JAN2625300CE,0.1054527536231884
20-01-2026 12:20||NIFTY27JAN2625700CE,0.10356724657092
20-01-2026 12:20||NIFTY27JAN2625800CE,0.1059734908557866
20-01-2026 12:20||NIFTY27JAN2625900CE,0.10929548971276
20-01-2026 12:25||NIFTY27JAN2623800PE,0.2071674322080797
20-01-2026 12:25||NIFTY27JAN2625000PE,0.1147249640287769
20-01-2026 12:25||NIFTY27JAN2625100PE,0.1105697841726618
20-01-2026 12:25||NIFTY27JAN2625700CE,0.1080173629489603
20-01-2026 12:25||NIFTY27JAN2626000CE,0.1149655223110931
20-01-2026 12:30||NIFTY27JAN2623800PE,0.214968608
20-01-2026 12:30||NIFTY27JAN2623900PE,0.2042114346666667
20-01-2026 12:30||NIFTY27JAN2624900PE,0.1214303825136612
20-01-2026 12:30||NIFTY27JAN2625000PE,0.1148522950819671
20-01-2026 12:30||NIFTY27JAN2625100PE,0.1082068852459015
20-01-2026 12:30||NIFTY27JAN2625300CE,0.1073315122470713
20-01-2026 12:30||NIFTY27JAN2626000CE,0.113303002536647
20-01-2026 12:35||NIFTY27JAN2623800PE,0.2076370913190529
20-01-2026 12:35||NIFTY27JAN2624200PE,0.1741843020078225
20-01-2026 12:35||NIFTY27JAN2625000PE,0.1166405541577142
20-01-2026 12:35||NIFTY27JAN2625200CE,0.1140842576028622
20-01-2026 12:35||NIFTY27JAN2625500CE,0.1073419677996422
20-01-2026 12:35||NIFTY27JAN2625700CE,0.1068463275739338
20-01-2026 12:35||NIFTY27JAN2625800CE,0.1083593218145343
20-01-2026 12:35||NIFTY27JAN2626200CE,0.1271841778607314
20-01-2026 12:35||NIFTY27JAN2626300CE,0.1346725327595857
20-01-2026 12:40||NIFTY27JAN2623800PE,0.20923311521603
20-01-2026 12:40||NIFTY27JAN2624000PE,0.1926310384053433
20-01-2026 12:40||NIFTY27JAN2624300PE,0.1654080924068103
20-01-2026 12:40||NIFTY27JAN2624600PE,0.1411647766492637
20-01-2026 12:40||NIFTY27JAN2624700PE,0.1343076289783144
20-01-2026 12:40||NIFTY27JAN2625400CE,0.1053745805948584
20-01-2026 12:40||NIFTY27JAN2626100CE,0.1210455918466223
20-01-2026 12:45||NIFTY27JAN2623800PE,0.2072786924388857
20-01-2026 12:45||NIFTY27JAN2624300PE,0.1642949260900096
20-01-2026 12:45||NIFTY27JAN2624400PE,0.155422430890664
20-01-2026 12:45||NIFTY27JAN2625100PE,0.1140581927710843
20-01-2026 12:50||NIFTY27JAN2624200PE,0.1746793054042857
20-01-2026 12:50||NIFTY27JAN2625600CE,0.1061303634361233
20-01-2026 12:50||NIFTY27JAN2626000CE,0.1147568982142279
20-01-2026 12:50||NIFTY27JAN2626200CE,0.1261968080578487
20-01-2026 12:55||NIFTY27JAN2624900PE,0.121368379103524
20-01-2026 12:55||NIFTY27JAN2625400CE,0.1092229079581105
20-01-2026 13:00||NIFTY27JAN2623900PE,0.2032221952968093
20-01-2026 13:00||NIFTY27JAN2624200PE,0.1758918969431816
20-01-2026 13:00||NIFTY27JAN2625100PE,0.1145924045801526
20-01-2026 13:00||NIFTY27JAN2625800CE,0.1071627875815291
20-01-2026 13:00||NIFTY27JAN2625900CE,0.1106116124141821
20-01-2026 13:00||NIFTY27JAN2626400CE,0.1411454807457585
20-01-2026 13:05||NIFTY27JAN2624200PE,0.1757099989423063
20-01-2026 13:05||NIFTY27JAN2624900PE,0.1220542651255071
20-01-2026 13:05||NIFTY27JAN2625300CE,0.1085238813095575
20-01-2026 13:05||NIFTY27JAN2625400CE,0.106469762619115
20-01-2026 13:05||NIFTY27JAN2625600CE,0.1049728835267478
20-01-2026 13:05||NIFTY27JAN2626500CE,0.1482491818796484
20-01-2026 13:10||NIFTY27JAN2624000PE,0.1935625173312394
20-01-2026 13:10||NIFTY27JAN2624400PE,0.1576714945903568
20-01-2026 13:10||NIFTY27JAN2624700PE,0.1344539064797442
20-01-2026 13:10||NIFTY27JAN2625000PE,0.1177421406727828
20-01-2026 13:10||NIFTY27JAN2626000CE,0.1138697622497553
20-01-2026 13:10||NIFTY27JAN2626400CE,0.1412535259509993
20-01-2026 13:15||NIFTY27JAN2623900PE,0.202635124683773
20-01-2026 13:15||NIFTY27JAN2624600PE,0.140380705533616
20-01-2026 13:15||NIFTY27JAN2624900PE,0.1208673375338555
20-01-2026 13:15||NIFTY27JAN2625000PE,0.1158761687669277
20-01-2026 13:15||NIFTY27JAN2625200CE,0.1174597363083164
20-01-2026 13:15||NIFTY27JAN2626000CE,0.116077037268337
20-01-2026 13:15||NIFTY27JAN2626200CE,0.1279505682958826
20-01-2026 13:20||NIFTY27JAN2624200PE,0.1765885088437435
20-01-2026 13:20||NIFTY27JAN2624600PE,0.1431769515561501
20-01-2026 13:20||NIFTY27JAN2625000PE,0.1193617726238128
20-01-2026 13:20||NIFTY27JAN2625700CE,0.1039439590311775
20-01-2026 13:20||NIFTY27JAN2626100CE,0.1191996510846362
20-01-2026 13:20||NIFTY27JAN2626200CE,0.1253707827672637
20-01-2026 13:25||NIFTY27JAN2623800PE,0.2104345906267645
20-01-2026 13:25||NIFTY27JAN2624100PE,0.1847903963887993
20-01-2026 13:25||NIFTY27JAN2624700PE,0.1338682390241292
20-01-2026 13:25||NIFTY27JAN2625000PE,0.1176005658550352
20-01-2026 13:25||NIFTY27JAN2625800CE,0.1074040384615384
20-01-2026 13:30||NIFTY27JAN2624100PE,0.1850470141228859
20-01-2026 13:30||NIFTY27JAN2624700PE,0.1343280393504146
20-01-2026 13:30||NIFTY27JAN2624900PE,0.123512282559967
20-01-2026 13:30||NIFTY27JAN2626000CE,0.1142604239071794
20-01-2026 13:35||NIFTY27JAN2625100PE,0.1191830155440414
20-01-2026 13:35||NIFTY27JAN2625800CE,0.1084460209840346
20-01-2026 13:40||NIFTY27JAN2623800PE,0.2049055077915099
20-01-2026 13:40||NIFTY27JAN2624600PE,0.1396209297342368
20-01-2026 13:40||NIFTY27JAN2625000PE,0.1161777927092987
20-01-2026 13:45||NIFTY27JAN2624000PE,0.1936697650802505
20-01-2026 13:45||NIFTY27JAN2624400PE,0.1571658627640388
20-01-2026 13:45||NIFTY27JAN2624600PE,0.1421695965034322
20-01-2026 13:50||NIFTY27JAN2624000PE,0.1931977098321044
20-01-2026 13:50||NIFTY27JAN2624100PE,0.184059304738766
20-01-2026 13:50||NIFTY27JAN2624200PE,0.1748990447293755
20-01-2026 13:50||NIFTY27JAN2624300PE,0.1658411898133233
20-01-2026 13:50||NIFTY27JAN2624500PE,0.1481630759606769
20-01-2026 13:50||NIFTY27JAN2625200CE,0.1194417449593951
20-01-2026 13:50||NIFTY27JAN2625400CE,0.1122705816531317
20-01-2026 13:50||NIFTY27JAN2626000CE,0.1206262406731705
20-01-2026 13:50||NIFTY27JAN2626100CE,0.1265152862439776
20-01-2026 13:55||NIFTY27JAN2624400PE,0.1569191347829113
20-01-2026 13:55||NIFTY27JAN2625200CE,0.1200349990369799
20-01-2026 13:55||NIFTY27JAN2625400CE,0.1121508330123266
20-01-2026 13:55||NIFTY27JAN2625600CE,0.1096547919876733
20-01-2026 14:00||NIFTY27JAN2624100PE,0.1866248413193733
20-01-2026 14:00||NIFTY27JAN2624200PE,0.1765189851613012
20-01-2026 14:00||NIFTY27JAN2624800PE,0.1321900558269365
20-01-2026 14:00||NIFTY27JAN2624900PE,0.1341003349616191
20-01-2026 14:00||NIFTY27JAN2625000PE,0.1420910048848572
20-01-2026 14:00||NIFTY27JAN2625100PE,0.1576322330774603
20-01-2026 14:00||NIFTY27JAN2625200CE,0.1161268052516411
20-01-2026 14:00||NIFTY27JAN2626100CE,0.1259182853978161
20-01-2026 14:05||NIFTY27JAN2623800PE,0.2108887554585152
20-01-2026 14:05||NIFTY27JAN2625100PE,0.1167880384226491
20-01-2026 14:05||NIFTY27JAN2625200CE,0.1146988764044943
20-01-2026 14:05||NIFTY27JAN2626100CE,0.1274939203865903
20-01-2026 14:05||NIFTY27JAN2626400CE,0.149399140200585
20-01-2026 14:10||NIFTY27JAN2624000PE,0.1941479365509736
20-01-2026 14:10||NIFTY27JAN2624200PE,0.1761285454851712
20-01-2026 14:10||NIFTY27JAN2624500PE,0.1500532023702372
20-01-2026 14:10||NIFTY27JAN2624900PE,0.123677496988601
20-01-2026 14:10||NIFTY27JAN2625000PE,0.1186029151609671
20-01-2026 14:10||NIFTY27JAN2625500CE,0.1108043322734499
20-01-2026 14:10||NIFTY27JAN2625700CE,0.1112161219063203
20-01-2026 14:10||NIFTY27JAN2626100CE,0.1294157833445585
20-01-2026 14:10||NIFTY27JAN2626200CE,0.1360495840761443
20-01-2026 14:10||NIFTY27JAN2626300CE,0.1430835927696579
20-01-2026 14:15||NIFTY27JAN2623800PE,0.2114736059440486
20-01-2026 14:15||NIFTY27JAN2624100PE,0.1842103466191042
20-01-2026 14:15||NIFTY27JAN2624500PE,0.1508699620357452
20-01-2026 14:15||NIFTY27JAN2624600PE,0.1436849583068996
20-01-2026 14:15||NIFTY27JAN2624900PE,0.1250632577843964
20-01-2026 14:15||NIFTY27JAN2625200CE,0.1124572072599531
20-01-2026 14:15||NIFTY27JAN2625400CE,0.1084724024199843
20-01-2026 14:15||NIFTY27JAN2626000CE,0.1203596360179599
20-01-2026 14:15||NIFTY27JAN2626300CE,0.1402651623745992
20-01-2026 14:15||NIFTY27JAN2626500CE,0.1567154871237977
20-01-2026 14:20||NIFTY27JAN2625400CE,0.1150896081152537
20-01-2026 14:20||NIFTY27JAN2625700CE,0.1126960180722891
20-01-2026 14:20||NIFTY27JAN2626500CE,0.157008074616922
20-01-2026 14:25||NIFTY27JAN2624100PE,0.1863362591570405
20-01-2026 14:25||NIFTY27JAN2624600PE,0.142410539748903
20-01-2026 14:25||NIFTY27JAN2625400CE,0.1135912519242463
20-01-2026 14:25||NIFTY27JAN2625900CE,0.1162717649749749
20-01-2026 14:30||NIFTY27JAN2624000PE,0.1951732180906017
20-01-2026 14:30||NIFTY27JAN2624600PE,0.145208791122385
20-01-2026 14:30||NIFTY27JAN2625400CE,0.107264121772213
20-01-2026 14:30||NIFTY27JAN2625500CE,0.106052616441662
20-01-2026 14:30||NIFTY27JAN2625800CE,0.109854634649696
20-01-2026 14:30||NIFTY27JAN2626000CE,0.1180223258572217
20-01-2026 14:30||NIFTY27JAN2626400CE,0.1436195187969924
20-01-2026 14:30||NIFTY27JAN2626500CE,0.1504671127819548
20-01-2026 14:35||NIFTY27JAN2624600PE,0.1468571390249829
20-01-2026 14:35||NIFTY27JAN2624800PE,0.1337048143536716
20-01-2026 14:35||NIFTY27JAN2625600CE,0.1055774929478138
20-01-2026 14:35||NIFTY27JAN2626000CE,0.1176756927636089
20-01-2026 14:35||NIFTY27JAN2626300CE,0.1365434333282848
20-01-2026 14:40||NIFTY27JAN2623800PE,0.213907062780269
20-01-2026 14:40||NIFTY27JAN2625200CE,0.1100671040058802
20-01-2026 14:40||NIFTY27JAN2625500CE,0.1064870286659316
20-01-2026 14:45||NIFTY27JAN2624600PE,0.1452994007798793
20-01-2026 14:45||NIFTY27JAN2625500CE,0.109178636129254
20-01-2026 14:45||NIFTY27JAN2626000CE,0.1211546121678171
20-01-2026 14:45||NIFTY27JAN2626100CE,0.1272673007991946
20-01-2026 14:50||NIFTY27JAN2624000PE,0.1990824844858753
20-01-2026 14:50||NIFTY27JAN2624200PE,0.1801381784940289
20-01-2026 14:50||NIFTY27JAN2624900PE,0.1271923235720881
20-01-2026 14:50||NIFTY27JAN2625100PE,0.1198969707162643
20-01-2026 14:50||NIFTY27JAN2625500CE,0.103159330593071
20-01-2026 14:50||NIFTY27JAN2625900CE,0.1136801545710387
20-01-2026 14:55||NIFTY27JAN2623900PE,0.209335971720002
20-01-2026 14:55||NIFTY27JAN2624000PE,0.199867924586672
20-01-2026 14:55||NIFTY27JAN2624100PE,0.1901459151600061
20-01-2026 14:55||NIFTY27JAN2626000CE,0.1184204283616232
20-01-2026 15:00||NIFTY27JAN2624800PE,0.1290793367491013
20-01-2026 15:00||NIFTY27JAN2625600CE,0.1067622382438035
20-01-2026 15:00||NIFTY27JAN2626100CE,0.1322738129565842
20-01-2026 15:00||NIFTY27JAN2626200CE,0.139227435367181
20-01-2026 15:00||NIFTY27JAN2626400CE,0.1543533533333333
20-01-2026 15:05||NIFTY27JAN2623900PE,0.206747327155104
20-01-2026 15:05||NIFTY27JAN2624300PE,0.1675457746553181
20-01-2026 15:05||NIFTY27JAN2625000PE,0.1252965987728827
20-01-2026 15:05||NIFTY27JAN2625200CE,0.0979959459459459
20-01-2026 15:05||NIFTY27JAN2626100CE,0.1306840870898231
20-01-2026 15:05||NIFTY27JAN2626200CE,0.1376256955471676
20-01-2026 15:10||NIFTY27JAN2624300PE,0.1657222752752783
20-01-2026 15:10||NIFTY27JAN2625100PE,0.1300636276391555
20-01-2026 15:10||NIFTY27JAN2625300CE,0.1005713007490679
20-01-2026 15:10||NIFTY27JAN2625400CE,0.1026109348314693
20-01-2026 15:10||NIFTY27JAN2625900CE,0.1244097548581401
20-01-2026 15:10||NIFTY27JAN2626100CE,0.1372826503669887
20-01-2026 15:15||NIFTY27JAN2624000PE,0.20367276470412
20-01-2026 15:15||NIFTY27JAN2624200PE,0.1819407297711637
20-01-2026 15:15||NIFTY27JAN2624500PE,0.1552521682605378
20-01-2026 15:15||NIFTY27JAN2624800PE,0.1376733159268929
20-01-2026 15:15||NIFTY27JAN2625000PE,0.1294599477806788
20-01-2026 15:15||NIFTY27JAN2625100PE,0.1266230548302872
20-01-2026 15:15||NIFTY27JAN2625700CE,0.1162277176245877
20-01-2026 15:15||NIFTY27JAN2625900CE,0.1264032216361909
20-01-2026 15:15||NIFTY27JAN2626000CE,0.1325984812079795
20-01-2026 15:15||NIFTY27JAN2626200CE,0.1462225644548069
20-01-2026 15:20||NIFTY27JAN2623800PE,0.2158108230044621
20-01-2026 15:20||NIFTY27JAN2624200PE,0.1785496577291293
20-01-2026 15:20||NIFTY27JAN2624500PE,0.1505969819210942
20-01-2026 15:20||NIFTY27JAN2625500CE,0.1181143776371308
20-01-2026 15:20||NIFTY27JAN2625700CE,0.1226876753430016
20-01-2026 15:20||NIFTY27JAN2626400CE,0.1642641529296823
20-01-2026 15:25||NIFTY27JAN2623800PE,0.223514479889043
20-01-2026 15:25||NIFTY27JAN2625100PE,0.1124208508977361
20-01-2026 15:25||NIFTY27JAN2625200CE,0.1353079948586118
20-01-2026 15:25||NIFTY27JAN2625300CE,0.1336396658097686
20-01-2026 15:25||NIFTY27JAN2625900CE,0.1338297286960251
20-01-2026 15:25||NIFTY27JAN2626200CE,0.1502960295571089
21-01-2026 09:15||NIFTY27JAN2625200CE,0.1618674020679744
21-01-2026 09:15||NIFTY27JAN2625400CE,0.1459391340226581
21-01-2026 09:15||NIFTY27JAN2625900CE,0.142677746754633
21-01-2026 09:15||NIFTY27JAN2626200CE,0.1590074395892463
21-01-2026 09:20||NIFTY27JAN2623900PE,0.2192230235860928
21-01-2026 09:20||NIFTY27JAN2624300PE,0.1786135105263201
21-01-2026 09:20||NIFTY27JAN2624400PE,0.1686479729572831
21-01-2026 09:25||NIFTY27JAN2624000PE,0.2184978092932757
21-01-2026 09:25||NIFTY27JAN2624300PE,0.188416605995054
21-01-2026 09:25||NIFTY27JAN2624400PE,0.1784434916105632
21-01-2026 09:25||NIFTY27JAN2625100PE,0.127225965665236
21-01-2026 09:25||NIFTY27JAN2625300CE,0.1094391666666666
21-01-2026 09:25||NIFTY27JAN2625600CE,0.1108990671678266
21-01-2026 09:25||NIFTY27JAN2625800CE,0.1180970295200071
21-01-2026 09:30||NIFTY27JAN2623800PE,0.2342578886756239
21-01-2026 09:30||NIFTY27JAN2623900PE,0.2244126295585413
21-01-2026 09:30||NIFTY27JAN2624000PE,0.2143987715930902
21-01-2026 09:30||NIFTY27JAN2624400PE,0.1731641315980776
21-01-2026 09:30||NIFTY27JAN2625300CE,0.1293624481804539
21-01-2026 09:30||NIFTY27JAN2625700CE,0.1217810728493286
21-01-2026 09:35||NIFTY27JAN2623900PE,0.2281611502667636
21-01-2026 09:35||NIFTY27JAN2624200PE,0.1967921956814554
21-01-2026 09:35||NIFTY27JAN2625200CE,0.1092447913446676
21-01-2026 09:35||NIFTY27JAN2625300CE,0.1086274652241112
21-01-2026 09:35||NIFTY27JAN2625600CE,0.110278969203345
21-01-2026 09:35||NIFTY27JAN2626200CE,0.1468303179473357
21-01-2026 09:40||NIFTY27JAN2624400PE,0.1681801267481336
21-01-2026 09:40||NIFTY27JAN2625100PE,0.1080699607072691
21-01-2026 09:40||NIFTY27JAN2625200CE,0.1285596610169491
21-01-2026 09:40||NIFTY27JAN2625900CE,0.1311245063810992
21-01-2026 09:40||NIFTY27JAN2626300CE,0.1599405701000898
21-01-2026 09:40||NIFTY27JAN2626400CE,0.1679894517167116
21-01-2026 09:45||NIFTY27JAN2623800PE,0.2304141306843266
21-01-2026 09:45||NIFTY27JAN2624100PE,0.1984649452084746
21-01-2026 09:45||NIFTY27JAN2624400PE,0.1678693735542391
21-01-2026 09:45||NIFTY27JAN2625200CE,0.1269204347826087
21-01-2026 09:45||NIFTY27JAN2625600CE,0.118724551125989
21-01-2026 09:45||NIFTY27JAN2626000CE,0.1368547569767349
21-01-2026 09:45||NIFTY27JAN2626300CE,0.1596371906513855
21-01-2026 09:50||NIFTY27JAN2624700PE,0.1382960708690777
21-01-2026 09:50||NIFTY27JAN2624900PE,0.1230997056303214
21-01-2026 09:50||NIFTY27JAN2625400CE,0.1160702112893275
21-01-2026 09:50||NIFTY27JAN2625600CE,0.1166922023809523
21-01-2026 09:50||NIFTY27JAN2625800CE,0.1243136883587427
21-01-2026 09:55||NIFTY27JAN2624100PE,0.1949278966125725
21-01-2026 09:55||NIFTY27JAN2624200PE,0.1855843711025461
21-01-2026 09:55||NIFTY27JAN2624400PE,0.1667963522292079
21-01-2026 09:55||NIFTY27JAN2624800PE,0.1334172402903618
21-01-2026 09:55||NIFTY27JAN2625400CE,0.1114349719401389
21-01-2026 09:55||NIFTY27JAN2626000CE,0.135713109151711
21-01-2026 09:55||NIFTY27JAN2626100CE,0.1437216854937212
21-01-2026 09:55||NIFTY27JAN2626200CE,0.1521344190888707
21-01-2026 09:55||NIFTY27JAN2626500CE,0.1782098025134649
21-01-2026 10:00||NIFTY27JAN2624000PE,0.2017177448892712
21-01-2026 10:00||NIFTY27JAN2625000PE,0.1150625784929356
21-01-2026 10:00||NIFTY27JAN2625300CE,0.1218388888888888
21-01-2026 10:00||NIFTY27JAN2625400CE,0.1196527777777777
21-01-2026 10:00||NIFTY27JAN2626500CE,0.1807599070847851
21-01-2026 10:05||NIFTY27JAN2625200CE,0.1169699999999999
21-01-2026 10:05||NIFTY27JAN2625600CE,0.1161963769406824
21-01-2026 10:05||NIFTY27JAN2625700CE,0.120111410360046
21-01-2026 10:05||NIFTY27JAN2625800CE,0.1252707385993865
21-01-2026 10:10||NIFTY27JAN2624000PE,0.1976194751086565
21-01-2026 10:10||NIFTY27JAN2624400PE,0.159162830487305
21-01-2026 10:10||NIFTY27JAN2625800CE,0.1296668608658267
21-01-2026 10:10||NIFTY27JAN2626100CE,0.1496568161687892
21-01-2026 10:15||NIFTY27JAN2624000PE,0.1999095541358987
21-01-2026 10:15||NIFTY27JAN2624200PE,0.1799673341017553
21-01-2026 10:15||NIFTY27JAN2624500PE,0.1514295332705594
21-01-2026 10:15||NIFTY27JAN2624600PE,0.1426929121008592
21-01-2026 10:15||NIFTY27JAN2625500CE,0.1180090838259
21-01-2026 10:15||NIFTY27JAN2626100CE,0.1485373707037017
21-01-2026 10:20||NIFTY27JAN2625700CE,0.1193622332380621
21-01-2026 10:25||NIFTY27JAN2624300PE,0.1698876437317734
21-01-2026 10:25||NIFTY27JAN2625000PE,0.1178326278528452
21-01-2026 10:25||NIFTY27JAN2625700CE,0.1270026532772388
21-01-2026 10:25||NIFTY27JAN2626200CE,0.1622032253341381
21-01-2026 10:30||NIFTY27JAN2624200PE,0.1773556532925815
21-01-2026 10:30||NIFTY27JAN2624700PE,0.1341183825408207
21-01-2026 10:30||NIFTY27JAN2624800PE,0.1271587008532739
21-01-2026 10:30||NIFTY27JAN2625200CE,0.1240099999999999
21-01-2026 10:30||NIFTY27JAN2625900CE,0.139873239099655
21-01-2026 10:30||NIFTY27JAN2626300CE,0.1712635192117834
21-01-2026 10:30||NIFTY27JAN2626400CE,0.1790159262725583
21-01-2026 10:35||NIFTY27JAN2624400PE,0.1586185463625594
21-01-2026 10:35||NIFTY27JAN2625100PE,0.1156827021696252
21-01-2026 10:35||NIFTY27JAN2625500CE,0.1190647496787974
21-01-2026 10:35||NIFTY27JAN2625600CE,0.1228032073306977
21-01-2026 10:35||NIFTY27JAN2625800CE,0.132746616692242
21-01-2026 10:35||NIFTY27JAN2625900CE,0.1396660094781932
21-01-2026 10:40||NIFTY27JAN2624200PE,0.1835749051303517
21-01-2026 10:40||NIFTY27JAN2624800PE,0.1420228879941909
21-01-2026 10:40||NIFTY27JAN2625200CE,0.1107881532582173
21-01-2026 10:40||NIFTY27JAN2625400CE,0.1155260510860724
21-01-2026 10:40||NIFTY27JAN2626300CE,0.1751547640119142
21-01-2026 10:45||NIFTY27JAN2624700PE,0.1358642481936023
21-01-2026 10:45||NIFTY27JAN2624800PE,0.1298292843803943
21-01-2026 10:45||NIFTY27JAN2625700CE,0.1416611966577242
21-01-2026 10:45||NIFTY27JAN2626400CE,0.1892126225334182
21-01-2026 10:45||NIFTY27JAN2626500CE,0.1912057352005092
21-01-2026 10:50||NIFTY27JAN2624100PE,0.1948757448212485
21-01-2026 10:50||NIFTY27JAN2624300PE,0.1778193628728306
21-01-2026 10:50||NIFTY27JAN2624400PE,0.1699118187942287
21-01-2026 10:50||NIFTY27JAN2624500PE,0.1626083653185124
21-01-2026 10:50||NIFTY27JAN2625400CE,0.1254523554468779
21-01-2026 10:50||NIFTY27JAN2625700CE,0.1406937912014102
21-01-2026 10:50||NIFTY27JAN2625900CE,0.1546596412600986
21-01-2026 10:50||NIFTY27JAN2626400CE,0.1941494254540128
21-01-2026 10:55||NIFTY27JAN2623900PE,0.2107396166104237
21-01-2026 10:55||NIFTY27JAN2624300PE,0.1720788337303099
21-01-2026 10:55||NIFTY27JAN2624800PE,0.1309269338048804
21-01-2026 10:55||NIFTY27JAN2625000PE,0.1161708014146413
21-01-2026 10:55||NIFTY27JAN2625100PE,0.1089609408780872
21-01-2026 10:55||NIFTY27JAN2625300CE,0.14190625
21-01-2026 10:55||NIFTY27JAN2625900CE,0.1630420829319093
21-01-2026 10:55||NIFTY27JAN2626200CE,0.1844708623925527
21-01-2026 11:00||NIFTY27JAN2624000PE,0.2039956554843957
21-01-2026 11:00||NIFTY27JAN2624300PE,0.1750752081311822
21-01-2026 11:00||NIFTY27JAN2624600PE,0.1506474609808336
21-01-2026 11:00||NIFTY27JAN2624800PE,0.137564880953883
21-01-2026 11:00||NIFTY27JAN2625100PE,0.1230015426997245
21-01-2026 11:00||NIFTY27JAN2625300CE,0.1348568235294117
21-01-2026 11:05||NIFTY27JAN2624000PE,0.1986112145888918
21-01-2026 11:05||NIFTY27JAN2624100PE,0.1880995751228641
21-01-2026 11:05||NIFTY27JAN2624400PE,0.1596860769947344
21-01-2026 11:05||NIFTY27JAN2625000PE,0.117382815756125
21-01-2026 11:05||NIFTY27JAN2625200CE,0.1377754010695187
21-01-2026 11:10||NIFTY27JAN2624800PE,0.1251906340477583
21-01-2026 11:10||NIFTY27JAN2625200CE,0.1458442857142856
21-01-2026 11:10||NIFTY27JAN2625300CE,0.1415114285714285
21-01-2026 11:10||NIFTY27JAN2625500CE,0.1411771428571428
21-01-2026 11:10||NIFTY27JAN2625900CE,0.1571603900346933
21-01-2026 11:10||NIFTY27JAN2626100CE,0.1705301356308904
21-01-2026 11:15||NIFTY27JAN2624300PE,0.1714472877446031
21-01-2026 11:15||NIFTY27JAN2625100PE,0.1044827216494845
21-01-2026 11:15||NIFTY27JAN2625400CE,0.1393619648829431
21-01-2026 11:20||NIFTY27JAN2623900PE,0.2155145860016772
21-01-2026 11:20||NIFTY27JAN2625800CE,0.143424102795083
21-01-2026 11:20||NIFTY27JAN2626000CE,0.1562335201451025
21-01-2026 11:20||NIFTY27JAN2626100CE,0.1634691211342494
21-01-2026 11:20||NIFTY27JAN2626400CE,0.1846491669631445
21-01-2026 11:20||NIFTY27JAN2626500CE,0.191680001778867
21-01-2026 11:25||NIFTY27JAN2624600PE,0.154312623914115
21-01-2026 11:25||NIFTY27JAN2624800PE,0.1396315716592594
21-01-2026 11:30||NIFTY27JAN2623900PE,0.2162542895763345
21-01-2026 11:30||NIFTY27JAN2624000PE,0.2065437722035588
21-01-2026 11:30||NIFTY27JAN2624100PE,0.1969538687290037
21-01-2026 11:30||NIFTY27JAN2624400PE,0.1690625845100556
21-01-2026 11:30||NIFTY27JAN2625400CE,0.1309639323332269
21-01-2026 11:30||NIFTY27JAN2625800CE,0.1447721331635064
21-01-2026 11:30||NIFTY27JAN2626000CE,0.1575986383249998
21-01-2026 11:30||NIFTY27JAN2626500CE,0.195290123119015
21-01-2026 11:35||NIFTY27JAN2623900PE,0.2174597290571972
21-01-2026 11:35||NIFTY27JAN2624600PE,0.153051529581085
21-01-2026 11:35||NIFTY27JAN2626100CE,0.1641265536546204
21-01-2026 11:35||NIFTY27JAN2626300CE,0.1790313191463323
21-01-2026 11:40||NIFTY27JAN2624800PE,0.1363357349523381
21-01-2026 11:40||NIFTY27JAN2625100PE,0.1179849107835531
21-01-2026 11:40||NIFTY27JAN2625200CE,0.1343099999999999
21-01-2026 11:40||NIFTY27JAN2625700CE,0.1396730931224196
21-01-2026 11:45||NIFTY27JAN2624600PE,0.1508728310665942
21-01-2026 11:45||NIFTY27JAN2625100PE,0.1160124508320725
21-01-2026 11:45||NIFTY27JAN2625200CE,0.132122397792314
21-01-2026 11:45||NIFTY27JAN2625400CE,0.1321307992641046
21-01-2026 11:50||NIFTY27JAN2624000PE,0.2069478515322678
21-01-2026 11:50||NIFTY27JAN2624100PE,0.1968969991805754
21-01-2026 11:50||NIFTY27JAN2624300PE,0.1774426986632263
21-01-2026 11:55||NIFTY27JAN2624000PE,0.2072763450392939
21-01-2026 11:55||NIFTY27JAN2624600PE,0.1514329833292464
21-01-2026 11:55||NIFTY27JAN2624700PE,0.1435948655428351
21-01-2026 11:55||NIFTY27JAN2624900PE,0.1297891662430152
21-01-2026 12:00||NIFTY27JAN2624100PE,0.1946420761564035
21-01-2026 12:00||NIFTY27JAN2624200PE,0.1843219973524731
21-01-2026 12:00||NIFTY27JAN2624700PE,0.1368529340933268
21-01-2026 12:00||NIFTY27JAN2624800PE,0.1285714308391406
21-01-2026 12:00||NIFTY27JAN2625600CE,0.1356619190173734
21-01-2026 12:00||NIFTY27JAN2625900CE,0.1476480938856648
21-01-2026 12:05||NIFTY27JAN2623800PE,0.2278092704774918
21-01-2026 12:05||NIFTY27JAN2624100PE,0.1989337867456107
21-01-2026 12:05||NIFTY27JAN2625500CE,0.1250758039492242
21-01-2026 12:05||NIFTY27JAN2626200CE,0.1606819439730289
21-01-2026 12:10||NIFTY27JAN2624100PE,0.1938296148570043
21-01-2026 12:10||NIFTY27JAN2624200PE,0.1838153391942849
21-01-2026 12:10||NIFTY27JAN2625000PE,0.1152501417525773
21-01-2026 12:10||NIFTY27JAN2625900CE,0.143238044475032
21-01-2026 12:10||NIFTY27JAN2626500CE,0.1849322443181818
21-01-2026 12:15||NIFTY27JAN2623800PE,0.2248207221664995
21-01-2026 12:15||NIFTY27JAN2624200PE,0.1855233380767374
21-01-2026 12:15||NIFTY27JAN2625400CE,0.1330002704709376
21-01-2026 12:15||NIFTY27JAN2625700CE,0.1344650894097253
21-01-2026 12:20||NIFTY27JAN2624200PE,0.1907137716175564
21-01-2026 12:20||NIFTY27JAN2625000PE,0.1203527523752969
21-01-2026 12:20||NIFTY27JAN2625400CE,0.1284545487364621
21-01-2026 12:20||NIFTY27JAN2625600CE,0.1280499128388839
21-01-2026 12:20||NIFTY27JAN2625700CE,0.1305076034555456
21-01-2026 12:20||NIFTY27JAN2626300CE,0.1631326498197687
21-01-2026 12:25||NIFTY27JAN2624000PE,0.2191365814056226
21-01-2026 12:25||NIFTY27JAN2624500PE,0.1729333191656632
21-01-2026 12:25||NIFTY27JAN2624600PE,0.1647467708709859
21-01-2026 12:25||NIFTY27JAN2624700PE,0.1569068371408156
21-01-2026 12:25||NIFTY27JAN2625700CE,0.1222579304006037
21-01-2026 12:25||NIFTY27JAN2626500CE,0.17670187456446
21-01-2026 12:30||NIFTY27JAN2624100PE,0.2047236887991133
21-01-2026 12:30||NIFTY27JAN2624200PE,0.1947860458454575
21-01-2026 12:30||NIFTY27JAN2625300CE,0.1373513287330724
21-01-2026 12:30||NIFTY27JAN2625800CE,0.135016427641915
21-01-2026 12:35||NIFTY27JAN2624000PE,0.2141753623534034
21-01-2026 12:35||NIFTY27JAN2624100PE,0.2043265721916875
21-01-2026 12:35||NIFTY27JAN2625600CE,0.1322262870239774
21-01-2026 12:35||NIFTY27JAN2626400CE,0.1673958846663174
21-01-2026 12:40||NIFTY27JAN2624500PE,0.1747651938634998
21-01-2026 12:40||NIFTY27JAN2624700PE,0.1578335513778166
21-01-2026 12:40||NIFTY27JAN2624800PE,0.1495782805518614
21-01-2026 12:40||NIFTY27JAN2625200CE,0.1357186754317111
21-01-2026 12:40||NIFTY27JAN2625400CE,0.1275162251439036
21-01-2026 12:40||NIFTY27JAN2625900CE,0.1325420665482525
21-01-2026 12:45||NIFTY27JAN2623800PE,0.2444231355932203
21-01-2026 12:45||NIFTY27JAN2624400PE,0.1871337548666474
21-01-2026 12:45||NIFTY27JAN2625300CE,0.1408751174743025
21-01-2026 12:45||NIFTY27JAN2625800CE,0.1303485353130016
21-01-2026 12:45||NIFTY27JAN2626200CE,0.1476348858986888
21-01-2026 12:50||NIFTY27JAN2623800PE,0.247091618084708
21-01-2026 12:50||NIFTY27JAN2624100PE,0.21939508365294
21-01-2026 12:50||NIFTY27JAN2625200CE,0.1479699774066569
21-01-2026 12:50||NIFTY27JAN2625500CE,0.1332400050207429
21-01-2026 12:50||NIFTY27JAN2625600CE,0.1308022247325936
21-01-2026 12:55||NIFTY27JAN2625300CE,0.1327703703703703
21-01-2026 12:55||NIFTY27JAN2625400CE,0.127879074074074
21-01-2026 12:55||NIFTY27JAN2625600CE,0.1263343829165063
21-01-2026 12:55||NIFTY27JAN2625700CE,0.127467148749519
21-01-2026 12:55||NIFTY27JAN2625800CE,0.1292077231242785
21-01-2026 12:55||NIFTY27JAN2625900CE,0.1314355316660254
21-01-2026 12:55||NIFTY27JAN2626500CE,0.1646728892331526
21-01-2026 13:00||NIFTY27JAN2624600PE,0.175424956139404
21-01-2026 13:00||NIFTY27JAN2624700PE,0.1665070456805046
21-01-2026 13:00||NIFTY27JAN2626100CE,0.1394354688662863
21-01-2026 13:05||NIFTY27JAN2623800PE,0.2505277428226588
21-01-2026 13:05||NIFTY27JAN2623900PE,0.2419808267792485
21-01-2026 13:05||NIFTY27JAN2624100PE,0.2240036089264162
21-01-2026 13:05||NIFTY27JAN2625600CE,0.116389123891427
21-01-2026 13:05||NIFTY27JAN2626300CE,0.1494481725002726
21-01-2026 13:05||NIFTY27JAN2626400CE,0.1566290862501363
21-01-2026 13:10||NIFTY27JAN2625800CE,0.1302988715577616
21-01-2026 13:10||NIFTY27JAN2626200CE,0.1491040578738585
21-01-2026 13:15||NIFTY27JAN2624400PE,0.1890652158074417
21-01-2026 13:15||NIFTY27JAN2625400CE,0.125369897627504
21-01-2026 13:15||NIFTY27JAN2625800CE,0.1267367135697625
21-01-2026 13:20||NIFTY27JAN2623800PE,0.2420214042553191
21-01-2026 13:20||NIFTY27JAN2623900PE,0.2355702340425531
21-01-2026 13:20||NIFTY27JAN2624600PE,0.1726033173620451
21-01-2026 13:20||NIFTY27JAN2624800PE,0.1560399621070665
21-01-2026 13:20||NIFTY27JAN2625400CE,0.1221470623899863
21-01-2026 13:20||NIFTY27JAN2626200CE,0.1476141241657445
21-01-2026 13:25||NIFTY27JAN2624200PE,0.2047801493931513
21-01-2026 13:25||NIFTY27JAN2624300PE,0.194947992912189
21-01-2026 13:25||NIFTY27JAN2624900PE,0.1438567626717626
21-01-2026 13:25||NIFTY27JAN2625000PE,0.1368792146692146
21-01-2026 13:25||NIFTY27JAN2625200CE,0.1342266998011928
21-01-2026 13:25||NIFTY27JAN2625700CE,0.1263306741573033
21-01-2026 13:25||NIFTY27JAN2626000CE,0.1383702627312481
21-01-2026 13:25||NIFTY27JAN2626300CE,0.1571775674410053
21-01-2026 13:30||NIFTY27JAN2624000PE,0.2287309345916361
21-01-2026 13:30||NIFTY27JAN2624400PE,0.1911979584706579
21-01-2026 13:30||NIFTY27JAN2625200CE,0.1192382378854626
21-01-2026 13:30||NIFTY27JAN2625300CE,0.1149230396475771
21-01-2026 13:30||NIFTY27JAN2625800CE,0.1230153673476088
21-01-2026 13:30||NIFTY27JAN2626200CE,0.1475275033726074
21-01-2026 13:30||NIFTY27JAN2626300CE,0.1549892885198109
21-01-2026 13:35||NIFTY27JAN2623800PE,0.2364210289590697
21-01-2026 13:35||NIFTY27JAN2624000PE,0.2183470096530232
21-01-2026 13:35||NIFTY27JAN2624700PE,0.1534529256612853
21-01-2026 13:35||NIFTY27JAN2624800PE,0.1445397322687172
21-01-2026 13:35||NIFTY27JAN2625800CE,0.1341376332288401
21-01-2026 13:35||NIFTY27JAN2626300CE,0.1603536494491608
21-01-2026 13:40||NIFTY27JAN2624600PE,0.1673624892967355
21-01-2026 13:40||NIFTY27JAN2624800PE,0.1512673122401915
21-01-2026 13:40||NIFTY27JAN2625300CE,0.1284275790513834
21-01-2026 13:40||NIFTY27JAN2625800CE,0.1298862925415036
21-01-2026 13:40||NIFTY27JAN2626200CE,0.1513078679852036
21-01-2026 13:45||NIFTY27JAN2624800PE,0.1506548134022615
21-01-2026 13:45||NIFTY27JAN2625400CE,0.1255161334436441
21-01-2026 13:45||NIFTY27JAN2625900CE,0.1335449231164269
21-01-2026 13:50||NIFTY27JAN2625100PE,0.1353634603174603
21-01-2026 13:50||NIFTY27JAN2626100CE,0.1453611697582784
21-01-2026 13:55||NIFTY27JAN2624300PE,0.1926882741815569
21-01-2026 13:55||NIFTY27JAN2624400PE,0.1835824358688768
21-01-2026 13:55||NIFTY27JAN2625500CE,0.1221133649289099
21-01-2026 13:55||NIFTY27JAN2625700CE,0.1261738636425186
21-01-2026 14:00||NIFTY27JAN2623800PE,0.2330673695652174
21-01-2026 14:00||NIFTY27JAN2624200PE,0.1960525775942248
21-01-2026 14:00||NIFTY27JAN2624600PE,0.1604185779255322
21-01-2026 14:00||NIFTY27JAN2625000PE,0.1328032178316124
21-01-2026 14:00||NIFTY27JAN2625200CE,0.1314784210526316
21-01-2026 14:05||NIFTY27JAN2624500PE,0.169660842528852
21-01-2026 14:05||NIFTY27JAN2625000PE,0.1358991341613545
21-01-2026 14:05||NIFTY27JAN2625400CE,0.1202091143911439
21-01-2026 14:05||NIFTY27JAN2626100CE,0.1456349670749389
21-01-2026 14:05||NIFTY27JAN2626500CE,0.177679668100799
21-01-2026 14:10||NIFTY27JAN2624000PE,0.2115728565127761
21-01-2026 14:10||NIFTY27JAN2624100PE,0.2022235101382102
21-01-2026 14:10||NIFTY27JAN2624400PE,0.17494470092902
21-01-2026 14:10||NIFTY27JAN2624500PE,0.1663756242484426
21-01-2026 14:10||NIFTY27JAN2625000PE,0.1323727536231884
21-01-2026 14:10||NIFTY27JAN2625200CE,0.12266
21-01-2026 14:10||NIFTY27JAN2626000CE,0.1407041877495656
21-01-2026 14:10||NIFTY27JAN2626400CE,0.1715164878671775
21-01-2026 14:10||NIFTY27JAN2626500CE,0.180428927203065
21-01-2026 14:15||NIFTY27JAN2624700PE,0.1421868611074946
21-01-2026 14:15||NIFTY27JAN2625400CE,0.1313842853123241
21-01-2026 14:15||NIFTY27JAN2625800CE,0.1338739120884559
21-01-2026 14:15||NIFTY27JAN2626100CE,0.1483940798009191
21-01-2026 14:20||NIFTY27JAN2624000PE,0.2153347963901458
21-01-2026 14:20||NIFTY27JAN2624300PE,0.1872453508440541
21-01-2026 14:20||NIFTY27JAN2624700PE,0.1556200615464403
21-01-2026 14:20||NIFTY27JAN2625200CE,0.1118462666666666
21-01-2026 14:20||NIFTY27JAN2625600CE,0.1158285672617899
21-01-2026 14:20||NIFTY27JAN2626100CE,0.1422226475749097
21-01-2026 14:20||NIFTY27JAN2626500CE,0.1729299435736676
21-01-2026 14:25||NIFTY27JAN2623900PE,0.2208816415094339
21-01-2026 14:25||NIFTY27JAN2624800PE,0.148126957284229
21-01-2026 14:25||NIFTY27JAN2624900PE,0.1428534786421144
21-01-2026 14:25||NIFTY27JAN2625100PE,0.1352269572842289
21-01-2026 14:25||NIFTY27JAN2626500CE,0.1789590499390986
21-01-2026 14:30||NIFTY27JAN2624500PE,0.1588742374634049
21-01-2026 14:30||NIFTY27JAN2624600PE,0.1501148649186361
21-01-2026 14:30||NIFTY27JAN2624800PE,0.1340350956660374
21-01-2026 14:30||NIFTY27JAN2625200CE,0.1360099999999999
21-01-2026 14:30||NIFTY27JAN2625300CE,0.1328699999999999
21-01-2026 14:30||NIFTY27JAN2626300CE,0.1636500436188783
21-01-2026 14:35||NIFTY27JAN2624200PE,0.1879729070685155
21-01-2026 14:35||NIFTY27JAN2624700PE,0.1450266815142378
21-01-2026 14:35||NIFTY27JAN2624800PE,0.13788485192061
21-01-2026 14:35||NIFTY27JAN2625100PE,0.1198175996857199
21-01-2026 14:35||NIFTY27JAN2625200CE,0.12804
21-01-2026 14:35||NIFTY27JAN2625800CE,0.1314979244365244
21-01-2026 14:35||NIFTY27JAN2626100CE,0.1481607548939162
21-01-2026 14:40||NIFTY27JAN2624000PE,0.2084251526762987
21-01-2026 14:40||NIFTY27JAN2624200PE,0.1900182198707982
21-01-2026 14:40||NIFTY27JAN2624500PE,0.164179195791811
21-01-2026 14:40||NIFTY27JAN2624600PE,0.1566297997126827
21-01-2026 14:40||NIFTY27JAN2624700PE,0.1495455037772131
21-01-2026 14:40||NIFTY27JAN2625100PE,0.1273393772893773
21-01-2026 14:40||NIFTY27JAN2625200CE,0.11919125
21-01-2026 14:40||NIFTY27JAN2625400CE,0.1188337499999999
21-01-2026 14:40||NIFTY27JAN2625800CE,0.1281913428660023
21-01-2026 14:40||NIFTY27JAN2626200CE,0.1526400175578071
21-01-2026 14:45||NIFTY27JAN2624500PE,0.1616020789714568
21-01-2026 14:45||NIFTY27JAN2625400CE,0.1221737236084452
21-01-2026 14:45||NIFTY27JAN2625900CE,0.1347882077404088
21-01-2026 14:45||NIFTY27JAN2626100CE,0.1466680102415407
21-01-2026 14:50||NIFTY27JAN2623900PE,0.2142478798391373
21-01-2026 14:50||NIFTY27JAN2624900PE,0.1347950581618079
21-01-2026 14:50||NIFTY27JAN2625200CE,0.1225130329289428
21-01-2026 14:50||NIFTY27JAN2625300CE,0.1191474436741767
21-01-2026 14:50||NIFTY27JAN2625500CE,0.1188858145580589
21-01-2026 14:50||NIFTY27JAN2625800CE,0.1273221666303721
21-01-2026 14:50||NIFTY27JAN2626300CE,0.1591693305142888
21-01-2026 14:55||NIFTY27JAN2624200PE,0.1870828739623931
21-01-2026 14:55||NIFTY27JAN2625300CE,0.1199917051715502
21-01-2026 14:55||NIFTY27JAN2625700CE,0.1237833215078319
21-01-2026 14:55||NIFTY27JAN2626100CE,0.1452795236021967
21-01-2026 15:00||NIFTY27JAN2623900PE,0.2147907444921583
21-01-2026 15:00||NIFTY27JAN2624100PE,0.1945906746468719
21-01-2026 15:00||NIFTY27JAN2624500PE,0.1567037035023825
21-01-2026 15:00||NIFTY27JAN2624800PE,0.1336651721145981
21-01-2026 15:00||NIFTY27JAN2625000PE,0.120773029366306
21-01-2026 15:00||NIFTY27JAN2625200CE,0.12462
21-01-2026 15:00||NIFTY27JAN2625300CE,0.1278366666666666
21-01-2026 15:00||NIFTY27JAN2625600CE,0.1247874118658641
21-01-2026 15:00||NIFTY27JAN2626400CE,0.1671609152835898
21-01-2026 15:05||NIFTY27JAN2624300PE,0.1788587238806617
21-01-2026 15:05||NIFTY27JAN2625100PE,0.1283054636091725
21-01-2026 15:05||NIFTY27JAN2626200CE,0.1497869591162565
21-01-2026 15:10||NIFTY27JAN2624300PE,0.1795338993131409
21-01-2026 15:10||NIFTY27JAN2624500PE,0.1629340139662832
21-01-2026 15:10||NIFTY27JAN2624600PE,0.1555008601679459
21-01-2026 15:10||NIFTY27JAN2625700CE,0.1204582610654105
21-01-2026 15:10||NIFTY27JAN2625800CE,0.1252073907592507
21-01-2026 15:10||NIFTY27JAN2625900CE,0.1305753250734655
21-01-2026 15:10||NIFTY27JAN2626500CE,0.1748527930174563
21-01-2026 15:15||NIFTY27JAN2624200PE,0.1863089404412966
21-01-2026 15:15||NIFTY27JAN2624300PE,0.1772192211785027
21-01-2026 15:15||NIFTY27JAN2624800PE,0.1393916536889509
21-01-2026 15:15||NIFTY27JAN2624900PE,0.1338925766597703
21-01-2026 15:15||NIFTY27JAN2625200CE,0.1176280132554837
21-01-2026 15:15||NIFTY27JAN2625300CE,0.1170680022092472
21-01-2026 15:15||NIFTY27JAN2625600CE,0.1184960831068836
21-01-2026 15:15||NIFTY27JAN2625700CE,0.1218503891724053
21-01-2026 15:15||NIFTY27JAN2625900CE,0.1309719628778769
21-01-2026 15:15||NIFTY27JAN2626200CE,0.1518671266185856
21-01-2026 15:20||NIFTY27JAN2623800PE,0.221255557928457
21-01-2026 15:20||NIFTY27JAN2624800PE,0.1401797042751847
21-01-2026 15:20||NIFTY27JAN2625100PE,0.1277782001343183
21-01-2026 15:20||NIFTY27JAN2625400CE,0.1113695081967213
21-01-2026 15:20||NIFTY27JAN2625600CE,0.1146661755904073
21-01-2026 15:25||NIFTY27JAN2623800PE,0.2205269493226292
21-01-2026 15:25||NIFTY27JAN2624200PE,0.1810094547120547
21-01-2026 15:25||NIFTY27JAN2624500PE,0.153446855721423
21-01-2026 15:25||NIFTY27JAN2624800PE,0.1300481842999142
21-01-2026 15:25||NIFTY27JAN2625100PE,0.1149195881006865
21-01-2026 15:25||NIFTY27JAN2626200CE,0.1500763208861904
22-01-2026 09:15||NIFTY27JAN2623800PE,0.2451681090909091
22-01-2026 09:15||NIFTY27JAN2625100PE,0.126841647597254
22-01-2026 09:15||NIFTY27JAN2625300CE,0.1045637499999999
22-01-2026 09:20||NIFTY27JAN2623900PE,0.2337065021374429
22-01-2026 09:20||NIFTY27JAN2624000PE,0.2222863376082192
22-01-2026 09:20||NIFTY27JAN2624300PE,0.1883816536432687
22-01-2026 09:20||NIFTY27JAN2624500PE,0.1670156620390951
22-01-2026 09:20||NIFTY27JAN2624800PE,0.1391028931301323
22-01-2026 09:20||NIFTY27JAN2625200CE,0.1150507142857142
22-01-2026 09:20||NIFTY27JAN2626300CE,0.1506044248546063
22-01-2026 09:25||NIFTY27JAN2624700PE,0.1443027360678223
22-01-2026 09:25||NIFTY27JAN2625000PE,0.1177090588909459
22-01-2026 09:25||NIFTY27JAN2625200CE,0.1441566382901648
22-01-2026 09:25||NIFTY27JAN2625500CE,0.1270829692688522
22-01-2026 09:25||NIFTY27JAN2625600CE,0.1237014846344261
22-01-2026 09:25||NIFTY27JAN2626200CE,0.1442436206733233
22-01-2026 09:30||NIFTY27JAN2624600PE,0.2023611487309517
22-01-2026 09:30||NIFTY27JAN2624800PE,0.1730491800550058
22-01-2026 09:30||NIFTY27JAN2624900PE,0.1591922566941695
22-01-2026 09:30||NIFTY27JAN2625100PE,0.1330031800550058
22-01-2026 09:30||NIFTY27JAN2625500CE,0.1162124139844617
22-01-2026 09:30||NIFTY27JAN2625800CE,0.1186596942860798
22-01-2026 09:30||NIFTY27JAN2626000CE,0.1291270764522611
22-01-2026 09:30||NIFTY27JAN2626300CE,0.15097943053807
22-01-2026 09:35||NIFTY27JAN2624100PE,0.2783067833779197
22-01-2026 09:40||NIFTY27JAN2624100PE,0.2666112732555309
22-01-2026 09:40||NIFTY27JAN2624500PE,0.2176327219462338
22-01-2026 09:40||NIFTY27JAN2626000CE,0.1314442584987439
22-01-2026 09:40||NIFTY27JAN2626200CE,0.1459873622841898
22-01-2026 09:45||NIFTY27JAN2623900PE,0.2782588421550094
22-01-2026 09:45||NIFTY27JAN2624200PE,0.2463420303148134
22-01-2026 09:50||NIFTY27JAN2623900PE,0.2733865900868307
22-01-2026 09:50||NIFTY27JAN2624100PE,0.2529452732115538
22-01-2026 09:50||NIFTY27JAN2624900PE,0.1641096213428217
22-01-2026 09:50||NIFTY27JAN2625000PE,0.1537406440047441
22-01-2026 09:50||NIFTY27JAN2625600CE,0.1072417187728803
22-01-2026 09:50||NIFTY27JAN2625800CE,0.1140727359449682
22-01-2026 09:50||NIFTY27JAN2625900CE,0.1199244997287285
22-01-2026 09:50||NIFTY27JAN2626300CE,0.1473993699523774
22-01-2026 09:50||NIFTY27JAN2626500CE,0.1619281098571323
22-01-2026 09:55||NIFTY27JAN2624700PE,0.1650478939086474
22-01-2026 09:55||NIFTY27JAN2624800PE,0.1546831007237704
22-01-2026 09:55||NIFTY27JAN2624900PE,0.1446667571770083
22-01-2026 09:55||NIFTY27JAN2625200CE,0.1359118557220771
22-01-2026 09:55||NIFTY27JAN2625500CE,0.1204293513680737
22-01-2026 10:00||NIFTY27JAN2624200PE,0.219423883239098
22-01-2026 10:00||NIFTY27JAN2624700PE,0.1636354152949057
22-01-2026 10:00||NIFTY27JAN2625100PE,0.131687905882353
22-01-2026 10:00||NIFTY27JAN2625400CE,0.1044537869362364
22-01-2026 10:00||NIFTY27JAN2625600CE,0.1046514248554913
22-01-2026 10:00||NIFTY27JAN2626100CE,0.1279315873878508
22-01-2026 10:00||NIFTY27JAN2626500CE,0.1574136483807006
22-01-2026 10:05||NIFTY27JAN2624500PE,0.1853381862221255
22-01-2026 10:05||NIFTY27JAN2624800PE,0.1527750081777802
22-01-2026 10:05||NIFTY27JAN2625000PE,0.1348146694444444
22-01-2026 10:05||NIFTY27JAN2625400CE,0.1098203785900783
22-01-2026 10:05||NIFTY27JAN2625700CE,0.1099514671671895
22-01-2026 10:05||NIFTY27JAN2625800CE,0.113244852645531
22-01-2026 10:05||NIFTY27JAN2626100CE,0.1300589655623975
22-01-2026 10:05||NIFTY27JAN2626400CE,0.1526770636076717
22-01-2026 10:10||NIFTY27JAN2623800PE,0.2602051595006935
22-01-2026 10:10||NIFTY27JAN2624200PE,0.2147132928559897
22-01-2026 10:10||NIFTY27JAN2624300PE,0.2038015367742854
22-01-2026 10:10||NIFTY27JAN2624500PE,0.1812098873001696
22-01-2026 10:10||NIFTY27JAN2624800PE,0.1481636645105328
22-01-2026 10:10||NIFTY27JAN2625300CE,0.1269474031100478
22-01-2026 10:10||NIFTY27JAN2625500CE,0.1172438468899521
22-01-2026 10:10||NIFTY27JAN2626200CE,0.1417162864700542
22-01-2026 10:10||NIFTY27JAN2626300CE,0.1492527353154274
22-01-2026 10:15||NIFTY27JAN2623900PE,0.247487378203686
22-01-2026 10:15||NIFTY27JAN2624400PE,0.1980030686696442
22-01-2026 10:15||NIFTY27JAN2625000PE,0.1394606861405403
22-01-2026 10:15||NIFTY27JAN2625300CE,0.0978183410633864
22-01-2026 10:15||NIFTY27JAN2625400CE,0.0982877932378839
22-01-2026 10:20||NIFTY27JAN2624000PE,0.225381200608966
22-01-2026 10:20||NIFTY27JAN2625000PE,0.1248702779291553
22-01-2026 10:20||NIFTY27JAN2625100PE,0.1173216675749319
22-01-2026 10:20||NIFTY27JAN2625400CE,0.1235603835227272
22-01-2026 10:20||NIFTY27JAN2625500CE,0.1203803409090909
22-01-2026 10:20||NIFTY27JAN2625600CE,0.1182301278409091
22-01-2026 10:20||NIFTY27JAN2625900CE,0.1256780718546503
22-01-2026 10:25||NIFTY27JAN2623900PE,0.2296986563993734
22-01-2026 10:25||NIFTY27JAN2624000PE,0.2194539794654136
22-01-2026 10:25||NIFTY27JAN2624200PE,0.199115510692312
22-01-2026 10:25||NIFTY27JAN2625100PE,0.128669609929078
22-01-2026 10:25||NIFTY27JAN2625900CE,0.1184234269479902
22-01-2026 10:25||NIFTY27JAN2626300CE,0.1493531788526689
22-01-2026 10:30||NIFTY27JAN2624300PE,0.1830060208957404
22-01-2026 10:30||NIFTY27JAN2625800CE,0.1253217900329935
22-01-2026 10:30||NIFTY27JAN2626100CE,0.1442657432406112
22-01-2026 10:35||NIFTY27JAN2625100PE,0.1253148325358852
22-01-2026 10:35||NIFTY27JAN2625200CE,0.1062202654867256
22-01-2026 10:35||NIFTY27JAN2625300CE,0.1033200884955752
22-01-2026 10:35||NIFTY27JAN2625400CE,0.1029016814159292
22-01-2026 10:35||NIFTY27JAN2625800CE,0.1163515811572468
22-01-2026 10:40||NIFTY27JAN2624300PE,0.1824287911066727
22-01-2026 10:40||NIFTY27JAN2624600PE,0.1537379632645346
22-01-2026 10:40||NIFTY27JAN2625000PE,0.1232879714857428
22-01-2026 10:40||NIFTY27JAN2625800CE,0.1212981381189061
22-01-2026 10:40||NIFTY27JAN2625900CE,0.1269803809227269
22-01-2026 10:40||NIFTY27JAN2626000CE,0.1336224332651842
22-01-2026 10:45||NIFTY27JAN2623900PE,0.2271948252883401
22-01-2026 10:45||NIFTY27JAN2625000PE,0.1261737697166537
22-01-2026 10:45||NIFTY27JAN2625400CE,0.1121794868216113
22-01-2026 10:45||NIFTY27JAN2625500CE,0.1123611958654449
22-01-2026 10:45||NIFTY27JAN2625700CE,0.1156402863573446
22-01-2026 10:45||NIFTY27JAN2625900CE,0.1271422021060441
22-01-2026 10:45||NIFTY27JAN2626400CE,0.1657114149821641
22-01-2026 10:45||NIFTY27JAN2626500CE,0.1731284898929846
22-01-2026 10:50||NIFTY27JAN2623900PE,0.2258677961610928
22-01-2026 10:50||NIFTY27JAN2624400PE,0.1740839400360004
22-01-2026 10:50||NIFTY27JAN2624500PE,0.164257649118909
22-01-2026 10:50||NIFTY27JAN2624600PE,0.1547450336423632
22-01-2026 10:50||NIFTY27JAN2624900PE,0.1310008567111764
22-01-2026 10:50||NIFTY27JAN2625000PE,0.1244437616889215
22-01-2026 10:50||NIFTY27JAN2625300CE,0.1162165814555593
22-01-2026 10:50||NIFTY27JAN2625700CE,0.1194005684148537
22-01-2026 10:50||NIFTY27JAN2625900CE,0.1298203645191723
22-01-2026 10:50||NIFTY27JAN2626000CE,0.136634152944247
22-01-2026 10:50||NIFTY27JAN2626300CE,0.1603851070541152
22-01-2026 10:55||NIFTY27JAN2624000PE,0.2191101383360992
22-01-2026 10:55||NIFTY27JAN2624200PE,0.1996489997615446
22-01-2026 10:55||NIFTY27JAN2624600PE,0.1637427140191894
22-01-2026 10:55||NIFTY27JAN2625900CE,0.1276013364486323
22-01-2026 11:00||NIFTY27JAN2624400PE,0.1742621885701946
22-01-2026 11:00||NIFTY27JAN2624800PE,0.1403729982944087
22-01-2026 11:00||NIFTY27JAN2626300CE,0.1637147898244929
22-01-2026 11:05||NIFTY27JAN2624500PE,0.1632163033241478
22-01-2026 11:05||NIFTY27JAN2624800PE,0.1387351168173565
22-01-2026 11:05||NIFTY27JAN2625500CE,0.1207216268242456
22-01-2026 11:05||NIFTY27JAN2625600CE,0.1228665869818246
22-01-2026 11:05||NIFTY27JAN2625900CE,0.1366396643685475
22-01-2026 11:05||NIFTY27JAN2626200CE,0.1580230657318369
22-01-2026 11:10||NIFTY27JAN2623800PE,0.232629842519685
22-01-2026 11:10||NIFTY27JAN2624300PE,0.1837001911672491
22-01-2026 11:10||NIFTY27JAN2624600PE,0.1584938423797877
22-01-2026 11:10||NIFTY27JAN2624700PE,0.1509306809870354
22-01-2026 11:10||NIFTY27JAN2625000PE,0.1304174412171508
22-01-2026 11:10||NIFTY27JAN2625100PE,0.1233546473029045
22-01-2026 11:10||NIFTY27JAN2625400CE,0.1162909262832883
22-01-2026 11:10||NIFTY27JAN2625800CE,0.1284081545356225
22-01-2026 11:10||NIFTY27JAN2626100CE,0.1489501132532762
22-01-2026 11:15||NIFTY27JAN2623900PE,0.2229094699920652
22-01-2026 11:15||NIFTY27JAN2624300PE,0.1824369315683276
22-01-2026 11:15||NIFTY27JAN2625600CE,0.1198477518812223
22-01-2026 11:15||NIFTY27JAN2625800CE,0.1288372493839307
22-01-2026 11:15||NIFTY27JAN2626100CE,0.1505934742046665
22-01-2026 11:15||NIFTY27JAN2626200CE,0.1582109037689999
22-01-2026 11:15||NIFTY27JAN2626400CE,0.1728684742046665
22-01-2026 11:15||NIFTY27JAN2626500CE,0.1798240376899994
22-01-2026 11:20||NIFTY27JAN2623900PE,0.2193733260545561
22-01-2026 11:20||NIFTY27JAN2624700PE,0.1408807009827449
22-01-2026 11:20||NIFTY27JAN2624800PE,0.1330654088095991
22-01-2026 11:20||NIFTY27JAN2625600CE,0.1275141742644011
22-01-2026 11:20||NIFTY27JAN2625900CE,0.139137352910708
22-01-2026 11:25||NIFTY27JAN2623800PE,0.2434260776505724
22-01-2026 11:25||NIFTY27JAN2623900PE,0.2302320258835241
22-01-2026 11:25||NIFTY27JAN2624000PE,0.2177186709805873
22-01-2026 11:25||NIFTY27JAN2624500PE,0.1677940393898707
22-01-2026 11:25||NIFTY27JAN2624600PE,0.1589715073890473
22-01-2026 11:25||NIFTY27JAN2625800CE,0.1241841526850997
22-01-2026 11:25||NIFTY27JAN2625900CE,0.1306286982810338
22-01-2026 11:25||NIFTY27JAN2626500CE,0.1750157323232323
22-01-2026 11:30||NIFTY27JAN2624300PE,0.1797618060023353
22-01-2026 11:30||NIFTY27JAN2625800CE,0.1308006781163008
22-01-2026 11:30||NIFTY27JAN2626000CE,0.1425818068309447
22-01-2026 11:35||NIFTY27JAN2624200PE,0.192419660897357
22-01-2026 11:35||NIFTY27JAN2625500CE,0.11604824173465
22-01-2026 11:35||NIFTY27JAN2625900CE,0.1333521856075942
22-01-2026 11:40||NIFTY27JAN2624200PE,0.1926667603289933
22-01-2026 11:40||NIFTY27JAN2624700PE,0.1502920336154012
22-01-2026 11:40||NIFTY27JAN2625200CE,0.1103804921700223
22-01-2026 11:40||NIFTY27JAN2626300CE,0.1671871883345013
22-01-2026 11:45||NIFTY27JAN2623900PE,0.2182929965266814
22-01-2026 11:45||NIFTY27JAN2624400PE,0.1676911505514314
22-01-2026 11:45||NIFTY27JAN2625000PE,0.1233082762828123
22-01-2026 11:45||NIFTY27JAN2626500CE,0.1870069405815423
22-01-2026 11:50||NIFTY27JAN2624500PE,0.1636075046951593
22-01-2026 11:50||NIFTY27JAN2624800PE,0.1414079565550103
22-01-2026 11:50||NIFTY27JAN2625200CE,0.1183819024390243
22-01-2026 11:50||NIFTY27JAN2625700CE,0.1268249704709729
22-01-2026 11:50||NIFTY27JAN2626200CE,0.1599975484329246
22-01-2026 11:50||NIFTY27JAN2626300CE,0.1681396166837238
22-01-2026 11:55||NIFTY27JAN2624000PE,0.2095160772400713
22-01-2026 11:55||NIFTY27JAN2625000PE,0.1318901129656953
22-01-2026 12:00||NIFTY27JAN2623800PE,0.2289676373884452
22-01-2026 12:00||NIFTY27JAN2624300PE,0.175701326441954
22-01-2026 12:00||NIFTY27JAN2625600CE,0.1319701096344876
22-01-2026 12:00||NIFTY27JAN2625700CE,0.1350223533236792
22-01-2026 12:00||NIFTY27JAN2626100CE,0.1597660349363809
22-01-2026 12:00||NIFTY27JAN2626400CE,0.1835739351539671
22-01-2026 12:05||NIFTY27JAN2624300PE,0.1788260377282985
22-01-2026 12:05||NIFTY27JAN2625600CE,0.1263218094430308
22-01-2026 12:05||NIFTY27JAN2625700CE,0.1298613966638394
22-01-2026 12:05||NIFTY27JAN2626000CE,0.146347408114925
22-01-2026 12:05||NIFTY27JAN2626300CE,0.1699140299601875
22-01-2026 12:10||NIFTY27JAN2624000PE,0.2084516498037165
22-01-2026 12:10||NIFTY27JAN2624500PE,0.1589559471956864
22-01-2026 12:10||NIFTY27JAN2625500CE,0.123821960505937
22-01-2026 12:10||NIFTY27JAN2625800CE,0.1332151405209987
22-01-2026 12:10||NIFTY27JAN2626100CE,0.1532002486538572
22-01-2026 12:15||NIFTY27JAN2623800PE,0.2286237144381223
22-01-2026 12:15||NIFTY27JAN2624000PE,0.2074312381460408
22-01-2026 12:15||NIFTY27JAN2624500PE,0.1574484787100996
22-01-2026 12:15||NIFTY27JAN2626100CE,0.1536370338656404
22-01-2026 12:15||NIFTY27JAN2626400CE,0.177125230504093
22-01-2026 12:15||NIFTY27JAN2626500CE,0.1849713830245583
22-01-2026 12:20||NIFTY27JAN2624800PE,0.1448637688114939
22-01-2026 12:20||NIFTY27JAN2624900PE,0.1392979358387581
22-01-2026 12:20||NIFTY27JAN2625900CE,0.1310910225432723
22-01-2026 12:20||NIFTY27JAN2626000CE,0.1382740932793158
22-01-2026 12:20||NIFTY27JAN2626500CE,0.1799092434411226
22-01-2026 12:25||NIFTY27JAN2623900PE,0.2208037040430185
22-01-2026 12:25||NIFTY27JAN2624200PE,0.1886972798006557
22-01-2026 12:25||NIFTY27JAN2624700PE,0.1423898164893686
22-01-2026 12:25||NIFTY27JAN2624800PE,0.1351966554244214
22-01-2026 12:25||NIFTY27JAN2625300CE,0.12525
22-01-2026 12:30||NIFTY27JAN2624200PE,0.1893509021453621
22-01-2026 12:30||NIFTY27JAN2624400PE,0.1693918130921594
22-01-2026 12:30||NIFTY27JAN2624500PE,0.1598347424924066
22-01-2026 12:30||NIFTY27JAN2625100PE,0.115764353640416
22-01-2026 12:30||NIFTY27JAN2625700CE,0.1250203333080489
22-01-2026 12:30||NIFTY27JAN2625800CE,0.1294244440564184
22-01-2026 12:30||NIFTY27JAN2625900CE,0.1350338327765786
22-01-2026 12:30||NIFTY27JAN2626400CE,0.1725784681846996
22-01-2026 12:35||NIFTY27JAN2623800PE,0.2337169995199232
22-01-2026 12:35||NIFTY27JAN2624400PE,0.1720889012813764
22-01-2026 12:35||NIFTY27JAN2626100CE,0.1465616172817985
22-01-2026 12:35||NIFTY27JAN2626300CE,0.1632662873406367
22-01-2026 12:40||NIFTY27JAN2624100PE,0.1978937957702848
22-01-2026 12:40||NIFTY27JAN2626200CE,0.1575376829968653
22-01-2026 12:45||NIFTY27JAN2624700PE,0.1433611518433226
22-01-2026 12:45||NIFTY27JAN2624900PE,0.1300269524499252
22-01-2026 12:45||NIFTY27JAN2625200CE,0.11576
22-01-2026 12:45||NIFTY27JAN2625700CE,0.1205488205575363
22-01-2026 12:45||NIFTY27JAN2625800CE,0.1255910336200036
22-01-2026 12:45||NIFTY27JAN2626000CE,0.1377500439650187
22-01-2026 12:45||NIFTY27JAN2626100CE,0.1449153007196684
22-01-2026 12:45||NIFTY27JAN2626200CE,0.1528488474822202
22-01-2026 12:45||NIFTY27JAN2626300CE,0.1615437614709453
22-01-2026 12:45||NIFTY27JAN2626400CE,0.1709931199041148
22-01-2026 12:50||NIFTY27JAN2624200PE,0.1892613788319041
22-01-2026 12:50||NIFTY27JAN2624300PE,0.1791173172048515
22-01-2026 12:50||NIFTY27JAN2624900PE,0.1323069482138551
22-01-2026 12:50||NIFTY27JAN2625900CE,0.1310375928673366
22-01-2026 12:50||NIFTY27JAN2626200CE,0.154470288849052
22-01-2026 12:50||NIFTY27JAN2626300CE,0.1631979508412408
22-01-2026 12:55||NIFTY27JAN2624400PE,0.1645833068889711
22-01-2026 12:55||NIFTY27JAN2625100PE,0.12014
22-01-2026 12:55||NIFTY27JAN2626100CE,0.1528733248993502
22-01-2026 12:55||NIFTY27JAN2626400CE,0.178951166063437
22-01-2026 13:00||NIFTY27JAN2624000PE,0.2044244489396834
22-01-2026 13:00||NIFTY27JAN2624400PE,0.1629290305594363
22-01-2026 13:00||NIFTY27JAN2624900PE,0.1255337033548746
22-01-2026 13:00||NIFTY27JAN2625700CE,0.1251523564978603
22-01-2026 13:05||NIFTY27JAN2623800PE,0.2264651056219207
22-01-2026 13:05||NIFTY27JAN2624100PE,0.1934500476150652
22-01-2026 13:05||NIFTY27JAN2624400PE,0.163222469044469
22-01-2026 13:05||NIFTY27JAN2625000PE,0.1227940281076801
22-01-2026 13:05||NIFTY27JAN2625300CE,0.1163747884515287
22-01-2026 13:05||NIFTY27JAN2625400CE,0.1165884657919463
22-01-2026 13:05||NIFTY27JAN2625700CE,0.1248016703210509
22-01-2026 13:10||NIFTY27JAN2624200PE,0.1841914217857659
22-01-2026 13:10||NIFTY27JAN2625300CE,0.1116196208708708
22-01-2026 13:10||NIFTY27JAN2625500CE,0.1143942885251022
22-01-2026 13:10||NIFTY27JAN2626000CE,0.144122906105014
22-01-2026 13:10||NIFTY27JAN2626500CE,0.1896095537190082
22-01-2026 13:15||NIFTY27JAN2624200PE,0.1810174379470328
22-01-2026 13:15||NIFTY27JAN2624600PE,0.1426723201864301
22-01-2026 13:15||NIFTY27JAN2624700PE,0.1345159973740631
22-01-2026 13:15||NIFTY27JAN2625200CE,0.12755
22-01-2026 13:15||NIFTY27JAN2625600CE,0.12381309258711
22-01-2026 13:20||NIFTY27JAN2623900PE,0.2146187384098284
22-01-2026 13:20||NIFTY27JAN2624700PE,0.1371391390088389
22-01-2026 13:20||NIFTY27JAN2624900PE,0.1244736152024401
22-01-2026 13:20||NIFTY27JAN2625200CE,0.1205
22-01-2026 13:20||NIFTY27JAN2625500CE,0.1182399563681695
22-01-2026 13:20||NIFTY27JAN2626100CE,0.1537906662012144
22-01-2026 13:25||NIFTY27JAN2624900PE,0.1293505771451252
22-01-2026 13:25||NIFTY27JAN2625100PE,0.1212717314353756
22-01-2026 13:25||NIFTY27JAN2625800CE,0.1295988456543604
22-01-2026 13:25||NIFTY27JAN2626100CE,0.1545442786313654
22-01-2026 13:25||NIFTY27JAN2626300CE,0.1724674379133539
22-01-2026 13:30||NIFTY27JAN2623800PE,0.222830653755965
22-01-2026 13:30||NIFTY27JAN2624000PE,0.1992836602113158
22-01-2026 13:30||NIFTY27JAN2624100PE,0.188360653755965
22-01-2026 13:30||NIFTY27JAN2624600PE,0.1383915088150266
22-01-2026 13:30||NIFTY27JAN2625100PE,0.0995751181102362
22-01-2026 13:30||NIFTY27JAN2625800CE,0.1364235752873308
22-01-2026 13:30||NIFTY27JAN2625900CE,0.1429468005286029
22-01-2026 13:35||NIFTY27JAN2623800PE,0.221713125
22-01-2026 13:35||NIFTY27JAN2623900PE,0.2143371875
22-01-2026 13:35||NIFTY27JAN2624400PE,0.1668517214953966
22-01-2026 13:35||NIFTY27JAN2624600PE,0.150362120337518
22-01-2026 13:35||NIFTY27JAN2624700PE,0.1433165927492938
22-01-2026 13:35||NIFTY27JAN2625300CE,0.1057581867615467
22-01-2026 13:35||NIFTY27JAN2625500CE,0.1102461938945618
22-01-2026 13:35||NIFTY27JAN2625700CE,0.1190457875624437
22-01-2026 13:35||NIFTY27JAN2626000CE,0.1407628661508122
22-01-2026 13:35||NIFTY27JAN2626100CE,0.1496966254453944
22-01-2026 13:35||NIFTY27JAN2626400CE,0.1761520476927405
22-01-2026 13:40||NIFTY27JAN2624000PE,0.2024085161718331
22-01-2026 13:40||NIFTY27JAN2624200PE,0.1812054714122705
22-01-2026 13:40||NIFTY27JAN2624300PE,0.1711441315924998
22-01-2026 13:40||NIFTY27JAN2624400PE,0.1613682259764791
22-01-2026 13:40||NIFTY27JAN2624900PE,0.1218112941784238
22-01-2026 13:40||NIFTY27JAN2625100PE,0.1100638825352714
22-01-2026 13:40||NIFTY27JAN2625300CE,0.1209392592592592
22-01-2026 13:40||NIFTY27JAN2625400CE,0.1199074074074074
22-01-2026 13:40||NIFTY27JAN2625600CE,0.1219284098185699
22-01-2026 13:40||NIFTY27JAN2626000CE,0.1457146243747912
22-01-2026 13:40||NIFTY27JAN2626300CE,0.1718243919768143
22-01-2026 13:45||NIFTY27JAN2624400PE,0.1594458479432713
22-01-2026 13:45||NIFTY27JAN2625200CE,0.1277356140350877
22-01-2026 13:45||NIFTY27JAN2625800CE,0.1331231320675637
22-01-2026 13:45||NIFTY27JAN2626100CE,0.1559776623436771
22-01-2026 13:45||NIFTY27JAN2626300CE,0.172370145593736
22-01-2026 13:50||NIFTY27JAN2623800PE,0.2252298378378378
22-01-2026 13:50||NIFTY27JAN2625200CE,0.1294971061093247
22-01-2026 13:50||NIFTY27JAN2626300CE,0.1706395795925737
22-01-2026 13:55||NIFTY27JAN2624500PE,0.1540120056332467
22-01-2026 13:55||NIFTY27JAN2624600PE,0.1443850727630713
22-01-2026 13:55||NIFTY27JAN2624800PE,0.1282877621007256
22-01-2026 13:55||NIFTY27JAN2625400CE,0.1139146210533002
22-01-2026 13:55||NIFTY27JAN2625500CE,0.1148303532177117
22-01-2026 13:55||NIFTY27JAN2625900CE,0.1325220678248932
22-01-2026 13:55||NIFTY27JAN2626000CE,0.140403643716606
22-01-2026 13:55||NIFTY27JAN2626400CE,0.176054162506807
22-01-2026 14:00||NIFTY27JAN2623800PE,0.2290173798181031
22-01-2026 14:00||NIFTY27JAN2623900PE,0.2163912299696838
22-01-2026 14:00||NIFTY27JAN2624300PE,0.1707460477942914
22-01-2026 14:00||NIFTY27JAN2625000PE,0.1167057984790874
22-01-2026 14:00||NIFTY27JAN2625300CE,0.1109188333333333
22-01-2026 14:00||NIFTY27JAN2625500CE,0.1117538277686553
22-01-2026 14:00||NIFTY27JAN2625600CE,0.1149454333150884
22-01-2026 14:00||NIFTY27JAN2626500CE,0.1849689086859688
22-01-2026 14:05||NIFTY27JAN2623800PE,0.2256943108585728
22-01-2026 14:05||NIFTY27JAN2624000PE,0.2025947702861909
22-01-2026 14:05||NIFTY27JAN2624200PE,0.180867071329645
22-01-2026 14:05||NIFTY27JAN2624300PE,0.1704679745335769
22-01-2026 14:05||NIFTY27JAN2625200CE,0.1071223970037453
22-01-2026 14:05||NIFTY27JAN2626200CE,0.157971600476781
22-01-2026 14:05||NIFTY27JAN2626400CE,0.1773066733346344
22-01-2026 14:10||NIFTY27JAN2623900PE,0.2126546342996051
22-01-2026 14:10||NIFTY27JAN2624200PE,0.1813721328486653
22-01-2026 14:10||NIFTY27JAN2625100PE,0.1221846606334841
22-01-2026 14:10||NIFTY27JAN2625900CE,0.1334730023983564
22-01-2026 14:15||NIFTY27JAN2623800PE,0.2214590170380078
22-01-2026 14:15||NIFTY27JAN2624600PE,0.1377547212482424
22-01-2026 14:15||NIFTY27JAN2625000PE,0.111780826446281
22-01-2026 14:15||NIFTY27JAN2625100PE,0.105984958677686
22-01-2026 14:15||NIFTY27JAN2626500CE,0.1930003816793893
22-01-2026 14:20||NIFTY27JAN2623800PE,0.2147303620754012
22-01-2026 14:20||NIFTY27JAN2623900PE,0.2043166629339305
22-01-2026 14:20||NIFTY27JAN2624000PE,0.1944455543113101
22-01-2026 14:20||NIFTY27JAN2624100PE,0.184874259051885
22-01-2026 14:20||NIFTY27JAN2624400PE,0.1554250398666668
22-01-2026 14:20||NIFTY27JAN2624900PE,0.1163999517223519
22-01-2026 14:20||NIFTY27JAN2625400CE,0.1149734487590072
22-01-2026 14:20||NIFTY27JAN2625700CE,0.1230672052645806
22-01-2026 14:20||NIFTY27JAN2625800CE,0.1298587253963893
22-01-2026 14:20||NIFTY27JAN2625900CE,0.1376833828300034
22-01-2026 14:20||NIFTY27JAN2626100CE,0.1541376820662765
22-01-2026 14:20||NIFTY27JAN2626200CE,0.1633161166771884
22-01-2026 14:25||NIFTY27JAN2624200PE,0.1762779019955103
22-01-2026 14:25||NIFTY27JAN2624300PE,0.1648332969910891
22-01-2026 14:25||NIFTY27JAN2624600PE,0.1336673777404184
22-01-2026 14:25||NIFTY27JAN2624700PE,0.1248479530862453
22-01-2026 14:25||NIFTY27JAN2626500CE,0.1875685046728972
22-01-2026 14:30||NIFTY27JAN2623800PE,0.2253195629370629
22-01-2026 14:30||NIFTY27JAN2624300PE,0.1683252585979293
22-01-2026 14:30||NIFTY27JAN2625600CE,0.1230132825385074
22-01-2026 14:30||NIFTY27JAN2625700CE,0.1246510095214592
22-01-2026 14:30||NIFTY27JAN2625900CE,0.1327481677648319
22-01-2026 14:30||NIFTY27JAN2626500CE,0.1805999007444168
22-01-2026 14:35||NIFTY27JAN2624000PE,0.2062182694777243
22-01-2026 14:35||NIFTY27JAN2624800PE,0.1232410877712782
22-01-2026 14:35||NIFTY27JAN2625500CE,0.1172682059457517
22-01-2026 14:40||NIFTY27JAN2623800PE,0.226665276816609
22-01-2026 14:40||NIFTY27JAN2625200CE,0.120415
22-01-2026 14:40||NIFTY27JAN2625400CE,0.111845
22-01-2026 14:40||NIFTY27JAN2626100CE,0.1407915032655688
22-01-2026 14:40||NIFTY27JAN2626500CE,0.1734120776699029
22-01-2026 14:45||NIFTY27JAN2624000PE,0.2053792681307362
22-01-2026 14:45||NIFTY27JAN2626100CE,0.1392732407956434
22-01-2026 14:50||NIFTY27JAN2624400PE,0.1608355243118741
22-01-2026 14:50||NIFTY27JAN2624500PE,0.1504776810247362
22-01-2026 14:50||NIFTY27JAN2625400CE,0.1088689114741641
22-01-2026 14:50||NIFTY27JAN2625500CE,0.1089370972644376
22-01-2026 14:50||NIFTY27JAN2625600CE,0.1090717344224924
22-01-2026 14:50||NIFTY27JAN2626200CE,0.1445849056123432
22-01-2026 14:55||NIFTY27JAN2624300PE,0.1680150250077994
22-01-2026 14:55||NIFTY27JAN2625000PE,0.1089927854619286
22-01-2026 14:55||NIFTY27JAN2626100CE,0.1360777041304993
22-01-2026 14:55||NIFTY27JAN2626500CE,0.1699160282021152
22-01-2026 15:00||NIFTY27JAN2624300PE,0.1672760997403986
22-01-2026 15:00||NIFTY27JAN2624600PE,0.1376597129694091
22-01-2026 15:00||NIFTY27JAN2624900PE,0.117461823485635
22-01-2026 15:00||NIFTY27JAN2625600CE,0.1055550420168067
22-01-2026 15:00||NIFTY27JAN2626400CE,0.1628463039265251
22-01-2026 15:05||NIFTY27JAN2625300CE,0.1295335813043829
22-01-2026 15:05||NIFTY27JAN2625400CE,0.1218944959420992
22-01-2026 15:05||NIFTY27JAN2625600CE,0.1169196376992358
22-01-2026 15:10||NIFTY27JAN2623800PE,0.2276885076363039
22-01-2026 15:10||NIFTY27JAN2624000PE,0.2037270025454346
22-01-2026 15:10||NIFTY27JAN2624200PE,0.1809943635962489
22-01-2026 15:10||NIFTY27JAN2625100PE,0.1046625365103766
22-01-2026 15:10||NIFTY27JAN2625600CE,0.1082321934460888
22-01-2026 15:10||NIFTY27JAN2626100CE,0.1318703495844364
22-01-2026 15:15||NIFTY27JAN2623800PE,0.222984617954071
22-01-2026 15:15||NIFTY27JAN2624200PE,0.1777343176123351
22-01-2026 15:15||NIFTY27JAN2624600PE,0.13332223617948
22-01-2026 15:15||NIFTY27JAN2625400CE,0.1166042510290765
22-01-2026 15:15||NIFTY27JAN2625800CE,0.1122633442681673
22-01-2026 15:15||NIFTY27JAN2625900CE,0.1179989107585569
22-01-2026 15:15||NIFTY27JAN2626200CE,0.1382575755887329
22-01-2026 15:15||NIFTY27JAN2626300CE,0.1468937180192639
22-01-2026 15:20||NIFTY27JAN2624800PE,0.1175225636068403
22-01-2026 15:20||NIFTY27JAN2625200CE,0.1367030280649926
22-01-2026 15:20||NIFTY27JAN2626400CE,0.1554903198214949
22-01-2026 15:25||NIFTY27JAN2623800PE,0.2243310151187904
22-01-2026 15:25||NIFTY27JAN2624300PE,0.1671645313274657
22-01-2026 15:25||NIFTY27JAN2624700PE,0.1235286360559163
22-01-2026 15:25||NIFTY27JAN2625100PE,0.0976196499602227
22-01-2026 15:25||NIFTY27JAN2625200CE,0.1100050429799426
22-01-2026 15:25||NIFTY27JAN2625300CE,0.1172375071633238
22-01-2026 15:25||NIFTY27JAN2625600CE,0.1085590616045845
22-01-2026 15:25||NIFTY27JAN2625900CE,0.1141317161680758
22-01-2026 15:25||NIFTY27JAN2626000CE,0.1210196559182243
22-01-2026 15:25||NIFTY27JAN2626400CE,0.1572519298245614
23-01-2026 09:15||NIFTY27JAN2624100PE,0.2110427928862322
23-01-2026 09:15||NIFTY27JAN2624200PE,0.1985435751060366
23-01-2026 09:15||NIFTY27JAN2624300PE,0.1859275697728226
23-01-2026 09:15||NIFTY27JAN2625500CE,0.114453
23-01-2026 09:15||NIFTY27JAN2626000CE,0.1333519967601246
23-01-2026 09:15||NIFTY27JAN2626100CE,0.1419572463551401
23-01-2026 09:15||NIFTY27JAN2626200CE,0.1516294975700934
23-01-2026 09:15||NIFTY27JAN2626300CE,0.1624724991900311
23-01-2026 09:15||NIFTY27JAN2626500CE,0.1880857487850467
23-01-2026 09:20||NIFTY27JAN2623900PE,0.2328213834702258
23-01-2026 09:20||NIFTY27JAN2624400PE,0.1699061932787057
23-01-2026 09:20||NIFTY27JAN2625500CE,0.1267703993770554
23-01-2026 09:20||NIFTY27JAN2626200CE,0.1545662646308996
23-01-2026 09:20||NIFTY27JAN2626400CE,0.1747923595154845
23-01-2026 09:25||NIFTY27JAN2623800PE,0.2525941387755102
23-01-2026 09:25||NIFTY27JAN2625100PE,0.1131104873026767
23-01-2026 09:25||NIFTY27JAN2626100CE,0.1352679425188785
23-01-2026 09:25||NIFTY27JAN2626200CE,0.1455683228745526
23-01-2026 09:25||NIFTY27JAN2626400CE,0.1665183196219982
23-01-2026 09:30||NIFTY27JAN2623900PE,0.2417982259966973
23-01-2026 09:30||NIFTY27JAN2624000PE,0.2297031186600613
23-01-2026 09:30||NIFTY27JAN2624400PE,0.1818433104636907
23-01-2026 09:30||NIFTY27JAN2624500PE,0.1698096669334612
23-01-2026 09:30||NIFTY27JAN2624600PE,0.1581153681713865
23-01-2026 09:30||NIFTY27JAN2624700PE,0.1474167129395411
23-01-2026 09:30||NIFTY27JAN2625200CE,0.1061308620689655
23-01-2026 09:30||NIFTY27JAN2626300CE,0.1565688992611599
23-01-2026 09:35||NIFTY27JAN2623900PE,0.2384044141025416
23-01-2026 09:35||NIFTY27JAN2624000PE,0.2263071615384164
23-01-2026 09:35||NIFTY27JAN2624400PE,0.1770622965685279
23-01-2026 09:35||NIFTY27JAN2625500CE,0.1087449489795918
23-01-2026 09:35||NIFTY27JAN2626100CE,0.1387431955806933
23-01-2026 09:40||NIFTY27JAN2625400CE,0.1059746387758572
23-01-2026 09:40||NIFTY27JAN2625500CE,0.1047928749434842
23-01-2026 09:40||NIFTY27JAN2626000CE,0.1268132509347136
23-01-2026 09:45||NIFTY27JAN2623900PE,0.2356260457945314
23-01-2026 09:45||NIFTY27JAN2624100PE,0.2101774850941615
23-01-2026 09:45||NIFTY27JAN2624300PE,0.184540834034725
23-01-2026 09:45||NIFTY27JAN2624800PE,0.1278438939241057
23-01-2026 09:45||NIFTY27JAN2624900PE,0.1198288626254501
23-01-2026 09:45||NIFTY27JAN2626100CE,0.1432197070108213
23-01-2026 09:45||NIFTY27JAN2626400CE,0.1760647138896166
23-01-2026 09:50||NIFTY27JAN2623900PE,0.2382726759553643
23-01-2026 09:50||NIFTY27JAN2624200PE,0.202303497049729
23-01-2026 09:50||NIFTY27JAN2624400PE,0.1775283484784005
23-01-2026 09:50||NIFTY27JAN2624700PE,0.1444081922434235
23-01-2026 09:50||NIFTY27JAN2625200CE,0.10521
23-01-2026 09:50||NIFTY27JAN2625300CE,0.10354
23-01-2026 09:50||NIFTY27JAN2625700CE,0.1030318971842247
23-01-2026 09:50||NIFTY27JAN2625800CE,0.1084499362255868
23-01-2026 09:55||NIFTY27JAN2623800PE,0.2501076438140267
23-01-2026 09:55||NIFTY27JAN2624200PE,0.1986261813636133
23-01-2026 09:55||NIFTY27JAN2624800PE,0.1295411314101428
23-01-2026 09:55||NIFTY27JAN2625000PE,0.1150892349691675
23-01-2026 09:55||NIFTY27JAN2625200CE,0.1206195918367346
23-01-2026 09:55||NIFTY27JAN2625700CE,0.1072571338425772
23-01-2026 09:55||NIFTY27JAN2626300CE,0.1619833854118511
23-01-2026 10:00||NIFTY27JAN2624700PE,0.1403181678065219
23-01-2026 10:00||NIFTY27JAN2625900CE,0.115341530607023
23-01-2026 10:00||NIFTY27JAN2626000CE,0.1255548689169192
23-01-2026 10:00||NIFTY27JAN2626100CE,0.1370432727683557
23-01-2026 10:00||NIFTY27JAN2626300CE,0.1589887327537976
23-01-2026 10:05||NIFTY27JAN2623800PE,0.2494899687010954
23-01-2026 10:05||NIFTY27JAN2624100PE,0.2117872562259177
23-01-2026 10:05||NIFTY27JAN2624600PE,0.1506946639677475
23-01-2026 10:05||NIFTY27JAN2624800PE,0.1313368115547497
23-01-2026 10:05||NIFTY27JAN2626200CE,0.1506832441977872
23-01-2026 10:10||NIFTY27JAN2623800PE,0.2478078543972289
23-01-2026 10:10||NIFTY27JAN2624000PE,0.2240892847990763
23-01-2026 10:10||NIFTY27JAN2624400PE,0.1736867888233089
23-01-2026 10:10||NIFTY27JAN2624600PE,0.148895359840623
23-01-2026 10:10||NIFTY27JAN2624800PE,0.1295778330252201
23-01-2026 10:10||NIFTY27JAN2625300CE,0.105662138261714
23-01-2026 10:15||NIFTY27JAN2624700PE,0.1416685265843646
23-01-2026 10:15||NIFTY27JAN2625700CE,0.1016140487678132
23-01-2026 10:15||NIFTY27JAN2625900CE,0.1164591791169376
23-01-2026 10:15||NIFTY27JAN2626000CE,0.1286218234101434
23-01-2026 10:15||NIFTY27JAN2626400CE,0.1743887055190151
23-01-2026 10:20||NIFTY27JAN2625700CE,0.1049725127515256
23-01-2026 10:20||NIFTY27JAN2625800CE,0.1116033998024313
23-01-2026 10:20||NIFTY27JAN2626100CE,0.1435187920755374
23-01-2026 10:20||NIFTY27JAN2626500CE,0.1833309819360814
23-01-2026 10:25||NIFTY27JAN2623800PE,0.2497438642396663
23-01-2026 10:25||NIFTY27JAN2624400PE,0.1696474489240723
23-01-2026 10:25||NIFTY27JAN2624600PE,0.1441108847648071
23-01-2026 10:25||NIFTY27JAN2625100PE,0.1000523938461538
23-01-2026 10:25||NIFTY27JAN2625400CE,0.1139635247448628
23-01-2026 10:25||NIFTY27JAN2626000CE,0.1310577392085999
23-01-2026 10:30||NIFTY27JAN2624100PE,0.2128963284170386
23-01-2026 10:30||NIFTY27JAN2624400PE,0.1750228141357918
23-01-2026 10:30||NIFTY27JAN2624600PE,0.1494173443287792
23-01-2026 10:30||NIFTY27JAN2625100PE,0.1066878758797184
23-01-2026 10:35||NIFTY27JAN2624000PE,0.2278976104303938
23-01-2026 10:35||NIFTY27JAN2624100PE,0.2152332644708773
23-01-2026 10:35||NIFTY27JAN2624200PE,0.2024347862759221
23-01-2026 10:35||NIFTY27JAN2624500PE,0.164105910138883
23-01-2026 10:35||NIFTY27JAN2624900PE,0.1240362435833054
23-01-2026 10:35||NIFTY27JAN2625100PE,0.1101387307499163
23-01-2026 10:35||NIFTY27JAN2625600CE,0.0980087719786334
23-01-2026 10:40||NIFTY27JAN2624000PE,0.225731270378813
23-01-2026 10:40||NIFTY27JAN2624600PE,0.1501033926492207
23-01-2026 10:40||NIFTY27JAN2624800PE,0.1296007377277159
23-01-2026 10:40||NIFTY27JAN2625300CE,0.105797172581252
23-01-2026 10:40||NIFTY27JAN2625800CE,0.1053903678614005
23-01-2026 10:45||NIFTY27JAN2624100PE,0.2131682677893372
23-01-2026 10:45||NIFTY27JAN2625100PE,0.1117790136986301
23-01-2026 10:45||NIFTY27JAN2625900CE,0.113172072423076
23-01-2026 10:45||NIFTY27JAN2626200CE,0.1483154277173636
23-01-2026 10:45||NIFTY27JAN2626500CE,0.1788511511653418
23-01-2026 10:50||NIFTY27JAN2623900PE,0.2371212399959983
23-01-2026 10:50||NIFTY27JAN2625400CE,0.0996312667404537
23-01-2026 10:50||NIFTY27JAN2625700CE,0.1001545148532255
23-01-2026 10:50||NIFTY27JAN2626200CE,0.1490175716587516
23-01-2026 10:50||NIFTY27JAN2626300CE,0.1599745081411126
23-01-2026 10:50||NIFTY27JAN2626400CE,0.1707491905529172
23-01-2026 10:55||NIFTY27JAN2623800PE,0.2504677212216132
23-01-2026 10:55||NIFTY27JAN2624600PE,0.1467941092843504
23-01-2026 10:55||NIFTY27JAN2624900PE,0.1178429761885112
23-01-2026 10:55||NIFTY27JAN2626200CE,0.1506769049986826
23-01-2026 11:00||NIFTY27JAN2625100PE,0.1078804377564979
23-01-2026 11:00||NIFTY27JAN2625400CE,0.0951582769161944
23-01-2026 11:00||NIFTY27JAN2625800CE,0.1056578375131383
23-01-2026 11:00||NIFTY27JAN2626100CE,0.1394950551242389
23-01-2026 11:05||NIFTY27JAN2624200PE,0.1968116221686572
23-01-2026 11:05||NIFTY27JAN2625600CE,0.1002866430260047
23-01-2026 11:05||NIFTY27JAN2625700CE,0.1033466193853427
23-01-2026 11:05||NIFTY27JAN2626200CE,0.152345097757767
23-01-2026 11:05||NIFTY27JAN2626500CE,0.1861296882923914
23-01-2026 11:10||NIFTY27JAN2624000PE,0.2230433613004606
23-01-2026 11:10||NIFTY27JAN2624100PE,0.2100724138298105
23-01-2026 11:10||NIFTY27JAN2625300CE,0.1014250895083202
23-01-2026 11:10||NIFTY27JAN2626300CE,0.1624194727884565
23-01-2026 11:15||NIFTY27JAN2624200PE,0.1964874873164906
23-01-2026 11:15||NIFTY27JAN2624800PE,0.1278763256587124
23-01-2026 11:15||NIFTY27JAN2624900PE,0.1199725129939717
23-01-2026 11:15||NIFTY27JAN2625300CE,0.09445390625
23-01-2026 11:15||NIFTY27JAN2625400CE,0.09399375
23-01-2026 11:15||NIFTY27JAN2625500CE,0.09382421875
23-01-2026 11:15||NIFTY27JAN2625700CE,0.0975404723961297
23-01-2026 11:15||NIFTY27JAN2626300CE,0.1627795523263623
23-01-2026 11:20||NIFTY27JAN2624100PE,0.2071416634141042
23-01-2026 11:20||NIFTY27JAN2624400PE,0.1693489352447252
23-01-2026 11:20||NIFTY27JAN2624800PE,0.1231384838888653
23-01-2026 11:20||NIFTY27JAN2625100PE,0.1007234806386169
23-01-2026 11:20||NIFTY27JAN2626000CE,0.129898125995102
23-01-2026 11:20||NIFTY27JAN2626300CE,0.164410194772777
23-01-2026 11:25||NIFTY27JAN2623800PE,0.2424316426063206
23-01-2026 11:25||NIFTY27JAN2623900PE,0.2323986071010534
23-01-2026 11:25||NIFTY27JAN2624900PE,0.1142939839906743
23-01-2026 11:25||NIFTY27JAN2625200CE,0.1071208679927667
23-01-2026 11:25||NIFTY27JAN2625800CE,0.1070936350619854
23-01-2026 11:25||NIFTY27JAN2626400CE,0.1748359099264705
23-01-2026 11:30||NIFTY27JAN2624700PE,0.1368082271502775
23-01-2026 11:30||NIFTY27JAN2624900PE,0.1200380051690131
23-01-2026 11:30||NIFTY27JAN2625000PE,0.1131540025845065
23-01-2026 11:30||NIFTY27JAN2625500CE,0.090393427931292
23-01-2026 11:30||NIFTY27JAN2625800CE,0.105416208855224
23-01-2026 11:30||NIFTY27JAN2626000CE,0.1271750056399905
23-01-2026 11:30||NIFTY27JAN2626200CE,0.151447117527024
23-01-2026 11:30||NIFTY27JAN2626400CE,0.1742347574729759
23-01-2026 11:35||NIFTY27JAN2624900PE,0.1210678159094493
23-01-2026 11:35||NIFTY27JAN2625400CE,0.091787420993228
23-01-2026 11:35||NIFTY27JAN2626000CE,0.1316549896179392
23-01-2026 11:40||NIFTY27JAN2623900PE,0.2267869439488551
23-01-2026 11:40||NIFTY27JAN2624300PE,0.1762139146831909
23-01-2026 11:40||NIFTY27JAN2624900PE,0.1157245111492121
23-01-2026 11:40||NIFTY27JAN2625500CE,0.0978812335178251
23-01-2026 11:40||NIFTY27JAN2626300CE,0.1737153690921853
23-01-2026 11:40||NIFTY27JAN2626500CE,0.1933361072765559
23-01-2026 11:45||NIFTY27JAN2625300CE,0.0965710818985574
23-01-2026 11:45||NIFTY27JAN2626100CE,0.1540074385679013
23-01-2026 11:45||NIFTY27JAN2626400CE,0.1863848095238095
23-01-2026 11:50||NIFTY27JAN2624100PE,0.1948688861978771
23-01-2026 11:50||NIFTY27JAN2624500PE,0.1467712982339098
23-01-2026 11:50||NIFTY27JAN2625400CE,0.1074326499770024
23-01-2026 11:50||NIFTY27JAN2625500CE,0.1078319666206715
23-01-2026 11:50||NIFTY27JAN2625700CE,0.1133357216060609
23-01-2026 11:55||NIFTY27JAN2624800PE,0.1198925424236353
23-01-2026 11:55||NIFTY27JAN2625100PE,0.1025810190198528
23-01-2026 11:55||NIFTY27JAN2625700CE,0.1115716728173097
23-01-2026 11:55||NIFTY27JAN2626200CE,0.1645361978569651
23-01-2026 11:55||NIFTY27JAN2626500CE,0.1948993049023234
23-01-2026 12:00||NIFTY27JAN2624000PE,0.2108439693458012
23-01-2026 12:00||NIFTY27JAN2624300PE,0.1723554335210647
23-01-2026 12:00||NIFTY27JAN2624800PE,0.118328370358805
23-01-2026 12:00||NIFTY27JAN2625200CE,0.10745
23-01-2026 12:00||NIFTY27JAN2625800CE,0.119577144179502
23-01-2026 12:00||NIFTY27JAN2625900CE,0.1311596862615333
23-01-2026 12:00||NIFTY27JAN2626400CE,0.1861547081261206
23-01-2026 12:05||NIFTY27JAN2624600PE,0.138609535834728
23-01-2026 12:05||NIFTY27JAN2625300CE,0.0974524148929245
23-01-2026 12:05||NIFTY27JAN2625400CE,0.098263718674738
23-01-2026 12:05||NIFTY27JAN2626400CE,0.1866098932926829
23-01-2026 12:10||NIFTY27JAN2623900PE,0.219464127247985
23-01-2026 12:10||NIFTY27JAN2624000PE,0.2067065878293034
23-01-2026 12:10||NIFTY27JAN2625000PE,0.1068516600265604
23-01-2026 12:10||NIFTY27JAN2625700CE,0.1140329578870575
23-01-2026 12:10||NIFTY27JAN2626200CE,0.1681595943503899
23-01-2026 12:10||NIFTY27JAN2626500CE,0.1984933404349755
23-01-2026 12:15||NIFTY27JAN2625500CE,0.1093361240257995
23-01-2026 12:15||NIFTY27JAN2626100CE,0.1563144157663909
23-01-2026 12:15||NIFTY27JAN2626300CE,0.1773359690987397
23-01-2026 12:20||NIFTY27JAN2624200PE,0.1858111355924076
23-01-2026 12:20||NIFTY27JAN2625200CE,0.1055067567567567
23-01-2026 12:20||NIFTY27JAN2625300CE,0.0999289189189189
23-01-2026 12:20||NIFTY27JAN2625400CE,0.0984031531531531
23-01-2026 12:20||NIFTY27JAN2625800CE,0.1177883433907423
23-01-2026 12:20||NIFTY27JAN2626100CE,0.1530795387653621
23-01-2026 12:25||NIFTY27JAN2624300PE,0.1707315785130922
23-01-2026 12:25||NIFTY27JAN2624500PE,0.1462024878733189
23-01-2026 12:25||NIFTY27JAN2624600PE,0.1346439365245167
23-01-2026 12:25||NIFTY27JAN2624900PE,0.1083461541265087
23-01-2026 12:25||NIFTY27JAN2625400CE,0.1039518792928008
23-01-2026 12:25||NIFTY27JAN2625600CE,0.1059247519670796
23-01-2026 12:25||NIFTY27JAN2626400CE,0.1874513916687779
23-01-2026 12:30||NIFTY27JAN2623800PE,0.2355770556309361
23-01-2026 12:30||NIFTY27JAN2624100PE,0.1961487979621688
23-01-2026 12:30||NIFTY27JAN2624200PE,0.1836799478013165
23-01-2026 12:30||NIFTY27JAN2624500PE,0.1452003561726451
23-01-2026 12:30||NIFTY27JAN2625900CE,0.1314119041651921
23-01-2026 12:30||NIFTY27JAN2626100CE,0.1542892867875889
23-01-2026 12:30||NIFTY27JAN2626200CE,0.165255850372418
23-01-2026 12:35||NIFTY27JAN2624100PE,0.1965975161195975
23-01-2026 12:35||NIFTY27JAN2624400PE,0.1576272186710171
23-01-2026 12:35||NIFTY27JAN2625100PE,0.0909720565552699
23-01-2026 12:35||NIFTY27JAN2625300CE,0.1072916666666666
23-01-2026 12:35||NIFTY27JAN2626100CE,0.153940439321471
23-01-2026 12:40||NIFTY27JAN2624500PE,0.1439771856729127
23-01-2026 12:40||NIFTY27JAN2624600PE,0.1316954018774689
23-01-2026 12:40||NIFTY27JAN2624900PE,0.103402937663646
23-01-2026 12:40||NIFTY27JAN2625300CE,0.1081996343206027
23-01-2026 12:45||NIFTY27JAN2623800PE,0.2355564792176038
23-01-2026 12:45||NIFTY27JAN2623900PE,0.223589413202934
23-01-2026 12:45||NIFTY27JAN2624600PE,0.1375269723184953
23-01-2026 12:45||NIFTY27JAN2625900CE,0.1242411006899104
23-01-2026 12:50||NIFTY27JAN2623800PE,0.2376390923566878
23-01-2026 12:50||NIFTY27JAN2624400PE,0.1567396748055716
23-01-2026 12:50||NIFTY27JAN2624800PE,0.1100107015885266
23-01-2026 12:50||NIFTY27JAN2625300CE,0.1099659504731938
23-01-2026 12:50||NIFTY27JAN2625600CE,0.1071091353283192
23-01-2026 12:50||NIFTY27JAN2625700CE,0.1122616039899717
23-01-2026 12:50||NIFTY27JAN2626000CE,0.1403021277783164
23-01-2026 12:50||NIFTY27JAN2626400CE,0.1863617645400354
23-01-2026 12:55||NIFTY27JAN2624200PE,0.1876713700318512
23-01-2026 12:55||NIFTY27JAN2625400CE,0.0918758738548273
23-01-2026 12:55||NIFTY27JAN2625600CE,0.0985339381464004
23-01-2026 12:55||NIFTY27JAN2625800CE,0.114910906272632
23-01-2026 12:55||NIFTY27JAN2626400CE,0.1845108742510961
23-01-2026 13:00||NIFTY27JAN2624900PE,0.1039517726583686
23-01-2026 13:00||NIFTY27JAN2625700CE,0.1122212912686312
23-01-2026 13:00||NIFTY27JAN2626000CE,0.1446843096603305
23-01-2026 13:05||NIFTY27JAN2623800PE,0.2319929101644876
23-01-2026 13:05||NIFTY27JAN2625200CE,0.10558
23-01-2026 13:05||NIFTY27JAN2625900CE,0.1328949019954631
23-01-2026 13:10||NIFTY27JAN2623900PE,0.2210973382012408
23-01-2026 13:10||NIFTY27JAN2624000PE,0.2087505685366422
23-01-2026 13:10||NIFTY27JAN2624100PE,0.1960610146037224
23-01-2026 13:10||NIFTY27JAN2624700PE,0.1207636581701913
23-01-2026 13:10||NIFTY27JAN2625100PE,0.0916301498929336
23-01-2026 13:10||NIFTY27JAN2625800CE,0.1205033479353776
23-01-2026 13:10||NIFTY27JAN2626000CE,0.1439902453130655
23-01-2026 13:15||NIFTY27JAN2623800PE,0.226875628691983
23-01-2026 13:15||NIFTY27JAN2624200PE,0.1797396316926797
23-01-2026 13:15||NIFTY27JAN2625300CE,0.0947266666666666
23-01-2026 13:15||NIFTY27JAN2625600CE,0.1074471181255208
23-01-2026 13:15||NIFTY27JAN2625900CE,0.1377894483341109
23-01-2026 13:15||NIFTY27JAN2626000CE,0.1494681587735369
23-01-2026 13:20||NIFTY27JAN2624700PE,0.1216455524874872
23-01-2026 13:20||NIFTY27JAN2624800PE,0.1145175057738541
23-01-2026 13:20||NIFTY27JAN2625700CE,0.1215045710663707
23-01-2026 13:20||NIFTY27JAN2626200CE,0.1771097878518363
23-01-2026 13:20||NIFTY27JAN2626500CE,0.2099823989396951
23-01-2026 13:25||NIFTY27JAN2624100PE,0.1877039825166409
23-01-2026 13:25||NIFTY27JAN2624500PE,0.1382490723495078
23-01-2026 13:25||NIFTY27JAN2625000PE,0.1023752669749426
23-01-2026 13:25||NIFTY27JAN2625400CE,0.1024688110400039
23-01-2026 13:30||NIFTY27JAN2624700PE,0.1281302120831359
23-01-2026 13:30||NIFTY27JAN2624800PE,0.1222876353166193
23-01-2026 13:30||NIFTY27JAN2625000PE,0.1157771863770447
23-01-2026 13:30||NIFTY27JAN2625400CE,0.1095504797985434
23-01-2026 13:30||NIFTY27JAN2625700CE,0.1317888923597118
23-01-2026 13:30||NIFTY27JAN2626000CE,0.1659771657523779
23-01-2026 13:35||NIFTY27JAN2623900PE,0.2087258711931476
23-01-2026 13:35||NIFTY27JAN2624100PE,0.1837709661001469
23-01-2026 13:35||NIFTY27JAN2624900PE,0.1109288494549558
23-01-2026 13:35||NIFTY27JAN2625600CE,0.1239236416674592
23-01-2026 13:35||NIFTY27JAN2626000CE,0.1670410302652407
23-01-2026 13:35||NIFTY27JAN2626200CE,0.1898993644715847
23-01-2026 13:35||NIFTY27JAN2626500CE,0.2213220728844757
23-01-2026 13:40||NIFTY27JAN2623900PE,0.2129982956199012
23-01-2026 13:40||NIFTY27JAN2624600PE,0.1365857338672297
23-01-2026 13:40||NIFTY27JAN2624900PE,0.1212717863079945
23-01-2026 13:40||NIFTY27JAN2625700CE,0.1339347518094582
23-01-2026 13:40||NIFTY27JAN2625800CE,0.1448253849885287
23-01-2026 13:40||NIFTY27JAN2626300CE,0.2009088874852481
23-01-2026 13:45||NIFTY27JAN2623900PE,0.2069741646817663
23-01-2026 13:45||NIFTY27JAN2624000PE,0.1945583293635326
23-01-2026 13:45||NIFTY27JAN2624500PE,0.1351600075597324
23-01-2026 13:45||NIFTY27JAN2624600PE,0.1260007891023437
23-01-2026 13:45||NIFTY27JAN2625000PE,0.1015337781213722
23-01-2026 13:45||NIFTY27JAN2625300CE,0.1135319824482448
23-01-2026 13:45||NIFTY27JAN2626100CE,0.1832329750167234
23-01-2026 13:45||NIFTY27JAN2626300CE,0.2052091024114639
23-01-2026 13:50||NIFTY27JAN2624000PE,0.1946395817395572
23-01-2026 13:50||NIFTY27JAN2624500PE,0.1345487460514424
23-01-2026 13:50||NIFTY27JAN2625100PE,0.0988150866462793
23-01-2026 13:50||NIFTY27JAN2626400CE,0.2178400226136196
23-01-2026 13:55||NIFTY27JAN2625500CE,0.1223646944411113
23-01-2026 13:55||NIFTY27JAN2625700CE,0.1375703445342929
23-01-2026 13:55||NIFTY27JAN2625800CE,0.1484349897564338
23-01-2026 13:55||NIFTY27JAN2626400CE,0.2156260141718335
23-01-2026 13:55||NIFTY27JAN2626500CE,0.226146085031001
23-01-2026 14:00||NIFTY27JAN2624200PE,0.1684455945348181
23-01-2026 14:00||NIFTY27JAN2624300PE,0.1561577346503309
23-01-2026 14:00||NIFTY27JAN2625300CE,0.1156274918166939
23-01-2026 14:00||NIFTY27JAN2625400CE,0.1188516448445172
23-01-2026 14:00||NIFTY27JAN2625500CE,0.1234399754500818
23-01-2026 14:00||NIFTY27JAN2625800CE,0.1473325721511239
23-01-2026 14:05||NIFTY27JAN2624200PE,0.170629375812397
23-01-2026 14:05||NIFTY27JAN2624800PE,0.1113326398378013
23-01-2026 14:05||NIFTY27JAN2626300CE,0.2006407870772197
23-01-2026 14:10||NIFTY27JAN2623900PE,0.2090497152944166
23-01-2026 14:10||NIFTY27JAN2625800CE,0.1467798182247871
23-01-2026 14:10||NIFTY27JAN2626400CE,0.2130042988929137
23-01-2026 14:15||NIFTY27JAN2625000PE,0.1133553415061296
23-01-2026 14:15||NIFTY27JAN2625400CE,0.1077139291842295
23-01-2026 14:15||NIFTY27JAN2626400CE,0.2063230368504772
23-01-2026 14:20||NIFTY27JAN2624100PE,0.1850624421981155
23-01-2026 14:20||NIFTY27JAN2624800PE,0.1153573888303831
23-01-2026 14:20||NIFTY27JAN2625400CE,0.1119940417686379
23-01-2026 14:20||NIFTY27JAN2625600CE,0.1249457437905944
23-01-2026 14:20||NIFTY27JAN2625800CE,0.1443786152580327
23-01-2026 14:20||NIFTY27JAN2626400CE,0.2110164769015398
23-01-2026 14:20||NIFTY27JAN2626500CE,0.2233888614092393
23-01-2026 14:25||NIFTY27JAN2624200PE,0.1664909393065014
23-01-2026 14:25||NIFTY27JAN2624400PE,0.1411716374817535
23-01-2026 14:25||NIFTY27JAN2624500PE,0.1295750395841657
23-01-2026 14:25||NIFTY27JAN2625200CE,0.1145814808652246
23-01-2026 14:25||NIFTY27JAN2626200CE,0.1864064248822662
23-01-2026 14:25||NIFTY27JAN2626300CE,0.1972085998953477
23-01-2026 14:25||NIFTY27JAN2626400CE,0.2085614749607554
23-01-2026 14:30||NIFTY27JAN2624600PE,0.1220465056675791
23-01-2026 14:30||NIFTY27JAN2625700CE,0.1334346940032328
23-01-2026 14:35||NIFTY27JAN2623900PE,0.2112951097484545
23-01-2026 14:35||NIFTY27JAN2624500PE,0.1335065822593332
23-01-2026 14:35||NIFTY27JAN2624700PE,0.1148071019987524
23-01-2026 14:35||NIFTY27JAN2625400CE,0.1095969680111265
23-01-2026 14:35||NIFTY27JAN2625600CE,0.1205341168602253
23-01-2026 14:35||NIFTY27JAN2625800CE,0.1383047381415988
23-01-2026 14:35||NIFTY27JAN2625900CE,0.1487444745296714
23-01-2026 14:35||NIFTY27JAN2626000CE,0.1598344736529083
23-01-2026 14:35||NIFTY27JAN2626300CE,0.194660773746958
23-01-2026 14:40||NIFTY27JAN2623900PE,0.2130081799023637
23-01-2026 14:40||NIFTY27JAN2624300PE,0.1610687162814248
23-01-2026 14:40||NIFTY27JAN2624400PE,0.1487654278576933
23-01-2026 14:40||NIFTY27JAN2625000PE,0.1001637221269297
23-01-2026 14:40||NIFTY27JAN2625100PE,0.0954023327615781
23-01-2026 14:40||NIFTY27JAN2625200CE,0.1022611538461538
23-01-2026 14:40||NIFTY27JAN2625700CE,0.1318103291913248
23-01-2026 14:40||NIFTY27JAN2625800CE,0.1419276032100715
23-01-2026 14:40||NIFTY27JAN2626400CE,0.2061157840317205
23-01-2026 14:45||NIFTY27JAN2624400PE,0.1489418017954225
23-01-2026 14:45||NIFTY27JAN2624700PE,0.1206580716611634
23-01-2026 14:45||NIFTY27JAN2625100PE,0.1052813917525773
23-01-2026 14:45||NIFTY27JAN2625400CE,0.1081711710260602
23-01-2026 14:45||NIFTY27JAN2625600CE,0.1223418298863248
23-01-2026 14:45||NIFTY27JAN2626000CE,0.1628470397862417
23-01-2026 14:45||NIFTY27JAN2626200CE,0.1845539544108352
23-01-2026 14:50||NIFTY27JAN2623800PE,0.2176073067729083
23-01-2026 14:50||NIFTY27JAN2624500PE,0.1299944952693213
23-01-2026 14:50||NIFTY27JAN2624800PE,0.1029105177793765
23-01-2026 14:50||NIFTY27JAN2625200CE,0.1185700604882263
23-01-2026 14:50||NIFTY27JAN2625300CE,0.1157675113415424
23-01-2026 14:50||NIFTY27JAN2625500CE,0.1216025037805141
23-01-2026 14:55||NIFTY27JAN2623900PE,0.2106936575856757
23-01-2026 14:55||NIFTY27JAN2624400PE,0.1467479422055728
23-01-2026 14:55||NIFTY27JAN2625200CE,0.1016852261306532
23-01-2026 14:55||NIFTY27JAN2625900CE,0.1501558326981047
23-01-2026 14:55||NIFTY27JAN2626200CE,0.1827269452631163
23-01-2026 15:00||NIFTY27JAN2623900PE,0.2103358684456929
23-01-2026 15:00||NIFTY27JAN2624100PE,0.1847525290245742
23-01-2026 15:00||NIFTY27JAN2624300PE,0.1588628472428627
23-01-2026 15:00||NIFTY27JAN2624600PE,0.1247001610790407
23-01-2026 15:05||NIFTY27JAN2623900PE,0.2076083831710709
23-01-2026 15:05||NIFTY27JAN2624800PE,0.1191337562755777
23-01-2026 15:05||NIFTY27JAN2626200CE,0.1929012201824167
23-01-2026 15:10||NIFTY27JAN2623800PE,0.2179279373896409
23-01-2026 15:10||NIFTY27JAN2624000PE,0.1929134791298803
23-01-2026 15:10||NIFTY27JAN2624200PE,0.1670819225809158
23-01-2026 15:10||NIFTY27JAN2624600PE,0.121724152670248
23-01-2026 15:10||NIFTY27JAN2625000PE,0.0996160653375676
23-01-2026 15:10||NIFTY27JAN2625300CE,0.113247556596409
23-01-2026 15:10||NIFTY27JAN2625700CE,0.1404817589305498
23-01-2026 15:10||NIFTY27JAN2626100CE,0.1839297639647378
23-01-2026 15:10||NIFTY27JAN2626200CE,0.1954497376383255
23-01-2026 15:10||NIFTY27JAN2626300CE,0.2066573424927504
23-01-2026 15:15||NIFTY27JAN2624100PE,0.1820775981850033
23-01-2026 15:15||NIFTY27JAN2624200PE,0.168129881190985
23-01-2026 15:15||NIFTY27JAN2625000PE,0.1038645401572592
23-01-2026 15:20||NIFTY27JAN2623800PE,0.2204973041217973
23-01-2026 15:20||NIFTY27JAN2623900PE,0.2067595506869662
23-01-2026 15:20||NIFTY27JAN2624800PE,0.1028755572231154
23-01-2026 15:20||NIFTY27JAN2625400CE,0.1199101031059761
23-01-2026 15:20||NIFTY27JAN2625500CE,0.125933552385975
23-01-2026 15:20||NIFTY27JAN2625700CE,0.1422904276032544
23-01-2026 15:20||NIFTY27JAN2625900CE,0.1639610397079877
23-01-2026 15:20||NIFTY27JAN2626200CE,0.1965923854205266
23-01-2026 15:25||NIFTY27JAN2624500PE,0.128144669461827
23-01-2026 15:25||NIFTY27JAN2624600PE,0.1163832228207498
23-01-2026 15:25||NIFTY27JAN2625700CE,0.1411780422414821
27-01-2026 09:15||NIFTY27JAN2626200CE,0.6658062006081956
27-01-2026 09:15||NIFTY27JAN2626400CE,0.7525886018245866
27-01-2026 09:15||NIFTY27JAN2626500CE,0.7932692097311286
27-01-2026 09:20||NIFTY27JAN2624400PE,0.4310188784012783
27-01-2026 09:20||NIFTY27JAN2624900PE,0.4011864227347951
27-01-2026 09:20||NIFTY27JAN2625100PE,0.4268892682043855
27-01-2026 09:20||NIFTY27JAN2625400CE,0.400940862884117
27-01-2026 09:20||NIFTY27JAN2625500CE,0.4325754098110413
27-01-2026 09:20||NIFTY27JAN2625600CE,0.4720295252959071
27-01-2026 09:20||NIFTY27JAN2625700CE,0.5154990938538485
27-01-2026 09:20||NIFTY27JAN2626500CE,0.8949276867030965
27-01-2026 09:25||NIFTY27JAN2623900PE,0.6563986680216204
27-01-2026 09:25||NIFTY27JAN2624600PE,0.341020222932585
27-01-2026 09:25||NIFTY27JAN2625100PE,0.2570380854481208
27-01-2026 09:25||NIFTY27JAN2625500CE,0.4548584074986978
27-01-2026 09:25||NIFTY27JAN2625900CE,0.6338319779506507
27-01-2026 09:25||NIFTY27JAN2626500CE,0.9199714620720028
27-01-2026 09:30||NIFTY27JAN2624400PE,0.3993614473705254
27-01-2026 09:30||NIFTY27JAN2624800PE,0.2823771141141592
27-01-2026 09:30||NIFTY27JAN2624900PE,0.2627757925310794
27-01-2026 09:30||NIFTY27JAN2625400CE,0.4388672837307025
27-01-2026 09:30||NIFTY27JAN2625600CE,0.4929162241794428
27-01-2026 09:30||NIFTY27JAN2625800CE,0.5862410375033563
27-01-2026 09:30||NIFTY27JAN2626100CE,0.7406220807337098
27-01-2026 09:30||NIFTY27JAN2626400CE,0.8800011827358997
27-01-2026 09:35||NIFTY27JAN2623800PE,0.7447395782686821
27-01-2026 09:35||NIFTY27JAN2624500PE,0.3978311092039155
27-01-2026 09:35||NIFTY27JAN2625700CE,0.4883989436292474
27-01-2026 09:35||NIFTY27JAN2626200CE,0.7249180939594526
27-01-2026 09:45||NIFTY27JAN2623800PE,0.8281109615843437
27-01-2026 09:45||NIFTY27JAN2624000PE,0.7217003205281146
27-01-2026 09:45||NIFTY27JAN2624500PE,0.480214400559303
27-01-2026 09:45||NIFTY27JAN2625000PE,0.3237931898825222
27-01-2026 09:45||NIFTY27JAN2625600CE,0.3648695933216179
27-01-2026 09:45||NIFTY27JAN2626200CE,0.6394685876486148
27-01-2026 09:45||NIFTY27JAN2626300CE,0.6919131793407503
27-01-2026 09:50||NIFTY27JAN2623800PE,0.8316146244155844
27-01-2026 09:50||NIFTY27JAN2624200PE,0.629338757937249
27-01-2026 09:50||NIFTY27JAN2624800PE,0.3842129977244169
27-01-2026 09:50||NIFTY27JAN2624900PE,0.3640143656741215
27-01-2026 09:50||NIFTY27JAN2626300CE,0.6994920071692635
27-01-2026 09:55||NIFTY27JAN2624100PE,0.6820392266737058
27-01-2026 09:55||NIFTY27JAN2624700PE,0.4053993317075059
27-01-2026 09:55||NIFTY27JAN2624800PE,0.3875024843764114
27-01-2026 09:55||NIFTY27JAN2625000PE,0.3536982194413395
27-01-2026 09:55||NIFTY27JAN2625700CE,0.4063606137044481
27-01-2026 09:55||NIFTY27JAN2626000CE,0.5633663971830563
27-01-2026 09:55||NIFTY27JAN2626200CE,0.6633175599649426
27-01-2026 10:00||NIFTY27JAN2624000PE,0.7340824184588242
27-01-2026 10:00||NIFTY27JAN2625300CE,0.3244898438504779
27-01-2026 10:00||NIFTY27JAN2625400CE,0.3246807988120671
27-01-2026 10:00||NIFTY27JAN2625600CE,0.3531807769146549
27-01-2026 10:00||NIFTY27JAN2625800CE,0.455302592109003
27-01-2026 10:00||NIFTY27JAN2626100CE,0.6128684012311211
27-01-2026 10:00||NIFTY27JAN2626400CE,0.7482785959088323
27-01-2026 10:00||NIFTY27JAN2626500CE,0.7885515754529943
27-01-2026 10:05||NIFTY27JAN2623800PE,0.8155534366309097
27-01-2026 10:05||NIFTY27JAN2623900PE,0.7769362693682955
27-01-2026 10:05||NIFTY27JAN2624100PE,0.6847120897894319
27-01-2026 10:05||NIFTY27JAN2626400CE,0.7623309456514096
27-01-2026 10:10||NIFTY27JAN2624200PE,0.6088865493380465
27-01-2026 10:10||NIFTY27JAN2624900PE,0.3059720580096572
27-01-2026 10:10||NIFTY27JAN2625300CE,0.37213375
27-01-2026 10:10||NIFTY27JAN2625600CE,0.3848059705242531
27-01-2026 10:15||NIFTY27JAN2625800CE,0.458219347845165
27-01-2026 10:20||NIFTY27JAN2623900PE,0.8267907087883812
27-01-2026 10:20||NIFTY27JAN2624500PE,0.5160265290655144
27-01-2026 10:20||NIFTY27JAN2624600PE,0.4639558296155232
27-01-2026 10:20||NIFTY27JAN2624800PE,0.3886507296295539
27-01-2026 10:20||NIFTY27JAN2625000PE,0.3314227632250383
27-01-2026 10:20||NIFTY27JAN2625400CE,0.3067471916495065
27-01-2026 10:20||NIFTY27JAN2625800CE,0.4397003331446908
27-01-2026 10:25||NIFTY27JAN2624600PE,0.4643402932785596
27-01-2026 10:25||NIFTY27JAN2624900PE,0.3932475523094556
27-01-2026 10:25||NIFTY27JAN2626000CE,0.5528554400011797
27-01-2026 10:25||NIFTY27JAN2626300CE,0.722324802724685
27-01-2026 10:25||NIFTY27JAN2626400CE,0.7662199013623425
27-01-2026 10:30||NIFTY27JAN2624100PE,0.6994409430836126
27-01-2026 10:30||NIFTY27JAN2624800PE,0.3648759517660724
27-01-2026 10:30||NIFTY27JAN2625400CE,0.3222048567126038
27-01-2026 10:30||NIFTY27JAN2625600CE,0.3735307676180879
27-01-2026 10:30||NIFTY27JAN2625900CE,0.5345348622557182
27-01-2026 10:30||NIFTY27JAN2626200CE,0.6936162241163975
27-01-2026 10:35||NIFTY27JAN2624300PE,0.5957646475241465
27-01-2026 10:35||NIFTY27JAN2624400PE,0.5428227910430343
27-01-2026 10:35||NIFTY27JAN2624800PE,0.3781955231625824
27-01-2026 10:35||NIFTY27JAN2625200CE,0.3147458086177951
27-01-2026 10:35||NIFTY27JAN2625300CE,0.2974309681029658
27-01-2026 10:35||NIFTY27JAN2625700CE,0.430982311120352
27-01-2026 10:40||NIFTY27JAN2624400PE,0.5167721435181686
27-01-2026 10:40||NIFTY27JAN2625200CE,0.2509558602466236
27-01-2026 10:40||NIFTY27JAN2625700CE,0.4540872105063343
27-01-2026 10:40||NIFTY27JAN2626100CE,0.6764837369925756
27-01-2026 10:40||NIFTY27JAN2626200CE,0.7260953815087894
27-01-2026 10:45||NIFTY27JAN2624000PE,0.6999101972773979
27-01-2026 10:45||NIFTY27JAN2624700PE,0.3504443147664957
27-01-2026 10:45||NIFTY27JAN2624900PE,0.314289365399361
27-01-2026 10:45||NIFTY27JAN2625500CE,0.3917537728836993
27-01-2026 10:45||NIFTY27JAN2626200CE,0.7774139735629081
27-01-2026 10:45||NIFTY27JAN2626400CE,0.8680217052662383
27-01-2026 10:50||NIFTY27JAN2623900PE,0.7701776442332765
27-01-2026 10:50||NIFTY27JAN2624000PE,0.7109736217998863
27-01-2026 10:50||NIFTY27JAN2624600PE,0.3904385313903482
27-01-2026 10:50||NIFTY27JAN2625000PE,0.3891842994400611
27-01-2026 10:50||NIFTY27JAN2625200CE,0.3043271724597354
27-01-2026 10:50||NIFTY27JAN2625400CE,0.3687690574865785
27-01-2026 10:50||NIFTY27JAN2625700CE,0.5263917145427575
27-01-2026 10:55||NIFTY27JAN2623900PE,0.7565760823221858
27-01-2026 10:55||NIFTY27JAN2624400PE,0.4673339044127604
27-01-2026 10:55||NIFTY27JAN2624900PE,0.35889
27-01-2026 10:55||NIFTY27JAN2625000PE,0.36955
27-01-2026 10:55||NIFTY27JAN2625300CE,0.3533175620541154
27-01-2026 10:55||NIFTY27JAN2625400CE,0.3880944574415643
27-01-2026 10:55||NIFTY27JAN2625600CE,0.4810866661327824
27-01-2026 10:55||NIFTY27JAN2626400CE,0.9265023448731338
27-01-2026 11:00||NIFTY27JAN2623800PE,0.8713820633463394
27-01-2026 11:00||NIFTY27JAN2623900PE,0.7853586772243899
27-01-2026 11:00||NIFTY27JAN2624300PE,0.5168935579557326
27-01-2026 11:00||NIFTY27JAN2625200CE,0.3629160399379956
27-01-2026 11:00||NIFTY27JAN2625300CE,0.3756820133126652
27-01-2026 11:00||NIFTY27JAN2625400CE,0.4032903355521108
27-01-2026 11:00||NIFTY27JAN2626300CE,0.8880683616567799
27-01-2026 11:05||NIFTY27JAN2623800PE,0.7964264473331873
27-01-2026 11:05||NIFTY27JAN2624100PE,0.6709692161196679
27-01-2026 11:05||NIFTY27JAN2624200PE,0.6031916924615095
27-01-2026 11:05||NIFTY27JAN2624900PE,0.3184951378602759
27-01-2026 11:05||NIFTY27JAN2625300CE,0.3714248768438608
27-01-2026 11:05||NIFTY27JAN2625700CE,0.5467611020879
27-01-2026 11:10||NIFTY27JAN2624200PE,0.609293956744027
27-01-2026 11:10||NIFTY27JAN2624400PE,0.4897111139603756
27-01-2026 11:10||NIFTY27JAN2624900PE,0.3111674246612489
27-01-2026 11:10||NIFTY27JAN2625300CE,0.3674667300257732
27-01-2026 11:10||NIFTY27JAN2625500CE,0.4326227246206361
27-01-2026 11:10||NIFTY27JAN2625800CE,0.6022196185814312
27-01-2026 11:10||NIFTY27JAN2626500CE,0.9621759963403476
27-01-2026 11:15||NIFTY27JAN2624300PE,0.5476579408212191
27-01-2026 11:15||NIFTY27JAN2625000PE,0.2891463227783453
27-01-2026 11:15||NIFTY27JAN2625100PE,0.2920479366700718
27-01-2026 11:15||NIFTY27JAN2626400CE,0.9349047381470732
27-01-2026 11:20||NIFTY27JAN2625300CE,0.3362153428815775
27-01-2026 11:20||NIFTY27JAN2626100CE,0.7526497657004196
27-01-2026 11:25||NIFTY27JAN2623800PE,0.8602504930931982
27-01-2026 11:25||NIFTY27JAN2624000PE,0.7518901643643994
27-01-2026 11:25||NIFTY27JAN2624200PE,0.6377579402092681
27-01-2026 11:25||NIFTY27JAN2624900PE,0.2913758385241172
27-01-2026 11:25||NIFTY27JAN2625600CE,0.4752896713454291
27-01-2026 11:25||NIFTY27JAN2626500CE,0.9583557085303904
27-01-2026 11:30||NIFTY27JAN2624200PE,0.6724937645227116
27-01-2026 11:30||NIFTY27JAN2625100PE,0.3378945982969271
27-01-2026 11:30||NIFTY27JAN2625600CE,0.4446838372726009
27-01-2026 11:30||NIFTY27JAN2625900CE,0.6143012472140389
27-01-2026 11:30||NIFTY27JAN2626200CE,0.7968426935017072
27-01-2026 11:35||NIFTY27JAN2624000PE,0.7859369423971174
27-01-2026 11:35||NIFTY27JAN2624900PE,0.3082173825370071
27-01-2026 11:35||NIFTY27JAN2625200CE,0.3482869035532993
27-01-2026 11:40||NIFTY27JAN2623800PE,0.9150514604420092
27-01-2026 11:40||NIFTY27JAN2624000PE,0.8109571534806699
27-01-2026 11:40||NIFTY27JAN2626000CE,0.6523365982255027
27-01-2026 11:40||NIFTY27JAN2626300CE,0.8153456149257727
27-01-2026 11:45||NIFTY27JAN2624300PE,0.6684695561790072
27-01-2026 11:45||NIFTY27JAN2624400PE,0.6043388686694902
27-01-2026 11:45||NIFTY27JAN2624500PE,0.5432912468252283
27-01-2026 11:45||NIFTY27JAN2626100CE,0.6704858379368203
27-01-2026 11:45||NIFTY27JAN2626400CE,0.8277800661889045
27-01-2026 11:50||NIFTY27JAN2624700PE,0.4127695689943398
27-01-2026 11:50||NIFTY27JAN2624900PE,0.3757390329864136
27-01-2026 11:50||NIFTY27JAN2625700CE,0.4696808602065843
27-01-2026 11:50||NIFTY27JAN2626000CE,0.6431639829258495
27-01-2026 11:55||NIFTY27JAN2623900PE,0.8915619380710209
27-01-2026 11:55||NIFTY27JAN2624000PE,0.8276522094753751
27-01-2026 11:55||NIFTY27JAN2624400PE,0.5528057192614779
27-01-2026 11:55||NIFTY27JAN2624500PE,0.4897569801886814
27-01-2026 11:55||NIFTY27JAN2624800PE,0.3587310181644396
27-01-2026 11:55||NIFTY27JAN2625200CE,0.3833829903667318
27-01-2026 11:55||NIFTY27JAN2625400CE,0.3854343301222439
27-01-2026 11:55||NIFTY27JAN2626500CE,0.9814262179543652
27-01-2026 12:00||NIFTY27JAN2624200PE,0.7090787189816415
27-01-2026 12:00||NIFTY27JAN2624300PE,0.6382917561820579
27-01-2026 12:00||NIFTY27JAN2624500PE,0.5107021261957919
27-01-2026 12:00||NIFTY27JAN2625100PE,0.2946739698113207
27-01-2026 12:00||NIFTY27JAN2625500CE,0.4012875310515806
27-01-2026 12:00||NIFTY27JAN2626100CE,0.7144152179892358
27-01-2026 12:00||NIFTY27JAN2626400CE,0.8693102420702525
27-01-2026 12:00||NIFTY27JAN2626500CE,0.9081014524215144
27-01-2026 12:05||NIFTY27JAN2624500PE,0.5311665494500163
27-01-2026 12:05||NIFTY27JAN2624700PE,0.4295729068927179
27-01-2026 12:05||NIFTY27JAN2625100PE,0.3373998151220669
27-01-2026 12:05||NIFTY27JAN2625900CE,0.5987818601061681
27-01-2026 12:05||NIFTY27JAN2626500CE,0.9957434735923176
27-01-2026 12:10||NIFTY27JAN2624400PE,0.6019683457455463
27-01-2026 12:10||NIFTY27JAN2625700CE,0.4913155778760047
27-01-2026 12:10||NIFTY27JAN2626400CE,0.906560486463621
27-01-2026 12:15||NIFTY27JAN2624500PE,0.5500499627743657
27-01-2026 12:15||NIFTY27JAN2624600PE,0.4924188432899232
27-01-2026 12:15||NIFTY27JAN2626000CE,0.675440544935772
27-01-2026 12:15||NIFTY27JAN2626200CE,0.785899349355242
27-01-2026 12:20||NIFTY27JAN2624000PE,0.8754879527979118
27-01-2026 12:20||NIFTY27JAN2624200PE,0.7516312776386936
27-01-2026 12:20||NIFTY27JAN2625000PE,0.2953754911131899
27-01-2026 12:20||NIFTY27JAN2625300CE,0.3788075
27-01-2026 12:20||NIFTY27JAN2625600CE,0.4499744633228204
27-01-2026 12:25||NIFTY27JAN2624100PE,0.837816049355173
27-01-2026 12:25||NIFTY27JAN2624700PE,0.4620201194890154
27-01-2026 12:25||NIFTY27JAN2625400CE,0.3281567661122738
27-01-2026 12:25||NIFTY27JAN2625900CE,0.6234909612433318
27-01-2026 12:30||NIFTY27JAN2625300CE,0.349673119472343
27-01-2026 12:35||NIFTY27JAN2624100PE,0.8375563303906336
27-01-2026 12:35||NIFTY27JAN2624400PE,0.6448855759280595
27-01-2026 12:35||NIFTY27JAN2624900PE,0.388006325082265
27-01-2026 12:35||NIFTY27JAN2625100PE,0.3609189752467953
27-01-2026 12:35||NIFTY27JAN2625800CE,0.6041953394279508
27-01-2026 12:35||NIFTY27JAN2626100CE,0.7937610578650759
27-01-2026 12:40||NIFTY27JAN2624200PE,0.7822044272630473
27-01-2026 12:40||NIFTY27JAN2624700PE,0.4475607454124061
27-01-2026 12:40||NIFTY27JAN2624800PE,0.4043364403665832
27-01-2026 12:40||NIFTY27JAN2624900PE,0.3680989151374687
27-01-2026 12:40||NIFTY27JAN2625100PE,0.3266715252291146
27-01-2026 12:40||NIFTY27JAN2625200CE,0.3553622692768676
27-01-2026 12:40||NIFTY27JAN2625900CE,0.6828200306005907
27-01-2026 12:40||NIFTY27JAN2626000CE,0.7516063843167404
27-01-2026 12:40||NIFTY27JAN2626300CE,0.9380560579190828
27-01-2026 12:45||NIFTY27JAN2625200CE,0.3067026862147003
27-01-2026 12:45||NIFTY27JAN2625700CE,0.5637614433478926
27-01-2026 12:45||NIFTY27JAN2625900CE,0.7001572493312249
27-01-2026 12:45||NIFTY27JAN2626200CE,0.8852967475325059
27-01-2026 12:50||NIFTY27JAN2624600PE,0.4747550692374665
27-01-2026 12:50||NIFTY27JAN2625000PE,0.2764826641334177
27-01-2026 12:50||NIFTY27JAN2625100PE,0.2404259848005066
27-01-2026 12:50||NIFTY27JAN2625900CE,0.7262750614740943
27-01-2026 12:50||NIFTY27JAN2626200CE,0.9251417529524272
27-01-2026 12:50||NIFTY27JAN2626500CE,1.0917251470969591
27-01-2026 12:55||NIFTY27JAN2623900PE,1.0336863756761592
27-01-2026 12:55||NIFTY27JAN2624000PE,0.9612677513523188
27-01-2026 12:55||NIFTY27JAN2625500CE,0.4458261618227714
27-01-2026 12:55||NIFTY27JAN2625600CE,0.515155451508012
27-01-2026 12:55||NIFTY27JAN2625800CE,0.6506046808986522
27-01-2026 12:55||NIFTY27JAN2626200CE,0.9153805945892832
27-01-2026 13:00||NIFTY27JAN2624100PE,0.8800896468278152
27-01-2026 13:00||NIFTY27JAN2624500PE,0.5845397228004939
27-01-2026 13:00||NIFTY27JAN2625400CE,0.3918104167546307
27-01-2026 13:00||NIFTY27JAN2626000CE,0.7933741056753083
27-01-2026 13:05||NIFTY27JAN2623900PE,1.0304137765009194
27-01-2026 13:05||NIFTY27JAN2624500PE,0.582882705840664
27-01-2026 13:05||NIFTY27JAN2624800PE,0.3924218044323023
27-01-2026 13:10||NIFTY27JAN2624200PE,0.8384352142719078
27-01-2026 13:10||NIFTY27JAN2624500PE,0.6046462487165324
27-01-2026 13:10||NIFTY27JAN2624600PE,0.5317516859489367
27-01-2026 13:10||NIFTY27JAN2624700PE,0.4645012802068726
27-01-2026 13:15||NIFTY27JAN2624400PE,0.7003717993239169
27-01-2026 13:15||NIFTY27JAN2625000PE,0.3128350051116733
27-01-2026 13:15||NIFTY27JAN2625200CE,0.3958258992898645
27-01-2026 13:15||NIFTY27JAN2626300CE,1.0784758523428968
27-01-2026 13:20||NIFTY27JAN2624000PE,1.0105087260278334
27-01-2026 13:20||NIFTY27JAN2624200PE,0.8655590005324769
27-01-2026 13:20||NIFTY27JAN2624600PE,0.533484142904808
27-01-2026 13:20||NIFTY27JAN2624900PE,0.3484488853499582
27-01-2026 13:20||NIFTY27JAN2625700CE,0.6292917942192918
27-01-2026 13:20||NIFTY27JAN2625900CE,0.7894133997306413
27-01-2026 13:25||NIFTY27JAN2623800PE,1.1306449220212107
27-01-2026 13:25||NIFTY27JAN2625100PE,0.2659458840967774
27-01-2026 13:25||NIFTY27JAN2625700CE,0.6358460539081843
27-01-2026 13:30||NIFTY27JAN2624100PE,1.009678719735506
27-01-2026 13:30||NIFTY27JAN2624300PE,0.8439275126344995
27-01-2026 13:30||NIFTY27JAN2625100PE,0.3319282733086501
27-01-2026 13:30||NIFTY27JAN2625400CE,0.425204142935759
27-01-2026 13:30||NIFTY27JAN2626300CE,1.1013228865948603
27-01-2026 13:35||NIFTY27JAN2623900PE,1.1640844463109796
27-01-2026 13:35||NIFTY27JAN2624300PE,0.8519456139321435
27-01-2026 13:35||NIFTY27JAN2624400PE,0.7643955721739345
27-01-2026 13:35||NIFTY27JAN2624600PE,0.6148870788710311
27-01-2026 13:35||NIFTY27JAN2624800PE,0.5350795972230717
27-01-2026 13:35||NIFTY27JAN2625300CE,0.3508703785088541
27-01-2026 13:35||NIFTY27JAN2625600CE,0.5743391015392328
27-01-2026 13:35||NIFTY27JAN2626000CE,0.9000534924379269
27-01-2026 13:35||NIFTY27JAN2626200CE,1.0620098001409155
27-01-2026 13:35||NIFTY27JAN2626300CE,1.138490933458591
27-01-2026 13:35||NIFTY27JAN2626400CE,1.212924100046972
27-01-2026 13:40||NIFTY27JAN2625500CE,0.5728839017357398
27-01-2026 13:40||NIFTY27JAN2626300CE,1.1962988601967954
27-01-2026 13:45||NIFTY27JAN2623800PE,1.2589931911402787
27-01-2026 13:45||NIFTY27JAN2623900PE,1.1688824733388024
27-01-2026 13:45||NIFTY27JAN2624100PE,0.9981008244462676
27-01-2026 13:45||NIFTY27JAN2624700PE,0.4711895748167949
27-01-2026 13:45||NIFTY27JAN2625300CE,0.4624987205264703
27-01-2026 13:45||NIFTY27JAN2625600CE,0.6665839601085545
27-01-2026 13:45||NIFTY27JAN2625700CE,0.7433087335813893
27-01-2026 13:45||NIFTY27JAN2625800CE,0.8208805223627277
27-01-2026 13:45||NIFTY27JAN2625900CE,0.8997955283967931
27-01-2026 13:45||NIFTY27JAN2626000CE,0.9805499536278094
27-01-2026 13:45||NIFTY27JAN2626300CE,1.22472831482922
27-01-2026 13:45||NIFTY27JAN2626400CE,1.2892158240812768
27-01-2026 13:50||NIFTY27JAN2623900PE,1.234157764340871
27-01-2026 13:50||NIFTY27JAN2624800PE,0.4452176463742992
27-01-2026 13:50||NIFTY27JAN2625000PE,0.3649542976451259
27-01-2026 13:50||NIFTY27JAN2626200CE,1.168616018590635
27-01-2026 13:55||NIFTY27JAN2623800PE,1.2991479481339552
27-01-2026 13:55||NIFTY27JAN2624000PE,1.1618306407336445
27-01-2026 13:55||NIFTY27JAN2624100PE,1.080987948133955
27-01-2026 13:55||NIFTY27JAN2624300PE,0.894380639551443
27-01-2026 13:55||NIFTY27JAN2624400PE,0.7866398679704854
27-01-2026 13:55||NIFTY27JAN2624600PE,0.5826387395801667
27-01-2026 13:55||NIFTY27JAN2624900PE,0.3528113519466871
27-01-2026 13:55||NIFTY27JAN2625400CE,0.5162743183809245
27-01-2026 13:55||NIFTY27JAN2625700CE,0.801726442060255
27-01-2026 14:00||NIFTY27JAN2623800PE,1.407452893359335
27-01-2026 14:00||NIFTY27JAN2624300PE,0.9129869601949004
27-01-2026 14:00||NIFTY27JAN2624500PE,0.7054618895974164
27-01-2026 14:00||NIFTY27JAN2625000PE,0.4534426643730887
27-01-2026 14:00||NIFTY27JAN2625100PE,0.6113359862385321
27-01-2026 14:05||NIFTY27JAN2624000PE,1.1942685224671012
27-01-2026 14:05||NIFTY27JAN2624800PE,0.3941451810213944
27-01-2026 14:05||NIFTY27JAN2625400CE,0.5748206367602432
27-01-2026 14:05||NIFTY27JAN2625700CE,0.8786503670317284
27-01-2026 14:05||NIFTY27JAN2625800CE,0.97371759843243
27-01-2026 14:05||NIFTY27JAN2626100CE,1.2456469358871824
27-01-2026 14:05||NIFTY27JAN2626200CE,1.32849639400411
27-01-2026 14:05||NIFTY27JAN2626400CE,1.4952524721212774
27-01-2026 14:10||NIFTY27JAN2623900PE,1.334859702860566
27-01-2026 14:10||NIFTY27JAN2624000PE,1.2462960723877985
27-01-2026 14:10||NIFTY27JAN2624600PE,0.620109442443269
27-01-2026 14:10||NIFTY27JAN2625500CE,0.66750269543052
27-01-2026 14:10||NIFTY27JAN2626000CE,1.1585543860088647
27-01-2026 14:10||NIFTY27JAN2626200CE,1.3271818354844889
27-01-2026 14:15||NIFTY27JAN2624000PE,1.2802515728231287
27-01-2026 14:15||NIFTY27JAN2624400PE,0.8379717373643892
27-01-2026 14:15||NIFTY27JAN2624900PE,0.3607419052430702
27-01-2026 14:15||NIFTY27JAN2625600CE,0.7819136311856427
27-01-2026 14:15||NIFTY27JAN2625800CE,0.987699892382633
27-01-2026 14:20||NIFTY27JAN2624100PE,1.2057744144521667
27-01-2026 14:20||NIFTY27JAN2625500CE,0.6964096562132835
27-01-2026 14:20||NIFTY27JAN2626000CE,1.1921817440680136
27-01-2026 14:20||NIFTY27JAN2626100CE,1.2819675459841102
27-01-2026 14:20||NIFTY27JAN2626500CE,1.6940503653632246
27-01-2026 14:25||NIFTY27JAN2623800PE,1.5485952722268417
27-01-2026 14:25||NIFTY27JAN2623900PE,1.444767878602534
27-01-2026 14:25||NIFTY27JAN2624000PE,1.3375055757205068
27-01-2026 14:25||NIFTY27JAN2624200PE,1.114562787860253
27-01-2026 14:25||NIFTY27JAN2624300PE,0.9998255757205068
27-01-2026 14:25||NIFTY27JAN2624800PE,0.4171055367531822
27-01-2026 14:25||NIFTY27JAN2624900PE,0.3105625882250508
27-01-2026 14:25||NIFTY27JAN2625000PE,0.210060845584394
27-01-2026 14:25||NIFTY27JAN2625700CE,0.9471019430404488
27-01-2026 14:30||NIFTY27JAN2624000PE,1.4129385796864242
27-01-2026 14:30||NIFTY27JAN2624200PE,1.2048390032910408
27-01-2026 14:30||NIFTY27JAN2624600PE,0.6959357743430128
27-01-2026 14:30||NIFTY27JAN2625100PE,0.2812008707731923
27-01-2026 14:30||NIFTY27JAN2626400CE,1.7662434737716242
27-01-2026 14:35||NIFTY27JAN2624000PE,1.4535924089674022
27-01-2026 14:35||NIFTY27JAN2624200PE,1.2647960859206873
27-01-2026 14:35||NIFTY27JAN2624900PE,0.3385602758208976
27-01-2026 14:35||NIFTY27JAN2625000PE,0.2170826379104488
27-01-2026 14:35||NIFTY27JAN2626200CE,1.606513124522698
27-01-2026 14:40||NIFTY27JAN2624000PE,1.571918505080734
27-01-2026 14:40||NIFTY27JAN2624800PE,0.5410337069895549
27-01-2026 14:40||NIFTY27JAN2626200CE,1.5393516813008894
27-01-2026 14:40||NIFTY27JAN2626400CE,1.7365234843723223
27-01-2026 14:45||NIFTY27JAN2624000PE,1.6190147978231302
27-01-2026 14:45||NIFTY27JAN2624200PE,1.4126166662199104
27-01-2026 14:45||NIFTY27JAN2624700PE,0.7403156702479354
27-01-2026 14:45||NIFTY27JAN2625400CE,0.5427919875345566
27-01-2026 14:45||NIFTY27JAN2626400CE,1.865194242424243
27-01-2026 14:45||NIFTY27JAN2626500CE,2.032985454545455
27-01-2026 14:50||NIFTY27JAN2623800PE,2.0171042949846862
27-01-2026 14:50||NIFTY27JAN2624000PE,1.777171431661562
27-01-2026 14:50||NIFTY27JAN2624200PE,1.5141560415964792
27-01-2026 14:50||NIFTY27JAN2624800PE,0.6241716812059357
27-01-2026 14:50||NIFTY27JAN2625200CE,0.3379166880841123
27-01-2026 14:50||NIFTY27JAN2625900CE,1.2380742226271348
27-01-2026 14:55||NIFTY27JAN2623800PE,2.114101689378636
27-01-2026 14:55||NIFTY27JAN2624000PE,1.975523896459545
27-01-2026 14:55||NIFTY27JAN2624800PE,0.7466316554893068
27-01-2026 14:55||NIFTY27JAN2625500CE,0.6728321127335133
27-01-2026 14:55||NIFTY27JAN2625800CE,1.159789168670413
27-01-2026 14:55||NIFTY27JAN2626400CE,1.860480337509598
27-01-2026 15:00||NIFTY27JAN2624100PE,1.8378873115148475
27-01-2026 15:00||NIFTY27JAN2624700PE,0.8524789901803665
27-01-2026 15:00||NIFTY27JAN2625100PE,0.107035567545191
27-01-2026 15:00||NIFTY27JAN2625400CE,0.5968792493142254
27-01-2026 15:05||NIFTY27JAN2624000PE,2.158822191931537
27-01-2026 15:05||NIFTY27JAN2624100PE,2.008435036473418
27-01-2026 15:05||NIFTY27JAN2624200PE,1.8605453627785895
27-01-2026 15:05||NIFTY27JAN2624500PE,1.2708826224184848
27-01-2026 15:05||NIFTY27JAN2626300CE,1.9887163548254272
27-01-2026 15:10||NIFTY27JAN2623900PE,2.418894189957533
27-01-2026 15:10||NIFTY27JAN2624000PE,2.2184850465817325
27-01-2026 15:10||NIFTY27JAN2624900PE,0.6309430055430185
27-01-2026 15:10||NIFTY27JAN2625400CE,0.6306426282683232
27-01-2026 15:10||NIFTY27JAN2625600CE,0.9748493497571868
27-01-2026 15:10||NIFTY27JAN2625800CE,1.349066043555344
27-01-2026 15:10||NIFTY27JAN2626000CE,1.8002327061172672
27-01-2026 15:15||NIFTY27JAN2625000PE,0.5003120459667735
27-01-2026 15:15||NIFTY27JAN2625900CE,1.7153979778658477
27-01-2026 15:15||NIFTY27JAN2626000CE,2.0125042335807395
27-01-2026 15:15||NIFTY27JAN2626400CE,2.706670929149395
27-01-2026 15:20||NIFTY27JAN2623800PE,3.9432777531206633
27-01-2026 15:20||NIFTY27JAN2623900PE,3.67402962552011
27-01-2026 15:20||NIFTY27JAN2624900PE,0.9598234678959572
27-01-2026 15:20||NIFTY27JAN2625500CE,0.95376614507825
27-01-2026 15:20||NIFTY27JAN2626000CE,2.340743495294239
27-01-2026 15:20||NIFTY27JAN2626300CE,2.964620357543588
27-01-2026 15:20||NIFTY27JAN2626400CE,3.27675184543846
27-01-2026 15:25||NIFTY27JAN2623800PE,5.82301067958098
27-01-2026 15:25||NIFTY27JAN2624900PE,1.4927091925138969
27-01-2026 15:25||NIFTY27JAN2625100PE,0.6781675775416909
27-01-2026 15:25||NIFTY27JAN2626100CE,3.386895931219929
27-01-2026 15:25||NIFTY27JAN2626300CE,4.092947793659787
27-01-2026 15:25||NIFTY27JAN2626400CE,4.436784899518868
27-01-2026 15:25||NIFTY27JAN2626500CE,4.7729169048968165
